row_id,Order_Id,shipping_date_(DateOrders),score_model,alert_flag,Shipping_Mode,Order_Region,Market,Order_Country,Order_State
alert_26980,69383,2017-10-11 19:36:00,0.9999601854244132,1,First Class,Western Europe,Europe,Alemania,Renania del Norte-Westfalia
alert_26975,69379,2017-10-11 18:12:00,0.9999601854244132,1,First Class,Western Europe,Europe,Alemania,Renania del Norte-Westfalia
alert_8297,61271,2017-06-15 09:36:00,0.9999547994826189,1,First Class,South America,LATAM,Venezuela,Anzoátegui
alert_8298,61271,2017-06-15 09:36:00,0.9999547994826189,1,First Class,South America,LATAM,Venezuela,Anzoátegui
alert_3871,59385,2017-05-18 20:51:00,0.9999530665423213,1,First Class,South America,LATAM,Colombia,Bogotá
alert_27169,69575,2017-10-14 14:52:00,0.9999521529427091,1,First Class,Western Europe,Europe,Francia,Aquitania-Lemosín-Poitou-Charentes
alert_10543,62252,2017-06-29 17:17:00,0.9999510848806772,1,First Class,Western Europe,Europe,Alemania,Renania del Norte-Westfalia
alert_10541,62252,2017-06-29 17:17:00,0.9999510848806772,1,First Class,Western Europe,Europe,Alemania,Renania del Norte-Westfalia
alert_27933,70387,2017-10-26 11:21:00,0.9999510848806772,1,First Class,Western Europe,Europe,Alemania,Renania del Norte-Westfalia
alert_10540,62252,2017-06-29 17:17:00,0.9999510848806772,1,First Class,Western Europe,Europe,Alemania,Renania del Norte-Westfalia
alert_10542,62252,2017-06-29 17:17:00,0.9999510848806772,1,First Class,Western Europe,Europe,Alemania,Renania del Norte-Westfalia
alert_10539,62252,2017-06-29 17:17:00,0.9999510848806772,1,First Class,Western Europe,Europe,Alemania,Renania del Norte-Westfalia
alert_32022,74664,2017-12-27 21:46:00,0.9999497520506992,1,First Class,Southeast Asia,Pacific Asia,Tailandia,Bangkok
alert_32021,74663,2017-12-27 21:25:00,0.9999497520506992,1,First Class,Southeast Asia,Pacific Asia,Tailandia,Bangkok
alert_32020,74662,2017-12-27 21:04:00,0.9999497520506992,1,First Class,Southeast Asia,Pacific Asia,Tailandia,Bangkok
alert_32019,74661,2017-12-27 20:43:00,0.9999497520506992,1,First Class,Southeast Asia,Pacific Asia,Tailandia,Bangkok
alert_5448,60054,2017-05-28 15:14:00,0.9999492161428003,1,First Class,Central America,LATAM,El Salvador,San Salvador
alert_31571,74185,2017-12-20 21:57:00,0.999949208503599,1,First Class,Southeast Asia,Pacific Asia,Tailandia,Bangkok
alert_31569,74184,2017-12-20 21:36:00,0.999949208503599,1,First Class,Southeast Asia,Pacific Asia,Tailandia,Bangkok
alert_25778,68648,2017-10-01 02:06:00,0.9999487798813588,1,First Class,Western Europe,Europe,Alemania,Renania del Norte-Westfalia
alert_28168,70639,2017-10-30 03:38:00,0.9999474853767917,1,First Class,Western Europe,Europe,Francia,Languedoc-Rosellón-Mediodía-Pirineos
alert_20909,66604,2017-09-01 05:59:00,0.9999474758727986,1,First Class,Northern Europe,Europe,Suecia,Estocolmo
alert_20910,66604,2017-09-01 05:59:00,0.9999474758727986,1,First Class,Northern Europe,Europe,Suecia,Estocolmo
alert_8158,61208,2017-06-14 11:32:00,0.9999472357503946,1,First Class,Central America,LATAM,México,Nuevo León
alert_8160,61208,2017-06-14 11:32:00,0.9999468234972406,1,First Class,Central America,LATAM,México,Nuevo León
alert_8156,61208,2017-06-14 11:32:00,0.9999468234972406,1,First Class,Central America,LATAM,México,Nuevo León
alert_8157,61208,2017-06-14 11:32:00,0.9999468234972406,1,First Class,Central America,LATAM,México,Nuevo León
alert_8159,61208,2017-06-14 11:32:00,0.9999468234972406,1,First Class,Central America,LATAM,México,Nuevo León
alert_30728,73305,2017-12-08 01:39:00,0.9999463720625462,1,First Class,Southeast Asia,Pacific Asia,Filipinas,Calabarzón
alert_15527,64340,2017-07-30 04:49:00,0.9999461771959759,1,First Class,Northern Europe,Europe,Suecia,Estocolmo
alert_15530,64340,2017-07-30 04:49:00,0.9999461771959759,1,First Class,Northern Europe,Europe,Suecia,Estocolmo
alert_22015,67077,2017-09-08 03:42:00,0.9999461148701223,1,First Class,Western Europe,Europe,Alemania,Renania del Norte-Westfalia
alert_22014,67077,2017-09-08 03:42:00,0.9999461148701223,1,First Class,Western Europe,Europe,Alemania,Renania del Norte-Westfalia
alert_7064,60719,2017-06-07 08:13:00,0.9999459281809142,1,First Class,Central America,LATAM,México,Distrito Federal
alert_7061,60719,2017-06-07 08:13:00,0.999945845994017,1,First Class,Central America,LATAM,México,Distrito Federal
alert_7070,60722,2017-06-07 09:16:00,0.999945845994017,1,First Class,Central America,LATAM,México,Distrito Federal
alert_7068,60721,2017-06-07 08:55:00,0.999945845994017,1,First Class,Central America,LATAM,México,Distrito Federal
alert_7073,60724,2017-06-07 09:58:00,0.999945845994017,1,First Class,Central America,LATAM,México,Distrito Federal
alert_7071,60722,2017-06-07 09:16:00,0.999945845994017,1,First Class,Central America,LATAM,México,Distrito Federal
alert_7063,60719,2017-06-07 08:13:00,0.999945845994017,1,First Class,Central America,LATAM,México,Distrito Federal
alert_7069,60721,2017-06-07 08:55:00,0.999945845994017,1,First Class,Central America,LATAM,México,Distrito Federal
alert_7072,60724,2017-06-07 09:58:00,0.999945845994017,1,First Class,Central America,LATAM,México,Distrito Federal
alert_7067,60721,2017-06-07 08:55:00,0.999945845994017,1,First Class,Central America,LATAM,México,Distrito Federal
alert_7065,60719,2017-06-07 08:13:00,0.999945845994017,1,First Class,Central America,LATAM,México,Distrito Federal
alert_15531,64340,2017-07-30 04:49:00,0.9999457875942448,1,First Class,Northern Europe,Europe,Suecia,Estocolmo
alert_15533,64340,2017-07-30 04:49:00,0.9999457875942448,1,First Class,Northern Europe,Europe,Suecia,Estocolmo
alert_5571,60121,2017-05-29 14:42:00,0.9999455114948222,1,First Class,South America,LATAM,Brasil,Pará
alert_30703,73284,2017-12-07 18:17:00,0.9999452620831668,1,First Class,South Asia,Pacific Asia,India,Uttar Pradesh
alert_30707,73286,2017-12-07 18:59:00,0.9999452620831668,1,First Class,South Asia,Pacific Asia,India,Uttar Pradesh
alert_30704,73285,2017-12-07 18:38:00,0.9999452620831668,1,First Class,South Asia,Pacific Asia,India,Uttar Pradesh
alert_26844,69234,2017-10-09 15:24:00,0.9999452267291726,1,First Class,Western Europe,Europe,Alemania,Sajonia
alert_32083,74733,2017-12-28 21:56:00,0.9999450345763703,1,First Class,South Asia,Pacific Asia,India,Jharkhand
alert_31104,73715,2017-12-14 01:17:00,0.9999449248859988,1,First Class,Eastern Asia,Pacific Asia,China,Guangdong
alert_31102,73714,2017-12-14 00:56:00,0.9999449248859988,1,First Class,Eastern Asia,Pacific Asia,China,Guangdong
alert_26936,69337,2017-10-11 03:29:00,0.9999449166698672,1,First Class,Western Europe,Europe,Francia,Isla de Francia
alert_32129,74775,2017-12-29 12:39:00,0.9999449085165792,1,First Class,South Asia,Pacific Asia,Pakistán,Punyab
alert_20911,66604,2017-09-01 05:59:00,0.9999447669920726,1,First Class,Northern Europe,Europe,Suecia,Estocolmo
alert_20907,66604,2017-09-01 05:59:00,0.9999447669920726,1,First Class,Northern Europe,Europe,Suecia,Estocolmo
alert_20908,66604,2017-09-01 05:59:00,0.9999447669920726,1,First Class,Northern Europe,Europe,Suecia,Estocolmo
alert_30771,73353,2017-12-08 18:28:00,0.9999446728380613,1,First Class,Southeast Asia,Pacific Asia,Indonesia,Java Occidental
alert_5570,60121,2017-05-29 14:42:00,0.9999445891461732,1,First Class,South America,LATAM,Brasil,Pará
alert_5569,60121,2017-05-29 14:42:00,0.9999445891461732,1,First Class,South America,LATAM,Brasil,Pará
alert_5560,60120,2017-05-29 14:21:00,0.9999445891461732,1,First Class,South America,LATAM,Brasil,Pará
alert_5572,60121,2017-05-29 14:42:00,0.9999445891461732,1,First Class,South America,LATAM,Brasil,Pará
alert_5573,60121,2017-05-29 14:42:00,0.9999445891461732,1,First Class,South America,LATAM,Brasil,Pará
alert_30751,73326,2017-12-08 09:00:00,0.9999445757281848,1,First Class,South Asia,Pacific Asia,India,Uttar Pradesh
alert_31915,74568,2017-12-26 12:08:00,0.9999445457652107,1,First Class,Eastern Asia,Pacific Asia,China,Anhui
alert_4483,59628,2017-05-22 09:59:00,0.9999442520022135,1,First Class,Central America,LATAM,Panamá,Panamá
alert_9730,61925,2017-06-24 22:44:00,0.9999442126756306,1,First Class,Northern Europe,Europe,Suecia,Upsala
alert_30586,73162,2017-12-05 23:33:00,0.9999439540905027,1,First Class,Oceania,Pacific Asia,Australia,Australia del Sur
alert_30588,73163,2017-12-05 23:54:00,0.9999439540905027,1,First Class,Oceania,Pacific Asia,Australia,Australia del Sur
alert_32589,75260,2018-01-05 14:34:00,0.9999438475780064,1,First Class,Southeast Asia,Pacific Asia,Indonesia,Java Occidental
alert_32586,75259,2018-01-05 14:13:00,0.9999438475780064,1,First Class,Southeast Asia,Pacific Asia,Indonesia,Java Occidental
alert_4485,59628,2017-05-22 09:59:00,0.9999438164380015,1,First Class,Central America,LATAM,Panamá,Panamá
alert_4486,59629,2017-05-22 10:20:00,0.9999438164380015,1,First Class,Central America,LATAM,Panamá,Panamá
alert_4484,59628,2017-05-22 09:59:00,0.9999438164380015,1,First Class,Central America,LATAM,Panamá,Panamá
alert_32985,75663,2018-01-11 11:46:00,0.9999436854793896,1,First Class,South Asia,Pacific Asia,India,Karnataka
alert_5208,59962,2017-05-27 07:00:00,0.9999433209435359,1,First Class,South America,LATAM,Venezuela,Distrito Capital
alert_5209,59962,2017-05-27 07:00:00,0.9999433209435359,1,First Class,South America,LATAM,Venezuela,Distrito Capital
alert_34050,76520,2018-01-28 00:00:00,0.9999430613462642,1,Second Class,South Asia,Pacific Asia,Afganistán,Kabul
alert_30404,72690,2017-12-03 02:11:00,0.9999428649240956,1,Second Class,South Asia,Pacific Asia,Afganistán,Kandahar
alert_27934,70388,2017-10-26 11:42:00,0.999942842764042,1,First Class,Northern Europe,Europe,Suecia,Upsala
alert_32879,75557,2018-01-09 22:37:00,0.9999427910994375,1,First Class,South Asia,Pacific Asia,India,Karnataka
alert_32878,75556,2018-01-09 22:16:00,0.9999427910994375,1,First Class,South Asia,Pacific Asia,India,Karnataka
alert_10148,62102,2017-06-27 12:44:00,0.9999424349368998,1,First Class,Western Europe,Europe,Países Bajos,Holanda Septentrional
alert_33385,76092,2018-01-17 18:03:00,0.9999423894988794,1,First Class,Southeast Asia,Pacific Asia,Indonesia,Java Occidental
alert_26748,69143,2017-10-08 07:31:00,0.9999423392462664,1,First Class,Western Europe,Europe,Francia,Provenza-Alpes-Costa Azul
alert_26751,69144,2017-10-08 07:52:00,0.9999423392462664,1,First Class,Western Europe,Europe,Francia,Provenza-Alpes-Costa Azul
alert_26754,69145,2017-10-08 08:13:00,0.9999423392462664,1,First Class,Western Europe,Europe,Francia,Provenza-Alpes-Costa Azul
alert_26746,69142,2017-10-08 07:10:00,0.9999423392462664,1,First Class,Western Europe,Europe,Francia,Provenza-Alpes-Costa Azul
alert_5447,60054,2017-05-28 15:14:00,0.9999422674583831,1,First Class,Central America,LATAM,El Salvador,San Salvador
alert_31021,73628,2017-12-12 18:49:00,0.999942020335243,1,First Class,Southeast Asia,Pacific Asia,Indonesia,Java Occidental
alert_33489,76218,2018-01-19 14:12:00,0.9999419276621632,1,First Class,Southeast Asia,Pacific Asia,Indonesia,Java Occidental
alert_32988,75666,2018-01-11 12:49:00,0.9999419214317008,1,First Class,Eastern Asia,Pacific Asia,China,Anhui
alert_4771,59771,2017-05-24 12:05:00,0.9999416609137433,1,First Class,Central America,LATAM,Guatemala,Guatemala
alert_4772,59771,2017-05-24 12:05:00,0.9999415722411579,1,First Class,Central America,LATAM,Guatemala,Guatemala
alert_4773,59771,2017-05-24 12:05:00,0.9999415722411579,1,First Class,Central America,LATAM,Guatemala,Guatemala
alert_4774,59771,2017-05-24 12:05:00,0.9999415722411579,1,First Class,Central America,LATAM,Guatemala,Guatemala
alert_30648,73231,2017-12-06 23:43:00,0.9999415371112587,1,First Class,Oceania,Pacific Asia,Australia,Territorio de la Capital Australiana
alert_30653,73235,2017-12-07 01:07:00,0.9999415371112587,1,First Class,Oceania,Pacific Asia,Australia,Territorio de la Capital Australiana
alert_30649,73232,2017-12-07 00:04:00,0.9999415371112587,1,First Class,Oceania,Pacific Asia,Australia,Territorio de la Capital Australiana
alert_30650,73233,2017-12-07 00:25:00,0.9999415371112587,1,First Class,Oceania,Pacific Asia,Australia,Territorio de la Capital Australiana
alert_30810,73390,2017-12-09 07:26:00,0.9999414616327064,1,First Class,Eastern Asia,Pacific Asia,China,Mongolia Interior
alert_8678,61441,2017-06-17 21:10:00,0.9999413972047648,1,First Class,South America,LATAM,Brasil,Marañón
alert_8680,61441,2017-06-17 21:10:00,0.9999413972047648,1,First Class,South America,LATAM,Brasil,Marañón
alert_8679,61441,2017-06-17 21:10:00,0.9999413972047648,1,First Class,South America,LATAM,Brasil,Marañón
alert_33618,76351,2018-01-21 12:48:00,0.9999413715724159,1,First Class,Southeast Asia,Pacific Asia,Malasia,Kuala Lumpur
alert_26418,68926,2017-10-05 03:29:00,0.999941320619619,1,First Class,Western Europe,Europe,Países Bajos,Brabante Septentrional
alert_26415,68925,2017-10-05 03:08:00,0.999941320619619,1,First Class,Western Europe,Europe,Países Bajos,Brabante Septentrional
alert_29505,72031,2017-11-19 11:19:00,0.9999412180148638,1,First Class,Southeast Asia,Pacific Asia,Tailandia,Bangkok
alert_21744,66954,2017-09-06 08:37:00,0.9999411407827031,1,First Class,Northern Europe,Europe,Suecia,Estocolmo
alert_21746,66954,2017-09-06 08:37:00,0.9999411407827031,1,First Class,Northern Europe,Europe,Suecia,Estocolmo
alert_21743,66953,2017-09-06 08:16:00,0.9999411274622103,1,First Class,Northern Europe,Europe,Suecia,Estocolmo
alert_21742,66953,2017-09-06 08:16:00,0.9999411274622103,1,First Class,Northern Europe,Europe,Suecia,Estocolmo
alert_21745,66954,2017-09-06 08:37:00,0.9999411274622103,1,First Class,Northern Europe,Europe,Suecia,Estocolmo
alert_31888,74532,2017-12-25 23:31:00,0.9999410711098502,1,First Class,South Asia,Pacific Asia,Bangladés,Chittagong
alert_7059,60719,2017-06-07 08:13:00,0.9999409071963637,1,First Class,Central America,LATAM,México,Distrito Federal
alert_4939,59826,2017-05-25 07:21:00,0.9999408815254666,1,First Class,Central America,LATAM,El Salvador,San Salvador
alert_4942,59826,2017-05-25 07:21:00,0.9999408815254666,1,First Class,Central America,LATAM,El Salvador,San Salvador
alert_4940,59826,2017-05-25 07:21:00,0.9999408815254666,1,First Class,Central America,LATAM,El Salvador,San Salvador
alert_4938,59826,2017-05-25 07:21:00,0.9999408815254666,1,First Class,Central America,LATAM,El Salvador,San Salvador
alert_4941,59826,2017-05-25 07:21:00,0.9999408815254666,1,First Class,Central America,LATAM,El Salvador,San Salvador
alert_28181,70648,2017-10-30 06:47:00,0.9999408529929075,1,First Class,Western Europe,Europe,Países Bajos,Güeldres
alert_21749,66954,2017-09-06 08:37:00,0.9999407147265539,1,First Class,Northern Europe,Europe,Suecia,Estocolmo
alert_21748,66954,2017-09-06 08:37:00,0.9999407147265539,1,First Class,Northern Europe,Europe,Suecia,Estocolmo
alert_8337,61293,2017-06-15 17:19:00,0.9999407115194551,1,First Class,South America,LATAM,Brasil,Santa Catarina
alert_30479,73043,2017-12-04 05:51:00,0.9999405612391322,1,First Class,Southeast Asia,Pacific Asia,Indonesia,Java Occidental
alert_30478,73042,2017-12-04 05:30:00,0.9999405612391322,1,First Class,Southeast Asia,Pacific Asia,Indonesia,Java Occidental
alert_25228,68399,2017-09-27 10:51:00,0.9999405521377933,1,First Class,Western Europe,Europe,Países Bajos,Overijssel
alert_25226,68399,2017-09-27 10:51:00,0.9999405521377933,1,First Class,Western Europe,Europe,Países Bajos,Overijssel
alert_25230,68399,2017-09-27 10:51:00,0.9999405521377933,1,First Class,Western Europe,Europe,Países Bajos,Overijssel
alert_25227,68399,2017-09-27 10:51:00,0.9999405521377933,1,First Class,Western Europe,Europe,Países Bajos,Overijssel
alert_8338,61293,2017-06-15 17:19:00,0.9999403505879352,1,First Class,South America,LATAM,Brasil,Santa Catarina
alert_8343,61294,2017-06-15 17:40:00,0.9999403505879352,1,First Class,South America,LATAM,Brasil,Santa Catarina
alert_30464,73028,2017-12-04 00:36:00,0.9999402885583256,1,First Class,South Asia,Pacific Asia,India,Karnataka
alert_30109,72669,2017-11-28 18:50:00,0.9999402143729459,1,First Class,South Asia,Pacific Asia,India,Uttar Pradesh
alert_30107,72668,2017-11-28 18:29:00,0.9999402143729459,1,First Class,South Asia,Pacific Asia,India,Uttar Pradesh
alert_32267,74933,2017-12-31 20:01:00,0.9999401000314044,1,First Class,South Asia,Pacific Asia,India,Madhya Pradesh
alert_32219,74883,2017-12-31 02:30:00,0.9999401000314044,1,First Class,South Asia,Pacific Asia,India,Maharashtra
alert_32270,74935,2017-12-31 20:43:00,0.9999401000314044,1,First Class,South Asia,Pacific Asia,India,Madhya Pradesh
alert_32268,74934,2017-12-31 20:22:00,0.9999401000314044,1,First Class,South Asia,Pacific Asia,India,Madhya Pradesh
alert_32218,74881,2017-12-31 01:47:00,0.9999401000314044,1,First Class,South Asia,Pacific Asia,India,Maharashtra
alert_12018,62890,2017-07-09 00:49:00,0.9999400943274,1,First Class,Southern Europe,Europe,Italia,Lacio
alert_32117,74761,2017-12-29 07:45:00,0.9999400426075065,1,First Class,Southeast Asia,Pacific Asia,Malasia,Sabah
alert_11744,62772,2017-07-07 07:28:00,0.9999400259857221,1,First Class,Southern Europe,Europe,Portugal,Lisboa
alert_30035,72595,2017-11-27 16:54:00,0.9999399940569309,1,First Class,Eastern Asia,Pacific Asia,China,Sichuan
alert_32228,74893,2017-12-31 06:00:00,0.9999399500984593,1,First Class,Southeast Asia,Pacific Asia,Camboya,Nom Pen
alert_17246,65093,2017-08-10 04:37:00,0.9999399314735986,1,First Class,Northern Europe,Europe,Suecia,Estocolmo
alert_12853,63241,2017-07-14 03:47:00,0.9999397560530332,1,First Class,Northern Europe,Europe,Suecia,Västra Götaland
alert_831,58136,2017-04-30 15:16:00,0.9999397426315478,1,First Class,Central America,LATAM,México,Coahuila
alert_29847,72388,2017-11-24 16:23:00,0.9999396838085859,1,First Class,Oceania,Pacific Asia,Australia,Australia del Sur
alert_25160,68388,2017-09-27 07:00:00,0.9999396078616468,1,First Class,Southern Europe,Europe,España,Cataluña
alert_25158,68388,2017-09-27 07:00:00,0.9999396078616468,1,First Class,Southern Europe,Europe,España,Cataluña
alert_32232,74895,2017-12-31 06:42:00,0.9999395842714178,1,First Class,Eastern Asia,Pacific Asia,China,Tianjin
alert_32235,74897,2017-12-31 07:24:00,0.9999395842714178,1,First Class,Eastern Asia,Pacific Asia,China,Tianjin
alert_32234,74896,2017-12-31 07:03:00,0.9999395842714178,1,First Class,Eastern Asia,Pacific Asia,China,Tianjin
alert_32236,74898,2017-12-31 07:45:00,0.9999395842714178,1,First Class,South Asia,Pacific Asia,Bangladés,Sylhet
alert_32229,74894,2017-12-31 06:21:00,0.9999395842714178,1,First Class,Eastern Asia,Pacific Asia,China,Tianjin
alert_26951,69355,2017-10-11 09:47:00,0.999939486988116,1,First Class,Southern Europe,Europe,Italia,Lombardía
alert_23329,67616,2017-09-16 00:32:00,0.9999394225041249,1,First Class,Western Europe,Europe,Francia,Isla de Francia
alert_23330,67616,2017-09-16 00:32:00,0.9999394225041249,1,First Class,Western Europe,Europe,Francia,Isla de Francia
alert_3833,59371,2017-05-18 15:57:00,0.9999393741842746,1,First Class,South America,LATAM,Argentina,Santa Fe
alert_3835,59371,2017-05-18 15:57:00,0.9999393741842746,1,First Class,South America,LATAM,Argentina,Santa Fe
alert_3834,59371,2017-05-18 15:57:00,0.9999393741842746,1,First Class,South America,LATAM,Argentina,Santa Fe
alert_28451,70929,2017-11-03 09:14:00,0.9999393257077117,1,First Class,Southern Europe,Europe,España,Madrid
alert_8921,61553,2017-06-19 12:24:00,0.9999393063293206,1,First Class,South America,LATAM,Brasil,Río Grande del Norte
alert_8923,61553,2017-06-19 12:24:00,0.9999393063293206,1,First Class,South America,LATAM,Brasil,Río Grande del Norte
alert_8920,61553,2017-06-19 12:24:00,0.9999393063293206,1,First Class,South America,LATAM,Brasil,Río Grande del Norte
alert_8922,61553,2017-06-19 12:24:00,0.9999393063293206,1,First Class,South America,LATAM,Brasil,Río Grande del Norte
alert_32227,74892,2017-12-31 05:39:00,0.9999392869039373,1,First Class,Southeast Asia,Pacific Asia,Indonesia,Sumatra Septentrional
alert_31567,74182,2017-12-20 20:54:00,0.9999392761097475,1,First Class,Southeast Asia,Pacific Asia,Indonesia,Java Oriental
alert_31568,74183,2017-12-20 21:15:00,0.9999392761097475,1,First Class,Southeast Asia,Pacific Asia,Indonesia,Java Oriental
alert_32344,75013,2018-01-02 00:02:00,0.9999392568630807,1,First Class,South Asia,Pacific Asia,India,Jharkhand
alert_32345,75014,2018-01-02 00:23:00,0.9999392568630807,1,First Class,South Asia,Pacific Asia,India,Jharkhand
alert_13653,63573,2017-07-19 00:06:00,0.9999392474895102,1,First Class,Southern Europe,Europe,España,Castilla-La Mancha
alert_18434,65565,2017-08-17 01:59:00,0.999939247465972,1,First Class,Western Europe,Europe,Austria,Carintia
alert_25229,68399,2017-09-27 10:51:00,0.9999392262557163,1,First Class,Western Europe,Europe,Países Bajos,Overijssel
alert_30497,73064,2017-12-04 13:13:00,0.9999391548168666,1,First Class,Southeast Asia,Pacific Asia,Tailandia,Bangkok
alert_15507,64337,2017-07-30 03:45:00,0.9999391446998909,1,First Class,Southern Europe,Europe,Italia,Lombardía
alert_15513,64338,2017-07-30 04:07:00,0.9999391446998909,1,First Class,Southern Europe,Europe,Italia,Lombardía
alert_15505,64337,2017-07-30 03:45:00,0.9999391446998909,1,First Class,Southern Europe,Europe,Italia,Lombardía
alert_15512,64338,2017-07-30 04:07:00,0.9999391446998909,1,First Class,Southern Europe,Europe,Italia,Lombardía
alert_15510,64338,2017-07-30 04:07:00,0.9999391446998909,1,First Class,Southern Europe,Europe,Italia,Lombardía
alert_15511,64338,2017-07-30 04:07:00,0.9999391446998909,1,First Class,Southern Europe,Europe,Italia,Lombardía
alert_12025,62891,2017-07-09 01:10:00,0.9999390802857852,1,First Class,Southern Europe,Europe,Italia,Lacio
alert_12022,62891,2017-07-09 01:10:00,0.9999390802857852,1,First Class,Southern Europe,Europe,Italia,Lacio
alert_29477,72007,2017-11-19 02:54:00,0.9999390513427033,1,First Class,Eastern Asia,Pacific Asia,China,Sichuan
alert_8563,61387,2017-06-17 02:15:00,0.9999390051119325,1,First Class,South America,LATAM,Brasil,Minas Gerais
alert_31652,74270,2017-12-22 03:44:00,0.999938948563209,1,First Class,Oceania,Pacific Asia,Australia,Queensland
alert_9929,62007,2017-06-26 03:27:00,0.9999389312814866,1,First Class,Western Europe,Europe,Alemania,Sajonia
alert_9928,62007,2017-06-26 03:27:00,0.9999389312814866,1,First Class,Western Europe,Europe,Alemania,Sajonia
alert_29608,72144,2017-11-21 02:54:00,0.9999388417161622,1,First Class,South Asia,Pacific Asia,India,Maharashtra
alert_29607,72141,2017-11-21 01:51:00,0.9999388417161622,1,First Class,South Asia,Pacific Asia,India,Maharashtra
alert_15506,64337,2017-07-30 03:45:00,0.9999388229898851,1,First Class,Southern Europe,Europe,Italia,Lombardía
alert_8339,61294,2017-06-15 17:40:00,0.9999388185877411,1,First Class,South America,LATAM,Brasil,Santa Catarina
alert_8341,61294,2017-06-15 17:40:00,0.9999388185877411,1,First Class,South America,LATAM,Brasil,Santa Catarina
alert_8340,61294,2017-06-15 17:40:00,0.9999388185877411,1,First Class,South America,LATAM,Brasil,Santa Catarina
alert_8342,61294,2017-06-15 17:40:00,0.9999388185877411,1,First Class,South America,LATAM,Brasil,Santa Catarina
alert_22774,67392,2017-09-12 18:04:00,0.9999388168264945,1,First Class,Southern Europe,Europe,Italia,Lacio
alert_22460,67268,2017-09-10 22:37:00,0.9999388168264945,1,First Class,Southern Europe,Europe,Italia,Lacio
alert_29373,71892,2017-11-17 10:37:00,0.9999388158372744,1,First Class,Southeast Asia,Pacific Asia,Indonesia,Yakarta
alert_29371,71891,2017-11-17 10:16:00,0.9999388158372744,1,First Class,Southeast Asia,Pacific Asia,Indonesia,Yakarta
alert_12129,62918,2017-07-09 10:37:00,0.9999387920748053,1,First Class,Southern Europe,Europe,Italia,Sicilia
alert_12127,62918,2017-07-09 10:37:00,0.9999387920748053,1,First Class,Southern Europe,Europe,Italia,Sicilia
alert_12130,62918,2017-07-09 10:37:00,0.9999387920748053,1,First Class,Southern Europe,Europe,Italia,Sicilia
alert_15557,64348,2017-07-30 07:37:00,0.9999387857504465,1,First Class,Western Europe,Europe,Francia,Aquitania-Lemosín-Poitou-Charentes
alert_15553,64348,2017-07-30 07:37:00,0.9999387857504465,1,First Class,Western Europe,Europe,Francia,Aquitania-Lemosín-Poitou-Charentes
alert_31197,73812,2017-12-15 11:16:00,0.999938746311707,1,First Class,South Asia,Pacific Asia,India,Uttar Pradesh
alert_32667,75333,2018-01-06 16:09:00,0.9999387025256319,1,First Class,Southeast Asia,Pacific Asia,Indonesia,Sumatra Occidental
alert_32666,75332,2018-01-06 15:48:00,0.9999387025256319,1,First Class,Southeast Asia,Pacific Asia,Indonesia,Sumatra Occidental
alert_32111,74759,2017-12-29 07:03:00,0.9999386772967241,1,First Class,Oceania,Pacific Asia,Australia,Victoria
alert_31947,74594,2017-12-26 21:15:00,0.9999386565089002,1,First Class,Southeast Asia,Pacific Asia,Myanmar (Birmania),Rangún
alert_31950,74595,2017-12-26 21:36:00,0.9999386565089002,1,First Class,Southeast Asia,Pacific Asia,Myanmar (Birmania),Rangún
alert_12024,62891,2017-07-09 01:10:00,0.9999386476266187,1,First Class,Southern Europe,Europe,Italia,Lacio
alert_12023,62891,2017-07-09 01:10:00,0.9999386476266187,1,First Class,Southern Europe,Europe,Italia,Lacio
alert_12021,62891,2017-07-09 01:10:00,0.9999386476266187,1,First Class,Southern Europe,Europe,Italia,Lacio
alert_3832,59371,2017-05-18 15:57:00,0.9999386218473417,1,First Class,South America,LATAM,Argentina,Santa Fe
alert_3823,59370,2017-05-18 15:36:00,0.9999386218473417,1,First Class,South America,LATAM,Argentina,Santa Fe
alert_12128,62918,2017-07-09 10:37:00,0.9999386104495847,1,First Class,Southern Europe,Europe,Italia,Sicilia
alert_11270,62601,2017-07-04 19:34:00,0.9999386099566213,1,First Class,Western Europe,Europe,Alemania,Berlín
alert_11272,62601,2017-07-04 19:34:00,0.9999386099566213,1,First Class,Western Europe,Europe,Alemania,Berlín
alert_8924,61553,2017-06-19 12:24:00,0.9999385900052057,1,First Class,South America,LATAM,Brasil,Río Grande del Norte
alert_22478,67272,2017-09-11 00:01:00,0.9999385859353056,1,First Class,Northern Europe,Europe,Suecia,Estocolmo
alert_22479,67272,2017-09-11 00:01:00,0.9999385859353056,1,First Class,Northern Europe,Europe,Suecia,Estocolmo
alert_26411,68922,2017-10-05 02:05:00,0.9999385634590078,1,First Class,Western Europe,Europe,Países Bajos,Holanda Septentrional
alert_26410,68921,2017-10-05 01:44:00,0.9999385634590078,1,First Class,Western Europe,Europe,Países Bajos,Holanda Septentrional
alert_23328,67616,2017-09-16 00:32:00,0.9999385506679863,1,First Class,Western Europe,Europe,Francia,Isla de Francia
alert_32098,74747,2017-12-29 02:51:00,0.9999385325776827,1,First Class,South Asia,Pacific Asia,India,Maharashtra
alert_3704,59315,2017-05-17 20:20:00,0.9999384534996119,1,First Class,Caribbean,LATAM,República Dominicana,Santo Domingo
alert_5946,60282,2017-05-31 23:07:00,0.9999384375746618,1,First Class,Caribbean,LATAM,República Dominicana,Santo Domingo
alert_14416,63883,2017-07-23 12:42:00,0.9999384131376122,1,First Class,Western Europe,Europe,Francia,Países del Loira
alert_17946,65360,2017-08-14 02:10:00,0.9999383880250191,1,First Class,Western Europe,Europe,Francia,Languedoc-Rosellón-Mediodía-Pirineos
alert_17937,65359,2017-08-14 01:49:00,0.9999383880250191,1,First Class,Western Europe,Europe,Francia,Languedoc-Rosellón-Mediodía-Pirineos
alert_17938,65359,2017-08-14 01:49:00,0.9999383880250191,1,First Class,Western Europe,Europe,Francia,Languedoc-Rosellón-Mediodía-Pirineos
alert_17945,65360,2017-08-14 02:10:00,0.9999383880250191,1,First Class,Western Europe,Europe,Francia,Languedoc-Rosellón-Mediodía-Pirineos
alert_17949,65360,2017-08-14 02:10:00,0.9999383880250191,1,First Class,Western Europe,Europe,Francia,Languedoc-Rosellón-Mediodía-Pirineos
alert_11689,62752,2017-07-07 00:28:00,0.9999383723158741,1,First Class,Southern Europe,Europe,Italia,Liguria
alert_31676,74294,2017-12-22 12:08:00,0.999938303260128,1,First Class,Eastern Asia,Pacific Asia,China,Guangdong
alert_33339,76037,2018-01-16 22:47:00,0.9999382971841263,1,First Class,Oceania,Pacific Asia,Australia,Victoria
alert_27250,69660,2017-10-15 20:39:00,0.9999382895746318,1,First Class,Western Europe,Europe,Bélgica,Amberes
alert_31930,74579,2017-12-26 15:59:00,0.9999382828017321,1,First Class,South Asia,Pacific Asia,Pakistán,Sind
alert_31929,74578,2017-12-26 15:38:00,0.9999382828017321,1,First Class,South Asia,Pacific Asia,Pakistán,Sind
alert_13711,63597,2017-07-19 08:30:00,0.9999382501461156,1,First Class,Northern Europe,Europe,Reino Unido,Inglaterra
alert_13709,63597,2017-07-19 08:30:00,0.9999382501461156,1,First Class,Northern Europe,Europe,Reino Unido,Inglaterra
alert_13708,63596,2017-07-19 08:09:00,0.9999382501461156,1,First Class,Northern Europe,Europe,Reino Unido,Inglaterra
alert_13710,63597,2017-07-19 08:30:00,0.9999382501461156,1,First Class,Northern Europe,Europe,Reino Unido,Inglaterra
alert_13654,63573,2017-07-19 00:06:00,0.9999382445942032,1,First Class,Southern Europe,Europe,España,Castilla-La Mancha
alert_15556,64348,2017-07-30 07:37:00,0.9999381909986776,1,First Class,Western Europe,Europe,Francia,Aquitania-Lemosín-Poitou-Charentes
alert_15555,64348,2017-07-30 07:37:00,0.9999381909986776,1,First Class,Western Europe,Europe,Francia,Aquitania-Lemosín-Poitou-Charentes
alert_15554,64348,2017-07-30 07:37:00,0.9999381909986776,1,First Class,Western Europe,Europe,Francia,Aquitania-Lemosín-Poitou-Charentes
alert_15558,64349,2017-07-30 07:58:00,0.9999381909986776,1,First Class,Western Europe,Europe,Francia,Aquitania-Lemosín-Poitou-Charentes
alert_18469,65580,2017-08-17 07:14:00,0.9999381775119123,1,First Class,Western Europe,Europe,Francia,Centro-Valle de Loira
alert_34266,77007,2018-01-31 02:37:00,0.9999380416403976,1,First Class,Eastern Asia,Pacific Asia,China,Hainan
alert_8589,61395,2017-06-17 05:03:00,0.9999379726339784,1,First Class,South America,LATAM,Brasil,Marañón
alert_8564,61387,2017-06-17 02:15:00,0.9999379726339784,1,First Class,South America,LATAM,Brasil,Minas Gerais
alert_4025,59434,2017-05-19 14:01:00,0.9999379726339784,1,First Class,Central America,LATAM,México,Puebla
alert_4036,59440,2017-05-19 16:07:00,0.9999379726339784,1,First Class,Central America,LATAM,México,Puebla
alert_4040,59440,2017-05-19 16:07:00,0.9999379726339784,1,First Class,Central America,LATAM,México,Puebla
alert_4021,59434,2017-05-19 14:01:00,0.9999379726339784,1,First Class,Central America,LATAM,México,Puebla
alert_4023,59434,2017-05-19 14:01:00,0.9999379726339784,1,First Class,Central America,LATAM,México,Puebla
alert_8627,61415,2017-06-17 12:03:00,0.9999379726339784,1,First Class,South America,LATAM,Brasil,Minas Gerais
alert_8683,61442,2017-06-17 21:31:00,0.9999379726339784,1,First Class,South America,LATAM,Brasil,Pernambuco
alert_8681,61442,2017-06-17 21:31:00,0.9999379726339784,1,First Class,South America,LATAM,Brasil,Pernambuco
alert_8626,61415,2017-06-17 12:03:00,0.9999379726339784,1,First Class,South America,LATAM,Brasil,Minas Gerais
alert_4020,59434,2017-05-19 14:01:00,0.9999379726339784,1,First Class,Central America,LATAM,México,Puebla
alert_8682,61442,2017-06-17 21:31:00,0.9999379726339784,1,First Class,South America,LATAM,Brasil,Pernambuco
alert_8587,61395,2017-06-17 05:03:00,0.9999379726339784,1,First Class,South America,LATAM,Brasil,Marañón
alert_33683,76417,2018-01-22 11:55:00,0.9999379493546502,1,First Class,Southeast Asia,Pacific Asia,Malasia,Kuala Lumpur
alert_18443,65567,2017-08-17 02:41:00,0.9999379125352553,1,First Class,Western Europe,Europe,Austria,Carintia
alert_18440,65566,2017-08-17 02:20:00,0.9999379125352553,1,First Class,Western Europe,Europe,Austria,Carintia
alert_18444,65567,2017-08-17 02:41:00,0.9999379125352553,1,First Class,Western Europe,Europe,Austria,Carintia
alert_3185,59093,2017-05-14 14:33:00,0.9999378983159392,1,First Class,Central America,LATAM,México,Nuevo León
alert_33532,76264,2018-01-20 06:19:00,0.9999378698704724,1,First Class,Southeast Asia,Pacific Asia,Filipinas,Capital Nacional
alert_18681,65669,2017-08-18 14:25:00,0.999937853612342,1,First Class,Western Europe,Europe,Alemania,Hamburgo
alert_18430,65563,2017-08-17 01:17:00,0.999937853612342,1,First Class,Western Europe,Europe,Austria,Carintia
alert_18442,65566,2017-08-17 02:20:00,0.999937853612342,1,First Class,Western Europe,Europe,Austria,Carintia
alert_22528,67286,2017-09-11 04:55:00,0.9999378412508237,1,First Class,Western Europe,Europe,Francia,Provenza-Alpes-Costa Azul
alert_4019,59432,2017-05-19 13:19:00,0.9999378229666881,1,First Class,Central America,LATAM,Nicaragua,Masaya
alert_15509,64337,2017-07-30 03:45:00,0.9999377874292908,1,First Class,Southern Europe,Europe,Italia,Lombardía
alert_15504,64336,2017-07-30 03:24:00,0.9999377874292908,1,First Class,Southern Europe,Europe,Italia,Lombardía
alert_15508,64337,2017-07-30 03:45:00,0.9999377874292908,1,First Class,Southern Europe,Europe,Italia,Lombardía
alert_20560,66459,2017-08-30 03:11:00,0.9999377190295501,1,First Class,Southern Europe,Europe,Italia,Apulia
alert_24900,68267,2017-09-25 12:37:00,0.9999377141035817,1,First Class,Western Europe,Europe,Francia,Alsacia-Champaña-Ardenas-Lorena
alert_33786,76510,2018-01-23 20:30:00,0.9999376769720418,1,First Class,South Asia,Pacific Asia,Afganistán,Nangarhar
alert_33784,76509,2018-01-23 20:09:00,0.9999376769720418,1,First Class,South Asia,Pacific Asia,Afganistán,Nangarhar
alert_6832,60632,2017-06-06 01:44:00,0.9999376723982221,1,First Class,Central America,LATAM,Guatemala,Guatemala
alert_22848,67430,2017-09-13 07:22:00,0.9999376664748257,1,First Class,Southern Europe,Europe,España,Castilla y León
alert_22847,67430,2017-09-13 07:22:00,0.9999376664748257,1,First Class,Southern Europe,Europe,España,Castilla y León
alert_1284,58323,2017-05-03 08:47:00,0.9999376637209378,1,First Class,Caribbean,LATAM,Cuba,Isla de la Juventud
alert_13459,63479,2017-07-17 15:10:00,0.9999376358860544,1,First Class,Northern Europe,Europe,Reino Unido,Inglaterra
alert_34288,77034,2018-01-31 12:05:00,0.9999376300831416,1,First Class,Oceania,Pacific Asia,Australia,Nueva Gales del Sur
alert_4045,59444,2017-05-19 17:31:00,0.9999376084077497,1,First Class,Central America,LATAM,México,Colima
alert_4044,59444,2017-05-19 17:31:00,0.9999376084077497,1,First Class,Central America,LATAM,México,Colima
alert_3840,59373,2017-05-18 16:39:00,0.9999376084077497,1,First Class,Central America,LATAM,México,Guanajuato
alert_3841,59373,2017-05-18 16:39:00,0.9999376084077497,1,First Class,Central America,LATAM,México,Guanajuato
alert_3839,59373,2017-05-18 16:39:00,0.9999376084077497,1,First Class,Central America,LATAM,México,Guanajuato
alert_3842,59373,2017-05-18 16:39:00,0.9999376084077497,1,First Class,Central America,LATAM,México,Guanajuato
alert_3944,59407,2017-05-19 04:34:00,0.9999376084077497,1,First Class,Central America,LATAM,México,Guerrero
alert_3956,59410,2017-05-19 05:37:00,0.9999376084077497,1,First Class,Central America,LATAM,Nicaragua,Chinandega
alert_3847,59374,2017-05-18 17:00:00,0.9999376084077497,1,First Class,Central America,LATAM,México,Guanajuato
alert_3843,59374,2017-05-18 17:00:00,0.9999376084077497,1,First Class,Central America,LATAM,México,Guanajuato
alert_3846,59374,2017-05-18 17:00:00,0.9999376084077497,1,First Class,Central America,LATAM,México,Guanajuato
alert_3845,59374,2017-05-18 17:00:00,0.9999376084077497,1,First Class,Central America,LATAM,México,Guanajuato
alert_3844,59374,2017-05-18 17:00:00,0.9999376084077497,1,First Class,Central America,LATAM,México,Guanajuato
alert_3954,59410,2017-05-19 05:37:00,0.9999376084077497,1,First Class,Central America,LATAM,Nicaragua,Chinandega
alert_3955,59410,2017-05-19 05:37:00,0.9999376084077497,1,First Class,Central America,LATAM,Nicaragua,Chinandega
alert_4046,59444,2017-05-19 17:31:00,0.9999376084077497,1,First Class,Central America,LATAM,México,Colima
alert_4047,59444,2017-05-19 17:31:00,0.9999376084077497,1,First Class,Central America,LATAM,México,Colima
alert_4064,59447,2017-05-19 18:34:00,0.9999376084077497,1,First Class,Central America,LATAM,México,Colima
alert_26380,68907,2017-10-04 20:50:00,0.9999375735768254,1,First Class,Western Europe,Europe,Alemania,Baden-Wurtemberg
alert_12713,63168,2017-07-13 02:12:00,0.9999375735768254,1,First Class,Western Europe,Europe,Alemania,Baja Sajonia
alert_26381,68908,2017-10-04 21:11:00,0.9999375735768254,1,First Class,Western Europe,Europe,Alemania,Baden-Wurtemberg
alert_26382,68909,2017-10-04 21:32:00,0.9999375735768254,1,First Class,Western Europe,Europe,Alemania,Baden-Wurtemberg
alert_26386,68910,2017-10-04 21:53:00,0.9999375735768254,1,First Class,Western Europe,Europe,Alemania,Baden-Wurtemberg
alert_33375,76081,2018-01-17 14:12:00,0.9999375455360422,1,First Class,Oceania,Pacific Asia,Australia,Nueva Gales del Sur
alert_33360,76063,2018-01-17 07:54:00,0.9999375455360422,1,First Class,Oceania,Pacific Asia,Australia,Nueva Gales del Sur
alert_33353,76051,2018-01-17 03:42:00,0.9999375455360422,1,First Class,Oceania,Pacific Asia,Australia,Queensland
alert_30710,73289,2017-12-07 20:03:00,0.999937527311784,1,First Class,South Asia,Pacific Asia,Bangladés,Daca
alert_6446,60495,2017-06-04 01:44:00,0.9999374990096199,1,First Class,Caribbean,LATAM,Cuba,Granma
alert_33620,76352,2018-01-21 13:09:00,0.9999374851686006,1,First Class,Oceania,Pacific Asia,Australia,Queensland
alert_33598,76335,2018-01-21 07:12:00,0.9999374851686006,1,First Class,Oceania,Pacific Asia,Australia,Queensland
alert_33602,76338,2018-01-21 08:15:00,0.9999374851686006,1,First Class,South Asia,Pacific Asia,India,Uttar Pradesh
alert_33616,76350,2018-01-21 12:27:00,0.9999374851686006,1,First Class,South Asia,Pacific Asia,Pakistán,Punyab
alert_15734,64434,2017-07-31 13:44:00,0.9999374748704265,1,First Class,Southern Europe,Europe,España,Madrid
alert_28477,70947,2017-11-03 15:32:00,0.9999374554693586,1,First Class,Western Europe,Europe,Francia,Isla de Francia
alert_28479,70949,2017-11-03 16:14:00,0.9999374554693586,1,First Class,Western Europe,Europe,Francia,Isla de Francia
alert_28482,70950,2017-11-03 16:35:00,0.9999374554693586,1,First Class,Western Europe,Europe,Francia,Isla de Francia
alert_28478,70948,2017-11-03 15:53:00,0.9999374554693586,1,First Class,Western Europe,Europe,Francia,Isla de Francia
alert_3836,59372,2017-05-18 16:18:00,0.9999374385574911,1,First Class,South America,LATAM,Argentina,Santa Fe
alert_3826,59370,2017-05-18 15:36:00,0.9999374385574911,1,First Class,South America,LATAM,Argentina,Santa Fe
alert_3698,59315,2017-05-17 20:20:00,0.9999374385574911,1,First Class,Caribbean,LATAM,República Dominicana,Santo Domingo
alert_3837,59372,2017-05-18 16:18:00,0.9999374385574911,1,First Class,South America,LATAM,Argentina,Santa Fe
alert_3838,59372,2017-05-18 16:18:00,0.9999374385574911,1,First Class,South America,LATAM,Argentina,Santa Fe
alert_3964,59411,2017-05-19 05:58:00,0.9999374385574911,1,First Class,Central America,LATAM,México,Tamaulipas
alert_3701,59315,2017-05-17 20:20:00,0.9999374385574911,1,First Class,Caribbean,LATAM,República Dominicana,Santo Domingo
alert_3703,59315,2017-05-17 20:20:00,0.9999374385574911,1,First Class,Caribbean,LATAM,República Dominicana,Santo Domingo
alert_3972,59412,2017-05-19 06:19:00,0.9999374385574911,1,First Class,Central America,LATAM,México,Tamaulipas
alert_3691,59312,2017-05-17 19:17:00,0.9999374385574911,1,First Class,Caribbean,LATAM,República Dominicana,Santo Domingo
alert_3965,59411,2017-05-19 05:58:00,0.9999374385574911,1,First Class,Central America,LATAM,México,Tamaulipas
alert_3974,59412,2017-05-19 06:19:00,0.9999374385574911,1,First Class,Central America,LATAM,México,Tamaulipas
alert_3975,59412,2017-05-19 06:19:00,0.9999374385574911,1,First Class,Central America,LATAM,México,Tamaulipas
alert_3973,59412,2017-05-19 06:19:00,0.9999374385574911,1,First Class,Central America,LATAM,México,Tamaulipas
alert_3976,59412,2017-05-19 06:19:00,0.9999374385574911,1,First Class,Central America,LATAM,México,Tamaulipas
alert_3705,59315,2017-05-17 20:20:00,0.9999374385574911,1,First Class,Caribbean,LATAM,República Dominicana,Santo Domingo
alert_3692,59312,2017-05-17 19:17:00,0.9999374385574911,1,First Class,Caribbean,LATAM,República Dominicana,Santo Domingo
alert_3966,59411,2017-05-19 05:58:00,0.9999374385574911,1,First Class,Central America,LATAM,México,Tamaulipas
alert_24952,68297,2017-09-25 23:07:00,0.9999374309183179,1,First Class,Southern Europe,Europe,España,Cataluña
alert_26711,69114,2017-10-07 21:21:00,0.9999373908761816,1,First Class,Southern Europe,Europe,España,Madrid
alert_26710,69113,2017-10-07 21:00:00,0.9999373908761816,1,First Class,Southern Europe,Europe,España,Madrid
alert_30253,72813,2017-11-30 21:17:00,0.9999373573823674,1,First Class,Southeast Asia,Pacific Asia,Filipinas,Capital Nacional
alert_9729,61925,2017-06-24 22:44:00,0.9999373298926317,1,First Class,Northern Europe,Europe,Suecia,Upsala
alert_17947,65360,2017-08-14 02:10:00,0.9999373283575307,1,First Class,Western Europe,Europe,Francia,Languedoc-Rosellón-Mediodía-Pirineos
alert_17936,65359,2017-08-14 01:49:00,0.9999373283575307,1,First Class,Western Europe,Europe,Francia,Languedoc-Rosellón-Mediodía-Pirineos
alert_5827,60229,2017-05-31 04:33:00,0.9999372961723006,1,First Class,Central America,LATAM,México,Guanajuato
alert_24126,67951,2017-09-20 21:54:00,0.9999372864039312,1,First Class,Southern Europe,Europe,Italia,Lacio
alert_24128,67951,2017-09-20 21:54:00,0.9999372864039312,1,First Class,Southern Europe,Europe,Italia,Lacio
alert_31556,74170,2017-12-20 16:42:00,0.9999372835927457,1,First Class,Eastern Asia,Pacific Asia,China,Jilin
alert_4033,59437,2017-05-19 15:04:00,0.9999372721320203,1,First Class,Caribbean,LATAM,República Dominicana,La Romana
alert_15743,64436,2017-07-31 14:27:00,0.9999372705579302,1,First Class,Northern Europe,Europe,Reino Unido,Escocia
alert_10368,62191,2017-06-28 19:55:00,0.9999372673444546,1,First Class,Western Europe,Europe,Francia,Isla de Francia
alert_1132,58267,2017-05-02 13:10:00,0.9999372601217755,1,First Class,Central America,LATAM,Guatemala,Guatemala
alert_1131,58267,2017-05-02 13:10:00,0.9999372601217755,1,First Class,Central America,LATAM,Guatemala,Guatemala
alert_1133,58267,2017-05-02 13:10:00,0.9999372601217755,1,First Class,Central America,LATAM,Guatemala,Guatemala
alert_13458,63479,2017-07-17 15:10:00,0.9999372440184007,1,First Class,Northern Europe,Europe,Reino Unido,Inglaterra
alert_14828,64031,2017-07-25 16:33:00,0.9999372272819741,1,First Class,Southern Europe,Europe,España,Andalucía
alert_14821,64030,2017-07-25 16:12:00,0.9999372272819741,1,First Class,Southern Europe,Europe,España,Andalucía
alert_20267,66357,2017-08-28 15:27:00,0.9999372217895838,1,First Class,Western Europe,Europe,Alemania,Renania del Norte-Westfalia
alert_20265,66357,2017-08-28 15:27:00,0.9999372217895838,1,First Class,Western Europe,Europe,Alemania,Renania del Norte-Westfalia
alert_27321,69731,2017-10-16 21:31:00,0.9999372121841503,1,First Class,Western Europe,Europe,Francia,Provenza-Alpes-Costa Azul
alert_13457,63479,2017-07-17 15:10:00,0.9999371844610841,1,First Class,Northern Europe,Europe,Reino Unido,Inglaterra
alert_13452,63479,2017-07-17 15:10:00,0.9999371844610841,1,First Class,Northern Europe,Europe,Reino Unido,Inglaterra
alert_13456,63479,2017-07-17 15:10:00,0.9999371844610841,1,First Class,Northern Europe,Europe,Reino Unido,Inglaterra
alert_4034,59437,2017-05-19 15:04:00,0.9999371767891183,1,First Class,Caribbean,LATAM,República Dominicana,La Romana
alert_4035,59437,2017-05-19 15:04:00,0.9999371767891183,1,First Class,Caribbean,LATAM,República Dominicana,La Romana
alert_4066,59449,2017-05-19 19:16:00,0.9999371767891183,1,First Class,South America,LATAM,Perú,Lima (ciudad)
alert_4065,59449,2017-05-19 19:16:00,0.9999371767891183,1,First Class,South America,LATAM,Perú,Lima (ciudad)
alert_4070,59451,2017-05-19 19:58:00,0.9999371767891183,1,First Class,South America,LATAM,Perú,Lima (ciudad)
alert_4073,59453,2017-05-19 20:41:00,0.9999371767891183,1,First Class,South America,LATAM,Perú,Lima (ciudad)
alert_3819,59369,2017-05-18 15:15:00,0.9999371767891183,1,First Class,Caribbean,LATAM,República Dominicana,La Vega
alert_3818,59369,2017-05-18 15:15:00,0.9999371767891183,1,First Class,Caribbean,LATAM,República Dominicana,La Vega
alert_4068,59451,2017-05-19 19:58:00,0.9999371767891183,1,First Class,South America,LATAM,Perú,Lima (ciudad)
alert_4069,59451,2017-05-19 19:58:00,0.9999371767891183,1,First Class,South America,LATAM,Perú,Lima (ciudad)
alert_29450,71976,2017-11-18 16:02:00,0.9999371716988247,1,First Class,Eastern Asia,Pacific Asia,Japón,Yamaguchi
alert_8352,61298,2017-06-15 19:04:00,0.9999371414287036,1,First Class,South America,LATAM,Brasil,Marañón
alert_26908,69309,2017-10-10 17:40:00,0.9999371355581098,1,First Class,Western Europe,Europe,Alemania,Baja Sajonia
alert_20561,66459,2017-08-30 03:11:00,0.9999371139142753,1,First Class,Southern Europe,Europe,Italia,Apulia
alert_9991,62035,2017-06-26 13:16:00,0.9999371089404498,1,First Class,Western Europe,Europe,Francia,Aquitania-Lemosín-Poitou-Charentes
alert_24901,68267,2017-09-25 12:37:00,0.9999371089404498,1,First Class,Western Europe,Europe,Francia,Alsacia-Champaña-Ardenas-Lorena
alert_9994,62035,2017-06-26 13:16:00,0.9999371089404498,1,First Class,Western Europe,Europe,Francia,Aquitania-Lemosín-Poitou-Charentes
alert_9992,62035,2017-06-26 13:16:00,0.9999371089404498,1,First Class,Western Europe,Europe,Francia,Aquitania-Lemosín-Poitou-Charentes
alert_9993,62035,2017-06-26 13:16:00,0.9999371089404498,1,First Class,Western Europe,Europe,Francia,Aquitania-Lemosín-Poitou-Charentes
alert_6457,60497,2017-06-04 02:26:00,0.9999371062819511,1,First Class,Caribbean,LATAM,Cuba,Granma
alert_32619,75295,2018-01-06 02:50:00,0.9999370831330815,1,First Class,Oceania,Pacific Asia,Australia,Victoria
alert_32566,75238,2018-01-05 06:52:00,0.9999370831330815,1,First Class,South Asia,Pacific Asia,India,Uttarakhand
alert_32585,75256,2018-01-05 13:10:00,0.9999370831330815,1,First Class,Eastern Asia,Pacific Asia,Corea del Sur,Seúl
alert_32583,75255,2018-01-05 12:49:00,0.9999370831330815,1,First Class,Eastern Asia,Pacific Asia,Corea del Sur,Seúl
alert_32632,75302,2018-01-06 05:17:00,0.9999370831330815,1,First Class,Oceania,Pacific Asia,Australia,Territorio del Norte
alert_34295,77043,2018-01-31 15:14:00,0.9999370813141929,1,First Class,Southeast Asia,Pacific Asia,Indonesia,Java Occidental
alert_3248,59119,2017-05-14 23:40:00,0.999937066634231,1,First Class,Central America,LATAM,Nicaragua,Managua
alert_3243,59118,2017-05-14 23:19:00,0.999937066634231,1,First Class,Central America,LATAM,Nicaragua,Managua
alert_11745,62772,2017-07-07 07:28:00,0.9999370373607868,1,First Class,Southern Europe,Europe,Portugal,Lisboa
alert_11746,62772,2017-07-07 07:28:00,0.9999370373607868,1,First Class,Southern Europe,Europe,Portugal,Lisboa
alert_11748,62772,2017-07-07 07:28:00,0.9999370373607868,1,First Class,Southern Europe,Europe,Portugal,Lisboa
alert_28551,71023,2017-11-04 18:10:00,0.999937001068771,1,First Class,Western Europe,Europe,Francia,Isla de Francia
alert_27671,70114,2017-10-22 11:42:00,0.999936986474375,1,First Class,Western Europe,Europe,Bélgica,Amberes
alert_27676,70116,2017-10-22 12:24:00,0.999936986474375,1,First Class,Western Europe,Europe,Bélgica,Amberes
alert_27675,70115,2017-10-22 12:03:00,0.999936986474375,1,First Class,Western Europe,Europe,Bélgica,Amberes
alert_18546,65616,2017-08-17 19:51:00,0.9999369827027985,1,First Class,Western Europe,Europe,Francia,Auvernia-Ródano-Alpes
alert_18544,65616,2017-08-17 19:51:00,0.9999369827027985,1,First Class,Western Europe,Europe,Francia,Auvernia-Ródano-Alpes
alert_28545,71018,2017-11-04 16:25:00,0.9999369813935868,1,First Class,Southern Europe,Europe,España,Murcia
alert_14497,63917,2017-07-24 00:37:00,0.9999369443405624,1,First Class,Western Europe,Europe,Francia,Languedoc-Rosellón-Mediodía-Pirineos
alert_20666,66498,2017-08-30 16:51:00,0.9999369225231398,1,First Class,Western Europe,Europe,Alemania,Baja Sajonia
alert_32189,74847,2017-12-30 13:53:00,0.9999368929438366,1,First Class,South Asia,Pacific Asia,India,Uttar Pradesh
alert_32163,74819,2017-12-30 04:04:00,0.9999368929438366,1,First Class,South Asia,Pacific Asia,Pakistán,Sind
alert_2576,58858,2017-05-11 04:13:00,0.9999368380826509,1,First Class,Caribbean,LATAM,República Dominicana,Santo Domingo
alert_8060,61175,2017-06-13 23:58:00,0.9999368380826509,1,First Class,Central America,LATAM,El Salvador,San Salvador
alert_25550,68533,2017-09-29 09:48:00,0.9999368333665313,1,First Class,Western Europe,Europe,Francia,Languedoc-Rosellón-Mediodía-Pirineos
alert_32565,75236,2018-01-05 06:10:00,0.9999368290151522,1,First Class,Oceania,Pacific Asia,Australia,Australia del Sur
alert_23599,67715,2017-09-17 11:13:00,0.9999368277085282,1,First Class,Western Europe,Europe,Francia,Auvernia
alert_18436,65565,2017-08-17 01:59:00,0.9999368277085282,1,First Class,Western Europe,Europe,Austria,Carintia
alert_18429,65563,2017-08-17 01:17:00,0.9999368277085282,1,First Class,Western Europe,Europe,Austria,Carintia
alert_18547,65616,2017-08-17 19:51:00,0.9999368277085282,1,First Class,Western Europe,Europe,Francia,Auvernia-Ródano-Alpes
alert_18438,65565,2017-08-17 01:59:00,0.9999368277085282,1,First Class,Western Europe,Europe,Austria,Carintia
alert_18680,65669,2017-08-18 14:25:00,0.9999368277085282,1,First Class,Western Europe,Europe,Alemania,Hamburgo
alert_18441,65566,2017-08-17 02:20:00,0.9999368277085282,1,First Class,Western Europe,Europe,Austria,Carintia
alert_18428,65562,2017-08-17 00:56:00,0.9999368277085282,1,First Class,Western Europe,Europe,Francia,Isla de Francia
alert_18679,65669,2017-08-18 14:25:00,0.9999368277085282,1,First Class,Western Europe,Europe,Alemania,Hamburgo
alert_18543,65616,2017-08-17 19:51:00,0.9999368277085282,1,First Class,Western Europe,Europe,Francia,Auvernia-Ródano-Alpes
alert_18545,65616,2017-08-17 19:51:00,0.9999368277085282,1,First Class,Western Europe,Europe,Francia,Auvernia-Ródano-Alpes
alert_23522,67690,2017-09-17 02:28:00,0.9999368277085282,1,First Class,Western Europe,Europe,Francia,Isla de Francia
alert_15744,64436,2017-07-31 14:27:00,0.9999368164886857,1,First Class,Northern Europe,Europe,Reino Unido,Escocia
alert_28252,70719,2017-10-31 07:39:00,0.9999368164886857,1,First Class,Northern Europe,Europe,Reino Unido,Inglaterra
alert_26379,68906,2017-10-04 20:29:00,0.999936808368153,1,First Class,Western Europe,Europe,Francia,Auvernia-Ródano-Alpes
alert_22577,67304,2017-09-11 11:14:00,0.9999368045292453,1,First Class,Western Europe,Europe,Alemania,Sajonia
alert_22578,67304,2017-09-11 11:14:00,0.9999368045292453,1,First Class,Western Europe,Europe,Alemania,Sajonia
alert_22527,67286,2017-09-11 04:55:00,0.9999367890731046,1,First Class,Western Europe,Europe,Francia,Provenza-Alpes-Costa Azul
alert_14829,64031,2017-07-25 16:33:00,0.9999367728994949,1,First Class,Southern Europe,Europe,España,Andalucía
alert_15676,64408,2017-07-31 04:38:00,0.9999367240826018,1,First Class,Northern Europe,Europe,Reino Unido,Inglaterra
alert_32633,75303,2018-01-06 05:38:00,0.9999367096326356,1,First Class,Southeast Asia,Pacific Asia,Indonesia,Sumatra Septentrional
alert_5445,60053,2017-05-28 14:53:00,0.9999367052063362,1,First Class,Central America,LATAM,México,Distrito Federal
alert_7718,61022,2017-06-11 18:22:00,0.9999366711898847,1,First Class,Central America,LATAM,Nicaragua,Managua
alert_20671,66500,2017-08-30 17:33:00,0.9999366682935408,1,First Class,Western Europe,Europe,Francia,Aquitania-Lemosín-Poitou-Charentes
alert_15677,64408,2017-07-31 04:38:00,0.9999366640318819,1,First Class,Northern Europe,Europe,Reino Unido,Inglaterra
alert_15678,64408,2017-07-31 04:38:00,0.9999366640318819,1,First Class,Northern Europe,Europe,Reino Unido,Inglaterra
alert_15675,64408,2017-07-31 04:38:00,0.9999366640318819,1,First Class,Northern Europe,Europe,Reino Unido,Inglaterra
alert_15655,64399,2017-07-31 01:29:00,0.9999366583373714,1,First Class,Southern Europe,Europe,Italia,Emilia-Romaña
alert_15657,64399,2017-07-31 01:29:00,0.9999366583373714,1,First Class,Southern Europe,Europe,Italia,Emilia-Romaña
alert_8764,61472,2017-06-18 08:01:00,0.9999366358605732,1,First Class,South America,LATAM,Brasil,Santa Catarina
alert_8773,61476,2017-06-18 09:25:00,0.9999366358605732,1,First Class,South America,LATAM,Brasil,Santa Catarina
alert_8763,61472,2017-06-18 08:01:00,0.9999366358605732,1,First Class,South America,LATAM,Brasil,Santa Catarina
alert_8765,61472,2017-06-18 08:01:00,0.9999366358605732,1,First Class,South America,LATAM,Brasil,Santa Catarina
alert_8771,61476,2017-06-18 09:25:00,0.9999366358605732,1,First Class,South America,LATAM,Brasil,Santa Catarina
alert_8762,61472,2017-06-18 08:01:00,0.9999366358605732,1,First Class,South America,LATAM,Brasil,Santa Catarina
alert_8772,61476,2017-06-18 09:25:00,0.9999366358605732,1,First Class,South America,LATAM,Brasil,Santa Catarina
alert_8774,61476,2017-06-18 09:25:00,0.9999366358605732,1,First Class,South America,LATAM,Brasil,Santa Catarina
alert_32625,75299,2018-01-06 04:14:00,0.9999366260275555,1,First Class,South Asia,Pacific Asia,India,Telangana
alert_16789,64901,2017-08-07 09:21:00,0.9999365995629351,1,First Class,Southern Europe,Europe,Italia,Sicilia
alert_33855,76583,2018-01-24 22:05:00,0.9999365831036785,1,First Class,Eastern Asia,Pacific Asia,China,Chongqing
alert_33147,75837,2018-01-14 00:43:00,0.9999365614656062,1,First Class,Southeast Asia,Pacific Asia,Filipinas,Capital Nacional
alert_32650,75317,2018-01-06 10:32:00,0.9999365614656062,1,First Class,Southeast Asia,Pacific Asia,Filipinas,Capital Nacional
alert_30747,73324,2017-12-08 08:18:00,0.999936559768828,1,First Class,Southeast Asia,Pacific Asia,Filipinas,Capital Nacional
alert_31431,74024,2017-12-18 13:33:00,0.9999365580093258,1,First Class,Oceania,Pacific Asia,Australia,Nueva Gales del Sur
alert_31121,73732,2017-12-14 07:15:00,0.9999365438719869,1,First Class,Eastern Asia,Pacific Asia,Japón,Hokkaido
alert_18359,65534,2017-08-16 15:07:00,0.999936541525459,1,First Class,Southern Europe,Europe,Italia,Toscana
alert_31654,74271,2017-12-22 04:05:00,0.9999365140847274,1,First Class,Oceania,Pacific Asia,Australia,Queensland
alert_31317,73917,2017-12-17 00:04:00,0.9999365093503433,1,First Class,Oceania,Pacific Asia,Australia,Victoria
alert_14495,63917,2017-07-24 00:37:00,0.9999364965126184,1,First Class,Western Europe,Europe,Francia,Languedoc-Rosellón-Mediodía-Pirineos
alert_14496,63917,2017-07-24 00:37:00,0.9999364965126184,1,First Class,Western Europe,Europe,Francia,Languedoc-Rosellón-Mediodía-Pirineos
alert_14493,63917,2017-07-24 00:37:00,0.9999364965126184,1,First Class,Western Europe,Europe,Francia,Languedoc-Rosellón-Mediodía-Pirineos
alert_14494,63917,2017-07-24 00:37:00,0.9999364965126184,1,First Class,Western Europe,Europe,Francia,Languedoc-Rosellón-Mediodía-Pirineos
alert_29211,71741,2017-11-15 05:43:00,0.999936488418552,1,First Class,Southeast Asia,Pacific Asia,Indonesia,Java Oriental
alert_8351,61298,2017-06-15 19:04:00,0.9999364765575457,1,First Class,South America,LATAM,Brasil,Marañón
alert_8350,61298,2017-06-15 19:04:00,0.9999364765575457,1,First Class,South America,LATAM,Brasil,Marañón
alert_5844,60232,2017-05-31 05:36:00,0.9999364720462358,1,First Class,Central America,LATAM,El Salvador,San Salvador
alert_5845,60232,2017-05-31 05:36:00,0.9999364720462358,1,First Class,Central America,LATAM,El Salvador,San Salvador
alert_573,58046,2017-04-29 07:44:00,0.9999364676361839,1,First Class,Central America,LATAM,Panamá,Chiriquí
alert_574,58046,2017-04-29 07:44:00,0.9999364676361839,1,First Class,Central America,LATAM,Panamá,Chiriquí
alert_575,58046,2017-04-29 07:44:00,0.9999364676361839,1,First Class,Central America,LATAM,Panamá,Chiriquí
alert_576,58046,2017-04-29 07:44:00,0.9999364676361839,1,First Class,Central America,LATAM,Panamá,Chiriquí
alert_1134,58268,2017-05-02 13:31:00,0.999936458421822,1,First Class,Central America,LATAM,El Salvador,San Salvador
alert_1137,58268,2017-05-02 13:31:00,0.999936458421822,1,First Class,Central America,LATAM,El Salvador,San Salvador
alert_1136,58268,2017-05-02 13:31:00,0.999936458421822,1,First Class,Central America,LATAM,El Salvador,San Salvador
alert_1135,58268,2017-05-02 13:31:00,0.999936458421822,1,First Class,Central America,LATAM,El Salvador,San Salvador
alert_18003,65382,2017-08-14 09:52:00,0.999936419814585,1,First Class,Western Europe,Europe,Francia,Normandía
alert_5878,60260,2017-05-31 15:24:00,0.9999364057512192,1,First Class,Central America,LATAM,México,Chihuahua
alert_32674,75337,2018-01-06 17:33:00,0.9999363977611503,1,First Class,South Asia,Pacific Asia,India,Karnataka
alert_23651,67737,2017-09-17 18:56:00,0.9999363906894431,1,First Class,Western Europe,Europe,Alemania,Renania del Norte-Westfalia
alert_23650,67737,2017-09-17 18:56:00,0.9999363906894431,1,First Class,Western Europe,Europe,Alemania,Renania del Norte-Westfalia
alert_23653,67737,2017-09-17 18:56:00,0.9999363906894431,1,First Class,Western Europe,Europe,Alemania,Renania del Norte-Westfalia
alert_25552,68533,2017-09-29 09:48:00,0.999936384750488,1,First Class,Western Europe,Europe,Francia,Languedoc-Rosellón-Mediodía-Pirineos
alert_25553,68533,2017-09-29 09:48:00,0.999936384750488,1,First Class,Western Europe,Europe,Francia,Languedoc-Rosellón-Mediodía-Pirineos
alert_25554,68533,2017-09-29 09:48:00,0.999936384750488,1,First Class,Western Europe,Europe,Francia,Languedoc-Rosellón-Mediodía-Pirineos
alert_25551,68533,2017-09-29 09:48:00,0.999936384750488,1,First Class,Western Europe,Europe,Francia,Languedoc-Rosellón-Mediodía-Pirineos
alert_31221,73831,2017-12-15 17:56:00,0.9999363813780423,1,First Class,Eastern Asia,Pacific Asia,China,Jiangsu
alert_31222,73832,2017-12-15 18:17:00,0.9999363813780423,1,First Class,Eastern Asia,Pacific Asia,China,Jiangsu
alert_31220,73830,2017-12-15 17:35:00,0.9999363813780423,1,First Class,Eastern Asia,Pacific Asia,China,Jiangsu
alert_31217,73829,2017-12-15 17:14:00,0.9999363813780423,1,First Class,Eastern Asia,Pacific Asia,China,Jiangsu
alert_30458,73024,2017-12-03 23:12:00,0.999936377129173,1,First Class,Southeast Asia,Pacific Asia,Indonesia,Kalimantan Oriental
alert_30457,73023,2017-12-03 22:51:00,0.999936377129173,1,First Class,Southeast Asia,Pacific Asia,Indonesia,Kalimantan Oriental
alert_30460,73025,2017-12-03 23:33:00,0.999936377129173,1,First Class,Southeast Asia,Pacific Asia,Indonesia,Kalimantan Oriental
alert_20931,66608,2017-09-01 07:23:00,0.9999363681465905,1,First Class,Western Europe,Europe,Francia,Isla de Francia
alert_20917,66605,2017-09-01 06:20:00,0.9999363681465905,1,First Class,Western Europe,Europe,Francia,Isla de Francia
alert_20932,66608,2017-09-01 07:23:00,0.9999363681465905,1,First Class,Western Europe,Europe,Francia,Isla de Francia
alert_14701,63996,2017-07-25 04:17:00,0.9999363553780979,1,First Class,Western Europe,Europe,Alemania,Baja Sajonia
alert_14699,63996,2017-07-25 04:17:00,0.9999363553780979,1,First Class,Western Europe,Europe,Alemania,Baja Sajonia
alert_30562,73131,2017-12-05 12:41:00,0.9999363399216297,1,First Class,Eastern Asia,Pacific Asia,China,Guangdong
alert_30563,73133,2017-12-05 13:23:00,0.9999363399216297,1,First Class,Eastern Asia,Pacific Asia,China,Guangdong
alert_16282,64683,2017-08-04 04:59:00,0.9999363390542643,1,First Class,Northern Europe,Europe,Suecia,Västra Götaland
alert_12019,62890,2017-07-09 00:49:00,0.9999363159372058,1,First Class,Southern Europe,Europe,Italia,Lacio
alert_26848,69238,2017-10-09 16:48:00,0.9999362378364789,1,First Class,Southern Europe,Europe,España,Murcia
alert_26849,69239,2017-10-09 17:09:00,0.9999362378364789,1,First Class,Southern Europe,Europe,España,Murcia
alert_26852,69240,2017-10-09 17:30:00,0.9999362378364789,1,First Class,Southern Europe,Europe,España,Murcia
alert_16242,64660,2017-08-03 20:55:00,0.9999361812062032,1,First Class,Southern Europe,Europe,Italia,Emilia-Romaña
alert_28454,70930,2017-11-03 09:35:00,0.9999361812062032,1,First Class,Southern Europe,Europe,Italia,Apulia
alert_16236,64660,2017-08-03 20:55:00,0.9999361812062032,1,First Class,Southern Europe,Europe,Italia,Emilia-Romaña
alert_16243,64660,2017-08-03 20:55:00,0.9999361812062032,1,First Class,Southern Europe,Europe,Italia,Emilia-Romaña
alert_16238,64660,2017-08-03 20:55:00,0.9999361812062032,1,First Class,Southern Europe,Europe,Italia,Emilia-Romaña
alert_16155,64619,2017-08-03 06:33:00,0.9999361812062032,1,First Class,Southern Europe,Europe,España,Galicia
alert_33084,75772,2018-01-13 01:57:00,0.999936177449394,1,First Class,Oceania,Pacific Asia,Australia,Australia del Sur
alert_18509,65593,2017-08-17 11:47:00,0.9999361723656492,1,First Class,Western Europe,Europe,Francia,Isla de Francia
alert_32612,75281,2018-01-05 21:56:00,0.9999361517217192,1,First Class,Southeast Asia,Pacific Asia,Tailandia,Nakhon Ratchasima
alert_21922,67039,2017-09-07 14:23:00,0.9999361396288052,1,First Class,Western Europe,Europe,Alemania,Bavaria
alert_5207,59962,2017-05-27 07:00:00,0.9999361309717979,1,First Class,South America,LATAM,Venezuela,Distrito Capital
alert_22576,67304,2017-09-11 11:14:00,0.9999361141220247,1,First Class,Western Europe,Europe,Alemania,Sajonia
alert_22579,67304,2017-09-11 11:14:00,0.9999361141220247,1,First Class,Western Europe,Europe,Alemania,Sajonia
alert_13200,63368,2017-07-16 00:16:00,0.9999361052884395,1,First Class,Western Europe,Europe,Francia,Auvernia-Ródano-Alpes
alert_26944,69346,2017-10-11 06:38:00,0.9999361025521547,1,First Class,Northern Europe,Europe,Dinamarca,Región Capital
alert_30880,73460,2017-12-10 07:57:00,0.9999361025521547,1,First Class,Eastern Asia,Pacific Asia,China,Zhejiang
alert_22520,67285,2017-09-11 04:34:00,0.9999360984970372,1,First Class,Western Europe,Europe,Francia,Provenza-Alpes-Costa Azul
alert_22506,67284,2017-09-11 04:13:00,0.9999360984970372,1,First Class,Western Europe,Europe,Francia,Provenza-Alpes-Costa Azul
alert_22526,67286,2017-09-11 04:55:00,0.9999360984970372,1,First Class,Western Europe,Europe,Francia,Provenza-Alpes-Costa Azul
alert_22507,67284,2017-09-11 04:13:00,0.9999360984970372,1,First Class,Western Europe,Europe,Francia,Provenza-Alpes-Costa Azul
alert_22518,67285,2017-09-11 04:34:00,0.9999360984970372,1,First Class,Western Europe,Europe,Francia,Provenza-Alpes-Costa Azul
alert_22519,67285,2017-09-11 04:34:00,0.9999360984970372,1,First Class,Western Europe,Europe,Francia,Provenza-Alpes-Costa Azul
alert_11834,62806,2017-07-07 19:23:00,0.9999360734571816,1,First Class,Western Europe,Europe,Francia,Aquitania-Lemosín-Poitou-Charentes
alert_28785,71287,2017-11-08 14:39:00,0.999936056295309,1,First Class,Northern Europe,Europe,Suecia,Estocolmo
alert_20669,66500,2017-08-30 17:33:00,0.9999360529700797,1,First Class,Western Europe,Europe,Francia,Aquitania-Lemosín-Poitou-Charentes
alert_20668,66500,2017-08-30 17:33:00,0.9999360529700797,1,First Class,Western Europe,Europe,Francia,Aquitania-Lemosín-Poitou-Charentes
alert_31928,74577,2017-12-26 15:17:00,0.9999360439484765,1,First Class,Oceania,Pacific Asia,Australia,Australia Occidental
alert_30070,72627,2017-11-28 04:07:00,0.9999360259440832,1,First Class,Southeast Asia,Pacific Asia,Indonesia,Yakarta
alert_30077,72638,2017-11-28 07:58:00,0.9999360259440832,1,First Class,Southeast Asia,Pacific Asia,Indonesia,Yakarta
alert_9311,61744,2017-06-22 07:19:00,0.9999360049388876,1,First Class,Southern Europe,Europe,España,Cataluña
alert_33465,76188,2018-01-19 03:41:00,0.9999359835034142,1,First Class,Southeast Asia,Pacific Asia,Malasia,Perak
alert_288,57917,2017-04-27 10:33:00,0.9999359637628435,1,First Class,Central America,LATAM,El Salvador,San Salvador
alert_10596,62280,2017-06-30 03:06:00,0.9999359405571749,1,First Class,Western Europe,Europe,Alemania,Hamburgo
alert_24893,68263,2017-09-25 11:13:00,0.9999359272659767,1,First Class,Western Europe,Europe,Francia,Auvernia
alert_5879,60260,2017-05-31 15:24:00,0.9999359088874591,1,First Class,Central America,LATAM,México,Chihuahua
alert_5875,60260,2017-05-31 15:24:00,0.9999359088874591,1,First Class,Central America,LATAM,México,Chihuahua
alert_5876,60260,2017-05-31 15:24:00,0.9999359088874591,1,First Class,Central America,LATAM,México,Chihuahua
alert_5877,60260,2017-05-31 15:24:00,0.9999359088874591,1,First Class,Central America,LATAM,México,Chihuahua
alert_19128,65861,2017-08-21 09:41:00,0.9999359057373,1,First Class,Western Europe,Europe,Austria,Viena
alert_32412,75084,2018-01-03 00:55:00,0.9999359047422166,1,First Class,Southeast Asia,Pacific Asia,Filipinas,Capital Nacional
alert_4365,59581,2017-05-21 17:31:00,0.9999358868293795,1,First Class,Central America,LATAM,México,Coahuila
alert_21251,66757,2017-09-03 11:36:00,0.9999358780485151,1,First Class,Northern Europe,Europe,Irlanda,Dublín
alert_8673,61440,2017-06-17 20:49:00,0.9999358636407532,1,First Class,South America,LATAM,Brasil,Marañón
alert_30363,72924,2017-12-02 12:10:00,0.9999358618664023,1,First Class,Southeast Asia,Pacific Asia,Indonesia,Yakarta
alert_4085,59455,2017-05-19 21:23:00,0.9999358580660404,1,First Class,Caribbean,LATAM,Cuba,Ciego de Ávila
alert_30252,72812,2017-11-30 20:56:00,0.9999358499575073,1,First Class,Eastern Asia,Pacific Asia,China,Shandong
alert_33587,76322,2018-01-21 02:38:00,0.9999358491136895,1,First Class,Southeast Asia,Pacific Asia,Vietnam,Ciudad Ho Chi Minh
alert_33947,76678,2018-01-26 07:22:00,0.9999358369256114,1,First Class,Southeast Asia,Pacific Asia,Indonesia,Sumatra Septentrional
alert_27160,69566,2017-10-14 11:43:00,0.999935787416142,1,First Class,Western Europe,Europe,Países Bajos,Güeldres
alert_31724,74344,2017-12-23 05:39:00,0.9999357829239337,1,First Class,Southeast Asia,Pacific Asia,Singapur,Singapur
alert_31723,74343,2017-12-23 05:18:00,0.9999357829239337,1,First Class,Southeast Asia,Pacific Asia,Singapur,Singapur
alert_31722,74342,2017-12-23 04:57:00,0.9999357829239337,1,First Class,Southeast Asia,Pacific Asia,Singapur,Singapur
alert_26345,68887,2017-10-04 13:50:00,0.9999357752108289,1,First Class,Western Europe,Europe,Alemania,Brandenburgo
alert_16255,64669,2017-08-04 00:04:00,0.9999357752108289,1,First Class,Western Europe,Europe,Alemania,Hesse
alert_10857,62393,2017-07-01 18:41:00,0.999935759777799,1,First Class,Western Europe,Europe,Alemania,Baden-Wurtemberg
alert_10856,62393,2017-07-01 18:41:00,0.999935759777799,1,First Class,Western Europe,Europe,Alemania,Baden-Wurtemberg
alert_28472,70945,2017-11-03 14:50:00,0.999935759777799,1,First Class,Western Europe,Europe,Francia,Aquitania-Lemosín-Poitou-Charentes
alert_20896,66599,2017-09-01 04:14:00,0.999935759777799,1,First Class,Western Europe,Europe,Países Bajos,Holanda Meridional
alert_20897,66599,2017-09-01 04:14:00,0.999935759777799,1,First Class,Western Europe,Europe,Países Bajos,Holanda Meridional
alert_10855,62393,2017-07-01 18:41:00,0.999935759777799,1,First Class,Western Europe,Europe,Alemania,Baden-Wurtemberg
alert_28393,70878,2017-11-02 15:22:00,0.999935759777799,1,First Class,Western Europe,Europe,Francia,Alsacia-Champaña-Ardenas-Lorena
alert_28552,71024,2017-11-04 18:31:00,0.999935759777799,1,First Class,Western Europe,Europe,Francia,Auvernia-Ródano-Alpes
alert_21491,66861,2017-09-05 00:02:00,0.9999357565080031,1,First Class,Southern Europe,Europe,España,Cataluña
alert_21490,66861,2017-09-05 00:02:00,0.9999357565080031,1,First Class,Southern Europe,Europe,España,Cataluña
alert_202,57876,2017-04-26 20:11:00,0.9999357533441173,1,First Class,Central America,LATAM,Nicaragua,Managua
alert_7331,60859,2017-06-09 09:16:00,0.9999357460169348,1,First Class,Central America,LATAM,Guatemala,Guatemala
alert_7326,60858,2017-06-09 08:55:00,0.9999357460169348,1,First Class,Central America,LATAM,Guatemala,Guatemala
alert_11702,62755,2017-07-07 01:31:00,0.9999357383599574,1,First Class,Western Europe,Europe,Alemania,Baja Sajonia
alert_21935,67040,2017-09-07 14:44:00,0.9999357383599574,1,First Class,Western Europe,Europe,Alemania,Bavaria
alert_11691,62753,2017-07-07 00:49:00,0.9999357383599574,1,First Class,Western Europe,Europe,Alemania,Baja Sajonia
alert_21923,67039,2017-09-07 14:23:00,0.9999357383599574,1,First Class,Western Europe,Europe,Alemania,Bavaria
alert_32144,74792,2017-12-29 18:37:00,0.9999357328739141,1,First Class,Eastern Asia,Pacific Asia,China,Sichuan
alert_14820,64030,2017-07-25 16:12:00,0.9999357291565723,1,First Class,Southern Europe,Europe,España,Andalucía
alert_14831,64031,2017-07-25 16:33:00,0.9999357291565723,1,First Class,Southern Europe,Europe,España,Andalucía
alert_14830,64031,2017-07-25 16:33:00,0.9999357291565723,1,First Class,Southern Europe,Europe,España,Andalucía
alert_14827,64031,2017-07-25 16:33:00,0.9999357291565723,1,First Class,Southern Europe,Europe,España,Andalucía
alert_18508,65593,2017-08-17 11:47:00,0.9999357190554102,1,First Class,Western Europe,Europe,Francia,Isla de Francia
alert_18507,65593,2017-08-17 11:47:00,0.9999357190554102,1,First Class,Western Europe,Europe,Francia,Isla de Francia
alert_30382,72941,2017-12-02 18:07:00,0.9999357028506755,1,First Class,Eastern Asia,Pacific Asia,China,Qinghai
alert_11467,62667,2017-07-05 18:41:00,0.9999357028000602,1,First Class,Western Europe,Europe,Francia,Auvernia-Ródano-Alpes
alert_34004,76742,2018-01-27 05:47:00,0.99993567703174,1,First Class,Eastern Asia,Pacific Asia,China,Shanxi
alert_11835,62806,2017-07-07 19:23:00,0.999935671772569,1,First Class,Western Europe,Europe,Francia,Aquitania-Lemosín-Poitou-Charentes
alert_5206,59962,2017-05-27 07:00:00,0.9999356686541504,1,First Class,South America,LATAM,Venezuela,Distrito Capital
alert_30625,73204,2017-12-06 14:16:00,0.9999356498011761,1,First Class,Southeast Asia,Pacific Asia,Indonesia,Yakarta
alert_30557,73129,2017-12-05 11:59:00,0.9999356498011761,1,First Class,Southeast Asia,Pacific Asia,Indonesia,Yakarta
alert_30559,73130,2017-12-05 12:20:00,0.9999356498011761,1,First Class,Southeast Asia,Pacific Asia,Indonesia,Yakarta
alert_29171,71695,2017-11-14 13:36:00,0.9999356498011761,1,First Class,Southeast Asia,Pacific Asia,Indonesia,Yakarta
alert_30556,73128,2017-12-05 11:38:00,0.9999356498011761,1,First Class,Southeast Asia,Pacific Asia,Indonesia,Yakarta
alert_30628,73205,2017-12-06 14:37:00,0.9999356498011761,1,First Class,Southeast Asia,Pacific Asia,Indonesia,Yakarta
alert_30623,73203,2017-12-06 13:55:00,0.9999356498011761,1,First Class,Southeast Asia,Pacific Asia,Indonesia,Yakarta
alert_31090,73703,2017-12-13 21:05:00,0.9999356498011761,1,First Class,Southeast Asia,Pacific Asia,Indonesia,Yakarta
alert_33210,75904,2018-01-15 00:12:00,0.9999356408370195,1,First Class,South Asia,Pacific Asia,India,Karnataka
alert_11747,62772,2017-07-07 07:28:00,0.9999356330927143,1,First Class,Southern Europe,Europe,Portugal,Lisboa
alert_20916,66605,2017-09-01 06:20:00,0.9999356276326474,1,First Class,Western Europe,Europe,Francia,Isla de Francia
alert_33249,75946,2018-01-15 14:54:00,0.9999355930259524,1,First Class,Oceania,Pacific Asia,Australia,Queensland
alert_33250,75947,2018-01-15 15:16:00,0.9999355930259524,1,First Class,Oceania,Pacific Asia,Australia,Queensland
alert_29568,72101,2017-11-20 11:50:00,0.9999355773388844,1,First Class,South Asia,Pacific Asia,India,Karnataka
alert_2086,58636,2017-05-07 22:27:00,0.9999355523470109,1,First Class,Central America,LATAM,Honduras,Francisco Morazán
alert_7755,61036,2017-06-11 23:16:00,0.9999355523470109,1,First Class,Central America,LATAM,Honduras,Cortés
alert_7756,61036,2017-06-11 23:16:00,0.9999355523470109,1,First Class,Central America,LATAM,Honduras,Cortés
alert_30833,73409,2017-12-09 14:05:00,0.9999354835678033,1,First Class,Oceania,Pacific Asia,Australia,Nueva Gales del Sur
alert_30805,73388,2017-12-09 06:44:00,0.9999354835678033,1,First Class,Oceania,Pacific Asia,Australia,Queensland
alert_30832,73408,2017-12-09 13:44:00,0.9999354835678033,1,First Class,Oceania,Pacific Asia,Australia,Nueva Gales del Sur
alert_30806,73389,2017-12-09 07:05:00,0.9999354835678033,1,First Class,Oceania,Pacific Asia,Australia,Queensland
alert_4084,59455,2017-05-19 21:23:00,0.9999354550280973,1,First Class,Caribbean,LATAM,Cuba,Ciego de Ávila
alert_33464,76187,2018-01-19 03:20:00,0.9999354446089166,1,First Class,Southeast Asia,Pacific Asia,Tailandia,Bangkok
alert_16112,64600,2017-08-02 23:54:00,0.9999354408458542,1,First Class,Southern Europe,Europe,España,Valenciana
alert_24956,68298,2017-09-25 23:28:00,0.9999353807088086,1,First Class,Western Europe,Europe,Alemania,Renania del Norte-Westfalia
alert_24957,68298,2017-09-25 23:28:00,0.9999353807088086,1,First Class,Western Europe,Europe,Alemania,Renania del Norte-Westfalia
alert_4081,59455,2017-05-19 21:23:00,0.999935356923476,1,First Class,Caribbean,LATAM,Cuba,Ciego de Ávila
alert_4083,59455,2017-05-19 21:23:00,0.999935356923476,1,First Class,Caribbean,LATAM,Cuba,Ciego de Ávila
alert_33009,75691,2018-01-11 21:34:00,0.9999353534582954,1,First Class,Oceania,Pacific Asia,Australia,Australia Occidental
alert_6519,60520,2017-06-04 10:30:00,0.9999353534582954,1,First Class,South America,LATAM,Chile,Bío-Bío
alert_30350,72912,2017-12-02 07:58:00,0.9999353534582954,1,First Class,Eastern Asia,Pacific Asia,China,Fujian
alert_33010,75692,2018-01-11 21:55:00,0.9999353534582954,1,First Class,Oceania,Pacific Asia,Australia,Australia Occidental
alert_10912,62415,2017-07-02 02:24:00,0.9999353534582954,1,First Class,Northern Europe,Europe,Reino Unido,Inglaterra
alert_16755,64889,2017-08-07 05:09:00,0.9999353504665248,1,First Class,Western Europe,Europe,Alemania,Baden-Wurtemberg
alert_4632,59699,2017-05-23 10:52:00,0.9999353496481933,1,First Class,Central America,LATAM,Nicaragua,Managua
alert_27008,69405,2017-10-12 03:18:00,0.9999353491632498,1,First Class,Southern Europe,Europe,España,Valenciana
alert_27010,69406,2017-10-12 03:39:00,0.9999353491632498,1,First Class,Southern Europe,Europe,España,Valenciana
alert_1130,58266,2017-05-02 12:49:00,0.9999353475196906,1,First Class,Central America,LATAM,Nicaragua,León
alert_1129,58266,2017-05-02 12:49:00,0.9999353475196906,1,First Class,Central America,LATAM,Nicaragua,León
alert_12248,62961,2017-07-10 01:41:00,0.9999353435773914,1,First Class,Western Europe,Europe,Alemania,Renania del Norte-Westfalia
alert_12249,62962,2017-07-10 02:02:00,0.9999353435773914,1,First Class,Western Europe,Europe,Alemania,Renania del Norte-Westfalia
alert_26393,68912,2017-10-04 22:35:00,0.9999353309111494,1,First Class,Western Europe,Europe,Alemania,Renania del Norte-Westfalia
alert_26392,68911,2017-10-04 22:14:00,0.9999353309111494,1,First Class,Western Europe,Europe,Alemania,Renania del Norte-Westfalia
alert_12228,62952,2017-07-09 22:32:00,0.9999353297792701,1,First Class,Western Europe,Europe,Francia,Isla de Francia
alert_17075,65019,2017-08-09 02:42:00,0.9999353297792701,1,First Class,Western Europe,Europe,Francia,Isla de Francia
alert_32164,74820,2017-12-30 04:25:00,0.9999353276978643,1,First Class,South Asia,Pacific Asia,India,Guyarat
alert_24891,68263,2017-09-25 11:13:00,0.9999353047432442,1,First Class,Western Europe,Europe,Francia,Auvernia
alert_27738,70186,2017-10-23 12:55:00,0.9999353047432442,1,First Class,Western Europe,Europe,Francia,Borgoña-Franco Condado
alert_14698,63996,2017-07-25 04:17:00,0.9999353047432442,1,First Class,Western Europe,Europe,Alemania,Baja Sajonia
alert_24894,68263,2017-09-25 11:13:00,0.9999353047432442,1,First Class,Western Europe,Europe,Francia,Auvernia
alert_24892,68263,2017-09-25 11:13:00,0.9999353047432442,1,First Class,Western Europe,Europe,Francia,Auvernia
alert_24890,68263,2017-09-25 11:13:00,0.9999353047432442,1,First Class,Western Europe,Europe,Francia,Auvernia
alert_14702,63996,2017-07-25 04:17:00,0.9999353047432442,1,First Class,Western Europe,Europe,Alemania,Baja Sajonia
alert_14700,63996,2017-07-25 04:17:00,0.9999353047432442,1,First Class,Western Europe,Europe,Alemania,Baja Sajonia
alert_16790,64902,2017-08-07 09:42:00,0.9999353022161322,1,First Class,Southern Europe,Europe,España,Castilla-La Mancha
alert_3184,59093,2017-05-14 14:33:00,0.9999353015153083,1,First Class,Central America,LATAM,México,Nuevo León
alert_20893,66598,2017-09-01 03:53:00,0.9999352930584144,1,First Class,Western Europe,Europe,Alemania,Hamburgo
alert_20894,66598,2017-09-01 03:53:00,0.9999352930584144,1,First Class,Western Europe,Europe,Alemania,Hamburgo
alert_20892,66598,2017-09-01 03:53:00,0.9999352930584144,1,First Class,Western Europe,Europe,Alemania,Hamburgo
alert_20895,66598,2017-09-01 03:53:00,0.9999352930584144,1,First Class,Western Europe,Europe,Alemania,Hamburgo
alert_11466,62667,2017-07-05 18:41:00,0.9999352373832809,1,First Class,Western Europe,Europe,Francia,Auvernia-Ródano-Alpes
alert_24882,68261,2017-09-25 10:31:00,0.9999352031309152,1,First Class,Southern Europe,Europe,Italia,Campania
alert_20930,66608,2017-09-01 07:23:00,0.999935170453911,1,First Class,Western Europe,Europe,Francia,Isla de Francia
alert_20929,66608,2017-09-01 07:23:00,0.999935170453911,1,First Class,Western Europe,Europe,Francia,Isla de Francia
alert_16806,64905,2017-08-07 10:45:00,0.9999351529231492,1,First Class,Western Europe,Europe,Países Bajos,Holanda Meridional
alert_16796,64904,2017-08-07 10:24:00,0.9999351529231492,1,First Class,Western Europe,Europe,Países Bajos,Holanda Meridional
alert_1928,58573,2017-05-07 00:22:00,0.9999351473881969,1,First Class,Central America,LATAM,México,Chiapas
alert_2087,58636,2017-05-07 22:27:00,0.9999351473881969,1,First Class,Central America,LATAM,Honduras,Francisco Morazán
alert_1946,58575,2017-05-07 01:04:00,0.9999351473881969,1,First Class,Central America,LATAM,Honduras,Francisco Morazán
alert_3815,59368,2017-05-18 14:54:00,0.9999351345831,1,First Class,South America,LATAM,Brasil,Pará
alert_3817,59368,2017-05-18 14:54:00,0.9999351345831,1,First Class,South America,LATAM,Brasil,Pará
alert_3816,59368,2017-05-18 14:54:00,0.9999351345831,1,First Class,South America,LATAM,Brasil,Pará
alert_3814,59368,2017-05-18 14:54:00,0.9999351345831,1,First Class,South America,LATAM,Brasil,Pará
alert_25755,68631,2017-09-30 20:08:00,0.99993513014408,1,First Class,Northern Europe,Europe,Reino Unido,Inglaterra
alert_23504,67684,2017-09-17 00:22:00,0.9999351131589133,1,First Class,Northern Europe,Europe,Reino Unido,Inglaterra
alert_23502,67684,2017-09-17 00:22:00,0.9999351131589133,1,First Class,Northern Europe,Europe,Reino Unido,Inglaterra
alert_23503,67684,2017-09-17 00:22:00,0.9999351131589133,1,First Class,Northern Europe,Europe,Reino Unido,Inglaterra
alert_3212,59101,2017-05-14 17:21:00,0.9999351065056853,1,First Class,Caribbean,LATAM,República Dominicana,San Pedro de Macorís
alert_2088,58637,2017-05-07 22:48:00,0.9999351065056853,1,First Class,Caribbean,LATAM,República Dominicana,Santiago de Chile
alert_1951,58577,2017-05-07 01:46:00,0.9999350841206937,1,First Class,Central America,LATAM,Honduras,Atlántida
alert_11461,62666,2017-07-05 18:20:00,0.9999350780965864,1,First Class,Western Europe,Europe,Francia,Auvernia-Ródano-Alpes
alert_11460,62666,2017-07-05 18:20:00,0.9999350780965864,1,First Class,Western Europe,Europe,Francia,Auvernia-Ródano-Alpes
alert_11464,62667,2017-07-05 18:41:00,0.9999350780965864,1,First Class,Western Europe,Europe,Francia,Auvernia-Ródano-Alpes
alert_11465,62667,2017-07-05 18:41:00,0.9999350780965864,1,First Class,Western Europe,Europe,Francia,Auvernia-Ródano-Alpes
alert_11459,62666,2017-07-05 18:20:00,0.9999350780965864,1,First Class,Western Europe,Europe,Francia,Auvernia-Ródano-Alpes
alert_11463,62667,2017-07-05 18:41:00,0.9999350780965864,1,First Class,Western Europe,Europe,Francia,Auvernia-Ródano-Alpes
alert_11462,62666,2017-07-05 18:20:00,0.9999350780965864,1,First Class,Western Europe,Europe,Francia,Auvernia-Ródano-Alpes
alert_32642,75313,2018-01-06 09:08:00,0.9999350375940922,1,First Class,Oceania,Pacific Asia,Australia,Victoria
alert_4471,59624,2017-05-22 08:35:00,0.9999350232907099,1,First Class,Central America,LATAM,México,Coahuila
alert_19153,65875,2017-08-21 14:35:00,0.9999350151862677,1,First Class,Western Europe,Europe,Francia,Auvernia-Ródano-Alpes
alert_26262,68851,2017-10-04 01:13:00,0.9999350145287865,1,First Class,Western Europe,Europe,Francia,Languedoc-Rosellón-Mediodía-Pirineos
alert_16502,64782,2017-08-05 15:40:00,0.9999350145287865,1,First Class,Western Europe,Europe,Francia,Languedoc-Rosellón-Mediodía-Pirineos
alert_32672,75336,2018-01-06 17:12:00,0.9999350033545986,1,First Class,Eastern Asia,Pacific Asia,China,Jiangxi
alert_32670,75335,2018-01-06 16:51:00,0.9999350033545986,1,First Class,Eastern Asia,Pacific Asia,China,Jiangxi
alert_599,58053,2017-04-29 10:12:00,0.9999349782921572,1,First Class,Central America,LATAM,México,Distrito Federal
alert_5307,59997,2017-05-27 19:16:00,0.9999349782921572,1,First Class,Central America,LATAM,México,Guanajuato
alert_4736,59753,2017-05-24 05:47:00,0.9999349782921572,1,First Class,Central America,LATAM,México,Distrito Federal
alert_15264,64213,2017-07-28 08:19:00,0.9999349759851712,1,First Class,Southern Europe,Europe,España,Castilla y León
alert_15265,64213,2017-07-28 08:19:00,0.9999349759851712,1,First Class,Southern Europe,Europe,España,Castilla y León
alert_23652,67737,2017-09-17 18:56:00,0.999934971999471,1,First Class,Western Europe,Europe,Alemania,Renania del Norte-Westfalia
alert_27494,69914,2017-10-19 13:38:00,0.9999349565923772,1,First Class,Northern Europe,Europe,Irlanda,Dublín
alert_29425,71951,2017-11-18 07:17:00,0.9999349565923772,1,First Class,South Asia,Pacific Asia,Bangladés,Daca
alert_29497,72027,2017-11-19 09:54:00,0.9999349565923772,1,First Class,Eastern Asia,Pacific Asia,China,Guangdong
alert_27499,69916,2017-10-19 14:20:00,0.9999349565923772,1,First Class,Northern Europe,Europe,Irlanda,Dublín
alert_29499,72029,2017-11-19 10:37:00,0.9999349565923772,1,First Class,Eastern Asia,Pacific Asia,China,Guangdong
alert_29502,72030,2017-11-19 10:58:00,0.9999349565923772,1,First Class,Eastern Asia,Pacific Asia,China,Guangdong
alert_29382,71903,2017-11-17 14:28:00,0.9999349565923772,1,First Class,Eastern Asia,Pacific Asia,Corea del Sur,Daejeon
alert_23578,67707,2017-09-17 08:25:00,0.9999349565923772,1,First Class,Northern Europe,Europe,Reino Unido,Inglaterra
alert_29498,72028,2017-11-19 10:15:00,0.9999349565923772,1,First Class,Eastern Asia,Pacific Asia,China,Guangdong
alert_23577,67707,2017-09-17 08:25:00,0.9999349565923772,1,First Class,Northern Europe,Europe,Reino Unido,Inglaterra
alert_23576,67707,2017-09-17 08:25:00,0.9999349565923772,1,First Class,Northern Europe,Europe,Reino Unido,Inglaterra
alert_29405,71930,2017-11-17 23:55:00,0.9999349565923772,1,First Class,Eastern Asia,Pacific Asia,Hong Kong,Hong Kong
alert_29422,71950,2017-11-18 06:56:00,0.9999349565923772,1,First Class,South Asia,Pacific Asia,Bangladés,Daca
alert_18722,65698,2017-08-19 00:35:00,0.9999349565923772,1,First Class,Northern Europe,Europe,Irlanda,Dublín
alert_27496,69915,2017-10-19 13:59:00,0.9999349565923772,1,First Class,Northern Europe,Europe,Irlanda,Dublín
alert_29426,71952,2017-11-18 07:38:00,0.9999349565923772,1,First Class,South Asia,Pacific Asia,Bangladés,Daca
alert_27488,69910,2017-10-19 12:14:00,0.9999349565923772,1,First Class,Northern Europe,Europe,Reino Unido,Inglaterra
alert_29427,71953,2017-11-18 07:59:00,0.9999349565923772,1,First Class,Eastern Asia,Pacific Asia,China,Fujian
alert_27400,69809,2017-10-18 00:51:00,0.9999349565923772,1,First Class,Northern Europe,Europe,Reino Unido,Inglaterra
alert_27399,69808,2017-10-18 00:30:00,0.9999349565923772,1,First Class,Northern Europe,Europe,Reino Unido,Inglaterra
alert_18720,65698,2017-08-19 00:35:00,0.9999349565923772,1,First Class,Northern Europe,Europe,Irlanda,Dublín
alert_29605,72140,2017-11-21 01:30:00,0.999934952869775,1,First Class,Oceania,Pacific Asia,Australia,Victoria
alert_27491,69912,2017-10-19 12:56:00,0.9999349507443617,1,First Class,Southern Europe,Europe,España,Galicia
alert_27492,69913,2017-10-19 13:17:00,0.9999349507443617,1,First Class,Southern Europe,Europe,España,Galicia
alert_18553,65618,2017-08-17 20:33:00,0.9999349507443617,1,First Class,Southern Europe,Europe,Italia,Emilia-Romaña
alert_18557,65619,2017-08-17 20:54:00,0.9999349507443617,1,First Class,Southern Europe,Europe,Italia,Emilia-Romaña
alert_29396,71919,2017-11-17 20:04:00,0.9999349507443617,1,First Class,Southeast Asia,Pacific Asia,Indonesia,Borneo Occidental
alert_18555,65618,2017-08-17 20:33:00,0.9999349507443617,1,First Class,Southern Europe,Europe,Italia,Emilia-Romaña
alert_23549,67698,2017-09-17 05:16:00,0.9999349507443617,1,First Class,Southern Europe,Europe,Italia,Campania
alert_23548,67698,2017-09-17 05:16:00,0.9999349507443617,1,First Class,Southern Europe,Europe,Italia,Campania
alert_24585,68152,2017-09-23 20:19:00,0.9999349480972448,1,First Class,Western Europe,Europe,Alemania,Bavaria
alert_18550,65617,2017-08-17 20:12:00,0.99993494181175,1,First Class,Western Europe,Europe,Alemania,Bavaria
alert_18549,65617,2017-08-17 20:12:00,0.99993494181175,1,First Class,Western Europe,Europe,Alemania,Bavaria
alert_4470,59624,2017-05-22 08:35:00,0.9999349245299155,1,First Class,Central America,LATAM,México,Coahuila
alert_11468,62669,2017-07-05 19:23:00,0.9999348855129623,1,First Class,Northern Europe,Europe,Reino Unido,Inglaterra
alert_17072,65019,2017-08-09 02:42:00,0.9999348616625471,1,First Class,Western Europe,Europe,Francia,Isla de Francia
alert_12207,62947,2017-07-09 20:47:00,0.9999348616625471,1,First Class,Western Europe,Europe,Francia,Isla de Francia
alert_6962,60675,2017-06-06 16:48:00,0.999934859038332,1,First Class,South America,LATAM,Brasil,Goiás
alert_6958,60675,2017-06-06 16:48:00,0.999934859038332,1,First Class,South America,LATAM,Brasil,Goiás
alert_6961,60675,2017-06-06 16:48:00,0.999934859038332,1,First Class,South America,LATAM,Brasil,Goiás
alert_6960,60675,2017-06-06 16:48:00,0.999934859038332,1,First Class,South America,LATAM,Brasil,Goiás
alert_28679,71169,2017-11-06 21:19:00,0.999934859038332,1,First Class,Northern Europe,Europe,Reino Unido,Inglaterra
alert_6965,60675,2017-06-06 16:48:00,0.999934859038332,1,First Class,South America,LATAM,Brasil,Goiás
alert_19148,65875,2017-08-21 14:35:00,0.9999348553531047,1,First Class,Western Europe,Europe,Francia,Auvernia-Ródano-Alpes
alert_19152,65875,2017-08-21 14:35:00,0.9999348553531047,1,First Class,Western Europe,Europe,Francia,Auvernia-Ródano-Alpes
alert_34210,76947,2018-01-30 05:36:00,0.999934851708391,1,First Class,Oceania,Pacific Asia,Australia,Nueva Gales del Sur
alert_34211,76948,2018-01-30 05:57:00,0.999934851708391,1,First Class,Oceania,Pacific Asia,Australia,Nueva Gales del Sur
alert_31655,74272,2017-12-22 04:26:00,0.9999348500250337,1,First Class,Oceania,Pacific Asia,Australia,Nueva Gales del Sur
alert_31660,74276,2017-12-22 05:50:00,0.9999348500250337,1,First Class,Oceania,Pacific Asia,Australia,Nueva Gales del Sur
alert_31659,74275,2017-12-22 05:29:00,0.9999348500250337,1,First Class,Oceania,Pacific Asia,Australia,Nueva Gales del Sur
alert_31657,74274,2017-12-22 05:08:00,0.9999348500250337,1,First Class,Oceania,Pacific Asia,Australia,Nueva Gales del Sur
alert_31656,74273,2017-12-22 04:47:00,0.9999348500250337,1,First Class,Oceania,Pacific Asia,Australia,Nueva Gales del Sur
alert_30596,73170,2017-12-06 02:21:00,0.99993484066522,1,First Class,Southeast Asia,Pacific Asia,Indonesia,Java Oriental
alert_26600,69038,2017-10-06 18:44:00,0.9999348401961518,1,First Class,Western Europe,Europe,Países Bajos,Brabante Septentrional
alert_22978,67483,2017-09-14 01:57:00,0.9999348401961518,1,First Class,Western Europe,Europe,Francia,Isla de Francia
alert_17067,65017,2017-08-09 02:00:00,0.9999348401961518,1,First Class,Western Europe,Europe,Francia,Isla de Francia
alert_26602,69039,2017-10-06 19:05:00,0.9999348401961518,1,First Class,Western Europe,Europe,Países Bajos,Brabante Septentrional
alert_26553,69003,2017-10-06 06:28:00,0.9999348401961518,1,First Class,Western Europe,Europe,Francia,Isla de Francia
alert_24950,68296,2017-09-25 22:46:00,0.9999348319923638,1,First Class,Western Europe,Europe,Alemania,Renania del Norte-Westfalia
alert_24947,68296,2017-09-25 22:46:00,0.9999348319923638,1,First Class,Western Europe,Europe,Alemania,Renania del Norte-Westfalia
alert_24948,68296,2017-09-25 22:46:00,0.9999348319923638,1,First Class,Western Europe,Europe,Alemania,Renania del Norte-Westfalia
alert_30666,73245,2017-12-07 04:38:00,0.9999348276990018,1,First Class,Oceania,Pacific Asia,Australia,Australia del Sur
alert_30662,73244,2017-12-07 04:17:00,0.9999348276990018,1,First Class,Oceania,Pacific Asia,Australia,Australia del Sur
alert_18516,65594,2017-08-17 12:08:00,0.9999347937859583,1,First Class,Southern Europe,Europe,España,Andalucía
alert_18519,65595,2017-08-17 12:30:00,0.9999347937859583,1,First Class,Southern Europe,Europe,España,Andalucía
alert_27438,69850,2017-10-18 15:12:00,0.9999347937859583,1,First Class,Southern Europe,Europe,Italia,Calabria
alert_27436,69849,2017-10-18 14:51:00,0.9999347937859583,1,First Class,Southern Europe,Europe,Italia,Calabria
alert_18515,65594,2017-08-17 12:08:00,0.9999347937859583,1,First Class,Southern Europe,Europe,España,Andalucía
alert_29419,71946,2017-11-18 05:32:00,0.9999347937859583,1,First Class,Southeast Asia,Pacific Asia,Filipinas,Capital Nacional
alert_19441,65991,2017-08-23 07:14:00,0.9999347911324548,1,First Class,Western Europe,Europe,Alemania,Bavaria
alert_8676,61440,2017-06-17 20:49:00,0.9999347779896846,1,First Class,South America,LATAM,Brasil,Marañón
alert_23114,67527,2017-09-14 17:21:00,0.9999347548454165,1,First Class,Western Europe,Europe,Francia,Isla de Francia
alert_29224,71754,2017-11-15 10:16:00,0.9999347225286402,1,First Class,Southeast Asia,Pacific Asia,Filipinas,Capital Nacional
alert_29222,71753,2017-11-15 09:55:00,0.9999347225286402,1,First Class,Southeast Asia,Pacific Asia,Filipinas,Capital Nacional
alert_31185,73801,2017-12-15 07:25:00,0.9999347225286402,1,First Class,Southeast Asia,Pacific Asia,Filipinas,Capital Nacional
alert_31186,73802,2017-12-15 07:46:00,0.9999347225286402,1,First Class,Southeast Asia,Pacific Asia,Filipinas,Capital Nacional
alert_30594,73169,2017-12-06 02:00:00,0.9999347225286402,1,First Class,Southeast Asia,Pacific Asia,Filipinas,Capital Nacional
alert_23045,67508,2017-09-14 10:42:00,0.9999347225286402,1,First Class,Southern Europe,Europe,España,Andalucía
alert_23043,67508,2017-09-14 10:42:00,0.9999347225286402,1,First Class,Southern Europe,Europe,España,Andalucía
alert_23042,67508,2017-09-14 10:42:00,0.9999347225286402,1,First Class,Southern Europe,Europe,España,Andalucía
alert_23044,67508,2017-09-14 10:42:00,0.9999347225286402,1,First Class,Southern Europe,Europe,España,Andalucía
alert_23046,67508,2017-09-14 10:42:00,0.9999347225286402,1,First Class,Southern Europe,Europe,España,Andalucía
alert_33423,76138,2018-01-18 10:10:00,0.9999347146276194,1,First Class,Oceania,Pacific Asia,Australia,Australia del Sur
alert_27326,69737,2017-10-16 23:37:00,0.9999347085449752,1,First Class,Southern Europe,Europe,Italia,Toscana
alert_30387,72945,2017-12-02 19:31:00,0.9999347081702211,1,First Class,Southeast Asia,Pacific Asia,Filipinas,Capital Nacional
alert_30391,72947,2017-12-02 20:13:00,0.9999347081702211,1,First Class,Southeast Asia,Pacific Asia,Filipinas,Capital Nacional
alert_30392,72948,2017-12-02 20:35:00,0.9999347081702211,1,First Class,Southeast Asia,Pacific Asia,Filipinas,Capital Nacional
alert_30357,72919,2017-12-02 10:25:00,0.9999347081702211,1,First Class,Southeast Asia,Pacific Asia,Filipinas,Capital Nacional
alert_30390,72946,2017-12-02 19:52:00,0.9999347081702211,1,First Class,Southeast Asia,Pacific Asia,Filipinas,Capital Nacional
alert_21492,66861,2017-09-05 00:02:00,0.999934695987747,1,First Class,Southern Europe,Europe,España,Cataluña
alert_31761,74383,2017-12-23 19:19:00,0.9999346930230198,1,First Class,Southeast Asia,Pacific Asia,Indonesia,Java Central
alert_4885,59805,2017-05-25 00:00:00,0.9999346860768292,1,First Class,Central America,LATAM,México,Tamaulipas
alert_1955,58578,2017-05-07 02:07:00,0.9999346762199575,1,First Class,Central America,LATAM,Honduras,Atlántida
alert_27735,70185,2017-10-23 12:34:00,0.9999346747474406,1,First Class,Western Europe,Europe,Francia,Provenza-Alpes-Costa Azul
alert_24881,68260,2017-09-25 10:10:00,0.9999346747474406,1,First Class,Western Europe,Europe,Francia,Países del Loira
alert_24955,68298,2017-09-25 23:28:00,0.9999346747474406,1,First Class,Western Europe,Europe,Alemania,Renania del Norte-Westfalia
alert_20271,66358,2017-08-28 15:48:00,0.9999346747474406,1,First Class,Western Europe,Europe,Alemania,Renania del Norte-Westfalia
alert_20268,66357,2017-08-28 15:27:00,0.9999346747474406,1,First Class,Western Europe,Europe,Alemania,Renania del Norte-Westfalia
alert_20266,66357,2017-08-28 15:27:00,0.9999346747474406,1,First Class,Western Europe,Europe,Alemania,Renania del Norte-Westfalia
alert_10107,62083,2017-06-27 06:05:00,0.9999346667539902,1,First Class,Western Europe,Europe,Francia,Centro-Valle de Loira
alert_30220,72782,2017-11-30 10:25:00,0.999934660582388,1,First Class,Eastern Asia,Pacific Asia,China,Fujian
alert_15500,64335,2017-07-30 03:03:00,0.999934660582388,1,First Class,Northern Europe,Europe,Reino Unido,Escocia
alert_15539,64342,2017-07-30 05:31:00,0.999934660582388,1,First Class,Northern Europe,Europe,Reino Unido,Inglaterra
alert_808,58129,2017-04-30 12:49:00,0.999934660582388,1,First Class,Caribbean,LATAM,Cuba,Holguín
alert_807,58129,2017-04-30 12:49:00,0.999934660582388,1,First Class,Caribbean,LATAM,Cuba,Holguín
alert_806,58129,2017-04-30 12:49:00,0.999934660582388,1,First Class,Caribbean,LATAM,Cuba,Holguín
alert_809,58129,2017-04-30 12:49:00,0.999934660582388,1,First Class,Caribbean,LATAM,Cuba,Holguín
alert_25754,68631,2017-09-30 20:08:00,0.999934660582388,1,First Class,Northern Europe,Europe,Reino Unido,Inglaterra
alert_15540,64342,2017-07-30 05:31:00,0.999934660582388,1,First Class,Northern Europe,Europe,Reino Unido,Inglaterra
alert_15501,64335,2017-07-30 03:03:00,0.999934660582388,1,First Class,Northern Europe,Europe,Reino Unido,Escocia
alert_10817,62373,2017-07-01 11:41:00,0.9999346566804649,1,First Class,Western Europe,Europe,Bélgica,Amberes
alert_12246,62961,2017-07-10 01:41:00,0.9999346372103913,1,First Class,Western Europe,Europe,Alemania,Renania del Norte-Westfalia
alert_12247,62961,2017-07-10 01:41:00,0.9999346372103913,1,First Class,Western Europe,Europe,Alemania,Renania del Norte-Westfalia
alert_12250,62962,2017-07-10 02:02:00,0.9999346372103913,1,First Class,Western Europe,Europe,Alemania,Renania del Norte-Westfalia
alert_12251,62962,2017-07-10 02:02:00,0.9999346372103913,1,First Class,Western Europe,Europe,Alemania,Renania del Norte-Westfalia
alert_12252,62962,2017-07-10 02:02:00,0.9999346372103913,1,First Class,Western Europe,Europe,Alemania,Renania del Norte-Westfalia
alert_16788,64900,2017-08-07 09:00:00,0.9999346372103913,1,First Class,Western Europe,Europe,Francia,Provenza-Alpes-Costa Azul
alert_28652,71130,2017-11-06 07:39:00,0.9999346372103913,1,First Class,Western Europe,Europe,Alemania,Renania del Norte-Westfalia
alert_28649,71129,2017-11-06 07:18:00,0.9999346372103913,1,First Class,Western Europe,Europe,Alemania,Renania del Norte-Westfalia
alert_10516,62247,2017-06-29 15:32:00,0.9999346253171313,1,First Class,Western Europe,Europe,Bélgica,Amberes
alert_32696,75354,2018-01-06 23:30:00,0.9999346144780538,1,First Class,Eastern Asia,Pacific Asia,Japón,Oita
alert_32699,75355,2018-01-06 23:51:00,0.9999346144780538,1,First Class,Eastern Asia,Pacific Asia,Japón,Oita
alert_189,57875,2017-04-26 19:50:00,0.9999346056970302,1,First Class,Central America,LATAM,México,Baja California
alert_193,57875,2017-04-26 19:50:00,0.9999346056970302,1,First Class,Central America,LATAM,México,Baja California
alert_31559,74171,2017-12-20 17:03:00,0.9999345933686781,1,First Class,Southeast Asia,Pacific Asia,Vietnam,Ciudad Ho Chi Minh
alert_26986,69387,2017-10-11 21:00:00,0.9999345887092069,1,First Class,Western Europe,Europe,Francia,Países del Loira
alert_702,58082,2017-04-29 20:21:00,0.9999345697264879,1,First Class,Central America,LATAM,México,Guanajuato
alert_20862,66589,2017-09-01 00:44:00,0.9999345567500085,1,First Class,Southern Europe,Europe,Italia,Lacio
alert_30713,73290,2017-12-07 20:24:00,0.9999345538521404,1,First Class,Southeast Asia,Pacific Asia,Indonesia,Yogyakarta
alert_26742,69139,2017-10-08 06:07:00,0.999934542395358,1,First Class,Western Europe,Europe,Francia,Países del Loira
alert_26599,69037,2017-10-06 18:23:00,0.999934542395358,1,First Class,Western Europe,Europe,Austria,Stiria
alert_26598,69036,2017-10-06 18:02:00,0.999934542395358,1,First Class,Western Europe,Europe,Austria,Stiria
alert_26744,69140,2017-10-08 06:28:00,0.999934542395358,1,First Class,Western Europe,Europe,Francia,Países del Loira
alert_32653,75319,2018-01-06 11:15:00,0.9999345311399925,1,First Class,South Asia,Pacific Asia,India,Kerala
alert_616,58058,2017-04-29 11:57:00,0.9999345284798472,1,First Class,Central America,LATAM,México,México
alert_27490,69911,2017-10-19 12:35:00,0.9999345007414918,1,First Class,Southern Europe,Europe,Italia,Lacio
alert_29852,72393,2017-11-24 18:08:00,0.9999344976045869,1,First Class,Southeast Asia,Pacific Asia,Indonesia,Kalimantan Oriental
alert_21648,66915,2017-09-05 18:57:00,0.9999344882069314,1,First Class,Western Europe,Europe,Francia,Auvernia-Ródano-Alpes
alert_8435,61337,2017-06-16 08:43:00,0.9999344764699243,1,First Class,South America,LATAM,Brasil,Ceará
alert_8385,61313,2017-06-16 00:19:00,0.9999344764699243,1,First Class,South America,LATAM,Brasil,Ceará
alert_23435,67662,2017-09-16 16:39:00,0.9999344764699243,1,First Class,Northern Europe,Europe,Reino Unido,Inglaterra
alert_8387,61313,2017-06-16 00:19:00,0.9999344764699243,1,First Class,South America,LATAM,Brasil,Ceará
alert_8437,61338,2017-06-16 09:04:00,0.9999344764699243,1,First Class,South America,LATAM,Brasil,Ceará
alert_23436,67662,2017-09-16 16:39:00,0.9999344764699243,1,First Class,Northern Europe,Europe,Reino Unido,Inglaterra
alert_5446,60053,2017-05-28 14:53:00,0.9999344702763477,1,First Class,Central America,LATAM,México,Distrito Federal
alert_699,58081,2017-04-29 20:00:00,0.9999344702763477,1,First Class,Central America,LATAM,México,Guanajuato
alert_700,58082,2017-04-29 20:21:00,0.9999344702763477,1,First Class,Central America,LATAM,México,Guanajuato
alert_704,58082,2017-04-29 20:21:00,0.9999344702763477,1,First Class,Central America,LATAM,México,Guanajuato
alert_290,57918,2017-04-27 10:54:00,0.9999344702763477,1,First Class,Central America,LATAM,México,Distrito Federal
alert_4735,59753,2017-05-24 05:47:00,0.9999344702763477,1,First Class,Central America,LATAM,México,Distrito Federal
alert_597,58053,2017-04-29 10:12:00,0.9999344702763477,1,First Class,Central America,LATAM,México,Distrito Federal
alert_4900,59814,2017-05-25 03:09:00,0.9999344702763477,1,First Class,Central America,LATAM,México,Guanajuato
alert_4901,59814,2017-05-25 03:09:00,0.9999344702763477,1,First Class,Central America,LATAM,México,Guanajuato
alert_4903,59814,2017-05-25 03:09:00,0.9999344702763477,1,First Class,Central America,LATAM,México,Guanajuato
alert_4902,59814,2017-05-25 03:09:00,0.9999344702763477,1,First Class,Central America,LATAM,México,Guanajuato
alert_5083,59917,2017-05-26 15:14:00,0.9999344702763477,1,First Class,Central America,LATAM,México,Distrito Federal
alert_4737,59753,2017-05-24 05:47:00,0.9999344702763477,1,First Class,Central America,LATAM,México,Distrito Federal
alert_4907,59815,2017-05-25 03:30:00,0.9999344702763477,1,First Class,Central America,LATAM,México,Guanajuato
alert_4905,59815,2017-05-25 03:30:00,0.9999344702763477,1,First Class,Central America,LATAM,México,Guanajuato
alert_5308,59998,2017-05-27 19:37:00,0.9999344702763477,1,First Class,Central America,LATAM,México,Guanajuato
alert_598,58053,2017-04-29 10:12:00,0.9999344702763477,1,First Class,Central America,LATAM,México,Distrito Federal
alert_703,58082,2017-04-29 20:21:00,0.9999344702763477,1,First Class,Central America,LATAM,México,Guanajuato
alert_1158,58275,2017-05-02 15:58:00,0.9999344698220443,1,First Class,South America,LATAM,Argentina,Buenos Aires
alert_1159,58275,2017-05-02 15:58:00,0.9999344698220443,1,First Class,South America,LATAM,Argentina,Buenos Aires
alert_1160,58275,2017-05-02 15:58:00,0.9999344698220443,1,First Class,South America,LATAM,Argentina,Buenos Aires
alert_1161,58275,2017-05-02 15:58:00,0.9999344698220443,1,First Class,South America,LATAM,Argentina,Buenos Aires
alert_11541,62704,2017-07-06 07:39:00,0.9999344526850388,1,First Class,Western Europe,Europe,Francia,Auvernia-Ródano-Alpes
alert_12698,63162,2017-07-13 00:06:00,0.9999344526850388,1,First Class,Western Europe,Europe,Francia,Auvernia-Ródano-Alpes
alert_31366,73967,2017-12-17 17:35:00,0.9999344487897203,1,First Class,Southeast Asia,Pacific Asia,Tailandia,Bangkok
alert_7717,61022,2017-06-11 18:22:00,0.999934435058859,1,First Class,Central America,LATAM,Nicaragua,Managua
alert_7716,61022,2017-06-11 18:22:00,0.999934435058859,1,First Class,Central America,LATAM,Nicaragua,Managua
alert_32714,75376,2018-01-07 07:13:00,0.999934435058859,1,First Class,Oceania,Pacific Asia,Australia,Queensland
alert_3246,59119,2017-05-14 23:40:00,0.999934435058859,1,First Class,Central America,LATAM,Nicaragua,Managua
alert_3241,59118,2017-05-14 23:19:00,0.999934435058859,1,First Class,Central America,LATAM,Nicaragua,Managua
alert_3250,59119,2017-05-14 23:40:00,0.999934435058859,1,First Class,Central America,LATAM,Nicaragua,Managua
alert_3245,59119,2017-05-14 23:40:00,0.999934435058859,1,First Class,Central America,LATAM,Nicaragua,Managua
alert_3240,59118,2017-05-14 23:19:00,0.999934435058859,1,First Class,Central America,LATAM,Nicaragua,Managua
alert_3247,59119,2017-05-14 23:40:00,0.999934435058859,1,First Class,Central America,LATAM,Nicaragua,Managua
alert_33070,75759,2018-01-12 21:24:00,0.999934435058859,1,First Class,Oceania,Pacific Asia,Australia,Queensland
alert_5034,59887,2017-05-26 04:44:00,0.999934434453023,1,First Class,South America,LATAM,Paraguay,Central
alert_32097,74746,2017-12-29 02:30:00,0.99993440542331,1,First Class,Oceania,Pacific Asia,Australia,Nueva Gales del Sur
alert_31802,74430,2017-12-24 11:47:00,0.99993440542331,1,First Class,Oceania,Pacific Asia,Australia,Nueva Gales del Sur
alert_8453,61343,2017-06-16 10:50:00,0.9999343898954242,1,First Class,South America,LATAM,Brasil,Marañón
alert_29432,71955,2017-11-18 08:41:00,0.9999343677192182,1,First Class,Eastern Asia,Pacific Asia,China,Hunan
alert_29428,71954,2017-11-18 08:20:00,0.9999343677192182,1,First Class,Eastern Asia,Pacific Asia,China,Hunan
alert_26786,69169,2017-10-08 16:37:00,0.9999343667962421,1,First Class,Western Europe,Europe,Francia,Isla de Francia
alert_26709,69112,2017-10-07 20:39:00,0.9999343667962421,1,First Class,Western Europe,Europe,Francia,Isla de Francia
alert_11341,62629,2017-07-05 05:22:00,0.9999343667962421,1,First Class,Western Europe,Europe,Francia,Alsacia-Champaña-Ardenas-Lorena
alert_10790,62365,2017-07-01 08:53:00,0.9999343667962421,1,First Class,Western Europe,Europe,Francia,Isla de Francia
alert_26801,69186,2017-10-08 22:35:00,0.9999343667962421,1,First Class,Western Europe,Europe,Francia,Isla de Francia
alert_24394,68073,2017-09-22 16:39:00,0.9999343638130369,1,First Class,Western Europe,Europe,Francia,Países del Loira
alert_24392,68073,2017-09-22 16:39:00,0.9999343638130369,1,First Class,Western Europe,Europe,Francia,Países del Loira
alert_24391,68073,2017-09-22 16:39:00,0.9999343638130369,1,First Class,Western Europe,Europe,Francia,Países del Loira
alert_23583,67709,2017-09-17 09:07:00,0.9999343426973405,1,First Class,Southern Europe,Europe,Italia,Liguria
alert_23584,67709,2017-09-17 09:07:00,0.9999343426973405,1,First Class,Southern Europe,Europe,Italia,Liguria
alert_23582,67709,2017-09-17 09:07:00,0.9999343426973405,1,First Class,Southern Europe,Europe,Italia,Liguria
alert_31891,74535,2017-12-26 00:34:00,0.9999343398956685,1,First Class,South Asia,Pacific Asia,India,Guyarat
alert_31238,73849,2017-12-16 00:14:00,0.999934338602778,1,First Class,Southeast Asia,Pacific Asia,Indonesia,Yakarta
alert_28469,70944,2017-11-03 14:29:00,0.9999343385730237,1,First Class,Western Europe,Europe,Países Bajos,Holanda Septentrional
alert_9317,61747,2017-06-22 08:22:00,0.9999343275346052,1,First Class,Southern Europe,Europe,España,Cantabria
alert_10480,62231,2017-06-29 09:56:00,0.9999343275346052,1,First Class,Southern Europe,Europe,Italia,Campania
alert_8358,61300,2017-06-15 19:46:00,0.9999342938002108,1,First Class,South America,LATAM,Brasil,Río de Janeiro
alert_8363,61300,2017-06-15 19:46:00,0.9999342938002108,1,First Class,South America,LATAM,Brasil,Río de Janeiro
alert_8364,61300,2017-06-15 19:46:00,0.9999342938002108,1,First Class,South America,LATAM,Brasil,Río de Janeiro
alert_8359,61300,2017-06-15 19:46:00,0.9999342938002108,1,First Class,South America,LATAM,Brasil,Río de Janeiro
alert_8360,61300,2017-06-15 19:46:00,0.9999342938002108,1,First Class,South America,LATAM,Brasil,Río de Janeiro
alert_11540,62704,2017-07-06 07:39:00,0.9999342914684687,1,First Class,Western Europe,Europe,Francia,Auvernia-Ródano-Alpes
alert_12700,63162,2017-07-13 00:06:00,0.9999342914684687,1,First Class,Western Europe,Europe,Francia,Auvernia-Ródano-Alpes
alert_11543,62704,2017-07-06 07:39:00,0.9999342914684687,1,First Class,Western Europe,Europe,Francia,Auvernia-Ródano-Alpes
alert_12699,63162,2017-07-13 00:06:00,0.9999342914684687,1,First Class,Western Europe,Europe,Francia,Auvernia-Ródano-Alpes
alert_23112,67527,2017-09-14 17:21:00,0.9999342914684687,1,First Class,Western Europe,Europe,Francia,Isla de Francia
alert_23113,67527,2017-09-14 17:21:00,0.9999342914684687,1,First Class,Western Europe,Europe,Francia,Isla de Francia
alert_28830,71331,2017-11-09 06:04:00,0.9999342914684687,1,First Class,Western Europe,Europe,Francia,Auvernia-Ródano-Alpes
alert_28832,71333,2017-11-09 06:46:00,0.9999342914684687,1,First Class,Western Europe,Europe,Francia,Auvernia-Ródano-Alpes
alert_28831,71332,2017-11-09 06:25:00,0.9999342914684687,1,First Class,Western Europe,Europe,Francia,Auvernia-Ródano-Alpes
alert_28836,71336,2017-11-09 07:49:00,0.9999342914684687,1,First Class,Western Europe,Europe,Francia,Auvernia-Ródano-Alpes
alert_28833,71334,2017-11-09 07:07:00,0.9999342914684687,1,First Class,Western Europe,Europe,Francia,Auvernia-Ródano-Alpes
alert_11542,62704,2017-07-06 07:39:00,0.9999342914684687,1,First Class,Western Europe,Europe,Francia,Auvernia-Ródano-Alpes
alert_23111,67527,2017-09-14 17:21:00,0.9999342914684687,1,First Class,Western Europe,Europe,Francia,Isla de Francia
alert_23115,67527,2017-09-14 17:21:00,0.9999342914684687,1,First Class,Western Europe,Europe,Francia,Isla de Francia
alert_12697,63162,2017-07-13 00:06:00,0.9999342914684687,1,First Class,Western Europe,Europe,Francia,Auvernia-Ródano-Alpes
alert_12985,63291,2017-07-14 21:18:00,0.9999342883642581,1,First Class,Western Europe,Europe,Alemania,Renania-Palatinado
alert_610,58057,2017-04-29 11:36:00,0.9999342756751379,1,First Class,Central America,LATAM,México,México
alert_17247,65094,2017-08-10 04:58:00,0.9999342709471053,1,First Class,Southern Europe,Europe,España,Madrid
alert_29001,71514,2017-11-11 22:11:00,0.9999342709471053,1,First Class,Southern Europe,Europe,España,Madrid
alert_16529,64798,2017-08-05 21:16:00,0.9999342709471053,1,First Class,Southern Europe,Europe,España,Madrid
alert_16530,64798,2017-08-05 21:16:00,0.9999342709471053,1,First Class,Southern Europe,Europe,España,Madrid
alert_17905,65345,2017-08-13 20:54:00,0.9999342709471053,1,First Class,Southern Europe,Europe,España,Madrid
alert_27246,69658,2017-10-15 19:56:00,0.9999342709471053,1,First Class,Southern Europe,Europe,España,Madrid
alert_17248,65094,2017-08-10 04:58:00,0.9999342709471053,1,First Class,Southern Europe,Europe,España,Madrid
alert_16531,64798,2017-08-05 21:16:00,0.9999342709471053,1,First Class,Southern Europe,Europe,España,Madrid
alert_27212,69619,2017-10-15 06:17:00,0.9999342709471053,1,First Class,Southern Europe,Europe,España,Madrid
alert_16532,64798,2017-08-05 21:16:00,0.9999342709471053,1,First Class,Southern Europe,Europe,España,Madrid
alert_21647,66915,2017-09-05 18:57:00,0.9999342647523243,1,First Class,Western Europe,Europe,Francia,Auvernia-Ródano-Alpes
alert_11832,62805,2017-07-07 19:02:00,0.9999342583715323,1,First Class,Southern Europe,Europe,España,Andalucía
alert_31778,74403,2017-12-24 02:20:00,0.9999342471491791,1,First Class,Oceania,Pacific Asia,Australia,Nueva Gales del Sur
alert_31779,74404,2017-12-24 02:41:00,0.9999342471491791,1,First Class,Oceania,Pacific Asia,Australia,Nueva Gales del Sur
alert_31952,74596,2017-12-26 21:57:00,0.9999342471491791,1,First Class,Oceania,Pacific Asia,Australia,Queensland
alert_32131,74776,2017-12-29 13:00:00,0.9999342471491791,1,First Class,Oceania,Pacific Asia,Australia,Queensland
alert_31777,74402,2017-12-24 01:59:00,0.9999342471491791,1,First Class,Oceania,Pacific Asia,Australia,Queensland
alert_32009,74653,2017-12-27 17:55:00,0.9999342471491791,1,First Class,Oceania,Pacific Asia,Australia,Queensland
alert_32077,74729,2017-12-28 20:32:00,0.9999342471491791,1,First Class,South Asia,Pacific Asia,India,Rajastán
alert_32010,74654,2017-12-27 18:16:00,0.9999342471491791,1,First Class,Oceania,Pacific Asia,Australia,Queensland
alert_32031,74675,2017-12-28 01:37:00,0.9999342412373822,1,First Class,Southeast Asia,Pacific Asia,Camboya,Nom Pen
alert_31887,74531,2017-12-25 23:10:00,0.9999342280646413,1,First Class,Eastern Asia,Pacific Asia,China,Pekín
alert_7739,61030,2017-06-11 21:10:00,0.999934224318086,1,First Class,Caribbean,LATAM,Haití,Ouest
alert_6445,60495,2017-06-04 01:44:00,0.9999342114410495,1,First Class,Caribbean,LATAM,Cuba,Granma
alert_6455,60496,2017-06-04 02:05:00,0.9999342114410495,1,First Class,Caribbean,LATAM,Cuba,Granma
alert_6522,60520,2017-06-04 10:30:00,0.9999342114410495,1,First Class,South America,LATAM,Chile,Bío-Bío
alert_6528,60521,2017-06-04 10:51:00,0.9999342114410495,1,First Class,South America,LATAM,Chile,Bío-Bío
alert_6523,60520,2017-06-04 10:30:00,0.9999342114410495,1,First Class,South America,LATAM,Chile,Bío-Bío
alert_6454,60496,2017-06-04 02:05:00,0.9999342114410495,1,First Class,Caribbean,LATAM,Cuba,Granma
alert_6453,60496,2017-06-04 02:05:00,0.9999342114410495,1,First Class,Caribbean,LATAM,Cuba,Granma
alert_6531,60521,2017-06-04 10:51:00,0.9999342114410495,1,First Class,South America,LATAM,Chile,Bío-Bío
alert_6530,60521,2017-06-04 10:51:00,0.9999342114410495,1,First Class,South America,LATAM,Chile,Bío-Bío
alert_6458,60497,2017-06-04 02:26:00,0.9999342114410495,1,First Class,Caribbean,LATAM,Cuba,Granma
alert_6529,60521,2017-06-04 10:51:00,0.9999342114410495,1,First Class,South America,LATAM,Chile,Bío-Bío
alert_6521,60520,2017-06-04 10:30:00,0.9999342114410495,1,First Class,South America,LATAM,Chile,Bío-Bío
alert_6456,60496,2017-06-04 02:05:00,0.9999342114410495,1,First Class,Caribbean,LATAM,Cuba,Granma
alert_6447,60495,2017-06-04 01:44:00,0.9999342114410495,1,First Class,Caribbean,LATAM,Cuba,Granma
alert_815,58130,2017-04-30 13:10:00,0.9999342085723449,1,First Class,Caribbean,LATAM,Cuba,Las Tunas
alert_5738,60191,2017-05-30 15:14:00,0.9999342085723449,1,First Class,Caribbean,LATAM,República Dominicana,La Vega
alert_817,58130,2017-04-30 13:10:00,0.9999342085723449,1,First Class,Caribbean,LATAM,Cuba,Las Tunas
alert_30236,72797,2017-11-30 15:40:00,0.9999342085723449,1,First Class,South Asia,Pacific Asia,Pakistán,Punyab
alert_30255,72814,2017-11-30 21:38:00,0.9999342085723449,1,First Class,South Asia,Pacific Asia,Pakistán,Punyab
alert_5739,60191,2017-05-30 15:14:00,0.9999342085723449,1,First Class,Caribbean,LATAM,República Dominicana,La Vega
alert_30238,72799,2017-11-30 16:22:00,0.9999342085723449,1,First Class,South Asia,Pacific Asia,India,Rajastán
alert_30241,72800,2017-11-30 16:43:00,0.9999342085723449,1,First Class,South Asia,Pacific Asia,India,Rajastán
alert_10606,62283,2017-06-30 04:09:00,0.9999342026570798,1,First Class,Southern Europe,Europe,Italia,Lacio
alert_13202,63368,2017-07-16 00:16:00,0.9999341996937021,1,First Class,Western Europe,Europe,Francia,Auvernia-Ródano-Alpes
alert_13206,63369,2017-07-16 00:37:00,0.9999341996937021,1,First Class,Western Europe,Europe,Francia,Auvernia-Ródano-Alpes
alert_13198,63368,2017-07-16 00:16:00,0.9999341996937021,1,First Class,Western Europe,Europe,Francia,Auvernia-Ródano-Alpes
alert_31017,73625,2017-12-12 17:46:00,0.999934187495261,1,First Class,Eastern Asia,Pacific Asia,China,Jiangsu
alert_5273,59985,2017-05-27 15:04:00,0.9999341757780864,1,First Class,Central America,LATAM,México,Puebla
alert_5270,59985,2017-05-27 15:04:00,0.9999341757780864,1,First Class,Central America,LATAM,México,Puebla
alert_602,58054,2017-04-29 10:33:00,0.9999341757780864,1,First Class,Central America,LATAM,México,México
alert_601,58054,2017-04-29 10:33:00,0.9999341757780864,1,First Class,Central America,LATAM,México,México
alert_5417,60044,2017-05-28 11:44:00,0.9999341757780864,1,First Class,Central America,LATAM,México,Querétaro
alert_5418,60044,2017-05-28 11:44:00,0.9999341757780864,1,First Class,Central America,LATAM,México,Querétaro
alert_613,58057,2017-04-29 11:36:00,0.9999341757780864,1,First Class,Central America,LATAM,México,México
alert_633,58062,2017-04-29 13:21:00,0.9999341757780864,1,First Class,Central America,LATAM,México,Puebla
alert_634,58062,2017-04-29 13:21:00,0.9999341757780864,1,First Class,Central America,LATAM,México,Puebla
alert_632,58062,2017-04-29 13:21:00,0.9999341757780864,1,First Class,Central America,LATAM,México,Puebla
alert_5276,59985,2017-05-27 15:04:00,0.9999341757780864,1,First Class,Central America,LATAM,México,Puebla
alert_5274,59985,2017-05-27 15:04:00,0.9999341757780864,1,First Class,Central America,LATAM,México,Puebla
alert_5416,60044,2017-05-28 11:44:00,0.9999341757780864,1,First Class,Central America,LATAM,México,Querétaro
alert_612,58057,2017-04-29 11:36:00,0.9999341757780864,1,First Class,Central America,LATAM,México,México
alert_604,58054,2017-04-29 10:33:00,0.9999341757780864,1,First Class,Central America,LATAM,México,México
alert_603,58054,2017-04-29 10:33:00,0.9999341757780864,1,First Class,Central America,LATAM,México,México
alert_606,58055,2017-04-29 10:54:00,0.9999341757780864,1,First Class,Central America,LATAM,México,México
alert_611,58057,2017-04-29 11:36:00,0.9999341757780864,1,First Class,Central America,LATAM,México,México
alert_299,57920,2017-04-27 11:36:00,0.9999341757780864,1,First Class,Central America,LATAM,México,Puebla
alert_300,57920,2017-04-27 11:36:00,0.9999341757780864,1,First Class,Central America,LATAM,México,Puebla
alert_31756,74380,2017-12-23 18:16:00,0.9999341748733471,1,First Class,Southeast Asia,Pacific Asia,Indonesia,Yakarta
alert_16791,64902,2017-08-07 09:42:00,0.9999341717834597,1,First Class,Southern Europe,Europe,España,Castilla-La Mancha
alert_28059,70524,2017-10-28 11:20:00,0.9999341690725478,1,First Class,Southern Europe,Europe,Italia,Cerdeña
alert_31770,74393,2017-12-23 22:49:00,0.9999341690725478,1,First Class,Southeast Asia,Pacific Asia,Filipinas,Capital Nacional
alert_32151,74803,2017-12-29 22:28:00,0.9999341690725478,1,First Class,Southeast Asia,Pacific Asia,Filipinas,Capital Nacional
alert_29812,72358,2017-11-24 05:52:00,0.9999341690725478,1,First Class,Southeast Asia,Pacific Asia,Filipinas,Capital Nacional
alert_29671,72218,2017-11-22 04:49:00,0.9999341690725478,1,First Class,Southeast Asia,Pacific Asia,Filipinas,Capital Nacional
alert_29672,72219,2017-11-22 05:10:00,0.9999341690725478,1,First Class,Southeast Asia,Pacific Asia,Filipinas,Capital Nacional
alert_30179,72744,2017-11-29 21:06:00,0.9999341690725478,1,First Class,Southeast Asia,Pacific Asia,Filipinas,Capital Nacional
alert_29813,72359,2017-11-24 06:13:00,0.9999341690725478,1,First Class,Southeast Asia,Pacific Asia,Filipinas,Capital Nacional
alert_23773,67794,2017-09-18 14:54:00,0.9999341651690807,1,First Class,Southern Europe,Europe,España,Madrid
alert_23772,67794,2017-09-18 14:54:00,0.9999341651690807,1,First Class,Southern Europe,Europe,España,Madrid
alert_23788,67796,2017-09-18 15:36:00,0.9999341651690807,1,First Class,Southern Europe,Europe,España,Madrid
alert_31281,73884,2017-12-16 12:30:00,0.9999341610406779,1,First Class,Oceania,Pacific Asia,Australia,Australia Occidental
alert_31284,73885,2017-12-16 12:51:00,0.9999341610406779,1,First Class,Oceania,Pacific Asia,Australia,Australia Occidental
alert_32206,74864,2017-12-30 19:50:00,0.9999341245478568,1,First Class,Eastern Asia,Pacific Asia,China,Sichuan
alert_34066,76806,2018-01-28 04:12:00,0.9999341124561913,1,First Class,Southeast Asia,Pacific Asia,Malasia,Negeri Sembilan
alert_34064,76805,2018-01-28 03:51:00,0.9999341124561913,1,First Class,Southeast Asia,Pacific Asia,Malasia,Negeri Sembilan
alert_34062,76804,2018-01-28 03:30:00,0.9999341124561913,1,First Class,Southeast Asia,Pacific Asia,Malasia,Negeri Sembilan
alert_9925,62007,2017-06-26 03:27:00,0.9999341122769116,1,First Class,Western Europe,Europe,Alemania,Sajonia
alert_27729,70180,2017-10-23 10:49:00,0.9999341122769116,1,First Class,Western Europe,Europe,Alemania,Sajonia
alert_9927,62007,2017-06-26 03:27:00,0.9999341122769116,1,First Class,Western Europe,Europe,Alemania,Sajonia
alert_9926,62007,2017-06-26 03:27:00,0.9999341122769116,1,First Class,Western Europe,Europe,Alemania,Sajonia
alert_30777,73360,2017-12-08 20:55:00,0.9999341085922733,1,First Class,Southeast Asia,Pacific Asia,Indonesia,Jambi
alert_192,57875,2017-04-26 19:50:00,0.9999340947703199,1,First Class,Central America,LATAM,México,Baja California
alert_191,57875,2017-04-26 19:50:00,0.9999340947703199,1,First Class,Central America,LATAM,México,Baja California
alert_32104,74752,2017-12-29 04:36:00,0.9999340825671107,1,First Class,Southeast Asia,Pacific Asia,Indonesia,Nusa Tenggara Oriental
alert_10527,62250,2017-06-29 16:35:00,0.9999340785499558,1,First Class,Southern Europe,Europe,Portugal,Porto
alert_16895,64941,2017-08-07 23:22:00,0.9999340744166786,1,First Class,Western Europe,Europe,Alemania,Turingia
alert_16892,64940,2017-08-07 23:01:00,0.9999340744166786,1,First Class,Western Europe,Europe,Alemania,Turingia
alert_31855,74497,2017-12-25 11:16:00,0.9999340693625873,1,First Class,Oceania,Pacific Asia,Australia,Queensland
alert_3515,59225,2017-05-16 12:48:00,0.9999340607961495,1,First Class,Central America,LATAM,México,Sonora
alert_34379,77137,2018-02-02 00:10:00,0.9999340471588657,1,First Class,South Asia,Pacific Asia,India,Bihar
alert_23320,67615,2017-09-16 00:11:00,0.999934040923196,1,First Class,Western Europe,Europe,Francia,Auvernia-Ródano-Alpes
alert_18410,65555,2017-08-16 22:29:00,0.9999340289194041,1,First Class,Western Europe,Europe,Francia,Isla de Francia
alert_25639,68568,2017-09-29 22:04:00,0.9999340226002585,1,First Class,Western Europe,Europe,Francia,Isla de Francia
alert_15190,64188,2017-07-27 23:33:00,0.9999340226002585,1,First Class,Western Europe,Europe,Francia,Isla de Francia
alert_614,58058,2017-04-29 11:57:00,0.9999340169498778,1,First Class,Central America,LATAM,México,México
alert_615,58058,2017-04-29 11:57:00,0.9999340169498778,1,First Class,Central America,LATAM,México,México
alert_618,58058,2017-04-29 11:57:00,0.9999340169498778,1,First Class,Central America,LATAM,México,México
alert_24395,68073,2017-09-22 16:39:00,0.9999340168306615,1,First Class,Western Europe,Europe,Francia,Países del Loira
alert_24393,68073,2017-09-22 16:39:00,0.9999340168306615,1,First Class,Western Europe,Europe,Francia,Países del Loira
alert_32883,75560,2018-01-09 23:41:00,0.9999340098035215,1,First Class,Southeast Asia,Pacific Asia,Indonesia,Java Oriental
alert_32880,75558,2018-01-09 22:58:00,0.9999340098035215,1,First Class,Southeast Asia,Pacific Asia,Indonesia,Java Oriental
alert_32881,75559,2018-01-09 23:19:00,0.9999340098035215,1,First Class,Southeast Asia,Pacific Asia,Indonesia,Java Oriental
alert_32885,75561,2018-01-10 00:02:00,0.9999340098035215,1,First Class,Southeast Asia,Pacific Asia,Indonesia,Java Oriental
alert_29335,71850,2017-11-16 19:54:00,0.9999340021769115,1,First Class,Oceania,Pacific Asia,Australia,Australia Occidental
alert_8386,61313,2017-06-16 00:19:00,0.9999340021769115,1,First Class,South America,LATAM,Brasil,Ceará
alert_8436,61338,2017-06-16 09:04:00,0.9999340021769115,1,First Class,South America,LATAM,Brasil,Ceará
alert_8439,61339,2017-06-16 09:26:00,0.9999340021769115,1,First Class,South America,LATAM,Brasil,Ceará
alert_8438,61339,2017-06-16 09:26:00,0.9999340021769115,1,First Class,South America,LATAM,Brasil,Ceará
alert_8441,61339,2017-06-16 09:26:00,0.9999340021769115,1,First Class,South America,LATAM,Brasil,Ceará
alert_8440,61339,2017-06-16 09:26:00,0.9999340021769115,1,First Class,South America,LATAM,Brasil,Ceará
alert_23438,67662,2017-09-16 16:39:00,0.9999340021769115,1,First Class,Northern Europe,Europe,Reino Unido,Inglaterra
alert_23434,67661,2017-09-16 16:18:00,0.9999340021769115,1,First Class,Northern Europe,Europe,Reino Unido,Inglaterra
alert_23433,67661,2017-09-16 16:18:00,0.9999340021769115,1,First Class,Northern Europe,Europe,Reino Unido,Inglaterra
alert_23437,67662,2017-09-16 16:39:00,0.9999340021769115,1,First Class,Northern Europe,Europe,Reino Unido,Inglaterra
alert_18506,65593,2017-08-17 11:47:00,0.999933984529571,1,First Class,Western Europe,Europe,Francia,Isla de Francia
alert_10950,62435,2017-07-02 09:24:00,0.9999339838870277,1,First Class,Southern Europe,Europe,España,Madrid
alert_10952,62435,2017-07-02 09:24:00,0.9999339838870277,1,First Class,Southern Europe,Europe,España,Madrid
alert_10951,62435,2017-07-02 09:24:00,0.9999339838870277,1,First Class,Southern Europe,Europe,España,Madrid
alert_32763,75429,2018-01-08 01:47:00,0.9999339549803489,1,First Class,Southeast Asia,Pacific Asia,Myanmar (Birmania),Rangún
alert_32814,75477,2018-01-08 18:36:00,0.9999339549803489,1,First Class,Southeast Asia,Pacific Asia,Camboya,Nom Pen
alert_4401,59591,2017-05-21 21:01:00,0.9999339402728639,1,First Class,Central America,LATAM,Guatemala,Guatemala
alert_27348,69761,2017-10-17 08:02:00,0.9999339367728174,1,First Class,Southern Europe,Europe,Italia,Sicilia
alert_29395,71918,2017-11-17 19:43:00,0.9999339367728174,1,First Class,Southeast Asia,Pacific Asia,Indonesia,Sumatra Meridional
alert_33715,76443,2018-01-22 21:02:00,0.9999339343054325,1,First Class,Southeast Asia,Pacific Asia,Malasia,Perak
alert_33713,76441,2018-01-22 20:20:00,0.9999339343054325,1,First Class,Southeast Asia,Pacific Asia,Malasia,Perak
alert_33714,76442,2018-01-22 20:41:00,0.9999339343054325,1,First Class,Southeast Asia,Pacific Asia,Malasia,Perak
alert_27282,69690,2017-10-16 07:09:00,0.9999339314929493,1,First Class,Western Europe,Europe,Francia,Norte-Paso de Calais-Picardía
alert_27284,69692,2017-10-16 07:51:00,0.9999339314929493,1,First Class,Western Europe,Europe,Francia,Norte-Paso de Calais-Picardía
alert_27283,69691,2017-10-16 07:30:00,0.9999339314929493,1,First Class,Western Europe,Europe,Francia,Norte-Paso de Calais-Picardía
alert_27279,69689,2017-10-16 06:48:00,0.9999339314929493,1,First Class,Western Europe,Europe,Francia,Norte-Paso de Calais-Picardía
alert_2577,58858,2017-05-11 04:13:00,0.999933920590749,1,First Class,Caribbean,LATAM,República Dominicana,Santo Domingo
alert_7977,61135,2017-06-13 09:57:00,0.999933920590749,1,First Class,Central America,LATAM,El Salvador,San Salvador
alert_7978,61135,2017-06-13 09:57:00,0.999933920590749,1,First Class,Central America,LATAM,El Salvador,San Salvador
alert_2578,58858,2017-05-11 04:13:00,0.999933920590749,1,First Class,Caribbean,LATAM,República Dominicana,Santo Domingo
alert_2575,58858,2017-05-11 04:13:00,0.999933920590749,1,First Class,Caribbean,LATAM,República Dominicana,Santo Domingo
alert_2574,58858,2017-05-11 04:13:00,0.999933920590749,1,First Class,Caribbean,LATAM,República Dominicana,Santo Domingo
alert_8059,61175,2017-06-13 23:58:00,0.999933920590749,1,First Class,Central America,LATAM,El Salvador,San Salvador
alert_8058,61175,2017-06-13 23:58:00,0.999933920590749,1,First Class,Central America,LATAM,El Salvador,San Salvador
alert_8056,61175,2017-06-13 23:58:00,0.999933920590749,1,First Class,Central America,LATAM,El Salvador,San Salvador
alert_3500,59222,2017-05-16 11:45:00,0.9999339087010236,1,First Class,Caribbean,LATAM,Cuba,Mayabeque
alert_4764,59769,2017-05-24 11:23:00,0.9999339069218394,1,First Class,South America,LATAM,Brasil,São Paulo
alert_5184,59957,2017-05-27 05:15:00,0.9999339069218394,1,First Class,South America,LATAM,Brasil,Rio Grande do Sul
alert_22070,67099,2017-09-08 11:25:00,0.9999339046963371,1,First Class,Western Europe,Europe,Alemania,Hesse
alert_30837,73412,2017-12-09 15:08:00,0.999933902286434,1,First Class,South Asia,Pacific Asia,India,Karnataka
alert_26948,69354,2017-10-11 09:26:00,0.9999338803315229,1,First Class,Western Europe,Europe,Alemania,Baja Sajonia
alert_31209,73823,2017-12-15 15:08:00,0.9999338705246745,1,First Class,South Asia,Pacific Asia,India,Uttar Pradesh
alert_18548,65617,2017-08-17 20:12:00,0.9999338678435212,1,First Class,Western Europe,Europe,Alemania,Bavaria
alert_18551,65617,2017-08-17 20:12:00,0.9999338678435212,1,First Class,Western Europe,Europe,Alemania,Bavaria
alert_18552,65617,2017-08-17 20:12:00,0.9999338678435212,1,First Class,Western Europe,Europe,Alemania,Bavaria
alert_28187,70652,2017-10-30 08:11:00,0.9999338655575936,1,First Class,Southern Europe,Europe,España,País Vasco
alert_20264,66356,2017-08-28 15:06:00,0.9999338642947873,1,First Class,Western Europe,Europe,Alemania,Baden-Wurtemberg
alert_15192,64189,2017-07-27 23:54:00,0.9999338634024695,1,First Class,Western Europe,Europe,Francia,Isla de Francia
alert_31383,73989,2017-12-18 01:17:00,0.9999338615818621,1,First Class,Southeast Asia,Pacific Asia,Filipinas,Capital Nacional
alert_32543,75210,2018-01-04 21:03:00,0.9999338533998167,1,First Class,Eastern Asia,Pacific Asia,China,Jilin
alert_15071,64146,2017-07-27 08:51:00,0.9999338532787653,1,First Class,Western Europe,Europe,Francia,Isla de Francia
alert_15068,64146,2017-07-27 08:51:00,0.9999338532787653,1,First Class,Western Europe,Europe,Francia,Isla de Francia
alert_15069,64146,2017-07-27 08:51:00,0.9999338532787653,1,First Class,Western Europe,Europe,Francia,Isla de Francia
alert_16792,64903,2017-08-07 10:03:00,0.9999338465676945,1,First Class,Western Europe,Europe,Alemania,Baden-Wurtemberg
alert_16154,64619,2017-08-03 06:33:00,0.9999338452825214,1,First Class,Southern Europe,Europe,España,Galicia
alert_16156,64619,2017-08-03 06:33:00,0.9999338452825214,1,First Class,Southern Europe,Europe,España,Galicia
alert_32132,74777,2017-12-29 13:21:00,0.9999338406339711,1,First Class,Eastern Asia,Pacific Asia,Corea del Sur,Seúl
alert_31280,73883,2017-12-16 12:09:00,0.9999338369817082,1,First Class,Southeast Asia,Pacific Asia,Filipinas,Capital Nacional
alert_27248,69659,2017-10-15 20:18:00,0.9999338369051098,1,First Class,Western Europe,Europe,Francia,Provenza-Alpes-Costa Azul
alert_21955,67049,2017-09-07 17:54:00,0.9999338369051098,1,First Class,Western Europe,Europe,Francia,Provenza-Alpes-Costa Azul
alert_27380,69786,2017-10-17 16:47:00,0.9999338340706335,1,First Class,Northern Europe,Europe,Reino Unido,Inglaterra
alert_31695,74317,2017-12-22 20:12:00,0.999933832776311,1,First Class,Southeast Asia,Pacific Asia,Filipinas,Capital Nacional
alert_20869,66589,2017-09-01 00:44:00,0.9999338219167377,1,First Class,Southern Europe,Europe,Italia,Lacio
alert_20868,66589,2017-09-01 00:44:00,0.9999338219167377,1,First Class,Southern Europe,Europe,Italia,Lacio
alert_10600,62281,2017-06-30 03:27:00,0.9999338145593756,1,First Class,Western Europe,Europe,Francia,Alsacia-Champaña-Ardenas-Lorena
alert_10603,62282,2017-06-30 03:48:00,0.9999338145593756,1,First Class,Western Europe,Europe,Francia,Aquitania-Lemosín-Poitou-Charentes
alert_10605,62282,2017-06-30 03:48:00,0.9999338145593756,1,First Class,Western Europe,Europe,Francia,Aquitania-Lemosín-Poitou-Charentes
alert_32966,75644,2018-01-11 05:06:00,0.9999337848732827,1,First Class,Southeast Asia,Pacific Asia,Myanmar (Birmania),Rangún
alert_32970,75645,2018-01-11 05:27:00,0.9999337848732827,1,First Class,Southeast Asia,Pacific Asia,Myanmar (Birmania),Rangún
alert_11827,62805,2017-07-07 19:02:00,0.9999337824999157,1,First Class,Southern Europe,Europe,España,Andalucía
alert_29473,72001,2017-11-19 00:48:00,0.9999337773679476,1,First Class,Southeast Asia,Pacific Asia,Indonesia,Sumatra Septentrional
alert_19769,66144,2017-08-25 12:50:00,0.9999337759880146,1,First Class,Western Europe,Europe,Alemania,Hamburgo
alert_24356,68056,2017-09-22 10:41:00,0.9999337742906502,1,First Class,Western Europe,Europe,Francia,Languedoc-Rosellón-Mediodía-Pirineos
alert_29280,71799,2017-11-16 02:02:00,0.999933773358432,1,First Class,Eastern Asia,Pacific Asia,China,Jiangsu
alert_425,57973,2017-04-28 06:10:00,0.9999337673952788,1,First Class,Central America,LATAM,Guatemala,Guatemala
alert_683,58076,2017-04-29 18:15:00,0.9999337673952788,1,First Class,Central America,LATAM,Honduras,Francisco Morazán
alert_243,57894,2017-04-27 02:29:00,0.9999337673952788,1,First Class,Central America,LATAM,Honduras,Francisco Morazán
alert_28731,71229,2017-11-07 18:20:00,0.9999337602421059,1,First Class,Northern Europe,Europe,Suecia,Estocolmo
alert_6305,60434,2017-06-03 04:22:00,0.9999337563241077,1,First Class,Central America,LATAM,Nicaragua,Managua
alert_32433,75102,2018-01-03 07:13:00,0.9999337563241077,1,First Class,Oceania,Pacific Asia,Australia,Queensland
alert_6301,60434,2017-06-03 04:22:00,0.9999337563241077,1,First Class,Central America,LATAM,Nicaragua,Managua
alert_6300,60433,2017-06-03 04:01:00,0.9999337563241077,1,First Class,Central America,LATAM,Nicaragua,Managua
alert_6304,60434,2017-06-03 04:22:00,0.9999337563241077,1,First Class,Central America,LATAM,Nicaragua,Managua
alert_6302,60434,2017-06-03 04:22:00,0.9999337563241077,1,First Class,Central America,LATAM,Nicaragua,Managua
alert_28990,71502,2017-11-11 17:59:00,0.9999337551913459,1,First Class,Southern Europe,Europe,Italia,Véneto
alert_13170,63359,2017-07-15 21:07:00,0.9999337551913459,1,First Class,Southern Europe,Europe,Italia,Toscana
alert_13171,63359,2017-07-15 21:07:00,0.9999337551913459,1,First Class,Southern Europe,Europe,Italia,Toscana
alert_13168,63359,2017-07-15 21:07:00,0.9999337551913459,1,First Class,Southern Europe,Europe,Italia,Toscana
alert_13172,63359,2017-07-15 21:07:00,0.9999337551913459,1,First Class,Southern Europe,Europe,Italia,Toscana
alert_13169,63359,2017-07-15 21:07:00,0.9999337551913459,1,First Class,Southern Europe,Europe,Italia,Toscana
alert_16807,64905,2017-08-07 10:45:00,0.9999337370866801,1,First Class,Western Europe,Europe,Países Bajos,Holanda Meridional
alert_16808,64905,2017-08-07 10:45:00,0.9999337370866801,1,First Class,Western Europe,Europe,Países Bajos,Holanda Meridional
alert_16795,64904,2017-08-07 10:24:00,0.9999337370866801,1,First Class,Western Europe,Europe,Países Bajos,Holanda Meridional
alert_31730,74350,2017-12-23 07:45:00,0.9999337326450183,1,First Class,Southeast Asia,Pacific Asia,Singapur,Singapur
alert_31972,74614,2017-12-27 04:15:00,0.9999337326450183,1,First Class,Southeast Asia,Pacific Asia,Singapur,Singapur
alert_31936,74584,2017-12-26 17:44:00,0.9999337326450183,1,First Class,Southeast Asia,Pacific Asia,Singapur,Singapur
alert_31801,74429,2017-12-24 11:26:00,0.9999337326450183,1,First Class,Southeast Asia,Pacific Asia,Singapur,Singapur
alert_31937,74585,2017-12-26 18:05:00,0.9999337326450183,1,First Class,Southeast Asia,Pacific Asia,Singapur,Singapur
alert_31732,74351,2017-12-23 08:07:00,0.9999337326450183,1,First Class,Southeast Asia,Pacific Asia,Singapur,Singapur
alert_13204,63369,2017-07-16 00:37:00,0.9999337233973735,1,First Class,Western Europe,Europe,Francia,Auvernia-Ródano-Alpes
alert_34203,76942,2018-01-30 03:51:00,0.9999337187648096,1,First Class,Oceania,Pacific Asia,Australia,Territorio de la Capital Australiana
alert_34204,76943,2018-01-30 04:12:00,0.9999337187648096,1,First Class,Oceania,Pacific Asia,Australia,Territorio de la Capital Australiana
alert_16237,64660,2017-08-03 20:55:00,0.9999337137056811,1,First Class,Southern Europe,Europe,Italia,Emilia-Romaña
alert_24330,68050,2017-09-22 08:35:00,0.9999337075172416,1,First Class,Western Europe,Europe,Austria,Viena
alert_24328,68050,2017-09-22 08:35:00,0.9999337075172416,1,First Class,Western Europe,Europe,Austria,Viena
alert_24331,68050,2017-09-22 08:35:00,0.9999337075172416,1,First Class,Western Europe,Europe,Austria,Viena
alert_3505,59224,2017-05-16 12:27:00,0.9999337055750959,1,First Class,South America,LATAM,Brasil,Pernambuco
alert_3503,59224,2017-05-16 12:27:00,0.9999337055750959,1,First Class,South America,LATAM,Brasil,Pernambuco
alert_3502,59224,2017-05-16 12:27:00,0.9999337055750959,1,First Class,South America,LATAM,Brasil,Pernambuco
alert_3501,59224,2017-05-16 12:27:00,0.9999337055750959,1,First Class,South America,LATAM,Brasil,Pernambuco
alert_3504,59224,2017-05-16 12:27:00,0.9999337055750959,1,First Class,South America,LATAM,Brasil,Pernambuco
alert_21372,66810,2017-09-04 06:10:00,0.9999337036197292,1,First Class,Western Europe,Europe,Alemania,Renania del Norte-Westfalia
alert_31940,74586,2017-12-26 18:26:00,0.9999336809971421,1,First Class,Oceania,Pacific Asia,Australia,Territorio de la Capital Australiana
alert_5374,60029,2017-05-28 06:28:00,0.9999336768760106,1,First Class,Central America,LATAM,Guatemala,Guatemala
alert_27394,69801,2017-10-17 22:02:00,0.9999336744179688,1,First Class,Northern Europe,Europe,Reino Unido,Inglaterra
alert_23749,67781,2017-09-18 10:21:00,0.9999336744179688,1,First Class,Northern Europe,Europe,Reino Unido,Inglaterra
alert_27393,69800,2017-10-17 21:41:00,0.9999336744179688,1,First Class,Northern Europe,Europe,Reino Unido,Inglaterra
alert_27391,69799,2017-10-17 21:20:00,0.9999336744179688,1,First Class,Northern Europe,Europe,Reino Unido,Inglaterra
alert_23954,67871,2017-09-19 17:53:00,0.9999336744179688,1,First Class,Northern Europe,Europe,Reino Unido,Inglaterra
alert_23750,67781,2017-09-18 10:21:00,0.9999336744179688,1,First Class,Northern Europe,Europe,Reino Unido,Inglaterra
alert_33575,76311,2018-01-20 22:47:00,0.9999336567869653,1,First Class,Southeast Asia,Pacific Asia,Camboya,Nom Pen
alert_33577,76312,2018-01-20 23:08:00,0.9999336567869653,1,First Class,Southeast Asia,Pacific Asia,Camboya,Nom Pen
alert_12032,62894,2017-07-09 02:13:00,0.9999336475387685,1,First Class,Northern Europe,Europe,Reino Unido,Inglaterra
alert_12035,62894,2017-07-09 02:13:00,0.9999336475387685,1,First Class,Northern Europe,Europe,Reino Unido,Inglaterra
alert_12986,63292,2017-07-14 21:39:00,0.9999336441203621,1,First Class,Western Europe,Europe,Alemania,Renania-Palatinado
alert_12984,63291,2017-07-14 21:18:00,0.9999336441203621,1,First Class,Western Europe,Europe,Alemania,Renania-Palatinado
alert_26828,69218,2017-10-09 09:47:00,0.9999336429804526,1,First Class,Southern Europe,Europe,Italia,Lacio
alert_26829,69219,2017-10-09 10:08:00,0.9999336429804526,1,First Class,Southern Europe,Europe,Italia,Lacio
alert_18290,65491,2017-08-16 00:03:00,0.9999336264679344,1,First Class,Western Europe,Europe,Francia,Alsacia-Champaña-Ardenas-Lorena
alert_4925,59822,2017-05-25 05:57:00,0.9999336090115633,1,First Class,Central America,LATAM,México,Tabasco
alert_4926,59822,2017-05-25 05:57:00,0.9999336090115633,1,First Class,Central America,LATAM,México,Tabasco
alert_29336,71851,2017-11-16 20:15:00,0.9999336075905247,1,First Class,Southeast Asia,Pacific Asia,Indonesia,Java Oriental
alert_10818,62373,2017-07-01 11:41:00,0.9999335780056555,1,First Class,Western Europe,Europe,Bélgica,Amberes
alert_23318,67615,2017-09-16 00:11:00,0.9999335634776815,1,First Class,Western Europe,Europe,Francia,Auvernia-Ródano-Alpes
alert_34378,77136,2018-02-01 23:49:00,0.9999335623680131,1,First Class,Eastern Asia,Pacific Asia,China,Shaanxi
alert_13201,63368,2017-07-16 00:16:00,0.999933560387207,1,First Class,Western Europe,Europe,Francia,Auvernia-Ródano-Alpes
alert_18407,65555,2017-08-16 22:29:00,0.999933560387207,1,First Class,Western Europe,Europe,Francia,Isla de Francia
alert_18408,65555,2017-08-16 22:29:00,0.999933560387207,1,First Class,Western Europe,Europe,Francia,Isla de Francia
alert_13199,63368,2017-07-16 00:16:00,0.999933560387207,1,First Class,Western Europe,Europe,Francia,Auvernia-Ródano-Alpes
alert_13205,63369,2017-07-16 00:37:00,0.999933560387207,1,First Class,Western Europe,Europe,Francia,Auvernia-Ródano-Alpes
alert_13203,63369,2017-07-16 00:37:00,0.999933560387207,1,First Class,Western Europe,Europe,Francia,Auvernia-Ródano-Alpes
alert_29279,71798,2017-11-16 01:41:00,0.9999335456124031,1,First Class,Oceania,Pacific Asia,Australia,Nueva Gales del Sur
alert_27323,69734,2017-10-16 22:34:00,0.9999335263242601,1,First Class,Northern Europe,Europe,Noruega,Oslo
alert_8029,61165,2017-06-13 20:28:00,0.9999335183207224,1,First Class,South America,LATAM,Argentina,Misiones
alert_8353,61299,2017-06-15 19:25:00,0.9999335183207224,1,First Class,South America,LATAM,Brasil,Río de Janeiro
alert_1444,58391,2017-05-04 08:37:00,0.9999335183207224,1,First Class,South America,LATAM,Brasil,São Paulo
alert_30427,72987,2017-12-03 10:14:00,0.9999335183207224,1,First Class,Eastern Asia,Pacific Asia,Corea del Sur,Seúl
alert_6219,60395,2017-06-02 14:42:00,0.9999335183207224,1,First Class,South America,LATAM,Ecuador,Manabí
alert_6165,60380,2017-06-02 09:27:00,0.9999335183207224,1,First Class,South America,LATAM,Brasil,Pará
alert_32854,75528,2018-01-09 12:28:00,0.9999335183207224,1,First Class,South Asia,Pacific Asia,India,Madhya Pradesh
alert_8030,61165,2017-06-13 20:28:00,0.9999335183207224,1,First Class,South America,LATAM,Argentina,Misiones
alert_31800,74428,2017-12-24 11:05:00,0.9999335149980663,1,First Class,Southeast Asia,Pacific Asia,Indonesia,Sumatra Septentrional
alert_16528,64798,2017-08-05 21:16:00,0.9999335082806233,1,First Class,Southern Europe,Europe,España,Madrid
alert_5574,60122,2017-05-29 15:03:00,0.999933506398635,1,First Class,Central America,LATAM,Guatemala,Guatemala
alert_19053,65817,2017-08-20 18:16:00,0.999933504919257,1,First Class,Western Europe,Europe,Francia,Languedoc-Rosellón-Mediodía-Pirineos
alert_19052,65817,2017-08-20 18:16:00,0.999933504919257,1,First Class,Western Europe,Europe,Francia,Languedoc-Rosellón-Mediodía-Pirineos
alert_27606,70038,2017-10-21 09:04:00,0.999933504919257,1,First Class,Western Europe,Europe,Francia,Provenza-Alpes-Costa Azul
alert_19054,65817,2017-08-20 18:16:00,0.999933504919257,1,First Class,Western Europe,Europe,Francia,Languedoc-Rosellón-Mediodía-Pirineos
alert_31856,74498,2017-12-25 11:37:00,0.9999335016798553,1,First Class,Oceania,Pacific Asia,Australia,Victoria
alert_33866,76593,2018-01-25 01:35:00,0.9999334916246333,1,First Class,Eastern Asia,Pacific Asia,China,Liaoning
alert_33982,76711,2018-01-26 18:55:00,0.9999334916246333,1,First Class,Eastern Asia,Pacific Asia,Corea del Sur,Ulsan
alert_34009,76749,2018-01-27 08:14:00,0.9999334916246333,1,First Class,Eastern Asia,Pacific Asia,China,Shandong
alert_21091,66684,2017-09-02 10:01:00,0.9999334871374479,1,First Class,Western Europe,Europe,Francia,Provenza-Alpes-Costa Azul
alert_4293,59549,2017-05-21 06:19:00,0.9999334832801399,1,First Class,Caribbean,LATAM,República Dominicana,Santo Domingo
alert_4305,59551,2017-05-21 07:01:00,0.9999334832801399,1,First Class,Caribbean,LATAM,República Dominicana,Santo Domingo
alert_14205,63807,2017-07-22 10:05:00,0.9999334652264784,1,First Class,Western Europe,Europe,Países Bajos,Holanda Meridional
alert_7733,61025,2017-06-11 19:25:00,0.9999334570427619,1,First Class,Central America,LATAM,México,Distrito Federal
alert_7732,61025,2017-06-11 19:25:00,0.9999334570427619,1,First Class,Central America,LATAM,México,Distrito Federal
alert_29820,72362,2017-11-24 07:16:00,0.9999334428323167,1,First Class,Southeast Asia,Pacific Asia,Malasia,Sabah
alert_29819,72361,2017-11-24 06:55:00,0.9999334428323167,1,First Class,Southeast Asia,Pacific Asia,Malasia,Sabah
alert_29821,72363,2017-11-24 07:37:00,0.9999334428323167,1,First Class,Southeast Asia,Pacific Asia,Malasia,Sabah
alert_29822,72364,2017-11-24 07:58:00,0.9999334428323167,1,First Class,Southeast Asia,Pacific Asia,Malasia,Sabah
alert_33490,76219,2018-01-19 14:33:00,0.999933440104148,1,First Class,Oceania,Pacific Asia,Australia,Queensland
alert_15267,64213,2017-07-28 08:19:00,0.9999334241341945,1,First Class,Southern Europe,Europe,España,Castilla y León
alert_15261,64212,2017-07-28 07:58:00,0.9999334241341945,1,First Class,Southern Europe,Europe,España,Castilla y León
alert_15257,64212,2017-07-28 07:58:00,0.9999334241341945,1,First Class,Southern Europe,Europe,España,Castilla y León
alert_15260,64212,2017-07-28 07:58:00,0.9999334241341945,1,First Class,Southern Europe,Europe,España,Castilla y León
alert_15258,64212,2017-07-28 07:58:00,0.9999334241341945,1,First Class,Southern Europe,Europe,España,Castilla y León
alert_15259,64212,2017-07-28 07:58:00,0.9999334241341945,1,First Class,Southern Europe,Europe,España,Castilla y León
alert_15266,64213,2017-07-28 08:19:00,0.9999334241341945,1,First Class,Southern Europe,Europe,España,Castilla y León
alert_25434,68476,2017-09-28 13:50:00,0.9999334205240821,1,First Class,Southern Europe,Europe,España,Andalucía
alert_16382,64739,2017-08-05 00:36:00,0.9999334084298359,1,First Class,Western Europe,Europe,Bélgica,Flanders Occidental
alert_32295,74959,2018-01-01 05:07:00,0.9999334013210605,1,First Class,South Asia,Pacific Asia,India,Rajastán
alert_32284,74946,2018-01-01 00:34:00,0.9999334013210605,1,First Class,Oceania,Pacific Asia,Australia,Nueva Gales del Sur
alert_32307,74975,2018-01-01 10:43:00,0.9999334013210605,1,First Class,Oceania,Pacific Asia,Australia,Queensland
alert_18291,65491,2017-08-16 00:03:00,0.9999334000742118,1,First Class,Western Europe,Europe,Francia,Alsacia-Champaña-Ardenas-Lorena
alert_23322,67615,2017-09-16 00:11:00,0.9999334000742118,1,First Class,Western Europe,Europe,Francia,Auvernia-Ródano-Alpes
alert_13267,63395,2017-07-16 09:44:00,0.9999334000742118,1,First Class,Western Europe,Europe,Francia,Isla de Francia
alert_18292,65491,2017-08-16 00:03:00,0.9999334000742118,1,First Class,Western Europe,Europe,Francia,Alsacia-Champaña-Ardenas-Lorena
alert_18289,65491,2017-08-16 00:03:00,0.9999334000742118,1,First Class,Western Europe,Europe,Francia,Alsacia-Champaña-Ardenas-Lorena
alert_10592,62280,2017-06-30 03:06:00,0.9999333919447582,1,First Class,Western Europe,Europe,Alemania,Hamburgo
alert_10594,62280,2017-06-30 03:06:00,0.9999333919447582,1,First Class,Western Europe,Europe,Alemania,Hamburgo
alert_10586,62279,2017-06-30 02:45:00,0.9999333919447582,1,First Class,Western Europe,Europe,Alemania,Hamburgo
alert_10595,62280,2017-06-30 03:06:00,0.9999333919447582,1,First Class,Western Europe,Europe,Alemania,Hamburgo
alert_13270,63396,2017-07-16 10:05:00,0.9999333792744767,1,First Class,Southern Europe,Europe,España,Madrid
alert_13269,63396,2017-07-16 10:05:00,0.9999333792744767,1,First Class,Southern Europe,Europe,España,Madrid
alert_8278,61264,2017-06-15 07:09:00,0.9999333779738558,1,First Class,Central America,LATAM,Honduras,Francisco Morazán
alert_8279,61264,2017-06-15 07:09:00,0.9999333779738558,1,First Class,Central America,LATAM,Honduras,Francisco Morazán
alert_7311,60847,2017-06-09 05:03:00,0.9999333779738558,1,First Class,Central America,LATAM,México,Distrito Federal
alert_2732,58915,2017-05-12 00:11:00,0.9999333779738558,1,First Class,Central America,LATAM,Honduras,Cortés
alert_1282,58323,2017-05-03 08:47:00,0.9999333779738558,1,First Class,Caribbean,LATAM,Cuba,Isla de la Juventud
alert_2734,58915,2017-05-12 00:11:00,0.9999333779738558,1,First Class,Central America,LATAM,Honduras,Cortés
alert_17242,65092,2017-08-10 04:16:00,0.9999333646548331,1,First Class,Southern Europe,Europe,España,Andalucía
alert_17245,65092,2017-08-10 04:16:00,0.9999333646548331,1,First Class,Southern Europe,Europe,España,Andalucía
alert_15196,64190,2017-07-28 00:15:00,0.9999333627189485,1,First Class,Western Europe,Europe,Francia,Isla de Francia
alert_24346,68055,2017-09-22 10:20:00,0.9999333581601089,1,First Class,Western Europe,Europe,Francia,Languedoc-Rosellón-Mediodía-Pirineos
alert_21960,67050,2017-09-07 18:15:00,0.9999333452326727,1,First Class,Western Europe,Europe,Alemania,Baden-Wurtemberg
alert_20621,66482,2017-08-30 11:15:00,0.999933345018434,1,First Class,Western Europe,Europe,Alemania,Bavaria
alert_20628,66484,2017-08-30 11:57:00,0.999933345018434,1,First Class,Western Europe,Europe,Alemania,Bavaria
alert_20624,66483,2017-08-30 11:36:00,0.999933345018434,1,First Class,Western Europe,Europe,Alemania,Bavaria
alert_11366,62633,2017-07-05 06:46:00,0.9999333434659903,1,First Class,Western Europe,Europe,Austria,Alta Austria
alert_11688,62752,2017-07-07 00:28:00,0.9999333411193035,1,First Class,Southern Europe,Europe,Italia,Liguria
alert_23084,67520,2017-09-14 14:54:00,0.9999333399745675,1,First Class,Northern Europe,Europe,Irlanda,Dublín del Sur
alert_33025,75704,2018-01-12 02:07:00,0.9999333399745675,1,First Class,South Asia,Pacific Asia,India,Bihar
alert_32932,75611,2018-01-10 17:33:00,0.9999333399745675,1,First Class,Eastern Asia,Pacific Asia,China,Heilongjiang
alert_32933,75612,2018-01-10 17:54:00,0.9999333399745675,1,First Class,Oceania,Pacific Asia,Australia,Australia Occidental
alert_17869,65339,2017-08-13 18:48:00,0.9999333399745675,1,First Class,Northern Europe,Europe,Reino Unido,Inglaterra
alert_17872,65339,2017-08-13 18:48:00,0.9999333399745675,1,First Class,Northern Europe,Europe,Reino Unido,Inglaterra
alert_30361,72921,2017-12-02 11:07:00,0.9999333399745675,1,First Class,Oceania,Pacific Asia,Australia,Australia Occidental
alert_10751,62344,2017-07-01 01:31:00,0.9999333399745675,1,First Class,Northern Europe,Europe,Reino Unido,Inglaterra
alert_32930,75610,2018-01-10 17:12:00,0.9999333399745675,1,First Class,Eastern Asia,Pacific Asia,China,Heilongjiang
alert_10749,62343,2017-07-01 01:10:00,0.9999333399745675,1,First Class,Northern Europe,Europe,Reino Unido,Inglaterra
alert_10746,62343,2017-07-01 01:10:00,0.9999333399745675,1,First Class,Northern Europe,Europe,Reino Unido,Inglaterra
alert_30360,72920,2017-12-02 10:46:00,0.9999333399745675,1,First Class,Oceania,Pacific Asia,Australia,Australia Occidental
alert_30446,73008,2017-12-03 17:36:00,0.9999333399745675,1,First Class,Oceania,Pacific Asia,Australia,Australia Occidental
alert_32935,75614,2018-01-10 18:36:00,0.9999333399745675,1,First Class,Oceania,Pacific Asia,Australia,Australia Occidental
alert_30506,73071,2017-12-04 15:40:00,0.9999333385636109,1,First Class,Eastern Asia,Pacific Asia,Corea del Sur,Seúl
alert_30499,72859,2017-12-04 13:24:00,0.9999333376488716,1,Second Class,Oceania,Pacific Asia,Australia,Queensland
alert_10601,62281,2017-06-30 03:27:00,0.9999333354754333,1,First Class,Western Europe,Europe,Francia,Alsacia-Champaña-Ardenas-Lorena
alert_30782,73363,2017-12-08 21:58:00,0.9999333307342161,1,First Class,Southeast Asia,Pacific Asia,Indonesia,Yakarta
alert_30781,73362,2017-12-08 21:37:00,0.9999333307342161,1,First Class,Southeast Asia,Pacific Asia,Indonesia,Yakarta
alert_27464,69881,2017-10-19 02:04:00,0.999933326049489,1,First Class,Northern Europe,Europe,Reino Unido,Inglaterra
alert_27466,69883,2017-10-19 02:46:00,0.999933326049489,1,First Class,Northern Europe,Europe,Reino Unido,Inglaterra
alert_27465,69882,2017-10-19 02:25:00,0.999933326049489,1,First Class,Northern Europe,Europe,Reino Unido,Inglaterra
alert_30702,73283,2017-12-07 17:56:00,0.9999333125487583,1,First Class,Oceania,Pacific Asia,Australia,Australia del Sur
alert_30701,73282,2017-12-07 17:35:00,0.9999333125487583,1,First Class,Oceania,Pacific Asia,Australia,Australia del Sur
alert_33667,76402,2018-01-22 06:40:00,0.9999333117953441,1,First Class,South Asia,Pacific Asia,India,Tamil Nadu
alert_33670,76404,2018-01-22 07:22:00,0.9999333117953441,1,First Class,South Asia,Pacific Asia,India,Tamil Nadu
alert_33668,76403,2018-01-22 07:01:00,0.9999333117953441,1,First Class,South Asia,Pacific Asia,India,Tamil Nadu
alert_17241,65092,2017-08-10 04:16:00,0.9999333014161293,1,First Class,Southern Europe,Europe,España,Andalucía
alert_22173,67142,2017-09-09 02:28:00,0.9999333014161293,1,First Class,Southern Europe,Europe,España,Castilla y León
alert_12988,63293,2017-07-14 22:00:00,0.9999333014161293,1,First Class,Southern Europe,Europe,España,Andalucía
alert_27887,70342,2017-10-25 19:35:00,0.9999332969645253,1,First Class,Western Europe,Europe,Francia,Países del Loira
alert_19229,65913,2017-08-22 03:54:00,0.9999332969645253,1,First Class,Western Europe,Europe,Francia,Provenza-Alpes-Costa Azul
alert_19231,65913,2017-08-22 03:54:00,0.9999332969645253,1,First Class,Western Europe,Europe,Francia,Provenza-Alpes-Costa Azul
alert_29854,72394,2017-11-24 18:29:00,0.9999332822356908,1,First Class,Southeast Asia,Pacific Asia,Malasia,Sarawak
alert_29770,72315,2017-11-23 14:48:00,0.9999332822356908,1,First Class,Southeast Asia,Pacific Asia,Malasia,Sabah
alert_8455,61343,2017-06-16 10:50:00,0.9999332792995902,1,First Class,South America,LATAM,Brasil,Marañón
alert_8454,61343,2017-06-16 10:50:00,0.9999332792995902,1,First Class,South America,LATAM,Brasil,Marañón
alert_18554,65618,2017-08-17 20:33:00,0.9999332792741361,1,First Class,Southern Europe,Europe,Italia,Emilia-Romaña
alert_27286,69694,2017-10-16 08:33:00,0.9999332787630972,1,First Class,Western Europe,Europe,Bélgica,Amberes
alert_31696,74318,2017-12-22 20:33:00,0.9999332733954227,1,First Class,Eastern Asia,Pacific Asia,China,Sichuan
alert_4681,59731,2017-05-23 22:04:00,0.9999332680366501,1,First Class,Central America,LATAM,México,Nuevo León
alert_25159,68388,2017-09-27 07:00:00,0.9999332575854262,1,First Class,Southern Europe,Europe,España,Cataluña
alert_241,57894,2017-04-27 02:29:00,0.9999332499193411,1,First Class,Central America,LATAM,Honduras,Francisco Morazán
alert_424,57973,2017-04-28 06:10:00,0.9999332499193411,1,First Class,Central America,LATAM,Guatemala,Guatemala
alert_395,57959,2017-04-28 01:16:00,0.9999332499193411,1,First Class,Central America,LATAM,Honduras,Francisco Morazán
alert_675,58075,2017-04-29 17:54:00,0.9999332499193411,1,First Class,Central America,LATAM,Honduras,Francisco Morazán
alert_676,58075,2017-04-29 17:54:00,0.9999332499193411,1,First Class,Central America,LATAM,Honduras,Francisco Morazán
alert_5041,59889,2017-05-26 05:26:00,0.9999332499193411,1,First Class,Central America,LATAM,Guatemala,Guatemala
alert_5038,59889,2017-05-26 05:26:00,0.9999332499193411,1,First Class,Central America,LATAM,Guatemala,Guatemala
alert_5094,59921,2017-05-26 16:38:00,0.9999332499193411,1,First Class,Central America,LATAM,Honduras,Francisco Morazán
alert_5093,59921,2017-05-26 16:38:00,0.9999332499193411,1,First Class,Central America,LATAM,Honduras,Francisco Morazán
alert_4759,59767,2017-05-24 10:41:00,0.9999332499193411,1,First Class,Central America,LATAM,Guatemala,Guatemala
alert_4760,59767,2017-05-24 10:41:00,0.9999332499193411,1,First Class,Central America,LATAM,Guatemala,Guatemala
alert_4758,59767,2017-05-24 10:41:00,0.9999332499193411,1,First Class,Central America,LATAM,Guatemala,Guatemala
alert_240,57894,2017-04-27 02:29:00,0.9999332499193411,1,First Class,Central America,LATAM,Honduras,Francisco Morazán
alert_686,58076,2017-04-29 18:15:00,0.9999332499193411,1,First Class,Central America,LATAM,Honduras,Francisco Morazán
alert_684,58076,2017-04-29 18:15:00,0.9999332499193411,1,First Class,Central America,LATAM,Honduras,Francisco Morazán
alert_685,58076,2017-04-29 18:15:00,0.9999332499193411,1,First Class,Central America,LATAM,Honduras,Francisco Morazán
alert_5037,59889,2017-05-26 05:26:00,0.9999332499193411,1,First Class,Central America,LATAM,Guatemala,Guatemala
alert_4989,59856,2017-05-25 17:52:00,0.9999332499193411,1,First Class,Central America,LATAM,Guatemala,Guatemala
alert_4990,59856,2017-05-25 17:52:00,0.9999332499193411,1,First Class,Central America,LATAM,Guatemala,Guatemala
alert_242,57894,2017-04-27 02:29:00,0.9999332499193411,1,First Class,Central America,LATAM,Honduras,Francisco Morazán
alert_394,57959,2017-04-28 01:16:00,0.9999332499193411,1,First Class,Central America,LATAM,Honduras,Francisco Morazán
alert_426,57973,2017-04-28 06:10:00,0.9999332499193411,1,First Class,Central America,LATAM,Guatemala,Guatemala
alert_677,58075,2017-04-29 17:54:00,0.9999332499193411,1,First Class,Central America,LATAM,Honduras,Francisco Morazán
alert_5042,59889,2017-05-26 05:26:00,0.9999332499193411,1,First Class,Central America,LATAM,Guatemala,Guatemala
alert_5040,59889,2017-05-26 05:26:00,0.9999332499193411,1,First Class,Central America,LATAM,Guatemala,Guatemala
alert_682,58076,2017-04-29 18:15:00,0.9999332499193411,1,First Class,Central America,LATAM,Honduras,Francisco Morazán
alert_244,57894,2017-04-27 02:29:00,0.9999332499193411,1,First Class,Central America,LATAM,Honduras,Francisco Morazán
alert_11361,62632,2017-07-05 06:25:00,0.9999332108911407,1,First Class,Western Europe,Europe,Países Bajos,Holanda Meridional
alert_16379,64735,2017-08-04 23:12:00,0.9999332108911407,1,First Class,Western Europe,Europe,Países Bajos,Holanda Meridional
alert_30426,72986,2017-12-03 09:53:00,0.9999332063049087,1,First Class,Southeast Asia,Pacific Asia,Tailandia,Bangkok
alert_17767,65305,2017-08-13 06:54:00,0.9999332062057424,1,First Class,Western Europe,Europe,Francia,Isla de Francia
alert_22981,67484,2017-09-14 02:18:00,0.9999332062057424,1,First Class,Western Europe,Europe,Francia,Isla de Francia
alert_4367,59582,2017-05-21 17:52:00,0.9999332059234504,1,First Class,Central America,LATAM,México,Coahuila
alert_4366,59582,2017-05-21 17:52:00,0.9999332059234504,1,First Class,Central America,LATAM,México,Coahuila
alert_4364,59581,2017-05-21 17:31:00,0.9999332059234504,1,First Class,Central America,LATAM,México,Coahuila
alert_4363,59581,2017-05-21 17:31:00,0.9999332059234504,1,First Class,Central America,LATAM,México,Coahuila
alert_10602,62282,2017-06-30 03:48:00,0.9999331715112197,1,First Class,Western Europe,Europe,Francia,Aquitania-Lemosín-Poitou-Charentes
alert_10604,62282,2017-06-30 03:48:00,0.9999331715112197,1,First Class,Western Europe,Europe,Francia,Aquitania-Lemosín-Poitou-Charentes
alert_12057,62898,2017-07-09 03:37:00,0.9999331687576511,1,First Class,Southern Europe,Europe,Italia,Emilia-Romaña
alert_4673,59730,2017-05-23 21:43:00,0.9999331666081506,1,First Class,Central America,LATAM,México,Nuevo León
alert_4683,59731,2017-05-23 22:04:00,0.9999331666081506,1,First Class,Central America,LATAM,México,Nuevo León
alert_4684,59731,2017-05-23 22:04:00,0.9999331666081506,1,First Class,Central America,LATAM,México,Nuevo León
alert_4668,59729,2017-05-23 21:22:00,0.9999331666081506,1,First Class,Central America,LATAM,México,Nuevo León
alert_19158,65877,2017-08-21 15:17:00,0.9999331584590528,1,First Class,Southern Europe,Europe,España,Castilla y León
alert_31470,74073,2017-12-19 06:43:00,0.9999331157962695,1,First Class,Eastern Asia,Pacific Asia,Japón,Tokio
alert_1154,58272,2017-05-02 14:55:00,0.9999331005818969,1,First Class,South America,LATAM,Brasil,São Paulo
alert_31056,73661,2017-12-13 06:22:00,0.9999331005818969,1,First Class,Eastern Asia,Pacific Asia,Japón,Tokio
alert_6162,60380,2017-06-02 09:27:00,0.9999331005818969,1,First Class,South America,LATAM,Brasil,Pará
alert_6214,60394,2017-06-02 14:21:00,0.9999331005818969,1,First Class,South America,LATAM,Ecuador,Manabí
alert_6166,60380,2017-06-02 09:27:00,0.9999331005818969,1,First Class,South America,LATAM,Brasil,Pará
alert_19154,65876,2017-08-21 14:56:00,0.9999330950246769,1,First Class,Southern Europe,Europe,España,Castilla y León
alert_32694,75352,2018-01-06 22:48:00,0.9999330852479308,1,First Class,South Asia,Pacific Asia,India,Rajastán
alert_32695,75353,2018-01-06 23:09:00,0.9999330852479308,1,First Class,South Asia,Pacific Asia,India,Rajastán
alert_32688,75349,2018-01-06 21:45:00,0.9999330852479308,1,First Class,South Asia,Pacific Asia,India,Rajastán
alert_32691,75350,2018-01-06 22:06:00,0.9999330852479308,1,First Class,South Asia,Pacific Asia,India,Rajastán
alert_32693,75351,2018-01-06 22:27:00,0.9999330852479308,1,First Class,South Asia,Pacific Asia,India,Rajastán
alert_28145,70613,2017-10-29 18:31:00,0.9999330828413329,1,First Class,Southern Europe,Europe,España,Galicia
alert_32417,75087,2018-01-03 01:58:00,0.9999330732196491,1,First Class,Southeast Asia,Pacific Asia,Indonesia,Sumatra Occidental
alert_16146,64616,2017-08-03 05:30:00,0.9999330692026946,1,First Class,Western Europe,Europe,Francia,Provenza-Alpes-Costa Azul
alert_10514,62246,2017-06-29 15:11:00,0.9999330650977367,1,First Class,Western Europe,Europe,Bélgica,Amberes
alert_10515,62247,2017-06-29 15:32:00,0.9999330650977367,1,First Class,Western Europe,Europe,Bélgica,Amberes
alert_10513,62246,2017-06-29 15:11:00,0.9999330650977367,1,First Class,Western Europe,Europe,Bélgica,Amberes
alert_33028,75705,2018-01-12 02:28:00,0.9999330353177482,1,First Class,Oceania,Pacific Asia,Australia,Territorio de la Capital Australiana
alert_32940,75616,2018-01-10 19:18:00,0.9999330353177482,1,First Class,Oceania,Pacific Asia,Australia,Queensland
alert_33031,75706,2018-01-12 02:50:00,0.9999330353177482,1,First Class,Oceania,Pacific Asia,Australia,Territorio de la Capital Australiana
alert_33023,75703,2018-01-12 01:46:00,0.9999330353177482,1,First Class,Oceania,Pacific Asia,Australia,Tasmania
alert_32938,75615,2018-01-10 18:57:00,0.9999330353177482,1,First Class,Oceania,Pacific Asia,Australia,Queensland
alert_30312,72884,2017-12-01 22:09:00,0.9999330353177482,1,First Class,Oceania,Pacific Asia,Australia,Queensland
alert_32934,75613,2018-01-10 18:15:00,0.9999330353177482,1,First Class,South Asia,Pacific Asia,Pakistán,Punyab
alert_30313,72885,2017-12-01 22:30:00,0.9999330353177482,1,First Class,Oceania,Pacific Asia,Australia,Victoria
alert_32913,75588,2018-01-10 09:29:00,0.9999330353177482,1,First Class,Eastern Asia,Pacific Asia,Japón,Shizuoka
alert_32914,75589,2018-01-10 09:50:00,0.9999330353177482,1,First Class,Eastern Asia,Pacific Asia,Japón,Shizuoka
alert_33021,75702,2018-01-12 01:25:00,0.9999330353177482,1,First Class,Oceania,Pacific Asia,Australia,Tasmania
alert_1528,58409,2017-05-04 14:55:00,0.9999330353177482,1,First Class,South America,LATAM,Brasil,Minas Gerais
alert_1465,58395,2017-05-04 10:01:00,0.9999330353177482,1,First Class,South America,LATAM,Brasil,Mato Grosso del Sur
alert_32911,75587,2018-01-10 09:08:00,0.9999330353177482,1,First Class,Eastern Asia,Pacific Asia,Japón,Shizuoka
alert_30379,72940,2017-12-02 17:46:00,0.9999330353177482,1,First Class,Oceania,Pacific Asia,Australia,Queensland
alert_32972,75646,2018-01-11 05:48:00,0.9999330353177482,1,First Class,Oceania,Pacific Asia,Australia,Queensland
alert_30462,73026,2017-12-03 23:54:00,0.9999330353177482,1,First Class,Eastern Asia,Pacific Asia,China,Zhejiang
alert_32893,75574,2018-01-10 04:35:00,0.9999330353177482,1,First Class,South Asia,Pacific Asia,India,Manipur
alert_13268,63396,2017-07-16 10:05:00,0.9999330270877367,1,First Class,Southern Europe,Europe,España,Madrid
alert_20667,66498,2017-08-30 16:51:00,0.9999330102599636,1,First Class,Western Europe,Europe,Alemania,Baja Sajonia
alert_32663,75329,2018-01-06 14:45:00,0.9999329942486291,1,First Class,Southeast Asia,Pacific Asia,Tailandia,Bangkok
alert_21366,66807,2017-09-04 05:07:00,0.9999329793375047,1,First Class,Western Europe,Europe,Alemania,Renania del Norte-Westfalia
alert_21373,66810,2017-09-04 06:10:00,0.9999329793375047,1,First Class,Western Europe,Europe,Alemania,Renania del Norte-Westfalia
alert_21367,66808,2017-09-04 05:28:00,0.9999329793375047,1,First Class,Western Europe,Europe,Alemania,Renania del Norte-Westfalia
alert_21370,66810,2017-09-04 06:10:00,0.9999329793375047,1,First Class,Western Europe,Europe,Alemania,Renania del Norte-Westfalia
alert_21374,66810,2017-09-04 06:10:00,0.9999329793375047,1,First Class,Western Europe,Europe,Alemania,Renania del Norte-Westfalia
alert_21364,66807,2017-09-04 05:07:00,0.9999329793375047,1,First Class,Western Europe,Europe,Alemania,Renania del Norte-Westfalia
alert_21365,66807,2017-09-04 05:07:00,0.9999329793375047,1,First Class,Western Europe,Europe,Alemania,Renania del Norte-Westfalia
alert_3513,59225,2017-05-16 12:48:00,0.999932973420326,1,First Class,Central America,LATAM,México,Sonora
alert_29341,71857,2017-11-16 22:21:00,0.999932973420326,1,First Class,South Asia,Pacific Asia,India,Tamil Nadu
alert_31485,74086,2017-12-19 11:16:00,0.999932954410587,1,First Class,Oceania,Pacific Asia,Australia,Victoria
alert_18374,65537,2017-08-16 16:10:00,0.9999329393447132,1,First Class,Western Europe,Europe,Alemania,Renania del Norte-Westfalia
alert_18372,65537,2017-08-16 16:10:00,0.9999329393447132,1,First Class,Western Europe,Europe,Alemania,Renania del Norte-Westfalia
alert_18371,65537,2017-08-16 16:10:00,0.9999329393447132,1,First Class,Western Europe,Europe,Alemania,Renania del Norte-Westfalia
alert_18370,65537,2017-08-16 16:10:00,0.9999329393447132,1,First Class,Western Europe,Europe,Alemania,Renania del Norte-Westfalia
alert_10747,62343,2017-07-01 01:10:00,0.9999329211151756,1,First Class,Northern Europe,Europe,Reino Unido,Inglaterra
alert_21832,66994,2017-09-06 22:37:00,0.9999329211151756,1,First Class,Northern Europe,Europe,Reino Unido,Inglaterra
alert_21834,66994,2017-09-06 22:37:00,0.9999329211151756,1,First Class,Northern Europe,Europe,Reino Unido,Inglaterra
alert_30932,73524,2017-12-11 06:22:00,0.9999329196953538,1,First Class,Oceania,Pacific Asia,Australia,Victoria
alert_30935,73525,2017-12-11 06:43:00,0.9999329196953538,1,First Class,Oceania,Pacific Asia,Australia,Victoria
alert_30969,73567,2017-12-11 21:26:00,0.9999329196953538,1,First Class,Oceania,Pacific Asia,Australia,Nueva Gales del Sur
alert_1804,58515,2017-05-06 04:03:00,0.9999329170914801,1,First Class,Central America,LATAM,Panamá,Panamá
alert_1294,58325,2017-05-03 09:29:00,0.9999329170914801,1,First Class,Central America,LATAM,Panamá,Panamá
alert_7559,60953,2017-06-10 18:12:00,0.9999329170914801,1,First Class,Central America,LATAM,Panamá,Panamá
alert_5975,60296,2017-06-01 04:01:00,0.9999329170914801,1,First Class,Central America,LATAM,Guatemala,Quezaltenango
alert_6393,60478,2017-06-03 19:47:00,0.9999329170914801,1,First Class,Central America,LATAM,El Salvador,San Salvador
alert_8066,61178,2017-06-14 01:01:00,0.9999329170914801,1,First Class,Central America,LATAM,El Salvador,San Salvador
alert_1437,58390,2017-05-04 08:16:00,0.9999329170914801,1,First Class,Caribbean,LATAM,República Dominicana,San Pedro de Macorís
alert_4803,59782,2017-05-24 15:56:00,0.9999329070692182,1,First Class,South America,LATAM,Colombia,Cundinamarca
alert_4804,59782,2017-05-24 15:56:00,0.9999329070692182,1,First Class,South America,LATAM,Colombia,Cundinamarca
alert_4806,59782,2017-05-24 15:56:00,0.9999329070692182,1,First Class,South America,LATAM,Colombia,Cundinamarca
alert_4805,59782,2017-05-24 15:56:00,0.9999329070692182,1,First Class,South America,LATAM,Colombia,Cundinamarca
alert_11487,62675,2017-07-05 21:29:00,0.9999328968738564,1,First Class,Western Europe,Europe,Francia,Bretaña
alert_11479,62674,2017-07-05 21:08:00,0.9999328968738564,1,First Class,Western Europe,Europe,Francia,Bretaña
alert_3068,59044,2017-05-13 21:23:00,0.9999328939513015,1,First Class,Central America,LATAM,México,Jalisco
alert_6200,60390,2017-06-02 12:57:00,0.9999328939513015,1,First Class,Central America,LATAM,México,Chihuahua
alert_30578,72875,2017-12-05 19:00:00,0.999932887898872,1,Second Class,Eastern Asia,Pacific Asia,China,Anhui
alert_5062,59896,2017-05-26 07:53:00,0.9999328674207515,1,First Class,South America,LATAM,Brasil,Bahía
alert_2376,58762,2017-05-09 18:35:00,0.9999328668018466,1,First Class,Central America,LATAM,Guatemala,Guatemala
alert_6833,60632,2017-06-06 01:44:00,0.9999328668018466,1,First Class,Central America,LATAM,Guatemala,Guatemala
alert_2375,58762,2017-05-09 18:35:00,0.9999328668018466,1,First Class,Central America,LATAM,Guatemala,Guatemala
alert_13192,63366,2017-07-15 23:34:00,0.999932860972263,1,First Class,Western Europe,Europe,Alemania,Hamburgo
alert_12979,63290,2017-07-14 20:57:00,0.999932860972263,1,First Class,Western Europe,Europe,Alemania,Baja Sajonia
alert_12965,63288,2017-07-14 20:15:00,0.999932860972263,1,First Class,Western Europe,Europe,Alemania,Baja Sajonia
alert_21932,67040,2017-09-07 14:44:00,0.999932860972263,1,First Class,Western Europe,Europe,Alemania,Bavaria
alert_21855,67003,2017-09-07 01:47:00,0.999932860972263,1,First Class,Western Europe,Europe,Alemania,Hamburgo
alert_12969,63289,2017-07-14 20:36:00,0.999932860972263,1,First Class,Western Europe,Europe,Alemania,Baja Sajonia
alert_12148,62927,2017-07-09 13:46:00,0.999932860972263,1,First Class,Western Europe,Europe,Alemania,Hamburgo
alert_13188,63366,2017-07-15 23:34:00,0.999932860972263,1,First Class,Western Europe,Europe,Alemania,Hamburgo
alert_11690,62753,2017-07-07 00:49:00,0.999932860972263,1,First Class,Western Europe,Europe,Alemania,Baja Sajonia
alert_11704,62755,2017-07-07 01:31:00,0.999932860972263,1,First Class,Western Europe,Europe,Alemania,Baja Sajonia
alert_11708,62756,2017-07-07 01:52:00,0.999932860972263,1,First Class,Western Europe,Europe,Alemania,Baja Sajonia
alert_11693,62754,2017-07-07 01:10:00,0.999932860972263,1,First Class,Western Europe,Europe,Alemania,Baja Sajonia
alert_18558,65619,2017-08-17 20:54:00,0.9999328600333578,1,First Class,Southern Europe,Europe,Italia,Emilia-Romaña
alert_1673,58464,2017-05-05 10:11:00,0.9999328574555691,1,First Class,Central America,LATAM,Honduras,Cortés
alert_7758,61036,2017-06-11 23:16:00,0.9999328574555691,1,First Class,Central America,LATAM,Honduras,Cortés
alert_28759,71258,2017-11-08 04:30:00,0.9999328574555691,1,First Class,Northern Europe,Europe,Reino Unido,Inglaterra
alert_28758,71257,2017-11-08 04:09:00,0.9999328574555691,1,First Class,Northern Europe,Europe,Reino Unido,Inglaterra
alert_1674,58464,2017-05-05 10:11:00,0.9999328574555691,1,First Class,Central America,LATAM,Honduras,Cortés
alert_7641,60980,2017-06-11 03:39:00,0.9999328574555691,1,First Class,Central America,LATAM,Honduras,Francisco Morazán
alert_7642,60980,2017-06-11 03:39:00,0.9999328574555691,1,First Class,Central America,LATAM,Honduras,Francisco Morazán
alert_1932,58574,2017-05-07 00:43:00,0.9999328574555691,1,First Class,Central America,LATAM,México,Chiapas
alert_1933,58574,2017-05-07 00:43:00,0.9999328574555691,1,First Class,Central America,LATAM,México,Chiapas
alert_1666,58464,2017-05-05 10:11:00,0.9999328574555691,1,First Class,Central America,LATAM,Honduras,Cortés
alert_1667,58464,2017-05-05 10:11:00,0.9999328574555691,1,First Class,Central America,LATAM,Honduras,Cortés
alert_7578,60958,2017-06-10 19:57:00,0.9999328574555691,1,First Class,Central America,LATAM,Honduras,Francisco Morazán
alert_7723,61023,2017-06-11 18:43:00,0.9999328574555691,1,First Class,Central America,LATAM,Honduras,Francisco Morazán
alert_7722,61023,2017-06-11 18:43:00,0.9999328574555691,1,First Class,Central America,LATAM,Honduras,Francisco Morazán
alert_7721,61023,2017-06-11 18:43:00,0.9999328574555691,1,First Class,Central America,LATAM,Honduras,Francisco Morazán
alert_7720,61023,2017-06-11 18:43:00,0.9999328574555691,1,First Class,Central America,LATAM,Honduras,Francisco Morazán
alert_7719,61023,2017-06-11 18:43:00,0.9999328574555691,1,First Class,Central America,LATAM,Honduras,Francisco Morazán
alert_27133,69540,2017-10-14 02:36:00,0.9999328574555691,1,First Class,Northern Europe,Europe,Reino Unido,Gales
alert_7759,61038,2017-06-11 23:58:00,0.9999328574555691,1,First Class,Central America,LATAM,Honduras,Cortés
alert_7760,61038,2017-06-11 23:58:00,0.9999328574555691,1,First Class,Central America,LATAM,Honduras,Cortés
alert_7761,61038,2017-06-11 23:58:00,0.9999328574555691,1,First Class,Central America,LATAM,Honduras,Cortés
alert_32677,75339,2018-01-06 18:15:00,0.9999328574555691,1,First Class,Eastern Asia,Pacific Asia,China,Heilongjiang
alert_22477,67271,2017-09-10 23:40:00,0.9999328574555691,1,First Class,Northern Europe,Europe,Reino Unido,Inglaterra
alert_32651,75318,2018-01-06 10:53:00,0.9999328574555691,1,First Class,Eastern Asia,Pacific Asia,China,Hebei
alert_32665,75331,2018-01-06 15:27:00,0.9999328574555691,1,First Class,Eastern Asia,Pacific Asia,China,Hebei
alert_17339,65132,2017-08-10 18:17:00,0.9999328574555691,1,First Class,Northern Europe,Europe,Reino Unido,Inglaterra
alert_17340,65132,2017-08-10 18:17:00,0.9999328574555691,1,First Class,Northern Europe,Europe,Reino Unido,Inglaterra
alert_2733,58915,2017-05-12 00:11:00,0.9999328574555691,1,First Class,Central America,LATAM,Honduras,Cortés
alert_27187,69593,2017-10-14 21:10:00,0.9999328574555691,1,First Class,Northern Europe,Europe,Reino Unido,Inglaterra
alert_7313,60847,2017-06-09 05:03:00,0.9999328574555691,1,First Class,Central America,LATAM,México,Distrito Federal
alert_7539,60943,2017-06-10 14:41:00,0.9999328574555691,1,First Class,Central America,LATAM,Guatemala,Guatemala
alert_7538,60943,2017-06-10 14:41:00,0.9999328574555691,1,First Class,Central America,LATAM,Guatemala,Guatemala
alert_7314,60847,2017-06-09 05:03:00,0.9999328574555691,1,First Class,Central America,LATAM,México,Distrito Federal
alert_16553,64809,2017-08-06 01:07:00,0.9999328574555691,1,First Class,Northern Europe,Europe,Reino Unido,Inglaterra
alert_7409,60898,2017-06-09 22:55:00,0.9999328574555691,1,First Class,Central America,LATAM,Honduras,Cortés
alert_7408,60898,2017-06-09 22:55:00,0.9999328574555691,1,First Class,Central America,LATAM,Honduras,Cortés
alert_7540,60943,2017-06-10 14:41:00,0.9999328574555691,1,First Class,Central America,LATAM,Guatemala,Guatemala
alert_27130,69537,2017-10-14 01:33:00,0.9999328574555691,1,First Class,Northern Europe,Europe,Reino Unido,Inglaterra
alert_8277,61264,2017-06-15 07:09:00,0.9999328574555691,1,First Class,Central America,LATAM,Honduras,Francisco Morazán
alert_8276,61264,2017-06-15 07:09:00,0.9999328574555691,1,First Class,Central America,LATAM,Honduras,Francisco Morazán
alert_7410,60898,2017-06-09 22:55:00,0.9999328574555691,1,First Class,Central America,LATAM,Honduras,Cortés
alert_7579,60958,2017-06-10 19:57:00,0.9999328574555691,1,First Class,Central America,LATAM,Honduras,Francisco Morazán
alert_7638,60980,2017-06-11 03:39:00,0.9999328574555691,1,First Class,Central America,LATAM,Honduras,Francisco Morazán
alert_17338,65131,2017-08-10 17:56:00,0.9999328574555691,1,First Class,Northern Europe,Europe,Reino Unido,Inglaterra
alert_17679,65265,2017-08-12 16:53:00,0.9999328574555691,1,First Class,Northern Europe,Europe,Reino Unido,Inglaterra
alert_17866,65338,2017-08-13 18:27:00,0.9999328574555691,1,First Class,Northern Europe,Europe,Reino Unido,Inglaterra
alert_17865,65338,2017-08-13 18:27:00,0.9999328574555691,1,First Class,Northern Europe,Europe,Reino Unido,Inglaterra
alert_17684,65266,2017-08-12 17:14:00,0.9999328574555691,1,First Class,Northern Europe,Europe,Reino Unido,Inglaterra
alert_33141,75832,2018-01-13 22:58:00,0.9999328574555691,1,First Class,South Asia,Pacific Asia,India,Guyarat
alert_8280,61264,2017-06-15 07:09:00,0.9999328574555691,1,First Class,Central America,LATAM,Honduras,Francisco Morazán
alert_33142,75833,2018-01-13 23:19:00,0.9999328574555691,1,First Class,South Asia,Pacific Asia,India,Guyarat
alert_17683,65266,2017-08-12 17:14:00,0.9999328574555691,1,First Class,Northern Europe,Europe,Reino Unido,Inglaterra
alert_17682,65266,2017-08-12 17:14:00,0.9999328574555691,1,First Class,Northern Europe,Europe,Reino Unido,Inglaterra
alert_29209,71738,2017-11-15 04:39:00,0.9999328574555691,1,First Class,Eastern Asia,Pacific Asia,China,Gansu
alert_31120,73731,2017-12-14 06:54:00,0.9999328574555691,1,First Class,Oceania,Pacific Asia,Australia,Australia Occidental
alert_21833,66994,2017-09-06 22:37:00,0.9999328574555691,1,First Class,Northern Europe,Europe,Reino Unido,Inglaterra
alert_29208,71737,2017-11-15 04:18:00,0.9999328574555691,1,First Class,Eastern Asia,Pacific Asia,China,Gansu
alert_17685,65266,2017-08-12 17:14:00,0.9999328574555691,1,First Class,Northern Europe,Europe,Reino Unido,Inglaterra
alert_17867,65338,2017-08-13 18:27:00,0.9999328574555691,1,First Class,Northern Europe,Europe,Reino Unido,Inglaterra
alert_17864,65338,2017-08-13 18:27:00,0.9999328574555691,1,First Class,Northern Europe,Europe,Reino Unido,Inglaterra
alert_17868,65339,2017-08-13 18:48:00,0.9999328574555691,1,First Class,Northern Europe,Europe,Reino Unido,Inglaterra
alert_1930,58574,2017-05-07 00:43:00,0.9999328574555691,1,First Class,Central America,LATAM,México,Chiapas
alert_1931,58574,2017-05-07 00:43:00,0.9999328574555691,1,First Class,Central America,LATAM,México,Chiapas
alert_1889,58555,2017-05-06 18:04:00,0.9999328574555691,1,First Class,Central America,LATAM,México,Chiapas
alert_1890,58555,2017-05-06 18:04:00,0.9999328574555691,1,First Class,Central America,LATAM,México,Chiapas
alert_33090,75775,2018-01-13 03:00:00,0.9999328574555691,1,First Class,Eastern Asia,Pacific Asia,China,Gansu
alert_17870,65339,2017-08-13 18:48:00,0.9999328574555691,1,First Class,Northern Europe,Europe,Reino Unido,Inglaterra
alert_17871,65339,2017-08-13 18:48:00,0.9999328574555691,1,First Class,Northern Europe,Europe,Reino Unido,Inglaterra
alert_1945,58575,2017-05-07 01:04:00,0.9999328574555691,1,First Class,Central America,LATAM,Honduras,Francisco Morazán
alert_1944,58575,2017-05-07 01:04:00,0.9999328574555691,1,First Class,Central America,LATAM,Honduras,Francisco Morazán
alert_1943,58575,2017-05-07 01:04:00,0.9999328574555691,1,First Class,Central America,LATAM,Honduras,Francisco Morazán
alert_2085,58636,2017-05-07 22:27:00,0.9999328574555691,1,First Class,Central America,LATAM,Honduras,Francisco Morazán
alert_1929,58573,2017-05-07 00:22:00,0.9999328574555691,1,First Class,Central America,LATAM,México,Chiapas
alert_23087,67520,2017-09-14 14:54:00,0.9999328574555691,1,First Class,Northern Europe,Europe,Irlanda,Dublín del Sur
alert_23086,67520,2017-09-14 14:54:00,0.9999328574555691,1,First Class,Northern Europe,Europe,Irlanda,Dublín del Sur
alert_23085,67520,2017-09-14 14:54:00,0.9999328574555691,1,First Class,Northern Europe,Europe,Irlanda,Dublín del Sur
alert_23083,67520,2017-09-14 14:54:00,0.9999328574555691,1,First Class,Northern Europe,Europe,Irlanda,Dublín del Sur
alert_8348,61297,2017-06-15 18:43:00,0.9999328574555691,1,First Class,South America,LATAM,Brasil,Ceará
alert_8349,61297,2017-06-15 18:43:00,0.9999328574555691,1,First Class,South America,LATAM,Brasil,Ceará
alert_1892,58556,2017-05-06 18:25:00,0.9999328574555691,1,First Class,Central America,LATAM,México,Chiapas
alert_1949,58576,2017-05-07 01:25:00,0.9999328574555691,1,First Class,Central America,LATAM,Honduras,Francisco Morazán
alert_33124,75811,2018-01-13 15:37:00,0.9999328574555691,1,First Class,Eastern Asia,Pacific Asia,China,Guangdong
alert_1888,58555,2017-05-06 18:04:00,0.9999328574555691,1,First Class,Central America,LATAM,México,Chiapas
alert_1934,58574,2017-05-07 00:43:00,0.9999328574555691,1,First Class,Central America,LATAM,México,Chiapas
alert_1942,58575,2017-05-07 01:04:00,0.9999328574555691,1,First Class,Central America,LATAM,Honduras,Francisco Morazán
alert_7757,61036,2017-06-11 23:16:00,0.9999328574555691,1,First Class,Central America,LATAM,Honduras,Cortés
alert_7762,61038,2017-06-11 23:58:00,0.9999328574555691,1,First Class,Central America,LATAM,Honduras,Cortés
alert_7640,60980,2017-06-11 03:39:00,0.9999328574555691,1,First Class,Central America,LATAM,Honduras,Francisco Morazán
alert_7639,60980,2017-06-11 03:39:00,0.9999328574555691,1,First Class,Central America,LATAM,Honduras,Francisco Morazán
alert_22297,67205,2017-09-10 00:33:00,0.999932855675959,1,First Class,Northern Europe,Europe,Reino Unido,Inglaterra
alert_16073,64583,2017-08-02 17:57:00,0.999932855675959,1,First Class,Northern Europe,Europe,Reino Unido,Inglaterra
alert_16434,64760,2017-08-05 07:57:00,0.999932855675959,1,First Class,Northern Europe,Europe,Reino Unido,Inglaterra
alert_30315,72886,2017-12-01 22:51:00,0.999932855675959,1,First Class,South Asia,Pacific Asia,Bangladés,Daca
alert_30369,72926,2017-12-02 12:52:00,0.999932855675959,1,First Class,Eastern Asia,Pacific Asia,China,Heilongjiang
alert_30367,72925,2017-12-02 12:31:00,0.999932855675959,1,First Class,Eastern Asia,Pacific Asia,China,Heilongjiang
alert_22037,67087,2017-09-08 07:12:00,0.999932855675959,1,First Class,Northern Europe,Europe,Reino Unido,Inglaterra
alert_30661,73243,2017-12-07 03:56:00,0.9999328512138108,1,First Class,Oceania,Pacific Asia,Australia,Nueva Gales del Sur
alert_20515,66447,2017-08-29 22:59:00,0.9999328347226945,1,First Class,Western Europe,Europe,Alemania,Hesse
alert_22815,67410,2017-09-13 00:22:00,0.9999328332836741,1,First Class,Western Europe,Europe,Austria,Tirol
alert_22813,67410,2017-09-13 00:22:00,0.9999328332836741,1,First Class,Western Europe,Europe,Austria,Tirol
alert_22816,67410,2017-09-13 00:22:00,0.9999328332836741,1,First Class,Western Europe,Europe,Austria,Tirol
alert_22814,67410,2017-09-13 00:22:00,0.9999328332836741,1,First Class,Western Europe,Europe,Austria,Tirol
alert_18517,65595,2017-08-17 12:30:00,0.9999328316233812,1,First Class,Southern Europe,Europe,España,Andalucía
alert_12726,63174,2017-07-13 04:18:00,0.9999328168563245,1,First Class,Western Europe,Europe,Francia,Normandía
alert_12727,63174,2017-07-13 04:18:00,0.9999328168563245,1,First Class,Western Europe,Europe,Francia,Normandía
alert_18361,65534,2017-08-16 15:07:00,0.9999328056502768,1,First Class,Southern Europe,Europe,Italia,Toscana
alert_18362,65534,2017-08-16 15:07:00,0.9999328056502768,1,First Class,Southern Europe,Europe,Italia,Toscana
alert_31271,73875,2017-12-16 09:21:00,0.9999328056502768,1,First Class,Southeast Asia,Pacific Asia,Malasia,Sabah
alert_31274,73876,2017-12-16 09:42:00,0.9999328056502768,1,First Class,Southeast Asia,Pacific Asia,Malasia,Sabah
alert_31242,73853,2017-12-16 01:38:00,0.9999328056502768,1,First Class,Southeast Asia,Pacific Asia,Indonesia,Sumatra Septentrional
alert_18360,65534,2017-08-16 15:07:00,0.9999328056502768,1,First Class,Southern Europe,Europe,Italia,Toscana
alert_31276,73877,2017-12-16 10:03:00,0.9999328056502768,1,First Class,Southeast Asia,Pacific Asia,Malasia,Sabah
alert_17902,65344,2017-08-13 20:33:00,0.999932804983313,1,First Class,Southern Europe,Europe,España,Madrid
alert_17904,65345,2017-08-13 20:54:00,0.999932804983313,1,First Class,Southern Europe,Europe,España,Madrid
alert_4856,59792,2017-05-24 19:27:00,0.9999328039344911,1,First Class,South America,LATAM,Brasil,Rio Grande do Sul
alert_4855,59792,2017-05-24 19:27:00,0.9999328039344911,1,First Class,South America,LATAM,Brasil,Rio Grande do Sul
alert_18556,65618,2017-08-17 20:33:00,0.999932796315787,1,First Class,Southern Europe,Europe,Italia,Emilia-Romaña
alert_12233,62954,2017-07-09 23:14:00,0.9999327865058684,1,First Class,Western Europe,Europe,Francia,Isla de Francia
alert_18518,65595,2017-08-17 12:30:00,0.9999327678788503,1,First Class,Southern Europe,Europe,España,Andalucía
alert_19668,66103,2017-08-24 22:28:00,0.9999327616815697,1,First Class,Southern Europe,Europe,España,Islas Baleares
alert_21368,66810,2017-09-04 06:10:00,0.9999327461519756,1,First Class,Western Europe,Europe,Alemania,Renania del Norte-Westfalia
alert_27322,69732,2017-10-16 21:52:00,0.9999327406120162,1,First Class,Western Europe,Europe,Francia,Provenza-Alpes-Costa Azul
alert_19260,65929,2017-08-22 09:30:00,0.9999327383563088,1,First Class,Southern Europe,Europe,Italia,Friuli-Venecia Julia
alert_11363,62632,2017-07-05 06:25:00,0.9999327274378342,1,First Class,Western Europe,Europe,Países Bajos,Holanda Meridional
alert_17240,65091,2017-08-10 03:55:00,0.9999327274378342,1,First Class,Western Europe,Europe,Francia,Centro-Valle de Loira
alert_17230,65090,2017-08-10 03:34:00,0.9999327274378342,1,First Class,Western Europe,Europe,Francia,Centro-Valle de Loira
alert_11349,62630,2017-07-05 05:43:00,0.9999327274378342,1,First Class,Western Europe,Europe,Países Bajos,Holanda Meridional
alert_23180,67555,2017-09-15 03:10:00,0.9999327227185228,1,First Class,Western Europe,Europe,Francia,Isla de Francia
alert_12214,62950,2017-07-09 21:50:00,0.9999327227185228,1,First Class,Western Europe,Europe,Francia,Isla de Francia
alert_23173,67554,2017-09-15 02:49:00,0.9999327227185228,1,First Class,Western Europe,Europe,Francia,Isla de Francia
alert_23184,67555,2017-09-15 03:10:00,0.9999327227185228,1,First Class,Western Europe,Europe,Francia,Isla de Francia
alert_17770,65306,2017-08-13 07:15:00,0.9999327227185228,1,First Class,Western Europe,Europe,Francia,Isla de Francia
alert_23175,67554,2017-09-15 02:49:00,0.9999327227185228,1,First Class,Western Europe,Europe,Francia,Isla de Francia
alert_12206,62947,2017-07-09 20:47:00,0.9999327227185228,1,First Class,Western Europe,Europe,Francia,Isla de Francia
alert_12209,62947,2017-07-09 20:47:00,0.9999327227185228,1,First Class,Western Europe,Europe,Francia,Isla de Francia
alert_12212,62949,2017-07-09 21:29:00,0.9999327227185228,1,First Class,Western Europe,Europe,Francia,Isla de Francia
alert_12231,62954,2017-07-09 23:14:00,0.9999327227185228,1,First Class,Western Europe,Europe,Francia,Isla de Francia
alert_17074,65019,2017-08-09 02:42:00,0.9999327227185228,1,First Class,Western Europe,Europe,Francia,Isla de Francia
alert_21180,66717,2017-09-02 21:35:00,0.9999327209353416,1,First Class,Western Europe,Europe,Francia,Isla de Francia
alert_22772,67392,2017-09-12 18:04:00,0.9999327017072578,1,First Class,Southern Europe,Europe,Italia,Lacio
alert_22775,67392,2017-09-12 18:04:00,0.9999327017072578,1,First Class,Southern Europe,Europe,Italia,Lacio
alert_27290,69696,2017-10-16 09:15:00,0.9999327011897631,1,First Class,Northern Europe,Europe,Reino Unido,Inglaterra
alert_27288,69695,2017-10-16 08:54:00,0.9999327011897631,1,First Class,Northern Europe,Europe,Reino Unido,Inglaterra
alert_11828,62805,2017-07-07 19:02:00,0.9999326893952751,1,First Class,Southern Europe,Europe,España,Andalucía
alert_22294,67204,2017-09-10 00:12:00,0.9999326893952751,1,First Class,Southern Europe,Europe,Italia,Emilia-Romaña
alert_28889,71389,2017-11-10 02:23:00,0.9999326893952751,1,First Class,Southern Europe,Europe,Italia,Emilia-Romaña
alert_29259,71783,2017-11-15 20:25:00,0.9999326893952751,1,First Class,Southeast Asia,Pacific Asia,Indonesia,Borneo Occidental
alert_29260,71784,2017-11-15 20:46:00,0.9999326893952751,1,First Class,Southeast Asia,Pacific Asia,Indonesia,Borneo Occidental
alert_27254,69663,2017-10-15 21:42:00,0.9999326893952751,1,First Class,Southern Europe,Europe,Italia,Emilia-Romaña
alert_22291,67204,2017-09-10 00:12:00,0.9999326893952751,1,First Class,Southern Europe,Europe,Italia,Emilia-Romaña
alert_11829,62805,2017-07-07 19:02:00,0.9999326893952751,1,First Class,Southern Europe,Europe,España,Andalucía
alert_27051,69449,2017-10-12 18:43:00,0.9999326893952751,1,First Class,Southern Europe,Europe,España,Andalucía
alert_11830,62805,2017-07-07 19:02:00,0.9999326893952751,1,First Class,Southern Europe,Europe,España,Andalucía
alert_24347,68055,2017-09-22 10:20:00,0.9999326532750484,1,First Class,Western Europe,Europe,Francia,Languedoc-Rosellón-Mediodía-Pirineos
alert_24345,68055,2017-09-22 10:20:00,0.9999326532750484,1,First Class,Western Europe,Europe,Francia,Languedoc-Rosellón-Mediodía-Pirineos
alert_24339,68054,2017-09-22 09:59:00,0.9999326532750484,1,First Class,Western Europe,Europe,Francia,Languedoc-Rosellón-Mediodía-Pirineos
alert_18984,65794,2017-08-20 10:13:00,0.9999326494500067,1,First Class,Western Europe,Europe,Austria,Viena
alert_18991,65795,2017-08-20 10:34:00,0.9999326494500067,1,First Class,Western Europe,Europe,Austria,Viena
alert_18983,65794,2017-08-20 10:13:00,0.9999326494500067,1,First Class,Western Europe,Europe,Austria,Viena
alert_14208,63808,2017-07-22 10:26:00,0.9999326409542059,1,First Class,Western Europe,Europe,Francia,Isla de Francia
alert_14207,63808,2017-07-22 10:26:00,0.9999326409542059,1,First Class,Western Europe,Europe,Francia,Isla de Francia
alert_14209,63808,2017-07-22 10:26:00,0.9999326409542059,1,First Class,Western Europe,Europe,Francia,Isla de Francia
alert_14206,63808,2017-07-22 10:26:00,0.9999326409542059,1,First Class,Western Europe,Europe,Francia,Isla de Francia
alert_14210,63808,2017-07-22 10:26:00,0.9999326409542059,1,First Class,Western Europe,Europe,Francia,Isla de Francia
alert_28008,70472,2017-10-27 17:07:00,0.9999326409542059,1,First Class,Western Europe,Europe,Francia,Isla de Francia
alert_34115,76856,2018-01-28 21:43:00,0.9999326395655046,1,First Class,Southeast Asia,Pacific Asia,Indonesia,Nusatenggara Occidental
alert_18505,65593,2017-08-17 11:47:00,0.9999326342520137,1,First Class,Western Europe,Europe,Francia,Isla de Francia
alert_27327,69738,2017-10-16 23:58:00,0.9999326239663342,1,First Class,Southern Europe,Europe,Italia,Toscana
alert_24885,68261,2017-09-25 10:31:00,0.9999326222995245,1,First Class,Southern Europe,Europe,Italia,Campania
alert_24883,68261,2017-09-25 10:31:00,0.9999326222995245,1,First Class,Southern Europe,Europe,Italia,Campania
alert_20440,66423,2017-08-29 14:35:00,0.9999326199174069,1,First Class,Southern Europe,Europe,Italia,Piamonte
alert_28116,70589,2017-10-29 10:07:00,0.9999326199174069,1,First Class,Southern Europe,Europe,Italia,Piamonte
alert_27914,70373,2017-10-26 06:26:00,0.9999326199174069,1,First Class,Southern Europe,Europe,Italia,Piamonte
alert_20901,66601,2017-09-01 04:56:00,0.9999326145441694,1,First Class,Northern Europe,Europe,Finlandia,Uusimaa
alert_7537,60942,2017-06-10 14:20:00,0.9999326145441694,1,First Class,South America,LATAM,Perú,Lima (ciudad)
alert_7532,60941,2017-06-10 13:59:00,0.9999326145441694,1,First Class,South America,LATAM,Perú,Lima (ciudad)
alert_28201,70669,2017-10-30 14:08:00,0.9999326078325352,1,First Class,Western Europe,Europe,Alemania,Hesse
alert_28183,70649,2017-10-30 07:08:00,0.9999326078325352,1,First Class,Western Europe,Europe,Países Bajos,Holanda Meridional
alert_28200,70668,2017-10-30 13:47:00,0.9999326078325352,1,First Class,Western Europe,Europe,Alemania,Hesse
alert_16774,64897,2017-08-07 07:57:00,0.9999326022996091,1,First Class,Western Europe,Europe,Alemania,Sarre
alert_16778,64898,2017-08-07 08:18:00,0.9999326022996091,1,First Class,Western Europe,Europe,Alemania,Sarre
alert_5187,59958,2017-05-27 05:36:00,0.9999325923107798,1,First Class,South America,LATAM,Brasil,Rio Grande do Sul
alert_5185,59957,2017-05-27 05:15:00,0.9999325923107798,1,First Class,South America,LATAM,Brasil,Rio Grande do Sul
alert_5186,59958,2017-05-27 05:36:00,0.9999325923107798,1,First Class,South America,LATAM,Brasil,Rio Grande do Sul
alert_5188,59958,2017-05-27 05:36:00,0.9999325923107798,1,First Class,South America,LATAM,Brasil,Rio Grande do Sul
alert_5183,59957,2017-05-27 05:15:00,0.9999325923107798,1,First Class,South America,LATAM,Brasil,Rio Grande do Sul
alert_5182,59957,2017-05-27 05:15:00,0.9999325923107798,1,First Class,South America,LATAM,Brasil,Rio Grande do Sul
alert_5181,59957,2017-05-27 05:15:00,0.9999325923107798,1,First Class,South America,LATAM,Brasil,Rio Grande do Sul
alert_31554,74169,2017-12-20 16:21:00,0.9999325860715365,1,First Class,Oceania,Pacific Asia,Australia,Queensland
alert_29827,72366,2017-11-24 08:40:00,0.9999325849297338,1,First Class,Eastern Asia,Pacific Asia,Corea del Sur,Seúl
alert_29824,72365,2017-11-24 08:19:00,0.9999325849297338,1,First Class,Eastern Asia,Pacific Asia,Corea del Sur,Seúl
alert_29828,72367,2017-11-24 09:01:00,0.9999325849297338,1,First Class,Eastern Asia,Pacific Asia,Corea del Sur,Seúl
alert_285,57917,2017-04-27 10:33:00,0.9999325849297338,1,First Class,Central America,LATAM,El Salvador,San Salvador
alert_29759,72301,2017-11-23 09:54:00,0.9999325849297338,1,First Class,South Asia,Pacific Asia,India,Tamil Nadu
alert_289,57917,2017-04-27 10:33:00,0.9999325849297338,1,First Class,Central America,LATAM,El Salvador,San Salvador
alert_6558,60530,2017-06-04 14:00:00,0.9999325756911661,1,First Class,Central America,LATAM,Nicaragua,Matagalpa
alert_25865,68688,2017-10-01 16:06:00,0.9999325741653667,1,First Class,Northern Europe,Europe,Reino Unido,Inglaterra
alert_30397,72955,2017-12-02 23:02:00,0.9999325741653667,1,First Class,Eastern Asia,Pacific Asia,China,Henan
alert_30399,72956,2017-12-02 23:23:00,0.9999325741653667,1,First Class,Eastern Asia,Pacific Asia,China,Henan
alert_30395,72954,2017-12-02 22:41:00,0.9999325741653667,1,First Class,Eastern Asia,Pacific Asia,China,Henan
alert_19145,65874,2017-08-21 14:14:00,0.9999325706146823,1,First Class,Western Europe,Europe,Francia,Isla de Francia
alert_19146,65874,2017-08-21 14:14:00,0.9999325706146823,1,First Class,Western Europe,Europe,Francia,Isla de Francia
alert_23735,67775,2017-09-18 08:15:00,0.9999325681541793,1,First Class,Western Europe,Europe,Alemania,Baden-Wurtemberg
alert_31545,74164,2017-12-20 14:36:00,0.9999325679322059,1,First Class,Eastern Asia,Pacific Asia,China,Hebei
alert_5834,60230,2017-05-31 04:54:00,0.9999325622258797,1,First Class,South America,LATAM,Argentina,Buenos Aires
alert_33279,75979,2018-01-16 02:28:00,0.9999325614700781,1,First Class,Eastern Asia,Pacific Asia,China,Sichuan
alert_33288,75985,2018-01-16 04:34:00,0.9999325614700781,1,First Class,Eastern Asia,Pacific Asia,China,Shandong
alert_33283,75981,2018-01-16 03:10:00,0.9999325614700781,1,First Class,Eastern Asia,Pacific Asia,China,Sichuan
alert_33281,75980,2018-01-16 02:49:00,0.9999325614700781,1,First Class,Eastern Asia,Pacific Asia,China,Sichuan
alert_34061,76802,2018-01-28 02:48:00,0.9999325470901723,1,First Class,Eastern Asia,Pacific Asia,China,Hubei
alert_9347,61758,2017-06-22 12:13:00,0.9999325452032591,1,First Class,Southern Europe,Europe,España,Andalucía
alert_154,57861,2017-04-26 14:56:00,0.9999325262173308,1,First Class,Caribbean,LATAM,República Dominicana,Santo Domingo
alert_157,57861,2017-04-26 14:56:00,0.9999325262173308,1,First Class,Caribbean,LATAM,República Dominicana,Santo Domingo
alert_4712,59744,2017-05-24 02:38:00,0.9999325262173308,1,First Class,Caribbean,LATAM,República Dominicana,Santo Domingo
alert_4711,59743,2017-05-24 02:17:00,0.9999325262173308,1,First Class,Caribbean,LATAM,República Dominicana,Santo Domingo
alert_29883,72425,2017-11-25 05:21:00,0.9999325262173308,1,First Class,South Asia,Pacific Asia,Pakistán,Sind
alert_29881,72424,2017-11-25 05:00:00,0.9999325262173308,1,First Class,South Asia,Pacific Asia,Pakistán,Sind
alert_153,57861,2017-04-26 14:56:00,0.9999325262173308,1,First Class,Caribbean,LATAM,República Dominicana,Santo Domingo
alert_4714,59744,2017-05-24 02:38:00,0.9999325262173308,1,First Class,Caribbean,LATAM,República Dominicana,Santo Domingo
alert_156,57861,2017-04-26 14:56:00,0.9999325262173308,1,First Class,Caribbean,LATAM,República Dominicana,Santo Domingo
alert_155,57861,2017-04-26 14:56:00,0.9999325262173308,1,First Class,Caribbean,LATAM,República Dominicana,Santo Domingo
alert_26725,69130,2017-10-08 02:58:00,0.9999325239735278,1,First Class,Western Europe,Europe,Alemania,Bavaria
alert_13969,63709,2017-07-20 23:45:00,0.9999325084002458,1,First Class,Southern Europe,Europe,España,Valenciana
alert_7333,60860,2017-06-09 09:37:00,0.9999324955750747,1,First Class,Central America,LATAM,Guatemala,Quezaltenango
alert_1717,58482,2017-05-05 16:29:00,0.9999324955750747,1,First Class,Central America,LATAM,México,Puebla
alert_1428,58389,2017-05-04 07:55:00,0.9999324955750747,1,First Class,Caribbean,LATAM,República Dominicana,San Pedro de Macorís
alert_6210,60393,2017-06-02 14:00:00,0.9999324955750747,1,First Class,Central America,LATAM,México,Puebla
alert_6211,60393,2017-06-02 14:00:00,0.9999324955750747,1,First Class,Central America,LATAM,México,Puebla
alert_7488,60922,2017-06-10 07:20:00,0.9999324955750747,1,First Class,Central America,LATAM,México,México
alert_24965,68300,2017-09-26 00:10:00,0.9999324842613624,1,First Class,Southern Europe,Europe,Italia,Liguria
alert_2571,58857,2017-05-11 03:52:00,0.9999324722895041,1,First Class,Central America,LATAM,México,Jalisco
alert_8240,61248,2017-06-15 01:33:00,0.9999324722895041,1,First Class,Central America,LATAM,México,Chihuahua
alert_6204,60390,2017-06-02 12:57:00,0.9999324722895041,1,First Class,Central America,LATAM,México,Chihuahua
alert_6155,60379,2017-06-02 09:06:00,0.9999324722895041,1,First Class,Central America,LATAM,Nicaragua,Chinandega
alert_24954,68297,2017-09-25 23:07:00,0.9999324635587203,1,First Class,Southern Europe,Europe,España,Cataluña
alert_8597,61398,2017-06-17 06:06:00,0.9999324469990908,1,First Class,South America,LATAM,Brasil,Río de Janeiro
alert_22155,67136,2017-09-09 00:22:00,0.9999324337736745,1,First Class,Northern Europe,Europe,Reino Unido,Inglaterra
alert_2996,59009,2017-05-13 09:07:00,0.9999324337736745,1,First Class,South America,LATAM,Argentina,Buenos Aires
alert_11860,62820,2017-07-08 00:17:00,0.9999324337736745,1,First Class,Northern Europe,Europe,Irlanda,Dublín
alert_26731,69133,2017-10-08 04:01:00,0.9999324337736745,1,First Class,Northern Europe,Europe,Irlanda,Dublín
alert_26736,69134,2017-10-08 04:22:00,0.9999324337736745,1,First Class,Northern Europe,Europe,Irlanda,Dublín
alert_2748,58916,2017-05-12 00:32:00,0.9999324337736745,1,First Class,South America,LATAM,Colombia,Bolívar
alert_16254,64667,2017-08-03 23:22:00,0.9999324337736745,1,First Class,Northern Europe,Europe,Reino Unido,Inglaterra
alert_17623,65244,2017-08-12 09:31:00,0.9999324337736745,1,First Class,Northern Europe,Europe,Reino Unido,Inglaterra
alert_26738,69135,2017-10-08 04:43:00,0.9999324337736745,1,First Class,Northern Europe,Europe,Irlanda,Dublín
alert_17528,65208,2017-08-11 20:55:00,0.9999324337736745,1,First Class,Northern Europe,Europe,Reino Unido,Inglaterra
alert_26685,69095,2017-10-07 14:42:00,0.9999324337736745,1,First Class,Northern Europe,Europe,Irlanda,Dublín
alert_32241,74901,2017-12-31 08:48:00,0.9999324318699121,1,First Class,Southeast Asia,Pacific Asia,Tailandia,Bangkok
alert_32238,74899,2017-12-31 08:06:00,0.9999324318699121,1,First Class,Southeast Asia,Pacific Asia,Tailandia,Bangkok
alert_2778,58927,2017-05-12 04:24:00,0.9999324297207478,1,First Class,Central America,LATAM,México,Sonora
alert_7547,60950,2017-06-10 17:08:00,0.9999324297207478,1,First Class,Central America,LATAM,México,Sinaloa
alert_9060,61623,2017-06-20 12:55:00,0.9999324267640195,1,First Class,Western Europe,Europe,Alemania,Turingia
alert_18993,65795,2017-08-20 10:34:00,0.9999324267640195,1,First Class,Western Europe,Europe,Austria,Viena
alert_5413,60043,2017-05-28 11:23:00,0.9999324222632038,1,First Class,South America,LATAM,Brasil,São Paulo
alert_5414,60043,2017-05-28 11:23:00,0.9999324222632038,1,First Class,South America,LATAM,Brasil,São Paulo
alert_5412,60043,2017-05-28 11:23:00,0.9999324222632038,1,First Class,South America,LATAM,Brasil,São Paulo
alert_5411,60043,2017-05-28 11:23:00,0.9999324222632038,1,First Class,South America,LATAM,Brasil,São Paulo
alert_32762,75427,2018-01-08 01:05:00,0.9999324186214518,1,First Class,Southeast Asia,Pacific Asia,Malasia,Perak
alert_32776,75442,2018-01-08 06:20:00,0.9999324161735741,1,First Class,Southeast Asia,Pacific Asia,Indonesia,Java Oriental
alert_20512,66446,2017-08-29 22:38:00,0.9999324126887587,1,First Class,Western Europe,Europe,Alemania,Hesse
alert_13193,63367,2017-07-15 23:55:00,0.9999324111476879,1,First Class,Western Europe,Europe,Francia,Auvernia-Ródano-Alpes
alert_17669,65261,2017-08-12 15:29:00,0.9999324111476879,1,First Class,Western Europe,Europe,Francia,Alsacia-Champaña-Ardenas-Lorena
alert_13194,63367,2017-07-15 23:55:00,0.9999324111476879,1,First Class,Western Europe,Europe,Francia,Auvernia-Ródano-Alpes
alert_31531,74140,2017-12-20 06:11:00,0.9999324052246653,1,First Class,Eastern Asia,Pacific Asia,China,Guangdong
alert_29569,72102,2017-11-20 12:11:00,0.9999323976712378,1,First Class,Eastern Asia,Pacific Asia,China,Anhui
alert_2539,58841,2017-05-10 22:16:00,0.9999323929725604,1,First Class,Central America,LATAM,México,México
alert_7487,60921,2017-06-10 06:59:00,0.9999323929725604,1,First Class,Central America,LATAM,México,México
alert_7489,60922,2017-06-10 07:20:00,0.9999323929725604,1,First Class,Central America,LATAM,México,México
alert_6908,60654,2017-06-06 09:26:00,0.9999323929725604,1,First Class,Central America,LATAM,Panamá,Panamá
alert_2313,58740,2017-05-09 10:53:00,0.9999323929725604,1,First Class,Central America,LATAM,Nicaragua,Managua
alert_1805,58515,2017-05-06 04:03:00,0.9999323929725604,1,First Class,Central America,LATAM,Panamá,Panamá
alert_2310,58740,2017-05-09 10:53:00,0.9999323929725604,1,First Class,Central America,LATAM,Nicaragua,Managua
alert_31099,73711,2017-12-13 23:53:00,0.9999323929725604,1,First Class,Oceania,Pacific Asia,Australia,Nueva Gales del Sur
alert_6907,60654,2017-06-06 09:26:00,0.9999323929725604,1,First Class,Central America,LATAM,Panamá,Panamá
alert_2401,58779,2017-05-10 00:33:00,0.9999323929725604,1,First Class,Central America,LATAM,México,Nayarit
alert_2312,58740,2017-05-09 10:53:00,0.9999323929725604,1,First Class,Central America,LATAM,Nicaragua,Managua
alert_2538,58841,2017-05-10 22:16:00,0.9999323929725604,1,First Class,Central America,LATAM,México,México
alert_7484,60921,2017-06-10 06:59:00,0.9999323929725604,1,First Class,Central America,LATAM,México,México
alert_7483,60921,2017-06-10 06:59:00,0.9999323929725604,1,First Class,Central America,LATAM,México,México
alert_7486,60921,2017-06-10 06:59:00,0.9999323929725604,1,First Class,Central America,LATAM,México,México
alert_1713,58481,2017-05-05 16:08:00,0.9999323929725604,1,First Class,Central America,LATAM,México,Puebla
alert_7407,60897,2017-06-09 22:34:00,0.9999323929725604,1,First Class,Central America,LATAM,Guatemala,Quezaltenango
alert_33101,75786,2018-01-13 06:51:00,0.9999323929725604,1,First Class,South Asia,Pacific Asia,India,Maharashtra
alert_7332,60860,2017-06-09 09:37:00,0.9999323929725604,1,First Class,Central America,LATAM,Guatemala,Quezaltenango
alert_1718,58482,2017-05-05 16:29:00,0.9999323929725604,1,First Class,Central America,LATAM,México,Puebla
alert_7560,60953,2017-06-10 18:12:00,0.9999323929725604,1,First Class,Central America,LATAM,Panamá,Panamá
alert_1715,58482,2017-05-05 16:29:00,0.9999323929725604,1,First Class,Central America,LATAM,México,Puebla
alert_1714,58481,2017-05-05 16:08:00,0.9999323929725604,1,First Class,Central America,LATAM,México,Puebla
alert_1716,58482,2017-05-05 16:29:00,0.9999323929725604,1,First Class,Central America,LATAM,México,Puebla
alert_3065,59042,2017-05-13 20:41:00,0.9999323929725604,1,First Class,South America,LATAM,Brasil,Minas Gerais
alert_3066,59042,2017-05-13 20:41:00,0.9999323929725604,1,First Class,South America,LATAM,Brasil,Minas Gerais
alert_3064,59042,2017-05-13 20:41:00,0.9999323929725604,1,First Class,South America,LATAM,Brasil,Minas Gerais
alert_3067,59042,2017-05-13 20:41:00,0.9999323929725604,1,First Class,South America,LATAM,Brasil,Minas Gerais
alert_33208,75903,2018-01-14 23:51:00,0.9999323929725604,1,First Class,Oceania,Pacific Asia,Australia,Nueva Gales del Sur
alert_33179,75871,2018-01-14 12:38:00,0.9999323929725604,1,First Class,South Asia,Pacific Asia,India,Maharashtra
alert_1712,58481,2017-05-05 16:08:00,0.9999323929725604,1,First Class,Central America,LATAM,México,Puebla
alert_1721,58483,2017-05-05 16:50:00,0.9999323929725604,1,First Class,Central America,LATAM,México,Puebla
alert_33178,75870,2018-01-14 12:17:00,0.9999323929725604,1,First Class,South Asia,Pacific Asia,India,Maharashtra
alert_6918,60658,2017-06-06 10:50:00,0.9999323929725604,1,First Class,Central America,LATAM,Panamá,Panamá
alert_27072,69465,2017-10-13 00:20:00,0.9999323929725604,1,First Class,Northern Europe,Europe,Noruega,Oslo
alert_1720,58483,2017-05-05 16:50:00,0.9999323929725604,1,First Class,Central America,LATAM,México,Puebla
alert_1719,58482,2017-05-05 16:29:00,0.9999323929725604,1,First Class,Central America,LATAM,México,Puebla
alert_7726,61024,2017-06-11 19:04:00,0.9999323929725604,1,First Class,Central America,LATAM,México,Nayarit
alert_7727,61024,2017-06-11 19:04:00,0.9999323929725604,1,First Class,Central America,LATAM,México,Nayarit
alert_7728,61024,2017-06-11 19:04:00,0.9999323929725604,1,First Class,Central America,LATAM,México,Nayarit
alert_2025,58607,2017-05-07 12:17:00,0.9999323929725604,1,First Class,South America,LATAM,Brasil,Marañón
alert_6906,60654,2017-06-06 09:26:00,0.9999323929725604,1,First Class,Central America,LATAM,Panamá,Panamá
alert_2024,58607,2017-05-07 12:17:00,0.9999323929725604,1,First Class,South America,LATAM,Brasil,Marañón
alert_2023,58607,2017-05-07 12:17:00,0.9999323929725604,1,First Class,South America,LATAM,Brasil,Marañón
alert_6912,60655,2017-06-06 09:47:00,0.9999323929725604,1,First Class,Central America,LATAM,Panamá,Panamá
alert_31196,73811,2017-12-15 10:55:00,0.9999323929725604,1,First Class,Oceania,Pacific Asia,Australia,Nueva Gales del Sur
alert_31100,73712,2017-12-14 00:14:00,0.9999323929725604,1,First Class,Oceania,Pacific Asia,Australia,Nueva Gales del Sur
alert_1803,58515,2017-05-06 04:03:00,0.9999323929725604,1,First Class,Central America,LATAM,Panamá,Panamá
alert_33175,75869,2018-01-14 11:56:00,0.9999323929725604,1,First Class,South Asia,Pacific Asia,India,Maharashtra
alert_29149,71671,2017-11-14 05:11:00,0.9999323834319249,1,First Class,South Asia,Pacific Asia,India,Uttar Pradesh
alert_29137,71657,2017-11-14 00:17:00,0.9999323834319249,1,First Class,Oceania,Pacific Asia,Australia,Territorio de la Capital Australiana
alert_30554,73127,2017-12-05 11:17:00,0.9999323834319249,1,First Class,Oceania,Pacific Asia,Australia,Territorio de la Capital Australiana
alert_5332,60007,2017-05-27 22:46:00,0.9999323802673453,1,First Class,South America,LATAM,Brasil,São Paulo
alert_5331,60007,2017-05-27 22:46:00,0.9999323802673453,1,First Class,South America,LATAM,Brasil,São Paulo
alert_2572,58857,2017-05-11 03:52:00,0.9999323696515995,1,First Class,Central America,LATAM,México,Jalisco
alert_3000,59010,2017-05-13 09:28:00,0.9999323696515995,1,First Class,South America,LATAM,Ecuador,Guayas
alert_11395,62644,2017-07-05 10:37:00,0.9999323696515995,1,First Class,Northern Europe,Europe,Reino Unido,Inglaterra
alert_28875,71379,2017-11-09 22:53:00,0.9999323696515995,1,First Class,Northern Europe,Europe,Reino Unido,Inglaterra
alert_3001,59010,2017-05-13 09:28:00,0.9999323696515995,1,First Class,South America,LATAM,Ecuador,Guayas
alert_2994,59009,2017-05-13 09:07:00,0.9999323696515995,1,First Class,South America,LATAM,Argentina,Buenos Aires
alert_2995,59009,2017-05-13 09:07:00,0.9999323696515995,1,First Class,South America,LATAM,Argentina,Buenos Aires
alert_3070,59044,2017-05-13 21:23:00,0.9999323696515995,1,First Class,Central America,LATAM,México,Jalisco
alert_2993,59009,2017-05-13 09:07:00,0.9999323696515995,1,First Class,South America,LATAM,Argentina,Buenos Aires
alert_27256,69665,2017-10-15 22:24:00,0.9999323696515995,1,First Class,Northern Europe,Europe,Irlanda,Cork
alert_27192,69595,2017-10-14 21:52:00,0.9999323696515995,1,First Class,Northern Europe,Europe,Reino Unido,Inglaterra
alert_28877,71380,2017-11-09 23:14:00,0.9999323696515995,1,First Class,Northern Europe,Europe,Reino Unido,Inglaterra
alert_27188,69594,2017-10-14 21:31:00,0.9999323696515995,1,First Class,Northern Europe,Europe,Reino Unido,Inglaterra
alert_27171,69577,2017-10-14 15:34:00,0.9999323696515995,1,First Class,Northern Europe,Europe,Reino Unido,Inglaterra
alert_7576,60956,2017-06-10 19:15:00,0.9999323696515995,1,First Class,Central America,LATAM,Panamá,Chiriquí
alert_27170,69576,2017-10-14 15:13:00,0.9999323696515995,1,First Class,Northern Europe,Europe,Reino Unido,Inglaterra
alert_7575,60956,2017-06-10 19:15:00,0.9999323696515995,1,First Class,Central America,LATAM,Panamá,Chiriquí
alert_33086,75774,2018-01-13 02:39:00,0.9999323696515995,1,First Class,Eastern Asia,Pacific Asia,China,Chongqing
alert_11864,62820,2017-07-08 00:17:00,0.9999323696515995,1,First Class,Northern Europe,Europe,Irlanda,Dublín
alert_33102,75787,2018-01-13 07:12:00,0.9999323696515995,1,First Class,Eastern Asia,Pacific Asia,China,Heilongjiang
alert_33103,75788,2018-01-13 07:33:00,0.9999323696515995,1,First Class,Eastern Asia,Pacific Asia,China,Heilongjiang
alert_33104,75789,2018-01-13 07:54:00,0.9999323696515995,1,First Class,Eastern Asia,Pacific Asia,China,Heilongjiang
alert_2745,58916,2017-05-12 00:32:00,0.9999323696515995,1,First Class,South America,LATAM,Colombia,Bolívar
alert_11861,62820,2017-07-08 00:17:00,0.9999323696515995,1,First Class,Northern Europe,Europe,Irlanda,Dublín
alert_11863,62820,2017-07-08 00:17:00,0.9999323696515995,1,First Class,Northern Europe,Europe,Irlanda,Dublín
alert_11393,62644,2017-07-05 10:37:00,0.9999323696515995,1,First Class,Northern Europe,Europe,Reino Unido,Inglaterra
alert_11862,62820,2017-07-08 00:17:00,0.9999323696515995,1,First Class,Northern Europe,Europe,Irlanda,Dublín
alert_8239,61247,2017-06-15 01:12:00,0.9999323696515995,1,First Class,Central America,LATAM,México,Chihuahua
alert_8238,61247,2017-06-15 01:12:00,0.9999323696515995,1,First Class,Central America,LATAM,México,Chihuahua
alert_8236,61247,2017-06-15 01:12:00,0.9999323696515995,1,First Class,Central America,LATAM,México,Chihuahua
alert_7574,60956,2017-06-10 19:15:00,0.9999323696515995,1,First Class,Central America,LATAM,Panamá,Chiriquí
alert_7573,60956,2017-06-10 19:15:00,0.9999323696515995,1,First Class,Central America,LATAM,Panamá,Chiriquí
alert_7572,60956,2017-06-10 19:15:00,0.9999323696515995,1,First Class,Central America,LATAM,Panamá,Chiriquí
alert_8237,61247,2017-06-15 01:12:00,0.9999323696515995,1,First Class,Central America,LATAM,México,Chihuahua
alert_28932,71435,2017-11-10 18:30:00,0.9999323696515995,1,First Class,Northern Europe,Europe,Reino Unido,Inglaterra
alert_8241,61248,2017-06-15 01:33:00,0.9999323696515995,1,First Class,Central America,LATAM,México,Chihuahua
alert_8242,61248,2017-06-15 01:33:00,0.9999323696515995,1,First Class,Central America,LATAM,México,Chihuahua
alert_8232,61246,2017-06-15 00:51:00,0.9999323696515995,1,First Class,Central America,LATAM,México,Chihuahua
alert_8233,61246,2017-06-15 00:51:00,0.9999323696515995,1,First Class,Central America,LATAM,México,Chihuahua
alert_8234,61246,2017-06-15 00:51:00,0.9999323696515995,1,First Class,Central America,LATAM,México,Chihuahua
alert_8235,61247,2017-06-15 01:12:00,0.9999323696515995,1,First Class,Central America,LATAM,México,Chihuahua
alert_27026,69427,2017-10-12 11:01:00,0.9999323696515995,1,First Class,Northern Europe,Europe,Reino Unido,Inglaterra
alert_22157,67136,2017-09-09 00:22:00,0.9999323696515995,1,First Class,Northern Europe,Europe,Reino Unido,Inglaterra
alert_16435,64760,2017-08-05 07:57:00,0.9999323696515995,1,First Class,Northern Europe,Europe,Reino Unido,Inglaterra
alert_3191,59095,2017-05-14 15:15:00,0.9999323696515995,1,First Class,Caribbean,LATAM,Cuba,Ciego de Ávila
alert_32754,75421,2018-01-07 22:59:00,0.9999323696515995,1,First Class,Oceania,Pacific Asia,Australia,Australia Occidental
alert_16417,64753,2017-08-05 05:30:00,0.9999323696515995,1,First Class,Northern Europe,Europe,Reino Unido,Escocia
alert_27029,69429,2017-10-12 11:43:00,0.9999323696515995,1,First Class,Northern Europe,Europe,Reino Unido,Inglaterra
alert_27025,69426,2017-10-12 10:40:00,0.9999323696515995,1,First Class,Northern Europe,Europe,Reino Unido,Inglaterra
alert_3190,59095,2017-05-14 15:15:00,0.9999323696515995,1,First Class,Caribbean,LATAM,Cuba,Ciego de Ávila
alert_2747,58916,2017-05-12 00:32:00,0.9999323696515995,1,First Class,South America,LATAM,Colombia,Bolívar
alert_2749,58916,2017-05-12 00:32:00,0.9999323696515995,1,First Class,South America,LATAM,Colombia,Bolívar
alert_11394,62644,2017-07-05 10:37:00,0.9999323696515995,1,First Class,Northern Europe,Europe,Reino Unido,Inglaterra
alert_28791,71294,2017-11-08 17:06:00,0.9999323696515995,1,First Class,Northern Europe,Europe,Reino Unido,Inglaterra
alert_17253,65095,2017-08-10 05:19:00,0.9999323696515995,1,First Class,Northern Europe,Europe,Reino Unido,Inglaterra
alert_17624,65244,2017-08-12 09:31:00,0.9999323696515995,1,First Class,Northern Europe,Europe,Reino Unido,Inglaterra
alert_21831,66993,2017-09-06 22:16:00,0.9999323696515995,1,First Class,Northern Europe,Europe,Reino Unido,Inglaterra
alert_29257,71781,2017-11-15 19:43:00,0.9999323696515995,1,First Class,Eastern Asia,Pacific Asia,China,Heilongjiang
alert_17754,65301,2017-08-13 05:29:00,0.9999323696515995,1,First Class,Northern Europe,Europe,Reino Unido,Inglaterra
alert_29262,71785,2017-11-15 21:07:00,0.9999323696515995,1,First Class,Eastern Asia,Pacific Asia,China,Guangdong
alert_17753,65301,2017-08-13 05:29:00,0.9999323696515995,1,First Class,Northern Europe,Europe,Reino Unido,Inglaterra
alert_1950,58577,2017-05-07 01:46:00,0.9999323696515995,1,First Class,Central America,LATAM,Honduras,Atlántida
alert_16418,64754,2017-08-05 05:51:00,0.9999323696515995,1,First Class,Northern Europe,Europe,Reino Unido,Escocia
alert_29216,71748,2017-11-15 08:10:00,0.9999323696515995,1,First Class,Eastern Asia,Pacific Asia,China,Guangdong
alert_22158,67136,2017-09-09 00:22:00,0.9999323696515995,1,First Class,Northern Europe,Europe,Reino Unido,Inglaterra
alert_22156,67136,2017-09-09 00:22:00,0.9999323696515995,1,First Class,Northern Europe,Europe,Reino Unido,Inglaterra
alert_1927,58572,2017-05-07 00:01:00,0.9999323696515995,1,First Class,Central America,LATAM,Nicaragua,Chinandega
alert_22299,67205,2017-09-10 00:33:00,0.9999323696515995,1,First Class,Northern Europe,Europe,Reino Unido,Inglaterra
alert_16437,64760,2017-08-05 07:57:00,0.9999323696515995,1,First Class,Northern Europe,Europe,Reino Unido,Inglaterra
alert_16436,64760,2017-08-05 07:57:00,0.9999323696515995,1,First Class,Northern Europe,Europe,Reino Unido,Inglaterra
alert_22298,67205,2017-09-10 00:33:00,0.9999323696515995,1,First Class,Northern Europe,Europe,Reino Unido,Inglaterra
alert_1952,58577,2017-05-07 01:46:00,0.9999323696515995,1,First Class,Central America,LATAM,Honduras,Atlántida
alert_1953,58577,2017-05-07 01:46:00,0.9999323696515995,1,First Class,Central America,LATAM,Honduras,Atlántida
alert_1954,58577,2017-05-07 01:46:00,0.9999323696515995,1,First Class,Central America,LATAM,Honduras,Atlántida
alert_27027,69428,2017-10-12 11:22:00,0.9999323696515995,1,First Class,Northern Europe,Europe,Reino Unido,Inglaterra
alert_33140,75831,2018-01-13 22:37:00,0.9999323696515995,1,First Class,South Asia,Pacific Asia,India,Haryana
alert_17252,65095,2017-08-10 05:19:00,0.9999323696515995,1,First Class,Northern Europe,Europe,Reino Unido,Inglaterra
alert_32567,75239,2018-01-05 07:13:00,0.9999323696515995,1,First Class,Eastern Asia,Pacific Asia,China,Chongqing
alert_22035,67087,2017-09-08 07:12:00,0.9999323696515995,1,First Class,Northern Europe,Europe,Reino Unido,Inglaterra
alert_17070,65018,2017-08-09 02:21:00,0.9999323696515995,1,First Class,Northern Europe,Europe,Reino Unido,Escocia
alert_17256,65095,2017-08-10 05:19:00,0.9999323696515995,1,First Class,Northern Europe,Europe,Reino Unido,Inglaterra
alert_22036,67087,2017-09-08 07:12:00,0.9999323696515995,1,First Class,Northern Europe,Europe,Reino Unido,Inglaterra
alert_32631,75301,2018-01-06 04:56:00,0.9999323696515995,1,First Class,Oceania,Pacific Asia,Australia,Australia Occidental
alert_32628,75300,2018-01-06 04:35:00,0.9999323696515995,1,First Class,Oceania,Pacific Asia,Australia,Australia Occidental
alert_2746,58916,2017-05-12 00:32:00,0.9999323696515995,1,First Class,South America,LATAM,Colombia,Bolívar
alert_28789,71291,2017-11-08 16:03:00,0.9999323696515995,1,First Class,Northern Europe,Europe,Reino Unido,Inglaterra
alert_28790,71292,2017-11-08 16:24:00,0.9999323696515995,1,First Class,Northern Europe,Europe,Reino Unido,Inglaterra
alert_17529,65208,2017-08-11 20:55:00,0.9999323696515995,1,First Class,Northern Europe,Europe,Reino Unido,Inglaterra
alert_17530,65208,2017-08-11 20:55:00,0.9999323696515995,1,First Class,Northern Europe,Europe,Reino Unido,Inglaterra
alert_33148,75838,2018-01-14 01:04:00,0.9999323696515995,1,First Class,Eastern Asia,Pacific Asia,Corea del Sur,Daegu
alert_28780,71281,2017-11-08 12:33:00,0.9999323696515995,1,First Class,Northern Europe,Europe,Reino Unido,Inglaterra
alert_17531,65208,2017-08-11 20:55:00,0.9999323696515995,1,First Class,Northern Europe,Europe,Reino Unido,Inglaterra
alert_25164,68389,2017-09-27 07:21:00,0.9999323640148038,1,First Class,Western Europe,Europe,Alemania,Hesse
alert_25960,68733,2017-10-02 07:52:00,0.9999323561314999,1,First Class,Southern Europe,Europe,Portugal,Lisboa
alert_20918,66605,2017-09-01 06:20:00,0.9999323547533994,1,First Class,Western Europe,Europe,Francia,Isla de Francia
alert_26083,68773,2017-10-02 21:53:00,0.9999323321431455,1,First Class,Western Europe,Europe,Alemania,Renania-Palatinado
alert_15881,64503,2017-08-01 13:55:00,0.9999323275329286,1,First Class,Western Europe,Europe,Países Bajos,Holanda Meridional
alert_12854,63241,2017-07-14 03:47:00,0.9999323234696886,1,First Class,Northern Europe,Europe,Suecia,Västra Götaland
alert_25017,68320,2017-09-26 07:11:00,0.99993232311612,1,First Class,Western Europe,Europe,Alemania,Bavaria
alert_25018,68320,2017-09-26 07:11:00,0.99993232311612,1,First Class,Western Europe,Europe,Alemania,Bavaria
alert_4024,59434,2017-05-19 14:01:00,0.9999323158414266,1,First Class,Central America,LATAM,México,Puebla
alert_6715,60596,2017-06-05 13:07:00,0.9999323130527897,1,First Class,Central America,LATAM,El Salvador,San Salvador
alert_15295,64231,2017-07-28 14:37:00,0.9999323096842596,1,First Class,Southern Europe,Europe,Italia,Emilia-Romaña
alert_32398,75072,2018-01-02 20:42:00,0.99993230063942,1,First Class,Eastern Asia,Pacific Asia,Japón,Hyogo
alert_16679,64864,2017-08-06 20:23:00,0.9999322981864699,1,First Class,Western Europe,Europe,Francia,Isla de Francia
alert_11269,62601,2017-07-04 19:34:00,0.999932281594709,1,First Class,Western Europe,Europe,Alemania,Berlín
alert_27813,70267,2017-10-24 17:18:00,0.999932273526285,1,First Class,Western Europe,Europe,Alemania,Bavaria
alert_4306,59551,2017-05-21 07:01:00,0.9999322677031083,1,First Class,Caribbean,LATAM,República Dominicana,Santo Domingo
alert_4304,59551,2017-05-21 07:01:00,0.9999322677031083,1,First Class,Caribbean,LATAM,República Dominicana,Santo Domingo
alert_8897,61537,2017-06-19 06:48:00,0.9999322643454723,1,First Class,South America,LATAM,Brasil,Río de Janeiro
alert_8933,61556,2017-06-19 13:27:00,0.9999322643454723,1,First Class,South America,LATAM,Brasil,Río de Janeiro
alert_8934,61556,2017-06-19 13:27:00,0.9999322643454723,1,First Class,South America,LATAM,Brasil,Río de Janeiro
alert_8932,61556,2017-06-19 13:27:00,0.9999322643454723,1,First Class,South America,LATAM,Brasil,Río de Janeiro
alert_8935,61556,2017-06-19 13:27:00,0.9999322643454723,1,First Class,South America,LATAM,Brasil,Río de Janeiro
alert_19660,66098,2017-08-24 20:43:00,0.9999322549662942,1,First Class,Western Europe,Europe,Francia,Aquitania-Lemosín-Poitou-Charentes
alert_28865,71366,2017-11-09 18:20:00,0.9999322449102053,1,First Class,Western Europe,Europe,Francia,Auvernia-Ródano-Alpes
alert_28866,71367,2017-11-09 18:41:00,0.9999322449102053,1,First Class,Western Europe,Europe,Francia,Auvernia-Ródano-Alpes
alert_17671,65261,2017-08-12 15:29:00,0.9999322449102053,1,First Class,Western Europe,Europe,Francia,Alsacia-Champaña-Ardenas-Lorena
alert_17670,65261,2017-08-12 15:29:00,0.9999322449102053,1,First Class,Western Europe,Europe,Francia,Alsacia-Champaña-Ardenas-Lorena
alert_28862,71365,2017-11-09 17:59:00,0.9999322449102053,1,First Class,Western Europe,Europe,Francia,Auvernia-Ródano-Alpes
alert_17066,65017,2017-08-09 02:00:00,0.9999322449102053,1,First Class,Western Europe,Europe,Francia,Isla de Francia
alert_17068,65017,2017-08-09 02:00:00,0.9999322449102053,1,First Class,Western Europe,Europe,Francia,Isla de Francia
alert_17069,65017,2017-08-09 02:00:00,0.9999322449102053,1,First Class,Western Europe,Europe,Francia,Isla de Francia
alert_28974,71483,2017-11-11 11:19:00,0.9999322449102053,1,First Class,Western Europe,Europe,Francia,Isla de Francia
alert_12871,63249,2017-07-14 06:35:00,0.9999322449102053,1,First Class,Western Europe,Europe,Francia,Isla de Francia
alert_12873,63249,2017-07-14 06:35:00,0.9999322449102053,1,First Class,Western Europe,Europe,Francia,Isla de Francia
alert_12870,63249,2017-07-14 06:35:00,0.9999322449102053,1,First Class,Western Europe,Europe,Francia,Isla de Francia
alert_12882,63250,2017-07-14 06:56:00,0.9999322449102053,1,First Class,Western Europe,Europe,Francia,Isla de Francia
alert_12883,63250,2017-07-14 06:56:00,0.9999322449102053,1,First Class,Western Europe,Europe,Francia,Isla de Francia
alert_21959,67050,2017-09-07 18:15:00,0.9999322449102053,1,First Class,Western Europe,Europe,Alemania,Baden-Wurtemberg
alert_17768,65305,2017-08-13 06:54:00,0.9999322449102053,1,First Class,Western Europe,Europe,Francia,Isla de Francia
alert_12876,63249,2017-07-14 06:35:00,0.9999322449102053,1,First Class,Western Europe,Europe,Francia,Isla de Francia
alert_17765,65305,2017-08-13 06:54:00,0.9999322449102053,1,First Class,Western Europe,Europe,Francia,Isla de Francia
alert_22977,67483,2017-09-14 01:57:00,0.9999322449102053,1,First Class,Western Europe,Europe,Francia,Isla de Francia
alert_22976,67483,2017-09-14 01:57:00,0.9999322449102053,1,First Class,Western Europe,Europe,Francia,Isla de Francia
alert_22975,67483,2017-09-14 01:57:00,0.9999322449102053,1,First Class,Western Europe,Europe,Francia,Isla de Francia
alert_12225,62951,2017-07-09 22:11:00,0.9999322449102053,1,First Class,Western Europe,Europe,Francia,Isla de Francia
alert_12235,62954,2017-07-09 23:14:00,0.9999322449102053,1,First Class,Western Europe,Europe,Francia,Isla de Francia
alert_12229,62953,2017-07-09 22:53:00,0.9999322449102053,1,First Class,Western Europe,Europe,Francia,Isla de Francia
alert_12230,62953,2017-07-09 22:53:00,0.9999322449102053,1,First Class,Western Europe,Europe,Francia,Isla de Francia
alert_27042,69442,2017-10-12 16:16:00,0.9999322449102053,1,First Class,Western Europe,Europe,Francia,Bretaña
alert_27041,69441,2017-10-12 15:55:00,0.9999322449102053,1,First Class,Western Europe,Europe,Francia,Bretaña
alert_12227,62952,2017-07-09 22:32:00,0.9999322449102053,1,First Class,Western Europe,Europe,Francia,Isla de Francia
alert_12232,62954,2017-07-09 23:14:00,0.9999322449102053,1,First Class,Western Europe,Europe,Francia,Isla de Francia
alert_13195,63367,2017-07-15 23:55:00,0.9999322449102053,1,First Class,Western Europe,Europe,Francia,Auvernia-Ródano-Alpes
alert_23171,67554,2017-09-15 02:49:00,0.9999322449102053,1,First Class,Western Europe,Europe,Francia,Isla de Francia
alert_11478,62674,2017-07-05 21:08:00,0.9999322449102053,1,First Class,Western Europe,Europe,Francia,Bretaña
alert_28907,71409,2017-11-10 09:24:00,0.9999322449102053,1,First Class,Western Europe,Europe,Francia,Isla de Francia
alert_27179,69585,2017-10-14 18:22:00,0.9999322449102053,1,First Class,Western Europe,Europe,Francia,Auvernia-Ródano-Alpes
alert_23194,67559,2017-09-15 04:34:00,0.9999322449102053,1,First Class,Western Europe,Europe,Francia,Isla de Francia
alert_23183,67555,2017-09-15 03:10:00,0.9999322449102053,1,First Class,Western Europe,Europe,Francia,Isla de Francia
alert_23174,67554,2017-09-15 02:49:00,0.9999322449102053,1,First Class,Western Europe,Europe,Francia,Isla de Francia
alert_13197,63367,2017-07-15 23:55:00,0.9999322449102053,1,First Class,Western Europe,Europe,Francia,Auvernia-Ródano-Alpes
alert_22982,67484,2017-09-14 02:18:00,0.9999322449102053,1,First Class,Western Europe,Europe,Francia,Isla de Francia
alert_22980,67484,2017-09-14 02:18:00,0.9999322449102053,1,First Class,Western Europe,Europe,Francia,Isla de Francia
alert_12211,62949,2017-07-09 21:29:00,0.9999322449102053,1,First Class,Western Europe,Europe,Francia,Isla de Francia
alert_27069,69464,2017-10-12 23:58:00,0.9999322449102053,1,First Class,Western Europe,Europe,Francia,Centro-Valle de Loira
alert_12210,62949,2017-07-09 21:29:00,0.9999322449102053,1,First Class,Western Europe,Europe,Francia,Isla de Francia
alert_12205,62947,2017-07-09 20:47:00,0.9999322449102053,1,First Class,Western Europe,Europe,Francia,Isla de Francia
alert_27068,69463,2017-10-12 23:37:00,0.9999322449102053,1,First Class,Western Europe,Europe,Francia,Centro-Valle de Loira
alert_12208,62947,2017-07-09 20:47:00,0.9999322449102053,1,First Class,Western Europe,Europe,Francia,Isla de Francia
alert_27036,69438,2017-10-12 14:52:00,0.9999322449102053,1,First Class,Western Europe,Europe,Francia,Bretaña
alert_27037,69439,2017-10-12 15:13:00,0.9999322449102053,1,First Class,Western Europe,Europe,Francia,Bretaña
alert_27039,69440,2017-10-12 15:34:00,0.9999322449102053,1,First Class,Western Europe,Europe,Francia,Bretaña
alert_22979,67483,2017-09-14 01:57:00,0.9999322449102053,1,First Class,Western Europe,Europe,Francia,Isla de Francia
alert_22271,67194,2017-09-09 20:42:00,0.9999322449102053,1,First Class,Western Europe,Europe,Alemania,Brandenburgo
alert_22269,67193,2017-09-09 20:21:00,0.9999322449102053,1,First Class,Western Europe,Europe,Alemania,Brandenburgo
alert_11311,62616,2017-07-05 00:49:00,0.9999322449102053,1,First Class,Western Europe,Europe,Alemania,Baden-Wurtemberg
alert_17761,65305,2017-08-13 06:54:00,0.9999322449102053,1,First Class,Western Europe,Europe,Francia,Isla de Francia
alert_12220,62950,2017-07-09 21:50:00,0.9999322449102053,1,First Class,Western Europe,Europe,Francia,Isla de Francia
alert_12218,62950,2017-07-09 21:50:00,0.9999322449102053,1,First Class,Western Europe,Europe,Francia,Isla de Francia
alert_13196,63367,2017-07-15 23:55:00,0.9999322449102053,1,First Class,Western Europe,Europe,Francia,Auvernia-Ródano-Alpes
alert_31287,73886,2017-12-16 13:12:00,0.9999322422136886,1,First Class,Southeast Asia,Pacific Asia,Indonesia,Yakarta
alert_17188,65078,2017-08-09 23:22:00,0.9999322417093176,1,First Class,Western Europe,Europe,Alemania,Renania del Norte-Westfalia
alert_18990,65795,2017-08-20 10:34:00,0.9999322262519864,1,First Class,Western Europe,Europe,Austria,Viena
alert_30612,73188,2017-12-06 08:39:00,0.9999322237497268,1,First Class,Southeast Asia,Pacific Asia,Myanmar (Birmania),Rangún
alert_17365,65143,2017-08-10 22:08:00,0.9999322237497268,1,First Class,Southern Europe,Europe,Italia,Piamonte
alert_17363,65143,2017-08-10 22:08:00,0.9999322237497268,1,First Class,Southern Europe,Europe,Italia,Piamonte
alert_27225,69629,2017-10-15 09:47:00,0.9999322237497268,1,First Class,Southern Europe,Europe,Italia,Piamonte
alert_11407,62645,2017-07-05 10:59:00,0.9999322237497268,1,First Class,Southern Europe,Europe,Italia,Lombardía
alert_22771,67392,2017-09-12 18:04:00,0.9999322237497268,1,First Class,Southern Europe,Europe,Italia,Lacio
alert_22464,67268,2017-09-10 22:37:00,0.9999322237497268,1,First Class,Southern Europe,Europe,Italia,Lacio
alert_30617,73193,2017-12-06 10:25:00,0.9999322237497268,1,First Class,Southeast Asia,Pacific Asia,Myanmar (Birmania),Rangún
alert_28861,71364,2017-11-09 17:38:00,0.9999322237497268,1,First Class,Southern Europe,Europe,Italia,Lacio
alert_27167,69571,2017-10-14 13:28:00,0.9999322237497268,1,First Class,Southern Europe,Europe,Italia,Piamonte
alert_22773,67392,2017-09-12 18:04:00,0.9999322237497268,1,First Class,Southern Europe,Europe,Italia,Lacio
alert_13068,63318,2017-07-15 06:45:00,0.9999322237497268,1,First Class,Southern Europe,Europe,Italia,Lacio
alert_22461,67268,2017-09-10 22:37:00,0.9999322237497268,1,First Class,Southern Europe,Europe,Italia,Lacio
alert_22462,67268,2017-09-10 22:37:00,0.9999322237497268,1,First Class,Southern Europe,Europe,Italia,Lacio
alert_22463,67268,2017-09-10 22:37:00,0.9999322237497268,1,First Class,Southern Europe,Europe,Italia,Lacio
alert_11406,62645,2017-07-05 10:59:00,0.9999322237497268,1,First Class,Southern Europe,Europe,Italia,Lombardía
alert_27174,69581,2017-10-14 16:58:00,0.9999322237497268,1,First Class,Southern Europe,Europe,Portugal,Porto
alert_21604,66902,2017-09-05 14:24:00,0.9999322141852125,1,First Class,Southern Europe,Europe,Italia,Toscana
alert_21606,66902,2017-09-05 14:24:00,0.9999322141852125,1,First Class,Southern Europe,Europe,Italia,Toscana
alert_21608,66902,2017-09-05 14:24:00,0.9999322141852125,1,First Class,Southern Europe,Europe,Italia,Toscana
alert_11684,62751,2017-07-07 00:07:00,0.9999322127718222,1,First Class,Southern Europe,Europe,Italia,Liguria
alert_6702,60594,2017-06-05 12:25:00,0.9999322101728718,1,First Class,Central America,LATAM,México,México
alert_6706,60594,2017-06-05 12:25:00,0.9999322101728718,1,First Class,Central America,LATAM,México,México
alert_6708,60594,2017-06-05 12:25:00,0.9999322101728718,1,First Class,Central America,LATAM,México,México
alert_6701,60594,2017-06-05 12:25:00,0.9999322101728718,1,First Class,Central America,LATAM,México,México
alert_6697,60593,2017-06-05 12:04:00,0.9999322101728718,1,First Class,Central America,LATAM,México,México
alert_6699,60593,2017-06-05 12:04:00,0.9999322101728718,1,First Class,Central America,LATAM,México,México
alert_6698,60593,2017-06-05 12:04:00,0.9999322101728718,1,First Class,Central America,LATAM,México,México
alert_6700,60593,2017-06-05 12:04:00,0.9999322101728718,1,First Class,Central America,LATAM,México,México
alert_33228,75925,2018-01-15 07:33:00,0.9999322101728718,1,First Class,South Asia,Pacific Asia,India,Maharashtra
alert_33230,75926,2018-01-15 07:54:00,0.9999322101728718,1,First Class,South Asia,Pacific Asia,India,Maharashtra
alert_6696,60593,2017-06-05 12:04:00,0.9999322101728718,1,First Class,Central America,LATAM,México,México
alert_33231,75927,2018-01-15 08:15:00,0.9999322101728718,1,First Class,South Asia,Pacific Asia,India,Maharashtra
alert_6704,60594,2017-06-05 12:25:00,0.9999322101728718,1,First Class,Central America,LATAM,México,México
alert_32782,75446,2018-01-08 07:44:00,0.9999322101728718,1,First Class,Oceania,Pacific Asia,Australia,Queensland
alert_32780,75445,2018-01-08 07:23:00,0.9999322101728718,1,First Class,Oceania,Pacific Asia,Australia,Queensland
alert_32778,75444,2018-01-08 07:02:00,0.9999322101728718,1,First Class,Oceania,Pacific Asia,Australia,Queensland
alert_32799,75462,2018-01-08 13:20:00,0.9999322101728718,1,First Class,South Asia,Pacific Asia,India,Madhya Pradesh
alert_29097,71617,2017-11-13 10:16:00,0.9999322101728718,1,First Class,Oceania,Pacific Asia,Australia,Queensland
alert_29093,71615,2017-11-13 09:34:00,0.9999322101728718,1,First Class,Oceania,Pacific Asia,Australia,Queensland
alert_29096,71616,2017-11-13 09:55:00,0.9999322101728718,1,First Class,Oceania,Pacific Asia,Australia,Queensland
alert_4768,59770,2017-05-24 11:44:00,0.9999322094375587,1,First Class,South America,LATAM,Brasil,São Paulo
alert_4761,59769,2017-05-24 11:23:00,0.9999322094375587,1,First Class,South America,LATAM,Brasil,São Paulo
alert_4763,59769,2017-05-24 11:23:00,0.9999322094375587,1,First Class,South America,LATAM,Brasil,São Paulo
alert_4770,59770,2017-05-24 11:44:00,0.9999322094375587,1,First Class,South America,LATAM,Brasil,São Paulo
alert_4769,59770,2017-05-24 11:44:00,0.9999322094375587,1,First Class,South America,LATAM,Brasil,São Paulo
alert_27576,70001,2017-10-20 20:07:00,0.9999322021571255,1,First Class,Western Europe,Europe,Francia,Países del Loira
alert_12054,62898,2017-07-09 03:37:00,0.9999322003703969,1,First Class,Southern Europe,Europe,Italia,Emilia-Romaña
alert_12056,62898,2017-07-09 03:37:00,0.9999322003703969,1,First Class,Southern Europe,Europe,Italia,Emilia-Romaña
alert_22028,67085,2017-09-08 06:30:00,0.9999322003703969,1,First Class,Southern Europe,Europe,Italia,Emilia-Romaña
alert_22029,67085,2017-09-08 06:30:00,0.9999322003703969,1,First Class,Southern Europe,Europe,Italia,Emilia-Romaña
alert_12174,62932,2017-07-09 15:31:00,0.9999322003703969,1,First Class,Southern Europe,Europe,Italia,Calabria
alert_13009,63296,2017-07-14 23:03:00,0.9999322003703969,1,First Class,Southern Europe,Europe,España,Andalucía
alert_12989,63293,2017-07-14 22:00:00,0.9999322003703969,1,First Class,Southern Europe,Europe,España,Andalucía
alert_12987,63293,2017-07-14 22:00:00,0.9999322003703969,1,First Class,Southern Europe,Europe,España,Andalucía
alert_13010,63296,2017-07-14 23:03:00,0.9999322003703969,1,First Class,Southern Europe,Europe,España,Andalucía
alert_12055,62898,2017-07-09 03:37:00,0.9999322003703969,1,First Class,Southern Europe,Europe,Italia,Emilia-Romaña
alert_21968,67055,2017-09-07 20:00:00,0.9999322003703969,1,First Class,Southern Europe,Europe,Italia,Apulia
alert_21965,67055,2017-09-07 20:00:00,0.9999322003703969,1,First Class,Southern Europe,Europe,Italia,Apulia
alert_21962,67055,2017-09-07 20:00:00,0.9999322003703969,1,First Class,Southern Europe,Europe,Italia,Apulia
alert_17243,65092,2017-08-10 04:16:00,0.9999322003703969,1,First Class,Southern Europe,Europe,España,Andalucía
alert_22174,67142,2017-09-09 02:28:00,0.9999322003703969,1,First Class,Southern Europe,Europe,España,Castilla y León
alert_17244,65092,2017-08-10 04:16:00,0.9999322003703969,1,First Class,Southern Europe,Europe,España,Andalucía
alert_26967,69366,2017-10-11 13:38:00,0.999932199920173,1,First Class,Western Europe,Europe,Suiza,Zúrich
alert_26968,69367,2017-10-11 13:59:00,0.999932199920173,1,First Class,Western Europe,Europe,Suiza,Zúrich
alert_26964,69365,2017-10-11 13:17:00,0.999932199920173,1,First Class,Western Europe,Europe,Suiza,Zúrich
alert_1581,58430,2017-05-04 22:16:00,0.9999321980345992,1,First Class,Central America,LATAM,Guatemala,Guatemala
alert_8354,61299,2017-06-15 19:25:00,0.9999321959807949,1,First Class,South America,LATAM,Brasil,Río de Janeiro
alert_8355,61299,2017-06-15 19:25:00,0.9999321959807949,1,First Class,South America,LATAM,Brasil,Río de Janeiro
alert_25151,68387,2017-09-27 06:39:00,0.9999321749735716,1,First Class,Western Europe,Europe,Bélgica,Lieja
alert_24342,68054,2017-09-22 09:59:00,0.9999321749735716,1,First Class,Western Europe,Europe,Francia,Languedoc-Rosellón-Mediodía-Pirineos
alert_19219,65909,2017-08-22 02:30:00,0.9999321749735716,1,First Class,Western Europe,Europe,Francia,Normandía
alert_19216,65909,2017-08-22 02:30:00,0.9999321749735716,1,First Class,Western Europe,Europe,Francia,Normandía
alert_19224,65910,2017-08-22 02:51:00,0.9999321749735716,1,First Class,Western Europe,Europe,Francia,Normandía
alert_24355,68056,2017-09-22 10:41:00,0.9999321749735716,1,First Class,Western Europe,Europe,Francia,Languedoc-Rosellón-Mediodía-Pirineos
alert_24338,68054,2017-09-22 09:59:00,0.9999321749735716,1,First Class,Western Europe,Europe,Francia,Languedoc-Rosellón-Mediodía-Pirineos
alert_24341,68054,2017-09-22 09:59:00,0.9999321749735716,1,First Class,Western Europe,Europe,Francia,Languedoc-Rosellón-Mediodía-Pirineos
alert_24357,68056,2017-09-22 10:41:00,0.9999321749735716,1,First Class,Western Europe,Europe,Francia,Languedoc-Rosellón-Mediodía-Pirineos
alert_19213,65909,2017-08-22 02:30:00,0.9999321749735716,1,First Class,Western Europe,Europe,Francia,Normandía
alert_19211,65909,2017-08-22 02:30:00,0.9999321749735716,1,First Class,Western Europe,Europe,Francia,Normandía
alert_24348,68055,2017-09-22 10:20:00,0.9999321749735716,1,First Class,Western Europe,Europe,Francia,Languedoc-Rosellón-Mediodía-Pirineos
alert_25152,68387,2017-09-27 06:39:00,0.9999321749735716,1,First Class,Western Europe,Europe,Bélgica,Lieja
alert_19225,65910,2017-08-22 02:51:00,0.9999321749735716,1,First Class,Western Europe,Europe,Francia,Normandía
alert_27555,69979,2017-10-20 12:24:00,0.9999321646839846,1,First Class,Southern Europe,Europe,España,Cataluña
alert_32461,75129,2018-01-03 16:41:00,0.9999321623904207,1,First Class,South Asia,Pacific Asia,India,Guyarat
alert_32459,75127,2018-01-03 15:59:00,0.9999321623904207,1,First Class,South Asia,Pacific Asia,India,Guyarat
alert_32458,75126,2018-01-03 15:38:00,0.9999321623904207,1,First Class,South Asia,Pacific Asia,India,Guyarat
alert_1277,58321,2017-05-03 08:05:00,0.9999321623904207,1,First Class,Central America,LATAM,Honduras,Francisco Morazán
alert_32456,75125,2018-01-03 15:17:00,0.9999321623904207,1,First Class,South Asia,Pacific Asia,India,Guyarat
alert_34423,77188,2018-02-02 18:02:00,0.9999321623904207,1,First Class,Oceania,Pacific Asia,Australia,Australia Occidental
alert_1274,58320,2017-05-03 07:44:00,0.9999321623904207,1,First Class,Central America,LATAM,Honduras,Francisco Morazán
alert_1299,58326,2017-05-03 09:50:00,0.9999321623904207,1,First Class,Central America,LATAM,México,Distrito Federal
alert_1279,58322,2017-05-03 08:26:00,0.9999321623904207,1,First Class,Caribbean,LATAM,Cuba,Isla de la Juventud
alert_1302,58326,2017-05-03 09:50:00,0.9999321623904207,1,First Class,Central America,LATAM,México,Distrito Federal
alert_1278,58322,2017-05-03 08:26:00,0.9999321623904207,1,First Class,Caribbean,LATAM,Cuba,Isla de la Juventud
alert_1280,58322,2017-05-03 08:26:00,0.9999321623904207,1,First Class,Caribbean,LATAM,Cuba,Isla de la Juventud
alert_1303,58326,2017-05-03 09:50:00,0.9999321623904207,1,First Class,Central America,LATAM,México,Distrito Federal
alert_1275,58321,2017-05-03 08:05:00,0.9999321623904207,1,First Class,Central America,LATAM,Honduras,Francisco Morazán
alert_32452,75124,2018-01-03 14:55:00,0.9999321623904207,1,First Class,South Asia,Pacific Asia,India,Guyarat
alert_32463,75130,2018-01-03 17:02:00,0.9999321623904207,1,First Class,South Asia,Pacific Asia,India,Guyarat
alert_1281,58322,2017-05-03 08:26:00,0.9999321623904207,1,First Class,Caribbean,LATAM,Cuba,Isla de la Juventud
alert_1283,58323,2017-05-03 08:47:00,0.9999321623904207,1,First Class,Caribbean,LATAM,Cuba,Isla de la Juventud
alert_1285,58324,2017-05-03 09:08:00,0.9999321623904207,1,First Class,Caribbean,LATAM,Cuba,Isla de la Juventud
alert_1301,58326,2017-05-03 09:50:00,0.9999321623904207,1,First Class,Central America,LATAM,México,Distrito Federal
alert_1276,58321,2017-05-03 08:05:00,0.9999321623904207,1,First Class,Central America,LATAM,Honduras,Francisco Morazán
alert_21362,66806,2017-09-04 04:46:00,0.9999321614140032,1,First Class,Western Europe,Europe,Alemania,Renania del Norte-Westfalia
alert_34082,76826,2018-01-28 11:13:00,0.999932156945992,1,First Class,South Asia,Pacific Asia,Pakistán,Sind
alert_23724,67774,2017-09-18 07:54:00,0.9999321444453703,1,First Class,Western Europe,Europe,Alemania,Baden-Wurtemberg
alert_19143,65874,2017-08-21 14:14:00,0.9999320917261852,1,First Class,Western Europe,Europe,Francia,Isla de Francia
alert_27277,69688,2017-10-16 06:27:00,0.9999320872188737,1,First Class,Western Europe,Europe,Alemania,Baja Sajonia
alert_22189,67154,2017-09-09 06:41:00,0.9999320861034305,1,First Class,Northern Europe,Europe,Reino Unido,Inglaterra
alert_22194,67155,2017-09-09 07:02:00,0.9999320861034305,1,First Class,Northern Europe,Europe,Reino Unido,Inglaterra
alert_22190,67155,2017-09-09 07:02:00,0.9999320861034305,1,First Class,Northern Europe,Europe,Reino Unido,Inglaterra
alert_25254,68402,2017-09-27 11:55:00,0.9999320817518244,1,First Class,Southern Europe,Europe,Italia,Lacio
alert_5832,60230,2017-05-31 04:54:00,0.9999320740775253,1,First Class,South America,LATAM,Argentina,Buenos Aires
alert_5835,60230,2017-05-31 04:54:00,0.9999320740775253,1,First Class,South America,LATAM,Argentina,Buenos Aires
alert_5833,60230,2017-05-31 04:54:00,0.9999320740775253,1,First Class,South America,LATAM,Argentina,Buenos Aires
alert_5842,60231,2017-05-31 05:15:00,0.9999320740775253,1,First Class,South America,LATAM,Argentina,Buenos Aires
alert_5843,60231,2017-05-31 05:15:00,0.9999320740775253,1,First Class,South America,LATAM,Argentina,Buenos Aires
alert_5840,60231,2017-05-31 05:15:00,0.9999320740775253,1,First Class,South America,LATAM,Argentina,Buenos Aires
alert_31986,74627,2017-12-27 08:48:00,0.9999320732571793,1,First Class,Southeast Asia,Pacific Asia,Indonesia,Yakarta
alert_32099,74748,2017-12-29 03:12:00,0.9999320732571793,1,First Class,Southeast Asia,Pacific Asia,Indonesia,Yakarta
alert_3881,59389,2017-05-18 22:15:00,0.9999320633005608,1,First Class,Central America,LATAM,México,Tabasco
alert_24298,68041,2017-09-22 05:26:00,0.9999320600254477,1,First Class,Southern Europe,Europe,Italia,Lacio
alert_9350,61758,2017-06-22 12:13:00,0.999932056931695,1,First Class,Southern Europe,Europe,España,Andalucía
alert_9351,61758,2017-06-22 12:13:00,0.999932056931695,1,First Class,Southern Europe,Europe,España,Andalucía
alert_16781,64899,2017-08-07 08:39:00,0.9999320404925153,1,First Class,Southern Europe,Europe,Italia,Lombardía
alert_16780,64899,2017-08-07 08:39:00,0.9999320404925153,1,First Class,Southern Europe,Europe,Italia,Lombardía
alert_27901,70358,2017-10-26 01:11:00,0.9999320397553618,1,First Class,Southern Europe,Europe,Italia,Véneto
alert_5231,59970,2017-05-27 09:48:00,0.9999320313456878,1,First Class,Central America,LATAM,Belice,Distrito de Cayo
alert_16762,64890,2017-08-07 05:30:00,0.9999320312963408,1,First Class,Western Europe,Europe,Alemania,Baden-Wurtemberg
alert_18189,65463,2017-08-15 14:15:00,0.9999320312963408,1,First Class,Western Europe,Europe,Alemania,Hesse
alert_26823,69215,2017-10-09 08:44:00,0.9999320259345917,1,First Class,Northern Europe,Europe,Reino Unido,Inglaterra
alert_32201,74858,2017-12-30 17:44:00,0.9999320213250431,1,First Class,Eastern Asia,Pacific Asia,China,Sichuan
alert_32200,74857,2017-12-30 17:23:00,0.9999320213250431,1,First Class,Eastern Asia,Pacific Asia,China,Sichuan
alert_32204,74862,2017-12-30 19:08:00,0.9999320213250431,1,First Class,Eastern Asia,Pacific Asia,China,Sichuan
alert_32203,74861,2017-12-30 18:47:00,0.9999320213250431,1,First Class,Eastern Asia,Pacific Asia,China,Sichuan
alert_27362,69773,2017-10-17 12:14:00,0.999932011735033,1,First Class,Northern Europe,Europe,Reino Unido,Inglaterra
alert_5115,59926,2017-05-26 18:23:00,0.9999320108724649,1,First Class,South America,LATAM,Brasil,São Paulo
alert_5415,60043,2017-05-28 11:23:00,0.9999320108724649,1,First Class,South America,LATAM,Brasil,São Paulo
alert_5113,59926,2017-05-26 18:23:00,0.9999320108724649,1,First Class,South America,LATAM,Brasil,São Paulo
alert_4854,59792,2017-05-24 19:27:00,0.9999320108724649,1,First Class,South America,LATAM,Brasil,Rio Grande do Sul
alert_15386,64281,2017-07-29 08:08:00,0.9999320108724649,1,First Class,Northern Europe,Europe,Finlandia,Uusimaa
alert_2460,58805,2017-05-10 09:39:00,0.9999320051421499,1,First Class,Central America,LATAM,México,Quintana Roo
alert_7478,60920,2017-06-10 06:38:00,0.9999320051421499,1,First Class,Caribbean,LATAM,República Dominicana,La Romana
alert_2674,58889,2017-05-11 15:05:00,0.9999320051421499,1,First Class,Central America,LATAM,México,Sinaloa
alert_33802,76527,2018-01-24 02:27:00,0.999932004678122,1,First Class,Southeast Asia,Pacific Asia,Filipinas,Capital Nacional
alert_33837,76562,2018-01-24 14:43:00,0.999932004678122,1,First Class,Southeast Asia,Pacific Asia,Filipinas,Capital Nacional
alert_23505,67684,2017-09-17 00:22:00,0.9999319927567236,1,First Class,Northern Europe,Europe,Reino Unido,Inglaterra
alert_19157,65877,2017-08-21 15:17:00,0.999931990572111,1,First Class,Southern Europe,Europe,España,Castilla y León
alert_19156,65877,2017-08-21 15:17:00,0.999931990572111,1,First Class,Southern Europe,Europe,España,Castilla y León
alert_19155,65876,2017-08-21 14:56:00,0.999931990572111,1,First Class,Southern Europe,Europe,España,Castilla y León
alert_19159,65877,2017-08-21 15:17:00,0.999931990572111,1,First Class,Southern Europe,Europe,España,Castilla y León
alert_24953,68297,2017-09-25 23:07:00,0.9999319746962122,1,First Class,Southern Europe,Europe,España,Cataluña
alert_30642,72950,2017-12-06 21:17:00,0.9999319736202732,1,Second Class,Eastern Asia,Pacific Asia,China,Mongolia Interior
alert_2358,58757,2017-05-09 16:50:00,0.9999319718048102,1,First Class,South America,LATAM,Perú,Lima (ciudad)
alert_12553,63085,2017-07-11 21:08:00,0.9999319718048102,1,First Class,Northern Europe,Europe,Dinamarca,Región Capital
alert_25974,68736,2017-10-02 08:55:00,0.9999319676199616,1,First Class,Northern Europe,Europe,Reino Unido,Inglaterra
alert_22065,67099,2017-09-08 11:25:00,0.999931966342622,1,First Class,Western Europe,Europe,Alemania,Hesse
alert_22072,67099,2017-09-08 11:25:00,0.999931966342622,1,First Class,Western Europe,Europe,Alemania,Hesse
alert_24750,68210,2017-09-24 16:39:00,0.9999319333501216,1,First Class,Northern Europe,Europe,Reino Unido,Inglaterra
alert_20867,66589,2017-09-01 00:44:00,0.9999319277494835,1,First Class,Southern Europe,Europe,Italia,Lacio
alert_20866,66589,2017-09-01 00:44:00,0.9999319277494835,1,First Class,Southern Europe,Europe,Italia,Lacio
alert_11339,62629,2017-07-05 05:22:00,0.9999319201014233,1,First Class,Western Europe,Europe,Francia,Alsacia-Champaña-Ardenas-Lorena
alert_22842,67429,2017-09-13 07:01:00,0.9999319201014233,1,First Class,Western Europe,Europe,Francia,Auvernia-Ródano-Alpes
alert_2461,58805,2017-05-10 09:39:00,0.9999319017942588,1,First Class,Central America,LATAM,México,Quintana Roo
alert_2491,58816,2017-05-10 13:30:00,0.9999319017942588,1,First Class,Caribbean,LATAM,Haití,Ouest
alert_2459,58805,2017-05-10 09:39:00,0.9999319017942588,1,First Class,Central America,LATAM,México,Quintana Roo
alert_1862,58540,2017-05-06 12:49:00,0.9999319017942588,1,First Class,South America,LATAM,Perú,Lima (ciudad)
alert_1854,58539,2017-05-06 12:28:00,0.9999319017942588,1,First Class,South America,LATAM,Perú,Lima (ciudad)
alert_32610,75280,2018-01-05 21:35:00,0.9999319017942588,1,First Class,Oceania,Pacific Asia,Australia,Queensland
alert_1860,58540,2017-05-06 12:49:00,0.9999319017942588,1,First Class,South America,LATAM,Perú,Lima (ciudad)
alert_1636,58449,2017-05-05 04:56:00,0.9999319017942588,1,First Class,Central America,LATAM,México,Morelos
alert_7533,60941,2017-06-10 13:59:00,0.9999319017942588,1,First Class,South America,LATAM,Perú,Lima (ciudad)
alert_1856,58539,2017-05-06 12:28:00,0.9999319017942588,1,First Class,South America,LATAM,Perú,Lima (ciudad)
alert_1857,58539,2017-05-06 12:28:00,0.9999319017942588,1,First Class,South America,LATAM,Perú,Lima (ciudad)
alert_7535,60941,2017-06-10 13:59:00,0.9999319017942588,1,First Class,South America,LATAM,Perú,Lima (ciudad)
alert_7534,60941,2017-06-10 13:59:00,0.9999319017942588,1,First Class,South America,LATAM,Perú,Lima (ciudad)
alert_7536,60942,2017-06-10 14:20:00,0.9999319017942588,1,First Class,South America,LATAM,Perú,Lima (ciudad)
alert_7479,60920,2017-06-10 06:38:00,0.9999319017942588,1,First Class,Caribbean,LATAM,República Dominicana,La Romana
alert_7477,60920,2017-06-10 06:38:00,0.9999319017942588,1,First Class,Caribbean,LATAM,República Dominicana,La Romana
alert_1634,58449,2017-05-05 04:56:00,0.9999319017942588,1,First Class,Central America,LATAM,México,Morelos
alert_1631,58449,2017-05-05 04:56:00,0.9999319017942588,1,First Class,Central America,LATAM,México,Morelos
alert_1635,58449,2017-05-05 04:56:00,0.9999319017942588,1,First Class,Central America,LATAM,México,Morelos
alert_30629,73206,2017-12-06 14:58:00,0.9999319017942588,1,First Class,South Asia,Pacific Asia,Pakistán,Punyab
alert_2493,58816,2017-05-10 13:30:00,0.9999319017942588,1,First Class,Caribbean,LATAM,Haití,Ouest
alert_2492,58816,2017-05-10 13:30:00,0.9999319017942588,1,First Class,Caribbean,LATAM,Haití,Ouest
alert_29221,71752,2017-11-15 09:34:00,0.9999319017942588,1,First Class,Oceania,Pacific Asia,Australia,Queensland
alert_32607,75279,2018-01-05 21:14:00,0.9999319017942588,1,First Class,Oceania,Pacific Asia,Australia,Queensland
alert_15375,64277,2017-07-29 06:44:00,0.9999318984900113,1,First Class,Western Europe,Europe,Bélgica,Flanders Oriental
alert_15376,64277,2017-07-29 06:44:00,0.9999318984900113,1,First Class,Western Europe,Europe,Bélgica,Flanders Oriental
alert_23579,67707,2017-09-17 08:25:00,0.9999318932963971,1,First Class,Northern Europe,Europe,Reino Unido,Inglaterra
alert_25430,68475,2017-09-28 13:29:00,0.9999318929912397,1,First Class,Southern Europe,Europe,España,Andalucía
alert_292,57919,2017-04-27 11:15:00,0.9999318673435,1,First Class,Caribbean,LATAM,Cuba,Holguín
alert_295,57919,2017-04-27 11:15:00,0.9999318673435,1,First Class,Caribbean,LATAM,Cuba,Holguín
alert_16082,64585,2017-08-02 18:39:00,0.9999318654547863,1,First Class,Southern Europe,Europe,Italia,Piamonte
alert_16118,64601,2017-08-03 00:15:00,0.9999318654547863,1,First Class,Southern Europe,Europe,España,Valenciana
alert_23038,67507,2017-09-14 10:21:00,0.9999318654547863,1,First Class,Southern Europe,Europe,Italia,Trentino-Alto Adigio
alert_16078,64584,2017-08-02 18:18:00,0.9999318654547863,1,First Class,Southern Europe,Europe,Italia,Piamonte
alert_16117,64601,2017-08-03 00:15:00,0.9999318654547863,1,First Class,Southern Europe,Europe,España,Valenciana
alert_25628,68566,2017-09-29 21:22:00,0.9999318561058694,1,First Class,Western Europe,Europe,Francia,Isla de Francia
alert_27528,69952,2017-10-20 02:57:00,0.9999318347253721,1,First Class,Western Europe,Europe,Países Bajos,Holanda Septentrional
alert_14233,63818,2017-07-22 13:56:00,0.9999318338599733,1,First Class,Western Europe,Europe,Alemania,Hamburgo
alert_14444,63893,2017-07-23 16:12:00,0.9999318338599733,1,First Class,Western Europe,Europe,Alemania,Hesse
alert_18721,65698,2017-08-19 00:35:00,0.9999318286614305,1,First Class,Northern Europe,Europe,Irlanda,Dublín
alert_18723,65698,2017-08-19 00:35:00,0.9999318286614305,1,First Class,Northern Europe,Europe,Irlanda,Dublín
alert_24329,68050,2017-09-22 08:35:00,0.9999318164207963,1,First Class,Western Europe,Europe,Austria,Viena
alert_14770,64017,2017-07-25 11:39:00,0.9999318164207963,1,First Class,Western Europe,Europe,Austria,Viena
alert_10412,62209,2017-06-29 02:14:00,0.9999318164207963,1,First Class,Western Europe,Europe,Austria,Viena
alert_10409,62209,2017-06-29 02:14:00,0.9999318164207963,1,First Class,Western Europe,Europe,Austria,Viena
alert_24708,68192,2017-09-24 10:20:00,0.9999318131177807,1,First Class,Southern Europe,Europe,España,Islas Baleares
alert_24709,68192,2017-09-24 10:20:00,0.9999318131177807,1,First Class,Southern Europe,Europe,España,Islas Baleares
alert_19670,66103,2017-08-24 22:28:00,0.9999318131177807,1,First Class,Southern Europe,Europe,España,Islas Baleares
alert_19671,66103,2017-08-24 22:28:00,0.9999318131177807,1,First Class,Southern Europe,Europe,España,Islas Baleares
alert_8065,61178,2017-06-14 01:01:00,0.9999318108565873,1,First Class,Central America,LATAM,El Salvador,San Salvador
alert_29258,71782,2017-11-15 20:04:00,0.9999318108565873,1,First Class,South Asia,Pacific Asia,India,Telangana
alert_2092,58637,2017-05-07 22:48:00,0.9999318108565873,1,First Class,Caribbean,LATAM,República Dominicana,Santiago de Chile
alert_2060,58627,2017-05-07 19:17:00,0.9999318108565873,1,First Class,Central America,LATAM,México,Tamaulipas
alert_2091,58637,2017-05-07 22:48:00,0.9999318108565873,1,First Class,Caribbean,LATAM,República Dominicana,Santiago de Chile
alert_7376,60884,2017-06-09 18:01:00,0.9999318108565873,1,First Class,South America,LATAM,Brasil,São Paulo
alert_7582,60959,2017-06-10 20:18:00,0.9999318108565873,1,First Class,South America,LATAM,Brasil,São Paulo
alert_7645,60981,2017-06-11 04:00:00,0.9999318108565873,1,First Class,South America,LATAM,Chile,Santiago de Chile
alert_8068,61178,2017-06-14 01:01:00,0.9999318108565873,1,First Class,Central America,LATAM,El Salvador,San Salvador
alert_7522,60936,2017-06-10 12:14:00,0.9999318108565873,1,First Class,Central America,LATAM,México,Tabasco
alert_7374,60884,2017-06-09 18:01:00,0.9999318108565873,1,First Class,South America,LATAM,Brasil,São Paulo
alert_7523,60936,2017-06-10 12:14:00,0.9999318108565873,1,First Class,Central America,LATAM,México,Tabasco
alert_7585,60959,2017-06-10 20:18:00,0.9999318108565873,1,First Class,South America,LATAM,Brasil,São Paulo
alert_7583,60959,2017-06-10 20:18:00,0.9999318108565873,1,First Class,South America,LATAM,Brasil,São Paulo
alert_7646,60981,2017-06-11 04:00:00,0.9999318108565873,1,First Class,South America,LATAM,Chile,Santiago de Chile
alert_8069,61178,2017-06-14 01:01:00,0.9999318108565873,1,First Class,Central America,LATAM,El Salvador,San Salvador
alert_29161,71684,2017-11-14 09:44:00,0.9999318108565873,1,First Class,Eastern Asia,Pacific Asia,China,Shanghái
alert_2089,58637,2017-05-07 22:48:00,0.9999318108565873,1,First Class,Caribbean,LATAM,República Dominicana,Santiago de Chile
alert_1628,58448,2017-05-05 04:35:00,0.9999318108565873,1,First Class,Central America,LATAM,México,Veracruz
alert_2090,58637,2017-05-07 22:48:00,0.9999318108565873,1,First Class,Caribbean,LATAM,República Dominicana,Santiago de Chile
alert_7375,60884,2017-06-09 18:01:00,0.9999318108565873,1,First Class,South America,LATAM,Brasil,São Paulo
alert_8067,61178,2017-06-14 01:01:00,0.9999318108565873,1,First Class,Central America,LATAM,El Salvador,San Salvador
alert_1629,58448,2017-05-05 04:35:00,0.9999318108565873,1,First Class,Central America,LATAM,México,Veracruz
alert_19233,65913,2017-08-22 03:54:00,0.9999318092793517,1,First Class,Western Europe,Europe,Francia,Provenza-Alpes-Costa Azul
alert_19232,65913,2017-08-22 03:54:00,0.9999318092793517,1,First Class,Western Europe,Europe,Francia,Provenza-Alpes-Costa Azul
alert_19230,65913,2017-08-22 03:54:00,0.9999318092793517,1,First Class,Western Europe,Europe,Francia,Provenza-Alpes-Costa Azul
alert_28049,70514,2017-10-28 07:50:00,0.9999318087086447,1,First Class,Northern Europe,Europe,Reino Unido,Inglaterra
alert_14204,63807,2017-07-22 10:05:00,0.999931803350578,1,First Class,Western Europe,Europe,Países Bajos,Holanda Meridional
alert_7328,60859,2017-06-09 09:16:00,0.9999317907052365,1,First Class,Central America,LATAM,Guatemala,Guatemala
alert_7327,60858,2017-06-09 08:55:00,0.9999317907052365,1,First Class,Central America,LATAM,Guatemala,Guatemala
alert_7325,60857,2017-06-09 08:34:00,0.9999317907052365,1,First Class,Central America,LATAM,Guatemala,Guatemala
alert_7324,60857,2017-06-09 08:34:00,0.9999317907052365,1,First Class,Central America,LATAM,Guatemala,Guatemala
alert_7330,60859,2017-06-09 09:16:00,0.9999317907052365,1,First Class,Central America,LATAM,Guatemala,Guatemala
alert_30503,73066,2017-12-04 13:55:00,0.9999317878664221,1,First Class,Oceania,Pacific Asia,Australia,Tasmania
alert_30496,73063,2017-12-04 12:52:00,0.9999317878664221,1,First Class,Oceania,Pacific Asia,Australia,Queensland
alert_30463,73027,2017-12-04 00:15:00,0.9999317878664221,1,First Class,Eastern Asia,Pacific Asia,China,Zhejiang
alert_30508,73073,2017-12-04 16:22:00,0.9999317878664221,1,First Class,Oceania,Pacific Asia,Australia,Queensland
alert_30507,73072,2017-12-04 16:01:00,0.9999317878664221,1,First Class,Eastern Asia,Pacific Asia,China,Mongolia Interior
alert_32821,75485,2018-01-08 21:24:00,0.9999317878664221,1,First Class,South Asia,Pacific Asia,India,Maharashtra
alert_30501,73065,2017-12-04 13:34:00,0.9999317878664221,1,First Class,Oceania,Pacific Asia,Australia,Tasmania
alert_32220,74884,2017-12-31 02:51:00,0.9999317787629823,1,First Class,Eastern Asia,Pacific Asia,China,Jiangxi
alert_12836,63238,2017-07-14 02:44:00,0.9999317761899797,1,First Class,Western Europe,Europe,Alemania,Renania del Norte-Westfalia
alert_17186,65078,2017-08-09 23:22:00,0.9999317761899797,1,First Class,Western Europe,Europe,Alemania,Renania del Norte-Westfalia
alert_17330,65130,2017-08-10 17:35:00,0.9999317761899797,1,First Class,Western Europe,Europe,Francia,Normandía
alert_12842,63239,2017-07-14 03:05:00,0.9999317761899797,1,First Class,Western Europe,Europe,Alemania,Renania del Norte-Westfalia
alert_17575,65217,2017-08-12 00:04:00,0.9999317761899797,1,First Class,Western Europe,Europe,Francia,Provenza-Alpes-Costa Azul
alert_17573,65217,2017-08-12 00:04:00,0.9999317761899797,1,First Class,Western Europe,Europe,Francia,Provenza-Alpes-Costa Azul
alert_17572,65217,2017-08-12 00:04:00,0.9999317761899797,1,First Class,Western Europe,Europe,Francia,Provenza-Alpes-Costa Azul
alert_17571,65216,2017-08-11 23:43:00,0.9999317761899797,1,First Class,Western Europe,Europe,Francia,Provenza-Alpes-Costa Azul
alert_12838,63238,2017-07-14 02:44:00,0.9999317761899797,1,First Class,Western Europe,Europe,Alemania,Renania del Norte-Westfalia
alert_23048,67509,2017-09-14 11:03:00,0.9999317761899797,1,First Class,Western Europe,Europe,Francia,Languedoc-Rosellón-Mediodía-Pirineos
alert_23051,67509,2017-09-14 11:03:00,0.9999317761899797,1,First Class,Western Europe,Europe,Francia,Languedoc-Rosellón-Mediodía-Pirineos
alert_23052,67509,2017-09-14 11:03:00,0.9999317761899797,1,First Class,Western Europe,Europe,Francia,Languedoc-Rosellón-Mediodía-Pirineos
alert_23063,67511,2017-09-14 11:45:00,0.9999317761899797,1,First Class,Western Europe,Europe,Francia,Languedoc-Rosellón-Mediodía-Pirineos
alert_23056,67510,2017-09-14 11:24:00,0.9999317761899797,1,First Class,Western Europe,Europe,Francia,Languedoc-Rosellón-Mediodía-Pirineos
alert_22734,67374,2017-09-12 11:45:00,0.9999317761899797,1,First Class,Western Europe,Europe,Francia,Norte-Paso de Calais-Picardía
alert_17185,65078,2017-08-09 23:22:00,0.9999317761899797,1,First Class,Western Europe,Europe,Alemania,Renania del Norte-Westfalia
alert_23062,67511,2017-09-14 11:45:00,0.9999317761899797,1,First Class,Western Europe,Europe,Francia,Languedoc-Rosellón-Mediodía-Pirineos
alert_22733,67374,2017-09-12 11:45:00,0.9999317761899797,1,First Class,Western Europe,Europe,Francia,Norte-Paso de Calais-Picardía
alert_17187,65078,2017-08-09 23:22:00,0.9999317761899797,1,First Class,Western Europe,Europe,Alemania,Renania del Norte-Westfalia
alert_17331,65130,2017-08-10 17:35:00,0.9999317761899797,1,First Class,Western Europe,Europe,Francia,Normandía
alert_27238,69648,2017-10-15 16:26:00,0.9999317761899797,1,First Class,Western Europe,Europe,Francia,Provenza-Alpes-Costa Azul
alert_28598,71068,2017-11-05 09:56:00,0.9999317761899797,1,First Class,Western Europe,Europe,Francia,Provenza-Alpes-Costa Azul
alert_28602,71070,2017-11-05 10:38:00,0.9999317761899797,1,First Class,Western Europe,Europe,Francia,Provenza-Alpes-Costa Azul
alert_21626,66908,2017-09-05 16:30:00,0.9999317761899797,1,First Class,Western Europe,Europe,Francia,Languedoc-Rosellón-Mediodía-Pirineos
alert_21729,66949,2017-09-06 06:51:00,0.9999317761899797,1,First Class,Western Europe,Europe,Países Bajos,Limburgo
alert_21727,66948,2017-09-06 06:30:00,0.9999317761899797,1,First Class,Western Europe,Europe,Países Bajos,Limburgo
alert_12834,63237,2017-07-14 02:23:00,0.9999317761899797,1,First Class,Western Europe,Europe,Alemania,Renania del Norte-Westfalia
alert_12833,63237,2017-07-14 02:23:00,0.9999317761899797,1,First Class,Western Europe,Europe,Alemania,Renania del Norte-Westfalia
alert_21625,66906,2017-09-05 15:48:00,0.9999317761899797,1,First Class,Western Europe,Europe,Francia,Languedoc-Rosellón-Mediodía-Pirineos
alert_21627,66908,2017-09-05 16:30:00,0.9999317761899797,1,First Class,Western Europe,Europe,Francia,Languedoc-Rosellón-Mediodía-Pirineos
alert_17672,65262,2017-08-12 15:50:00,0.9999317761899797,1,First Class,Western Europe,Europe,Alemania,Renania del Norte-Westfalia
alert_21728,66949,2017-09-06 06:51:00,0.9999317761899797,1,First Class,Western Europe,Europe,Países Bajos,Limburgo
alert_12832,63237,2017-07-14 02:23:00,0.9999317761899797,1,First Class,Western Europe,Europe,Alemania,Renania del Norte-Westfalia
alert_22732,67374,2017-09-12 11:45:00,0.9999317761899797,1,First Class,Western Europe,Europe,Francia,Norte-Paso de Calais-Picardía
alert_16500,64782,2017-08-05 15:40:00,0.9999317761899797,1,First Class,Western Europe,Europe,Francia,Languedoc-Rosellón-Mediodía-Pirineos
alert_16499,64782,2017-08-05 15:40:00,0.9999317761899797,1,First Class,Western Europe,Europe,Francia,Languedoc-Rosellón-Mediodía-Pirineos
alert_22289,67201,2017-09-09 23:09:00,0.9999317761899797,1,First Class,Western Europe,Europe,Francia,Languedoc-Rosellón-Mediodía-Pirineos
alert_22288,67201,2017-09-09 23:09:00,0.9999317761899797,1,First Class,Western Europe,Europe,Francia,Languedoc-Rosellón-Mediodía-Pirineos
alert_22290,67201,2017-09-09 23:09:00,0.9999317761899797,1,First Class,Western Europe,Europe,Francia,Languedoc-Rosellón-Mediodía-Pirineos
alert_16501,64782,2017-08-05 15:40:00,0.9999317761899797,1,First Class,Western Europe,Europe,Francia,Languedoc-Rosellón-Mediodía-Pirineos
alert_10356,62187,2017-06-28 18:31:00,0.9999317691114955,1,First Class,Northern Europe,Europe,Reino Unido,Escocia
alert_20010,66258,2017-08-27 04:46:00,0.9999317691114955,1,First Class,Northern Europe,Europe,Reino Unido,Inglaterra
alert_25518,68509,2017-09-29 01:24:00,0.9999317691114955,1,First Class,Northern Europe,Europe,Reino Unido,Inglaterra
alert_19262,65929,2017-08-22 09:30:00,0.9999317637329479,1,First Class,Southern Europe,Europe,Italia,Friuli-Venecia Julia
alert_19261,65929,2017-08-22 09:30:00,0.9999317637329479,1,First Class,Southern Europe,Europe,Italia,Friuli-Venecia Julia
alert_19263,65929,2017-08-22 09:30:00,0.9999317637329479,1,First Class,Southern Europe,Europe,Italia,Friuli-Venecia Julia
alert_12968,63288,2017-07-14 20:15:00,0.9999317526562751,1,First Class,Western Europe,Europe,Alemania,Baja Sajonia
alert_12974,63290,2017-07-14 20:57:00,0.9999317526562751,1,First Class,Western Europe,Europe,Alemania,Baja Sajonia
alert_16678,64864,2017-08-06 20:23:00,0.9999317526562751,1,First Class,Western Europe,Europe,Francia,Isla de Francia
alert_17237,65091,2017-08-10 03:55:00,0.9999317526562751,1,First Class,Western Europe,Europe,Francia,Centro-Valle de Loira
alert_12967,63288,2017-07-14 20:15:00,0.9999317526562751,1,First Class,Western Europe,Europe,Alemania,Baja Sajonia
alert_12966,63288,2017-07-14 20:15:00,0.9999317526562751,1,First Class,Western Europe,Europe,Alemania,Baja Sajonia
alert_12964,63288,2017-07-14 20:15:00,0.9999317526562751,1,First Class,Western Europe,Europe,Alemania,Baja Sajonia
alert_11696,62754,2017-07-07 01:10:00,0.9999317526562751,1,First Class,Western Europe,Europe,Alemania,Baja Sajonia
alert_11695,62754,2017-07-07 01:10:00,0.9999317526562751,1,First Class,Western Europe,Europe,Alemania,Baja Sajonia
alert_28786,71288,2017-11-08 15:00:00,0.9999317526562751,1,First Class,Western Europe,Europe,Países Bajos,Brabante Septentrional
alert_11703,62755,2017-07-07 01:31:00,0.9999317526562751,1,First Class,Western Europe,Europe,Alemania,Baja Sajonia
alert_11364,62633,2017-07-05 06:46:00,0.9999317526562751,1,First Class,Western Europe,Europe,Austria,Alta Austria
alert_11359,62632,2017-07-05 06:25:00,0.9999317526562751,1,First Class,Western Europe,Europe,Países Bajos,Holanda Meridional
alert_11362,62632,2017-07-05 06:25:00,0.9999317526562751,1,First Class,Western Europe,Europe,Países Bajos,Holanda Meridional
alert_11694,62754,2017-07-07 01:10:00,0.9999317526562751,1,First Class,Western Europe,Europe,Alemania,Baja Sajonia
alert_11338,62629,2017-07-05 05:22:00,0.9999317526562751,1,First Class,Western Europe,Europe,Francia,Alsacia-Champaña-Ardenas-Lorena
alert_11340,62629,2017-07-05 05:22:00,0.9999317526562751,1,First Class,Western Europe,Europe,Francia,Alsacia-Champaña-Ardenas-Lorena
alert_11692,62754,2017-07-07 01:10:00,0.9999317526562751,1,First Class,Western Europe,Europe,Alemania,Baja Sajonia
alert_12970,63289,2017-07-14 20:36:00,0.9999317526562751,1,First Class,Western Europe,Europe,Alemania,Baja Sajonia
alert_12977,63290,2017-07-14 20:57:00,0.9999317526562751,1,First Class,Western Europe,Europe,Alemania,Baja Sajonia
alert_13190,63366,2017-07-15 23:34:00,0.9999317526562751,1,First Class,Western Europe,Europe,Alemania,Hamburgo
alert_13191,63366,2017-07-15 23:34:00,0.9999317526562751,1,First Class,Western Europe,Europe,Alemania,Hamburgo
alert_11360,62632,2017-07-05 06:25:00,0.9999317526562751,1,First Class,Western Europe,Europe,Países Bajos,Holanda Meridional
alert_17238,65091,2017-08-10 03:55:00,0.9999317526562751,1,First Class,Western Europe,Europe,Francia,Centro-Valle de Loira
alert_17239,65091,2017-08-10 03:55:00,0.9999317526562751,1,First Class,Western Europe,Europe,Francia,Centro-Valle de Loira
alert_21934,67040,2017-09-07 14:44:00,0.9999317526562751,1,First Class,Western Europe,Europe,Alemania,Bavaria
alert_21936,67040,2017-09-07 14:44:00,0.9999317526562751,1,First Class,Western Europe,Europe,Alemania,Bavaria
alert_27049,69447,2017-10-12 18:01:00,0.9999317526562751,1,First Class,Western Europe,Europe,Francia,Isla de Francia
alert_27050,69448,2017-10-12 18:22:00,0.9999317526562751,1,First Class,Western Europe,Europe,Francia,Isla de Francia
alert_27140,69545,2017-10-14 04:21:00,0.9999317526562751,1,First Class,Western Europe,Europe,Francia,Isla de Francia
alert_27138,69544,2017-10-14 04:00:00,0.9999317526562751,1,First Class,Western Europe,Europe,Francia,Isla de Francia
alert_27161,69567,2017-10-14 12:04:00,0.9999317526562751,1,First Class,Western Europe,Europe,Bélgica,Henao
alert_27162,69568,2017-10-14 12:25:00,0.9999317526562751,1,First Class,Western Europe,Europe,Bélgica,Henao
alert_17731,65286,2017-08-13 00:14:00,0.9999317526562751,1,First Class,Western Europe,Europe,Francia,Isla de Francia
alert_27031,69431,2017-10-12 12:25:00,0.9999317526562751,1,First Class,Western Europe,Europe,Francia,Borgoña-Franco Condado
alert_17729,65286,2017-08-13 00:14:00,0.9999317526562751,1,First Class,Western Europe,Europe,Francia,Isla de Francia
alert_17730,65286,2017-08-13 00:14:00,0.9999317526562751,1,First Class,Western Europe,Europe,Francia,Isla de Francia
alert_21921,67039,2017-09-07 14:23:00,0.9999317526562751,1,First Class,Western Europe,Europe,Alemania,Bavaria
alert_21924,67039,2017-09-07 14:23:00,0.9999317526562751,1,First Class,Western Europe,Europe,Alemania,Bavaria
alert_21925,67039,2017-09-07 14:23:00,0.9999317526562751,1,First Class,Western Europe,Europe,Alemania,Bavaria
alert_21933,67040,2017-09-07 14:44:00,0.9999317526562751,1,First Class,Western Europe,Europe,Alemania,Bavaria
alert_17723,65285,2017-08-12 23:53:00,0.9999317526562751,1,First Class,Western Europe,Europe,Francia,Isla de Francia
alert_17724,65285,2017-08-12 23:53:00,0.9999317526562751,1,First Class,Western Europe,Europe,Francia,Isla de Francia
alert_17231,65090,2017-08-10 03:34:00,0.9999317526562751,1,First Class,Western Europe,Europe,Francia,Centro-Valle de Loira
alert_27176,69583,2017-10-14 17:40:00,0.9999317526562751,1,First Class,Western Europe,Europe,Alemania,Hesse
alert_27211,69618,2017-10-15 05:56:00,0.9999317526562751,1,First Class,Western Europe,Europe,Francia,Alsacia-Champaña-Ardenas-Lorena
alert_27231,69636,2017-10-15 12:14:00,0.9999317526562751,1,First Class,Western Europe,Europe,Francia,Aquitania-Lemosín-Poitou-Charentes
alert_27046,69445,2017-10-12 17:19:00,0.9999317526562751,1,First Class,Western Europe,Europe,Francia,Isla de Francia
alert_27220,69624,2017-10-15 08:02:00,0.9999317526562751,1,First Class,Western Europe,Europe,Países Bajos,Holanda Meridional
alert_27044,69444,2017-10-12 16:58:00,0.9999317526562751,1,First Class,Western Europe,Europe,Francia,Isla de Francia
alert_27043,69443,2017-10-12 16:37:00,0.9999317526562751,1,First Class,Western Europe,Europe,Francia,Isla de Francia
alert_27175,69582,2017-10-14 17:19:00,0.9999317526562751,1,First Class,Western Europe,Europe,Alemania,Baja Sajonia
alert_28882,71383,2017-11-10 00:17:00,0.9999317526562751,1,First Class,Western Europe,Europe,Países Bajos,Groningen
alert_28929,71433,2017-11-10 17:48:00,0.9999317526562751,1,First Class,Western Europe,Europe,Francia,Isla de Francia
alert_28930,71434,2017-11-10 18:09:00,0.9999317526562751,1,First Class,Western Europe,Europe,Francia,Isla de Francia
alert_28881,71382,2017-11-09 23:56:00,0.9999317526562751,1,First Class,Western Europe,Europe,Países Bajos,Groningen
alert_28887,71387,2017-11-10 01:41:00,0.9999317526562751,1,First Class,Western Europe,Europe,Países Bajos,Groningen
alert_11365,62633,2017-07-05 06:46:00,0.9999317526562751,1,First Class,Western Europe,Europe,Austria,Alta Austria
alert_28808,71307,2017-11-08 21:40:00,0.9999317526562751,1,First Class,Western Europe,Europe,Francia,Isla de Francia
alert_16259,64670,2017-08-04 00:25:00,0.9999317494321339,1,First Class,Western Europe,Europe,Alemania,Renania del Norte-Westfalia
alert_16260,64670,2017-08-04 00:25:00,0.9999317494321339,1,First Class,Western Europe,Europe,Alemania,Renania del Norte-Westfalia
alert_21876,67013,2017-09-07 05:17:00,0.9999317494321339,1,First Class,Western Europe,Europe,Alemania,Renania del Norte-Westfalia
alert_33804,76529,2018-01-24 03:10:00,0.9999317483471998,1,First Class,Eastern Asia,Pacific Asia,China,Shanghái
alert_34067,76807,2018-01-28 04:33:00,0.9999317483471998,1,First Class,Oceania,Pacific Asia,Australia,Nueva Gales del Sur
alert_33843,76570,2018-01-24 17:31:00,0.9999317483471998,1,First Class,Eastern Asia,Pacific Asia,China,Pekín
alert_33751,76479,2018-01-23 09:39:00,0.9999317483471998,1,First Class,Oceania,Pacific Asia,Australia,Nueva Gales del Sur
alert_34060,76801,2018-01-28 02:27:00,0.9999317483471998,1,First Class,South Asia,Pacific Asia,India,Maharashtra
alert_34057,76800,2018-01-28 02:06:00,0.9999317483471998,1,First Class,South Asia,Pacific Asia,India,Maharashtra
alert_33807,76530,2018-01-24 03:31:00,0.9999317483471998,1,First Class,Eastern Asia,Pacific Asia,China,Shanghái
alert_33390,76096,2018-01-17 19:28:00,0.999931739955747,1,First Class,South Asia,Pacific Asia,Pakistán,Punyab
alert_33352,76050,2018-01-17 03:21:00,0.999931739955747,1,First Class,South Asia,Pacific Asia,Pakistán,Punyab
alert_11686,62751,2017-07-07 00:07:00,0.9999317313420721,1,First Class,Southern Europe,Europe,Italia,Liguria
alert_11683,62751,2017-07-07 00:07:00,0.9999317313420721,1,First Class,Southern Europe,Europe,Italia,Liguria
alert_17779,65309,2017-08-13 08:18:00,0.9999317313420721,1,First Class,Southern Europe,Europe,Italia,Lombardía
alert_17772,65307,2017-08-13 07:36:00,0.9999317313420721,1,First Class,Southern Europe,Europe,Italia,Lombardía
alert_17771,65307,2017-08-13 07:36:00,0.9999317313420721,1,First Class,Southern Europe,Europe,Italia,Lombardía
alert_17776,65308,2017-08-13 07:57:00,0.9999317313420721,1,First Class,Southern Europe,Europe,Italia,Lombardía
alert_17777,65309,2017-08-13 08:18:00,0.9999317313420721,1,First Class,Southern Europe,Europe,Italia,Lombardía
alert_11687,62752,2017-07-07 00:28:00,0.9999317313420721,1,First Class,Southern Europe,Europe,Italia,Liguria
alert_17773,65308,2017-08-13 07:57:00,0.9999317313420721,1,First Class,Southern Europe,Europe,Italia,Lombardía
alert_11850,62818,2017-07-07 23:35:00,0.9999317313420721,1,First Class,Southern Europe,Europe,España,Madrid
alert_30204,72766,2017-11-30 04:49:00,0.999931724464746,1,First Class,Southeast Asia,Pacific Asia,Indonesia,Java Occidental
alert_30799,73383,2017-12-09 04:58:00,0.9999317200375323,1,First Class,South Asia,Pacific Asia,India,Chhattisgarh
alert_30735,73312,2017-12-08 04:06:00,0.9999317200375323,1,First Class,Eastern Asia,Pacific Asia,China,Henan
alert_33782,76508,2018-01-23 19:48:00,0.9999317198839259,1,First Class,South Asia,Pacific Asia,Afganistán,Nangarhar
alert_32410,75083,2018-01-03 00:34:00,0.99993171654055,1,First Class,Southeast Asia,Pacific Asia,Indonesia,Java Oriental
alert_10607,62283,2017-06-30 04:09:00,0.9999317020486841,1,First Class,Southern Europe,Europe,Italia,Lacio
alert_10608,62283,2017-06-30 04:09:00,0.9999317020486841,1,First Class,Southern Europe,Europe,Italia,Lacio
alert_1295,58325,2017-05-03 09:29:00,0.9999316930993737,1,First Class,Central America,LATAM,Panamá,Panamá
alert_34436,77199,2018-02-02 21:53:00,0.9999316930993737,1,First Class,Oceania,Pacific Asia,Australia,Nueva Gales del Sur
alert_34334,77090,2018-02-01 07:42:00,0.9999316930993737,1,First Class,Oceania,Pacific Asia,Australia,Nueva Gales del Sur
alert_1502,58405,2017-05-04 13:31:00,0.9999316930993737,1,First Class,Central America,LATAM,México,Puebla
alert_1513,58406,2017-05-04 13:52:00,0.9999316930993737,1,First Class,Central America,LATAM,México,Puebla
alert_1512,58406,2017-05-04 13:52:00,0.9999316930993737,1,First Class,Central America,LATAM,México,Puebla
alert_1511,58406,2017-05-04 13:52:00,0.9999316930993737,1,First Class,Central America,LATAM,México,Puebla
alert_1510,58406,2017-05-04 13:52:00,0.9999316930993737,1,First Class,Central America,LATAM,México,Puebla
alert_1509,58406,2017-05-04 13:52:00,0.9999316930993737,1,First Class,Central America,LATAM,México,Puebla
alert_32416,75086,2018-01-03 01:37:00,0.9999316930993737,1,First Class,Oceania,Pacific Asia,Australia,Nueva Gales del Sur
alert_32484,75153,2018-01-04 01:05:00,0.9999316930993737,1,First Class,Oceania,Pacific Asia,Australia,Nueva Gales del Sur
alert_6083,60348,2017-06-01 22:14:00,0.9999316930993737,1,First Class,Central America,LATAM,Panamá,Panamá
alert_6215,60395,2017-06-02 14:42:00,0.9999316930993737,1,First Class,South America,LATAM,Ecuador,Manabí
alert_6213,60394,2017-06-02 14:21:00,0.9999316930993737,1,First Class,South America,LATAM,Ecuador,Manabí
alert_6212,60394,2017-06-02 14:21:00,0.9999316930993737,1,First Class,South America,LATAM,Ecuador,Manabí
alert_6209,60393,2017-06-02 14:00:00,0.9999316930993737,1,First Class,Central America,LATAM,México,Puebla
alert_6208,60393,2017-06-02 14:00:00,0.9999316930993737,1,First Class,Central America,LATAM,México,Puebla
alert_6217,60395,2017-06-02 14:42:00,0.9999316930993737,1,First Class,South America,LATAM,Ecuador,Manabí
alert_6216,60395,2017-06-02 14:42:00,0.9999316930993737,1,First Class,South America,LATAM,Ecuador,Manabí
alert_32548,75215,2018-01-04 22:48:00,0.9999316930993737,1,First Class,Oceania,Pacific Asia,Australia,Queensland
alert_32414,75085,2018-01-03 01:16:00,0.9999316930993737,1,First Class,Oceania,Pacific Asia,Australia,Nueva Gales del Sur
alert_1498,58405,2017-05-04 13:31:00,0.9999316930993737,1,First Class,Central America,LATAM,México,Puebla
alert_1501,58405,2017-05-04 13:31:00,0.9999316930993737,1,First Class,Central America,LATAM,México,Puebla
alert_1499,58405,2017-05-04 13:31:00,0.9999316930993737,1,First Class,Central America,LATAM,México,Puebla
alert_1500,58405,2017-05-04 13:31:00,0.9999316930993737,1,First Class,Central America,LATAM,México,Puebla
alert_6218,60395,2017-06-02 14:42:00,0.9999316930993737,1,First Class,South America,LATAM,Ecuador,Manabí
alert_6247,60407,2017-06-02 18:54:00,0.9999316930993737,1,First Class,Central America,LATAM,Panamá,Panamá
alert_6170,60380,2017-06-02 09:27:00,0.9999316930993737,1,First Class,South America,LATAM,Brasil,Pará
alert_6164,60380,2017-06-02 09:27:00,0.9999316930993737,1,First Class,South America,LATAM,Brasil,Pará
alert_6187,60384,2017-06-02 10:51:00,0.9999316930993737,1,First Class,South America,LATAM,Brasil,Pará
alert_6082,60348,2017-06-01 22:14:00,0.9999316930993737,1,First Class,Central America,LATAM,Panamá,Panamá
alert_6084,60348,2017-06-01 22:14:00,0.9999316930993737,1,First Class,Central America,LATAM,Panamá,Panamá
alert_6085,60348,2017-06-01 22:14:00,0.9999316930993737,1,First Class,Central America,LATAM,Panamá,Panamá
alert_5974,60296,2017-06-01 04:01:00,0.9999316930993737,1,First Class,Central America,LATAM,Guatemala,Quezaltenango
alert_5973,60296,2017-06-01 04:01:00,0.9999316930993737,1,First Class,Central America,LATAM,Guatemala,Quezaltenango
alert_6081,60348,2017-06-01 22:14:00,0.9999316930993737,1,First Class,Central America,LATAM,Panamá,Panamá
alert_6188,60384,2017-06-02 10:51:00,0.9999316930993737,1,First Class,South America,LATAM,Brasil,Pará
alert_9485,61807,2017-06-23 05:23:00,0.9999316916808728,1,First Class,Western Europe,Europe,Francia,Isla de Francia
alert_13903,63667,2017-07-20 09:02:00,0.9999316725645853,1,First Class,Northern Europe,Europe,Reino Unido,Inglaterra
alert_13899,63667,2017-07-20 09:02:00,0.9999316725645853,1,First Class,Northern Europe,Europe,Reino Unido,Inglaterra
alert_13901,63667,2017-07-20 09:02:00,0.9999316725645853,1,First Class,Northern Europe,Europe,Reino Unido,Inglaterra
alert_9170,61677,2017-06-21 07:51:00,0.9999316725645853,1,First Class,Northern Europe,Europe,Reino Unido,Inglaterra
alert_5922,60273,2017-05-31 19:57:00,0.9999316710738305,1,First Class,South America,LATAM,Brasil,Distrito Federal
alert_6416,60488,2017-06-03 23:17:00,0.9999316695370092,1,First Class,Caribbean,LATAM,Cuba,Guantánamo
alert_6201,60390,2017-06-02 12:57:00,0.9999316695370092,1,First Class,Central America,LATAM,México,Chihuahua
alert_32530,75202,2018-01-04 18:15:00,0.9999316695370092,1,First Class,South Asia,Pacific Asia,Bangladés,Daca
alert_32409,75082,2018-01-03 00:13:00,0.9999316695370092,1,First Class,Eastern Asia,Pacific Asia,China,Hebei
alert_32420,75089,2018-01-03 02:40:00,0.9999316695370092,1,First Class,South Asia,Pacific Asia,Bangladés,Daca
alert_34435,77198,2018-02-02 21:32:00,0.9999316695370092,1,First Class,South Asia,Pacific Asia,India,Delhi
alert_1519,58407,2017-05-04 14:13:00,0.9999316695370092,1,First Class,South America,LATAM,Argentina,Chubut
alert_6419,60488,2017-06-03 23:17:00,0.9999316695370092,1,First Class,Caribbean,LATAM,Cuba,Guantánamo
alert_6420,60488,2017-06-03 23:17:00,0.9999316695370092,1,First Class,Caribbean,LATAM,Cuba,Guantánamo
alert_6161,60379,2017-06-02 09:06:00,0.9999316695370092,1,First Class,Central America,LATAM,Nicaragua,Chinandega
alert_6418,60488,2017-06-03 23:17:00,0.9999316695370092,1,First Class,Caribbean,LATAM,Cuba,Guantánamo
alert_6417,60488,2017-06-03 23:17:00,0.9999316695370092,1,First Class,Caribbean,LATAM,Cuba,Guantánamo
alert_6160,60379,2017-06-02 09:06:00,0.9999316695370092,1,First Class,Central America,LATAM,Nicaragua,Chinandega
alert_6156,60379,2017-06-02 09:06:00,0.9999316695370092,1,First Class,Central America,LATAM,Nicaragua,Chinandega
alert_1520,58407,2017-05-04 14:13:00,0.9999316695370092,1,First Class,South America,LATAM,Argentina,Chubut
alert_11777,62783,2017-07-07 11:19:00,0.9999316671665605,1,First Class,Northern Europe,Europe,Reino Unido,Inglaterra
alert_11778,62783,2017-07-07 11:19:00,0.9999316671665605,1,First Class,Northern Europe,Europe,Reino Unido,Inglaterra
alert_8758,61470,2017-06-18 07:19:00,0.9999316607662755,1,First Class,South America,LATAM,Brasil,Santa Catarina
alert_8759,61470,2017-06-18 07:19:00,0.9999316607662755,1,First Class,South America,LATAM,Brasil,Santa Catarina
alert_2522,58834,2017-05-10 19:49:00,0.9999316444083794,1,First Class,Caribbean,LATAM,Trinidad y Tobago,San Fernando
alert_2520,58834,2017-05-10 19:49:00,0.9999316444083794,1,First Class,Caribbean,LATAM,Trinidad y Tobago,San Fernando
alert_2521,58834,2017-05-10 19:49:00,0.9999316444083794,1,First Class,Caribbean,LATAM,Trinidad y Tobago,San Fernando
alert_2519,58834,2017-05-10 19:49:00,0.9999316444083794,1,First Class,Caribbean,LATAM,Trinidad y Tobago,San Fernando
alert_12146,62926,2017-07-09 13:25:00,0.9999316401767963,1,First Class,Southern Europe,Europe,Italia,Sicilia
alert_12143,62926,2017-07-09 13:25:00,0.9999316401767963,1,First Class,Southern Europe,Europe,Italia,Sicilia
alert_12147,62926,2017-07-09 13:25:00,0.9999316401767963,1,First Class,Southern Europe,Europe,Italia,Sicilia
alert_23037,67507,2017-09-14 10:21:00,0.9999316401767963,1,First Class,Southern Europe,Europe,Italia,Trentino-Alto Adigio
alert_27011,69407,2017-10-12 04:00:00,0.9999316401767963,1,First Class,Southern Europe,Europe,Italia,Sicilia
alert_23036,67507,2017-09-14 10:21:00,0.9999316401767963,1,First Class,Southern Europe,Europe,Italia,Trentino-Alto Adigio
alert_23034,67507,2017-09-14 10:21:00,0.9999316401767963,1,First Class,Southern Europe,Europe,Italia,Trentino-Alto Adigio
alert_28837,71337,2017-11-09 08:10:00,0.9999316401767963,1,First Class,Southern Europe,Europe,Italia,Sicilia
alert_2161,58674,2017-05-08 11:45:00,0.9999316264830487,1,First Class,South America,LATAM,Brasil,São Paulo
alert_2160,58674,2017-05-08 11:45:00,0.9999316264830487,1,First Class,South America,LATAM,Brasil,São Paulo
alert_6714,60596,2017-06-05 13:07:00,0.9999316264830487,1,First Class,Central America,LATAM,El Salvador,San Salvador
alert_6713,60596,2017-06-05 13:07:00,0.9999316264830487,1,First Class,Central America,LATAM,El Salvador,San Salvador
alert_6716,60596,2017-06-05 13:07:00,0.9999316264830487,1,First Class,Central America,LATAM,El Salvador,San Salvador
alert_6779,60613,2017-06-05 19:05:00,0.9999316264830487,1,First Class,South America,LATAM,Chile,Santiago de Chile
alert_6778,60613,2017-06-05 19:05:00,0.9999316264830487,1,First Class,South America,LATAM,Chile,Santiago de Chile
alert_2162,58674,2017-05-08 11:45:00,0.9999316264830487,1,First Class,South America,LATAM,Brasil,São Paulo
alert_10454,62223,2017-06-29 07:08:00,0.9999316082704421,1,First Class,Western Europe,Europe,Alemania,Baden-Wurtemberg
alert_2228,58701,2017-05-08 21:13:00,0.9999315988189725,1,First Class,South America,LATAM,Colombia,Huila
alert_30931,73523,2017-12-11 06:01:00,0.9999315988189725,1,First Class,Eastern Asia,Pacific Asia,China,Heilongjiang
alert_9231,61701,2017-06-21 16:15:00,0.9999315949740549,1,First Class,Western Europe,Europe,Alemania,Hamburgo
alert_21354,66800,2017-09-04 02:39:00,0.9999315928786826,1,First Class,Western Europe,Europe,Alemania,Renania del Norte-Westfalia
alert_21353,66800,2017-09-04 02:39:00,0.9999315928786826,1,First Class,Western Europe,Europe,Alemania,Renania del Norte-Westfalia
alert_21351,66800,2017-09-04 02:39:00,0.9999315928786826,1,First Class,Western Europe,Europe,Alemania,Renania del Norte-Westfalia
alert_26081,68773,2017-10-02 21:53:00,0.9999315928786826,1,First Class,Western Europe,Europe,Alemania,Renania-Palatinado
alert_26082,68773,2017-10-02 21:53:00,0.9999315928786826,1,First Class,Western Europe,Europe,Alemania,Renania-Palatinado
alert_26084,68773,2017-10-02 21:53:00,0.9999315928786826,1,First Class,Western Europe,Europe,Alemania,Renania-Palatinado
alert_24319,68048,2017-09-22 07:53:00,0.999931590980693,1,First Class,Western Europe,Europe,Austria,Viena
alert_19480,66009,2017-08-23 13:32:00,0.999931590980693,1,First Class,Western Europe,Europe,Austria,Viena
alert_10410,62209,2017-06-29 02:14:00,0.999931590980693,1,First Class,Western Europe,Europe,Austria,Viena
alert_24322,68048,2017-09-22 07:53:00,0.999931590980693,1,First Class,Western Europe,Europe,Austria,Viena
alert_19482,66009,2017-08-23 13:32:00,0.999931590980693,1,First Class,Western Europe,Europe,Austria,Viena
alert_14772,64017,2017-07-25 11:39:00,0.999931590980693,1,First Class,Western Europe,Europe,Austria,Viena
alert_14769,64017,2017-07-25 11:39:00,0.999931590980693,1,First Class,Western Europe,Europe,Austria,Viena
alert_15216,64196,2017-07-28 02:22:00,0.999931590980693,1,First Class,Western Europe,Europe,Austria,Viena
alert_19481,66009,2017-08-23 13:32:00,0.999931590980693,1,First Class,Western Europe,Europe,Austria,Viena
alert_20403,66409,2017-08-29 09:40:00,0.999931590980693,1,First Class,Western Europe,Europe,Austria,Viena
alert_14768,64017,2017-07-25 11:39:00,0.999931590980693,1,First Class,Western Europe,Europe,Austria,Viena
alert_15214,64196,2017-07-28 02:22:00,0.999931590980693,1,First Class,Western Europe,Europe,Austria,Viena
alert_15213,64196,2017-07-28 02:22:00,0.999931590980693,1,First Class,Western Europe,Europe,Austria,Viena
alert_24321,68048,2017-09-22 07:53:00,0.999931590980693,1,First Class,Western Europe,Europe,Austria,Viena
alert_24337,68051,2017-09-22 08:56:00,0.999931590980693,1,First Class,Western Europe,Europe,Austria,Viena
alert_27824,70276,2017-10-24 20:27:00,0.999931590980693,1,First Class,Western Europe,Europe,Austria,Viena
alert_10413,62209,2017-06-29 02:14:00,0.999931590980693,1,First Class,Western Europe,Europe,Austria,Viena
alert_27825,70277,2017-10-24 20:48:00,0.999931590980693,1,First Class,Western Europe,Europe,Austria,Viena
alert_27821,70275,2017-10-24 20:06:00,0.999931590980693,1,First Class,Western Europe,Europe,Austria,Viena
alert_24320,68048,2017-09-22 07:53:00,0.999931590980693,1,First Class,Western Europe,Europe,Austria,Viena
alert_29268,71515,2017-11-15 22:32:00,0.9999315858497375,1,Second Class,Western Europe,Europe,Francia,Alsacia-Champaña-Ardenas-Lorena
alert_34005,76743,2018-01-27 06:08:00,0.9999315836622089,1,First Class,Eastern Asia,Pacific Asia,China,Liaoning
alert_33882,76603,2018-01-25 05:05:00,0.9999315836622089,1,First Class,Oceania,Pacific Asia,Australia,Victoria
alert_33880,76601,2018-01-25 04:23:00,0.9999315836622089,1,First Class,Oceania,Pacific Asia,Australia,Victoria
alert_34015,76751,2018-01-27 08:56:00,0.9999315836622089,1,First Class,Oceania,Pacific Asia,Australia,Queensland
alert_33815,76536,2018-01-24 05:37:00,0.9999315836622089,1,First Class,South Asia,Pacific Asia,India,Madhya Pradesh
alert_33803,76528,2018-01-24 02:49:00,0.9999315836622089,1,First Class,Oceania,Pacific Asia,Australia,Tasmania
alert_33781,76506,2018-01-23 19:06:00,0.9999315836622089,1,First Class,Eastern Asia,Pacific Asia,China,Yunnan
alert_33767,76494,2018-01-23 14:54:00,0.9999315836622089,1,First Class,South Asia,Pacific Asia,India,Rajastán
alert_33766,76493,2018-01-23 14:33:00,0.9999315836622089,1,First Class,South Asia,Pacific Asia,India,Rajastán
alert_33765,76492,2018-01-23 14:12:00,0.9999315836622089,1,First Class,South Asia,Pacific Asia,India,Rajastán
alert_33773,76497,2018-01-23 15:57:00,0.9999315836622089,1,First Class,South Asia,Pacific Asia,India,Rajastán
alert_33881,76602,2018-01-25 04:44:00,0.9999315836622089,1,First Class,Oceania,Pacific Asia,Australia,Victoria
alert_33877,76600,2018-01-25 04:02:00,0.9999315836622089,1,First Class,Oceania,Pacific Asia,Australia,Victoria
alert_33908,76636,2018-01-25 16:39:00,0.9999315836622089,1,First Class,Eastern Asia,Pacific Asia,China,Zhejiang
alert_34011,76750,2018-01-27 08:35:00,0.9999315836622089,1,First Class,Oceania,Pacific Asia,Australia,Queensland
alert_34051,76794,2018-01-28 00:00:00,0.9999315836622089,1,First Class,South Asia,Pacific Asia,India,Tamil Nadu
alert_33869,76595,2018-01-25 02:17:00,0.999931583344281,1,First Class,Southeast Asia,Pacific Asia,Indonesia,Yakarta
alert_33875,76599,2018-01-25 03:41:00,0.999931583344281,1,First Class,Southeast Asia,Pacific Asia,Indonesia,Yakarta
alert_16454,64765,2017-08-05 09:42:00,0.9999315774011708,1,First Class,Western Europe,Europe,Alemania,Renania-Palatinado
alert_16444,64764,2017-08-05 09:21:00,0.9999315774011708,1,First Class,Western Europe,Europe,Alemania,Renania-Palatinado
alert_16443,64764,2017-08-05 09:21:00,0.9999315774011708,1,First Class,Western Europe,Europe,Alemania,Renania-Palatinado
alert_16464,64767,2017-08-05 10:24:00,0.9999315774011708,1,First Class,Western Europe,Europe,Alemania,Renania-Palatinado
alert_10819,62373,2017-07-01 11:41:00,0.9999315767429626,1,First Class,Western Europe,Europe,Bélgica,Amberes
alert_13248,63389,2017-07-16 07:38:00,0.9999315733035148,1,First Class,Western Europe,Europe,Austria,Viena
alert_33710,76440,2018-01-22 19:59:00,0.9999315638046561,1,First Class,Oceania,Pacific Asia,Australia,Nueva Gales del Sur
alert_33707,76439,2018-01-22 19:38:00,0.9999315638046561,1,First Class,Oceania,Pacific Asia,Australia,Nueva Gales del Sur
alert_31,57800,2017-04-25 17:33:00,0.9999315611481541,1,First Class,Central America,LATAM,El Salvador,San Salvador
alert_286,57917,2017-04-27 10:33:00,0.9999315611481541,1,First Class,Central America,LATAM,El Salvador,San Salvador
alert_12557,63086,2017-07-11 21:29:00,0.9999315443490893,1,First Class,Northern Europe,Europe,Dinamarca,Región Capital
alert_12559,63087,2017-07-11 21:50:00,0.9999315443490893,1,First Class,Northern Europe,Europe,Dinamarca,Región Capital
alert_30998,73602,2017-12-12 09:42:00,0.9999315443490893,1,First Class,South Asia,Pacific Asia,Pakistán,Punyab
alert_16912,64952,2017-08-08 03:13:00,0.9999315339045585,1,First Class,Northern Europe,Europe,Reino Unido,Inglaterra
alert_16913,64952,2017-08-08 03:13:00,0.9999315339045585,1,First Class,Northern Europe,Europe,Reino Unido,Inglaterra
alert_2230,58701,2017-05-08 21:13:00,0.9999315339045585,1,First Class,South America,LATAM,Colombia,Huila
alert_2229,58701,2017-05-08 21:13:00,0.9999315339045585,1,First Class,South America,LATAM,Colombia,Huila
alert_11539,62704,2017-07-06 07:39:00,0.9999315198514901,1,First Class,Western Europe,Europe,Francia,Auvernia-Ródano-Alpes
alert_24050,67916,2017-09-20 09:38:00,0.9999315076967505,1,First Class,Northern Europe,Europe,Reino Unido,Inglaterra
alert_14038,63738,2017-07-21 09:54:00,0.9999315076967505,1,First Class,Northern Europe,Europe,Reino Unido,Inglaterra
alert_13998,63720,2017-07-21 03:36:00,0.9999315076967505,1,First Class,Northern Europe,Europe,Reino Unido,Inglaterra
alert_4713,59744,2017-05-24 02:38:00,0.9999315015441912,1,First Class,Caribbean,LATAM,República Dominicana,Santo Domingo
alert_5228,59970,2017-05-27 09:48:00,0.9999315003069081,1,First Class,Central America,LATAM,Belice,Distrito de Cayo
alert_5229,59970,2017-05-27 09:48:00,0.9999315003069081,1,First Class,Central America,LATAM,Belice,Distrito de Cayo
alert_5081,59916,2017-05-26 14:53:00,0.9999315003069081,1,First Class,Caribbean,LATAM,Cuba,Isla de la Juventud
alert_30183,72745,2017-11-29 21:27:00,0.9999315003069081,1,First Class,Eastern Asia,Pacific Asia,China,Guangdong
alert_30185,72747,2017-11-29 22:09:00,0.9999315003069081,1,First Class,Eastern Asia,Pacific Asia,China,Guangdong
alert_5230,59970,2017-05-27 09:48:00,0.9999315003069081,1,First Class,Central America,LATAM,Belice,Distrito de Cayo
alert_5082,59916,2017-05-26 14:53:00,0.9999315003069081,1,First Class,Caribbean,LATAM,Cuba,Isla de la Juventud
alert_30184,72746,2017-11-29 21:48:00,0.9999315003069081,1,First Class,Eastern Asia,Pacific Asia,China,Guangdong
alert_5227,59970,2017-05-27 09:48:00,0.9999315003069081,1,First Class,Central America,LATAM,Belice,Distrito de Cayo
alert_5197,59960,2017-05-27 06:18:00,0.9999314769228665,1,First Class,Central America,LATAM,Honduras,Atlántida
alert_10784,62364,2017-07-01 08:32:00,0.9999314719125894,1,First Class,Western Europe,Europe,Alemania,Baja Sajonia
alert_9904,62001,2017-06-26 01:21:00,0.9999314666718576,1,First Class,Western Europe,Europe,Alemania,Renania del Norte-Westfalia
alert_9907,62001,2017-06-26 01:21:00,0.9999314666718576,1,First Class,Western Europe,Europe,Alemania,Renania del Norte-Westfalia
alert_31424,74019,2017-12-18 11:48:00,0.9999314640736404,1,First Class,Eastern Asia,Pacific Asia,China,Guangdong
alert_28684,71172,2017-11-06 22:22:00,0.9999314553417956,1,First Class,Southern Europe,Europe,España,Valenciana
alert_28686,71174,2017-11-06 23:04:00,0.9999314553417956,1,First Class,Southern Europe,Europe,España,Valenciana
alert_25857,68684,2017-10-01 14:42:00,0.9999314545987593,1,First Class,Western Europe,Europe,Francia,Isla de Francia
alert_10791,62365,2017-07-01 08:53:00,0.9999314545987593,1,First Class,Western Europe,Europe,Francia,Isla de Francia
alert_21179,66717,2017-09-02 21:35:00,0.9999314545987593,1,First Class,Western Europe,Europe,Francia,Isla de Francia
alert_25858,68684,2017-10-01 14:42:00,0.9999314545987593,1,First Class,Western Europe,Europe,Francia,Isla de Francia
alert_10786,62365,2017-07-01 08:53:00,0.9999314545987593,1,First Class,Western Europe,Europe,Francia,Isla de Francia
alert_28360,70840,2017-11-02 02:03:00,0.9999314545987593,1,First Class,Western Europe,Europe,Francia,Isla de Francia
alert_4369,59583,2017-05-21 18:13:00,0.99993144941183,1,First Class,Caribbean,LATAM,Cuba,Pinar del Río
alert_392,57958,2017-04-28 00:55:00,0.9999314445355935,1,First Class,Central America,LATAM,México,Chiapas
alert_9873,61982,2017-06-25 18:42:00,0.9999314432474822,1,First Class,Western Europe,Europe,Austria,Alta Austria
alert_25133,68384,2017-09-27 05:36:00,0.9999314432474822,1,First Class,Western Europe,Europe,Alemania,Baja Sajonia
alert_19436,65990,2017-08-23 06:53:00,0.9999314432474822,1,First Class,Western Europe,Europe,Alemania,Bavaria
alert_19442,65991,2017-08-23 07:14:00,0.9999314432474822,1,First Class,Western Europe,Europe,Alemania,Bavaria
alert_19445,65991,2017-08-23 07:14:00,0.9999314432474822,1,First Class,Western Europe,Europe,Alemania,Bavaria
alert_9875,61982,2017-06-25 18:42:00,0.9999314432474822,1,First Class,Western Europe,Europe,Austria,Alta Austria
alert_24759,68211,2017-09-24 17:00:00,0.999931440649962,1,First Class,Northern Europe,Europe,Reino Unido,Inglaterra
alert_28034,70491,2017-10-27 23:47:00,0.999931440649962,1,First Class,Northern Europe,Europe,Reino Unido,Inglaterra
alert_24757,68211,2017-09-24 17:00:00,0.999931440649962,1,First Class,Northern Europe,Europe,Reino Unido,Inglaterra
alert_14287,63836,2017-07-22 20:14:00,0.999931440649962,1,First Class,Northern Europe,Europe,Reino Unido,Inglaterra
alert_25148,68386,2017-09-27 06:18:00,0.999931440649962,1,First Class,Northern Europe,Europe,Reino Unido,Inglaterra
alert_24397,68075,2017-09-22 17:21:00,0.999931440649962,1,First Class,Northern Europe,Europe,Reino Unido,Inglaterra
alert_28031,70490,2017-10-27 23:26:00,0.999931440649962,1,First Class,Northern Europe,Europe,Reino Unido,Inglaterra
alert_24758,68211,2017-09-24 17:00:00,0.999931440649962,1,First Class,Northern Europe,Europe,Reino Unido,Inglaterra
alert_25147,68386,2017-09-27 06:18:00,0.999931440649962,1,First Class,Northern Europe,Europe,Reino Unido,Inglaterra
alert_24756,68211,2017-09-24 17:00:00,0.999931440649962,1,First Class,Northern Europe,Europe,Reino Unido,Inglaterra
alert_24747,68210,2017-09-24 16:39:00,0.999931440649962,1,First Class,Northern Europe,Europe,Reino Unido,Inglaterra
alert_24403,68075,2017-09-22 17:21:00,0.999931440649962,1,First Class,Northern Europe,Europe,Reino Unido,Inglaterra
alert_24402,68075,2017-09-22 17:21:00,0.999931440649962,1,First Class,Northern Europe,Europe,Reino Unido,Inglaterra
alert_24755,68211,2017-09-24 17:00:00,0.999931440649962,1,First Class,Northern Europe,Europe,Reino Unido,Inglaterra
alert_24748,68210,2017-09-24 16:39:00,0.999931440649962,1,First Class,Northern Europe,Europe,Reino Unido,Inglaterra
alert_24749,68210,2017-09-24 16:39:00,0.999931440649962,1,First Class,Northern Europe,Europe,Reino Unido,Inglaterra
alert_24751,68210,2017-09-24 16:39:00,0.999931440649962,1,First Class,Northern Europe,Europe,Reino Unido,Inglaterra
alert_11399,62645,2017-07-05 10:59:00,0.9999314373308599,1,First Class,Southern Europe,Europe,Italia,Lombardía
alert_23035,67507,2017-09-14 10:21:00,0.9999314373308599,1,First Class,Southern Europe,Europe,Italia,Trentino-Alto Adigio
alert_25853,68682,2017-10-01 14:00:00,0.9999314331914767,1,First Class,Southern Europe,Europe,España,Madrid
alert_25856,68682,2017-10-01 14:00:00,0.9999314331914767,1,First Class,Southern Europe,Europe,España,Madrid
alert_25855,68682,2017-10-01 14:00:00,0.9999314331914767,1,First Class,Southern Europe,Europe,España,Madrid
alert_25854,68682,2017-10-01 14:00:00,0.9999314331914767,1,First Class,Southern Europe,Europe,España,Madrid
alert_25750,68630,2017-09-30 19:47:00,0.999931420504165,1,First Class,Western Europe,Europe,Francia,Provenza-Alpes-Costa Azul
alert_25749,68630,2017-09-30 19:47:00,0.999931420504165,1,First Class,Western Europe,Europe,Francia,Provenza-Alpes-Costa Azul
alert_21363,66806,2017-09-04 04:46:00,0.9999314202844699,1,First Class,Western Europe,Europe,Alemania,Renania del Norte-Westfalia
alert_25929,68723,2017-10-02 04:22:00,0.9999314202844699,1,First Class,Western Europe,Europe,Alemania,Renania del Norte-Westfalia
alert_25928,68723,2017-10-02 04:22:00,0.9999314202844699,1,First Class,Western Europe,Europe,Alemania,Renania del Norte-Westfalia
alert_21730,66949,2017-09-06 06:51:00,0.9999314155292046,1,First Class,Western Europe,Europe,Países Bajos,Limburgo
alert_21725,66947,2017-09-06 06:09:00,0.9999314155292046,1,First Class,Western Europe,Europe,Austria,Viena
alert_22358,67228,2017-09-10 08:36:00,0.9999314155292046,1,First Class,Western Europe,Europe,Austria,Viena
alert_33865,76592,2018-01-25 01:14:00,0.9999314001264253,1,First Class,Eastern Asia,Pacific Asia,China,Guangdong
alert_5098,59922,2017-05-26 16:59:00,0.9999314001264253,1,First Class,South America,LATAM,Brasil,Goiás
alert_33909,76637,2018-01-25 17:00:00,0.9999314001264253,1,First Class,Eastern Asia,Pacific Asia,China,Guangdong
alert_4698,59737,2017-05-24 00:10:00,0.9999313960115,1,First Class,Central America,LATAM,Honduras,Yoro
alert_34392,77149,2018-02-02 04:22:00,0.9999313951649166,1,First Class,Southeast Asia,Pacific Asia,Myanmar (Birmania),Rangún
alert_24949,68296,2017-09-25 22:46:00,0.9999313867536952,1,First Class,Western Europe,Europe,Alemania,Renania del Norte-Westfalia
alert_5626,60139,2017-05-29 21:01:00,0.9999313760994861,1,First Class,Central America,LATAM,El Salvador,San Salvador
alert_30134,72698,2017-11-29 04:59:00,0.9999313648139795,1,First Class,South Asia,Pacific Asia,India,Guyarat
alert_19552,66040,2017-08-24 00:24:00,0.999931362846616,1,First Class,Western Europe,Europe,Francia,Isla de Francia
alert_25642,68569,2017-09-29 22:25:00,0.999931362846616,1,First Class,Western Europe,Europe,Francia,Isla de Francia
alert_15188,64188,2017-07-27 23:33:00,0.999931362846616,1,First Class,Western Europe,Europe,Francia,Isla de Francia
alert_25637,68568,2017-09-29 22:04:00,0.999931362846616,1,First Class,Western Europe,Europe,Francia,Isla de Francia
alert_30930,73522,2017-12-11 05:40:00,0.9999313592550023,1,First Class,South Asia,Pacific Asia,Pakistán,Punyab
alert_1141,58269,2017-05-02 13:52:00,0.9999313572913937,1,First Class,Central America,LATAM,México,Jalisco
alert_2726,58914,2017-05-11 23:50:00,0.9999313568913136,1,First Class,South America,LATAM,Argentina,Mendoza
alert_30320,72891,2017-12-02 00:36:00,0.9999313568913136,1,First Class,South Asia,Pacific Asia,India,Uttar Pradesh
alert_26085,68773,2017-10-02 21:53:00,0.9999313548695673,1,First Class,Western Europe,Europe,Alemania,Renania-Palatinado
alert_21352,66800,2017-09-04 02:39:00,0.9999313548695673,1,First Class,Western Europe,Europe,Alemania,Renania del Norte-Westfalia
alert_12376,63014,2017-07-10 20:15:00,0.9999313518582872,1,First Class,Western Europe,Europe,Francia,Provenza-Alpes-Costa Azul
alert_10230,62136,2017-06-28 00:39:00,0.9999313414106805,1,First Class,Southern Europe,Europe,Italia,Lacio
alert_24299,68041,2017-09-22 05:26:00,0.9999313414106805,1,First Class,Southern Europe,Europe,Italia,Lacio
alert_24964,68300,2017-09-26 00:10:00,0.9999313414106805,1,First Class,Southern Europe,Europe,Italia,Liguria
alert_19639,66087,2017-08-24 16:52:00,0.9999313414106805,1,First Class,Southern Europe,Europe,Italia,Lacio
alert_10232,62137,2017-06-28 01:00:00,0.9999313414106805,1,First Class,Southern Europe,Europe,Italia,Lacio
alert_19829,66176,2017-08-26 00:03:00,0.999931340382237,1,First Class,Northern Europe,Europe,Reino Unido,Inglaterra
alert_9821,61959,2017-06-25 10:38:00,0.999931340382237,1,First Class,Northern Europe,Europe,Reino Unido,Inglaterra
alert_25142,68385,2017-09-27 05:57:00,0.999931340382237,1,First Class,Northern Europe,Europe,Reino Unido,Escocia
alert_4886,59808,2017-05-25 01:03:00,0.9999313362637284,1,First Class,Central America,LATAM,Nicaragua,Matagalpa
alert_204,57877,2017-04-26 20:32:00,0.9999313362637284,1,First Class,Central America,LATAM,Nicaragua,Managua
alert_578,58047,2017-04-29 08:05:00,0.9999313362637284,1,First Class,Central America,LATAM,Nicaragua,Masaya
alert_4888,59808,2017-05-25 01:03:00,0.9999313362637284,1,First Class,Central America,LATAM,Nicaragua,Matagalpa
alert_4628,59698,2017-05-23 10:31:00,0.9999313362637284,1,First Class,Central America,LATAM,Nicaragua,Managua
alert_4890,59809,2017-05-25 01:24:00,0.9999313362637284,1,First Class,Central America,LATAM,Nicaragua,Masaya
alert_5095,59922,2017-05-26 16:59:00,0.9999313350234601,1,First Class,South America,LATAM,Brasil,Goiás
alert_5096,59922,2017-05-26 16:59:00,0.9999313350234601,1,First Class,South America,LATAM,Brasil,Goiás
alert_29667,72215,2017-11-22 03:46:00,0.9999313350234601,1,First Class,Eastern Asia,Pacific Asia,Corea del Sur,Gyeongsangnam
alert_5097,59922,2017-05-26 16:59:00,0.9999313350234601,1,First Class,South America,LATAM,Brasil,Goiás
alert_29678,72225,2017-11-22 07:17:00,0.9999313350234601,1,First Class,South Asia,Pacific Asia,India,Haryana
alert_5375,60029,2017-05-28 06:28:00,0.9999313350234601,1,First Class,Central America,LATAM,Guatemala,Guatemala
alert_15385,64280,2017-07-29 07:47:00,0.9999313350234601,1,First Class,Northern Europe,Europe,Irlanda,Galway
alert_30186,72748,2017-11-29 22:30:00,0.9999313350234601,1,First Class,Eastern Asia,Pacific Asia,China,Fujian
alert_29659,72206,2017-11-22 00:37:00,0.9999313350234601,1,First Class,Eastern Asia,Pacific Asia,China,Fujian
alert_5373,60029,2017-05-28 06:28:00,0.9999313350234601,1,First Class,Central America,LATAM,Guatemala,Guatemala
alert_5372,60028,2017-05-28 06:07:00,0.9999313350234601,1,First Class,Central America,LATAM,Guatemala,Guatemala
alert_29670,72216,2017-11-22 04:07:00,0.9999313350234601,1,First Class,Eastern Asia,Pacific Asia,Corea del Sur,Gyeongsangnam
alert_291,57919,2017-04-27 11:15:00,0.9999313350234601,1,First Class,Caribbean,LATAM,Cuba,Holguín
alert_19389,65971,2017-08-23 00:13:00,0.9999313288498538,1,First Class,Southern Europe,Europe,España,Galicia
alert_19669,66103,2017-08-24 22:28:00,0.9999313288498538,1,First Class,Southern Europe,Europe,España,Islas Baleares
alert_15296,64231,2017-07-28 14:37:00,0.9999313288498538,1,First Class,Southern Europe,Europe,Italia,Emilia-Romaña
alert_15298,64231,2017-07-28 14:37:00,0.9999313288498538,1,First Class,Southern Europe,Europe,Italia,Emilia-Romaña
alert_15297,64231,2017-07-28 14:37:00,0.9999313288498538,1,First Class,Southern Europe,Europe,Italia,Emilia-Romaña
alert_19388,65971,2017-08-23 00:13:00,0.9999313288498538,1,First Class,Southern Europe,Europe,España,Galicia
alert_14978,64098,2017-07-26 16:02:00,0.9999313288498538,1,First Class,Southern Europe,Europe,Italia,Emilia-Romaña
alert_19667,66102,2017-08-24 22:07:00,0.9999313288498538,1,First Class,Southern Europe,Europe,España,Islas Baleares
alert_14979,64098,2017-07-26 16:02:00,0.9999313288498538,1,First Class,Southern Europe,Europe,Italia,Emilia-Romaña
alert_19387,65971,2017-08-23 00:13:00,0.9999313288498538,1,First Class,Southern Europe,Europe,España,Galicia
alert_24710,68192,2017-09-24 10:20:00,0.9999313288498538,1,First Class,Southern Europe,Europe,España,Islas Baleares
alert_24712,68192,2017-09-24 10:20:00,0.9999313288498538,1,First Class,Southern Europe,Europe,España,Islas Baleares
alert_24711,68192,2017-09-24 10:20:00,0.9999313288498538,1,First Class,Southern Europe,Europe,España,Islas Baleares
alert_28054,70516,2017-10-28 08:32:00,0.9999313288498538,1,First Class,Southern Europe,Europe,Italia,Emilia-Romaña
alert_28052,70515,2017-10-28 08:11:00,0.9999313288498538,1,First Class,Southern Europe,Europe,Italia,Emilia-Romaña
alert_25512,68505,2017-09-29 00:00:00,0.9999313288498538,1,First Class,Southern Europe,Europe,Italia,Emilia-Romaña
alert_15299,64231,2017-07-28 14:37:00,0.9999313288498538,1,First Class,Southern Europe,Europe,Italia,Emilia-Romaña
alert_19672,66103,2017-08-24 22:28:00,0.9999313288498538,1,First Class,Southern Europe,Europe,España,Islas Baleares
alert_25511,68505,2017-09-29 00:00:00,0.9999313288498538,1,First Class,Southern Europe,Europe,Italia,Emilia-Romaña
alert_3183,59093,2017-05-14 14:33:00,0.9999313188431005,1,First Class,Central America,LATAM,México,Nuevo León
alert_3186,59093,2017-05-14 14:33:00,0.9999313188431005,1,First Class,Central America,LATAM,México,Nuevo León
alert_12729,63175,2017-07-13 04:39:00,0.9999313184639799,1,First Class,Western Europe,Europe,Francia,Normandía
alert_9092,61640,2017-06-20 18:53:00,0.9999313157815244,1,First Class,Western Europe,Europe,Alemania,Baden-Wurtemberg
alert_7053,60717,2017-06-07 07:31:00,0.9999313154493897,1,First Class,South America,LATAM,Colombia,Santander
alert_2783,58928,2017-05-12 04:45:00,0.9999313154493897,1,First Class,Central America,LATAM,México,Sonora
alert_2791,58931,2017-05-12 05:48:00,0.9999313154493897,1,First Class,Central America,LATAM,México,Sonora
alert_7310,60846,2017-06-09 04:42:00,0.9999313154493897,1,First Class,Central America,LATAM,El Salvador,San Salvador
alert_2670,58889,2017-05-11 15:05:00,0.9999313154493897,1,First Class,Central America,LATAM,México,Sinaloa
alert_2777,58927,2017-05-12 04:24:00,0.9999313154493897,1,First Class,Central America,LATAM,México,Sonora
alert_2792,58931,2017-05-12 05:48:00,0.9999313154493897,1,First Class,Central America,LATAM,México,Sonora
alert_2793,58931,2017-05-12 05:48:00,0.9999313154493897,1,First Class,Central America,LATAM,México,Sonora
alert_8127,61198,2017-06-14 08:02:00,0.9999313154493897,1,First Class,South America,LATAM,Brasil,São Paulo
alert_8326,61287,2017-06-15 15:12:00,0.9999313154493897,1,First Class,South America,LATAM,Brasil,Santa Catarina
alert_7546,60950,2017-06-10 17:08:00,0.9999313154493897,1,First Class,Central America,LATAM,México,Sinaloa
alert_8126,61196,2017-06-14 07:20:00,0.9999313154493897,1,First Class,South America,LATAM,Brasil,São Paulo
alert_8327,61287,2017-06-15 15:12:00,0.9999313154493897,1,First Class,South America,LATAM,Brasil,Santa Catarina
alert_8125,61196,2017-06-14 07:20:00,0.9999313154493897,1,First Class,South America,LATAM,Brasil,São Paulo
alert_8324,61287,2017-06-15 15:12:00,0.9999313154493897,1,First Class,South America,LATAM,Brasil,Santa Catarina
alert_8325,61287,2017-06-15 15:12:00,0.9999313154493897,1,First Class,South America,LATAM,Brasil,Santa Catarina
alert_8129,61198,2017-06-14 08:02:00,0.9999313154493897,1,First Class,South America,LATAM,Brasil,São Paulo
alert_8128,61198,2017-06-14 08:02:00,0.9999313154493897,1,First Class,South America,LATAM,Brasil,São Paulo
alert_8130,61198,2017-06-14 08:02:00,0.9999313154493897,1,First Class,South America,LATAM,Brasil,São Paulo
alert_31101,73713,2017-12-14 00:35:00,0.9999313154493897,1,First Class,Oceania,Pacific Asia,Australia,Territorio de la Capital Australiana
alert_7054,60717,2017-06-07 07:31:00,0.9999313154493897,1,First Class,South America,LATAM,Colombia,Santander
alert_7545,60950,2017-06-10 17:08:00,0.9999313154493897,1,First Class,Central America,LATAM,México,Sinaloa
alert_8131,61198,2017-06-14 08:02:00,0.9999313154493897,1,First Class,South America,LATAM,Brasil,São Paulo
alert_7548,60950,2017-06-10 17:08:00,0.9999313154493897,1,First Class,Central America,LATAM,México,Sinaloa
alert_2673,58889,2017-05-11 15:05:00,0.9999313154493897,1,First Class,Central America,LATAM,México,Sinaloa
alert_2672,58889,2017-05-11 15:05:00,0.9999313154493897,1,First Class,Central America,LATAM,México,Sinaloa
alert_2782,58928,2017-05-12 04:45:00,0.9999313154493897,1,First Class,Central America,LATAM,México,Sonora
alert_2781,58928,2017-05-12 04:45:00,0.9999313154493897,1,First Class,Central America,LATAM,México,Sonora
alert_2780,58928,2017-05-12 04:45:00,0.9999313154493897,1,First Class,Central America,LATAM,México,Sonora
alert_2779,58927,2017-05-12 04:24:00,0.9999313154493897,1,First Class,Central America,LATAM,México,Sonora
alert_7056,60717,2017-06-07 07:31:00,0.9999313154493897,1,First Class,South America,LATAM,Colombia,Santander
alert_31148,73763,2017-12-14 18:06:00,0.9999313154493897,1,First Class,South Asia,Pacific Asia,India,Uttar Pradesh
alert_7055,60717,2017-06-07 07:31:00,0.9999313154493897,1,First Class,South America,LATAM,Colombia,Santander
alert_1249,58307,2017-05-03 03:11:00,0.9999313051190156,1,First Class,Caribbean,LATAM,República Dominicana,Santiago de Chile
alert_1247,58307,2017-05-03 03:11:00,0.9999313051190156,1,First Class,Caribbean,LATAM,República Dominicana,Santiago de Chile
alert_1248,58307,2017-05-03 03:11:00,0.9999313051190156,1,First Class,Caribbean,LATAM,República Dominicana,Santiago de Chile
alert_1250,58307,2017-05-03 03:11:00,0.9999313051190156,1,First Class,Caribbean,LATAM,República Dominicana,Santiago de Chile
alert_1429,58389,2017-05-04 07:55:00,0.9999313051190156,1,First Class,Caribbean,LATAM,República Dominicana,San Pedro de Macorís
alert_1436,58390,2017-05-04 08:16:00,0.9999313051190156,1,First Class,Caribbean,LATAM,República Dominicana,San Pedro de Macorís
alert_1427,58389,2017-05-04 07:55:00,0.9999313051190156,1,First Class,Caribbean,LATAM,República Dominicana,San Pedro de Macorís
alert_1441,58391,2017-05-04 08:37:00,0.9999313051190156,1,First Class,South America,LATAM,Brasil,São Paulo
alert_1443,58391,2017-05-04 08:37:00,0.9999313051190156,1,First Class,South America,LATAM,Brasil,São Paulo
alert_1442,58391,2017-05-04 08:37:00,0.9999313051190156,1,First Class,South America,LATAM,Brasil,São Paulo
alert_1438,58390,2017-05-04 08:16:00,0.9999313051190156,1,First Class,Caribbean,LATAM,República Dominicana,San Pedro de Macorís
alert_1430,58389,2017-05-04 07:55:00,0.9999313051190156,1,First Class,Caribbean,LATAM,República Dominicana,San Pedro de Macorís
alert_1435,58390,2017-05-04 08:16:00,0.9999313051190156,1,First Class,Caribbean,LATAM,República Dominicana,San Pedro de Macorís
alert_6390,60478,2017-06-03 19:47:00,0.9999313051190156,1,First Class,Central America,LATAM,El Salvador,San Salvador
alert_6439,60494,2017-06-04 01:23:00,0.9999313051190156,1,First Class,Central America,LATAM,El Salvador,San Salvador
alert_6392,60478,2017-06-03 19:47:00,0.9999313051190156,1,First Class,Central America,LATAM,El Salvador,San Salvador
alert_6391,60478,2017-06-03 19:47:00,0.9999313051190156,1,First Class,Central America,LATAM,El Salvador,San Salvador
alert_6389,60478,2017-06-03 19:47:00,0.9999313051190156,1,First Class,Central America,LATAM,El Salvador,San Salvador
alert_6440,60494,2017-06-04 01:23:00,0.9999313051190156,1,First Class,Central America,LATAM,El Salvador,San Salvador
alert_32533,75204,2018-01-04 18:57:00,0.9999313051190156,1,First Class,Eastern Asia,Pacific Asia,Corea del Sur,Seúl
alert_34391,77148,2018-02-02 04:01:00,0.9999313051190156,1,First Class,Eastern Asia,Pacific Asia,Japón,Tokio
alert_30989,73591,2017-12-12 05:51:00,0.9999312860164962,1,First Class,Southeast Asia,Pacific Asia,Singapur,Singapur
alert_30988,73590,2017-12-12 05:30:00,0.9999312860164962,1,First Class,Southeast Asia,Pacific Asia,Singapur,Singapur
alert_28954,71464,2017-11-11 04:40:00,0.9999312805309399,1,First Class,Western Europe,Europe,Alemania,Renania del Norte-Westfalia
alert_28960,71467,2017-11-11 05:43:00,0.9999312805309399,1,First Class,Western Europe,Europe,Alemania,Renania del Norte-Westfalia
alert_28959,71466,2017-11-11 05:22:00,0.9999312805309399,1,First Class,Western Europe,Europe,Alemania,Renania del Norte-Westfalia
alert_28956,71465,2017-11-11 05:01:00,0.9999312805309399,1,First Class,Western Europe,Europe,Alemania,Renania del Norte-Westfalia
alert_11815,62803,2017-07-07 18:20:00,0.9999312805309399,1,First Class,Western Europe,Europe,Alemania,Renania del Norte-Westfalia
alert_21826,66989,2017-09-06 20:52:00,0.9999312805309399,1,First Class,Western Europe,Europe,Alemania,Renania del Norte-Westfalia
alert_21822,66989,2017-09-06 20:52:00,0.9999312805309399,1,First Class,Western Europe,Europe,Alemania,Renania del Norte-Westfalia
alert_17830,65324,2017-08-13 13:33:00,0.9999312805309399,1,First Class,Western Europe,Europe,Alemania,Renania del Norte-Westfalia
alert_17828,65324,2017-08-13 13:33:00,0.9999312805309399,1,First Class,Western Europe,Europe,Alemania,Renania del Norte-Westfalia
alert_17826,65324,2017-08-13 13:33:00,0.9999312805309399,1,First Class,Western Europe,Europe,Alemania,Renania del Norte-Westfalia
alert_17824,65324,2017-08-13 13:33:00,0.9999312805309399,1,First Class,Western Europe,Europe,Alemania,Renania del Norte-Westfalia
alert_17823,65324,2017-08-13 13:33:00,0.9999312805309399,1,First Class,Western Europe,Europe,Alemania,Renania del Norte-Westfalia
alert_17822,65322,2017-08-13 12:51:00,0.9999312805309399,1,First Class,Western Europe,Europe,Alemania,Renania del Norte-Westfalia
alert_17821,65322,2017-08-13 12:51:00,0.9999312805309399,1,First Class,Western Europe,Europe,Alemania,Renania del Norte-Westfalia
alert_17820,65322,2017-08-13 12:51:00,0.9999312805309399,1,First Class,Western Europe,Europe,Alemania,Renania del Norte-Westfalia
alert_17819,65322,2017-08-13 12:51:00,0.9999312805309399,1,First Class,Western Europe,Europe,Alemania,Renania del Norte-Westfalia
alert_17893,65343,2017-08-13 20:12:00,0.9999312805309399,1,First Class,Western Europe,Europe,Alemania,Renania del Norte-Westfalia
alert_17887,65342,2017-08-13 19:51:00,0.9999312805309399,1,First Class,Western Europe,Europe,Alemania,Renania del Norte-Westfalia
alert_17895,65343,2017-08-13 20:12:00,0.9999312805309399,1,First Class,Western Europe,Europe,Alemania,Renania del Norte-Westfalia
alert_17894,65343,2017-08-13 20:12:00,0.9999312805309399,1,First Class,Western Europe,Europe,Alemania,Renania del Norte-Westfalia
alert_27261,69668,2017-10-15 23:27:00,0.9999312805309399,1,First Class,Western Europe,Europe,Alemania,Renania del Norte-Westfalia
alert_27218,69623,2017-10-15 07:41:00,0.9999312805309399,1,First Class,Western Europe,Europe,Alemania,Renania del Norte-Westfalia
alert_29029,71548,2017-11-12 10:06:00,0.9999312805309399,1,First Class,Western Europe,Europe,Francia,Languedoc-Rosellón-Mediodía-Pirineos
alert_12825,63232,2017-07-14 00:38:00,0.9999312805309399,1,First Class,Western Europe,Europe,Francia,Normandía
alert_28963,71470,2017-11-11 06:46:00,0.9999312805309399,1,First Class,Western Europe,Europe,Alemania,Renania del Norte-Westfalia
alert_29028,71547,2017-11-12 09:45:00,0.9999312805309399,1,First Class,Western Europe,Europe,Francia,Languedoc-Rosellón-Mediodía-Pirineos
alert_12824,63232,2017-07-14 00:38:00,0.9999312805309399,1,First Class,Western Europe,Europe,Francia,Normandía
alert_29032,71550,2017-11-12 10:48:00,0.9999312805309399,1,First Class,Western Europe,Europe,Alemania,Renania del Norte-Westfalia
alert_22359,67229,2017-09-10 08:57:00,0.9999312805309399,1,First Class,Western Europe,Europe,Alemania,Renania del Norte-Westfalia
alert_22368,67230,2017-09-10 09:18:00,0.9999312805309399,1,First Class,Western Europe,Europe,Alemania,Renania del Norte-Westfalia
alert_22360,67229,2017-09-10 08:57:00,0.9999312805309399,1,First Class,Western Europe,Europe,Alemania,Renania del Norte-Westfalia
alert_22376,67231,2017-09-10 09:39:00,0.9999312805309399,1,First Class,Western Europe,Europe,Alemania,Renania del Norte-Westfalia
alert_22373,67230,2017-09-10 09:18:00,0.9999312805309399,1,First Class,Western Europe,Europe,Alemania,Renania del Norte-Westfalia
alert_22465,67269,2017-09-10 22:58:00,0.9999312805309399,1,First Class,Western Europe,Europe,Alemania,Renania del Norte-Westfalia
alert_22466,67269,2017-09-10 22:58:00,0.9999312805309399,1,First Class,Western Europe,Europe,Alemania,Renania del Norte-Westfalia
alert_28767,71265,2017-11-08 06:57:00,0.9999312805309399,1,First Class,Western Europe,Europe,Francia,Países del Loira
alert_28933,71436,2017-11-10 18:51:00,0.9999312805309399,1,First Class,Western Europe,Europe,Alemania,Renania del Norte-Westfalia
alert_11818,62803,2017-07-07 18:20:00,0.9999312805309399,1,First Class,Western Europe,Europe,Alemania,Renania del Norte-Westfalia
alert_17815,65321,2017-08-13 12:30:00,0.9999312805309399,1,First Class,Western Europe,Europe,Alemania,Renania del Norte-Westfalia
alert_17816,65321,2017-08-13 12:30:00,0.9999312805309399,1,First Class,Western Europe,Europe,Alemania,Renania del Norte-Westfalia
alert_17817,65321,2017-08-13 12:30:00,0.9999312805309399,1,First Class,Western Europe,Europe,Alemania,Renania del Norte-Westfalia
alert_17818,65321,2017-08-13 12:30:00,0.9999312805309399,1,First Class,Western Europe,Europe,Alemania,Renania del Norte-Westfalia
alert_27064,69460,2017-10-12 22:34:00,0.9999312805309399,1,First Class,Western Europe,Europe,Francia,Provenza-Alpes-Costa Azul
alert_11817,62803,2017-07-07 18:20:00,0.9999312805309399,1,First Class,Western Europe,Europe,Alemania,Renania del Norte-Westfalia
alert_11819,62803,2017-07-07 18:20:00,0.9999312805309399,1,First Class,Western Europe,Europe,Alemania,Renania del Norte-Westfalia
alert_27061,69459,2017-10-12 22:13:00,0.9999312805309399,1,First Class,Western Europe,Europe,Francia,Provenza-Alpes-Costa Azul
alert_27165,69570,2017-10-14 13:07:00,0.9999312805309399,1,First Class,Western Europe,Europe,Alemania,Renania del Norte-Westfalia
alert_27067,69461,2017-10-12 22:55:00,0.9999312805309399,1,First Class,Western Europe,Europe,Francia,Provenza-Alpes-Costa Azul
alert_17886,65342,2017-08-13 19:51:00,0.9999312805309399,1,First Class,Western Europe,Europe,Alemania,Renania del Norte-Westfalia
alert_17884,65342,2017-08-13 19:51:00,0.9999312805309399,1,First Class,Western Europe,Europe,Alemania,Renania del Norte-Westfalia
alert_10359,62187,2017-06-28 18:31:00,0.9999312752225771,1,First Class,Northern Europe,Europe,Reino Unido,Escocia
alert_10360,62187,2017-06-28 18:31:00,0.9999312752225771,1,First Class,Northern Europe,Europe,Reino Unido,Escocia
alert_9309,61743,2017-06-22 06:58:00,0.9999312752225771,1,First Class,Northern Europe,Europe,Reino Unido,Inglaterra
alert_28131,70601,2017-10-29 14:19:00,0.9999312752225771,1,First Class,Northern Europe,Europe,Reino Unido,Inglaterra
alert_27925,70382,2017-10-26 09:35:00,0.9999312752225771,1,First Class,Northern Europe,Europe,Reino Unido,Escocia
alert_10261,62146,2017-06-28 04:09:00,0.9999312752225771,1,First Class,Northern Europe,Europe,Reino Unido,Inglaterra
alert_27926,70383,2017-10-26 09:56:00,0.9999312752225771,1,First Class,Northern Europe,Europe,Reino Unido,Escocia
alert_9826,61960,2017-06-25 10:59:00,0.9999312752225771,1,First Class,Northern Europe,Europe,Reino Unido,Inglaterra
alert_9824,61960,2017-06-25 10:59:00,0.9999312752225771,1,First Class,Northern Europe,Europe,Reino Unido,Inglaterra
alert_10507,62245,2017-06-29 14:50:00,0.9999312752225771,1,First Class,Northern Europe,Europe,Reino Unido,Escocia
alert_10506,62245,2017-06-29 14:50:00,0.9999312752225771,1,First Class,Northern Europe,Europe,Reino Unido,Escocia
alert_9834,61961,2017-06-25 11:20:00,0.9999312752225771,1,First Class,Northern Europe,Europe,Reino Unido,Inglaterra
alert_9825,61960,2017-06-25 10:59:00,0.9999312752225771,1,First Class,Northern Europe,Europe,Reino Unido,Inglaterra
alert_10504,62245,2017-06-29 14:50:00,0.9999312752225771,1,First Class,Northern Europe,Europe,Reino Unido,Escocia
alert_25517,68509,2017-09-29 01:24:00,0.9999312752225771,1,First Class,Northern Europe,Europe,Reino Unido,Inglaterra
alert_25144,68385,2017-09-27 05:57:00,0.9999312752225771,1,First Class,Northern Europe,Europe,Reino Unido,Escocia
alert_10505,62245,2017-06-29 14:50:00,0.9999312752225771,1,First Class,Northern Europe,Europe,Reino Unido,Escocia
alert_28137,70606,2017-10-29 16:04:00,0.9999312752225771,1,First Class,Northern Europe,Europe,Reino Unido,Inglaterra
alert_28139,70607,2017-10-29 16:25:00,0.9999312752225771,1,First Class,Northern Europe,Europe,Reino Unido,Inglaterra
alert_9818,61957,2017-06-25 09:56:00,0.9999312752225771,1,First Class,Northern Europe,Europe,Reino Unido,Inglaterra
alert_14288,63838,2017-07-22 20:56:00,0.9999312752225771,1,First Class,Northern Europe,Europe,Reino Unido,Inglaterra
alert_25140,68385,2017-09-27 05:57:00,0.9999312752225771,1,First Class,Northern Europe,Europe,Reino Unido,Escocia
alert_25143,68385,2017-09-27 05:57:00,0.9999312752225771,1,First Class,Northern Europe,Europe,Reino Unido,Escocia
alert_9819,61957,2017-06-25 09:56:00,0.9999312752225771,1,First Class,Northern Europe,Europe,Reino Unido,Inglaterra
alert_9820,61959,2017-06-25 10:38:00,0.9999312752225771,1,First Class,Northern Europe,Europe,Reino Unido,Inglaterra
alert_10357,62187,2017-06-28 18:31:00,0.9999312752225771,1,First Class,Northern Europe,Europe,Reino Unido,Escocia
alert_14289,63838,2017-07-22 20:56:00,0.9999312752225771,1,First Class,Northern Europe,Europe,Reino Unido,Inglaterra
alert_9308,61743,2017-06-22 06:58:00,0.9999312752225771,1,First Class,Northern Europe,Europe,Reino Unido,Inglaterra
alert_9310,61743,2017-06-22 06:58:00,0.9999312752225771,1,First Class,Northern Europe,Europe,Reino Unido,Inglaterra
alert_14290,63838,2017-07-22 20:56:00,0.9999312752225771,1,First Class,Northern Europe,Europe,Reino Unido,Inglaterra
alert_19828,66176,2017-08-26 00:03:00,0.9999312752225771,1,First Class,Northern Europe,Europe,Reino Unido,Inglaterra
alert_19834,66177,2017-08-26 00:24:00,0.9999312752225771,1,First Class,Northern Europe,Europe,Reino Unido,Inglaterra
alert_28132,70602,2017-10-29 14:40:00,0.9999312752225771,1,First Class,Northern Europe,Europe,Reino Unido,Inglaterra
alert_27927,70384,2017-10-26 10:18:00,0.9999312752225771,1,First Class,Northern Europe,Europe,Reino Unido,Escocia
alert_10358,62187,2017-06-28 18:31:00,0.9999312752225771,1,First Class,Northern Europe,Europe,Reino Unido,Escocia
alert_19830,66176,2017-08-26 00:03:00,0.9999312752225771,1,First Class,Northern Europe,Europe,Reino Unido,Inglaterra
alert_19827,66176,2017-08-26 00:03:00,0.9999312752225771,1,First Class,Northern Europe,Europe,Reino Unido,Inglaterra
alert_19831,66176,2017-08-26 00:03:00,0.9999312752225771,1,First Class,Northern Europe,Europe,Reino Unido,Inglaterra
alert_20011,66258,2017-08-27 04:46:00,0.9999312752225771,1,First Class,Northern Europe,Europe,Reino Unido,Inglaterra
alert_27840,70290,2017-10-25 01:22:00,0.9999312752225771,1,First Class,Northern Europe,Europe,Reino Unido,Inglaterra
alert_19833,66177,2017-08-26 00:24:00,0.9999312752225771,1,First Class,Northern Europe,Europe,Reino Unido,Inglaterra
alert_19832,66177,2017-08-26 00:24:00,0.9999312752225771,1,First Class,Northern Europe,Europe,Reino Unido,Inglaterra
alert_28119,70590,2017-10-29 10:28:00,0.9999312752225771,1,First Class,Northern Europe,Europe,Reino Unido,Inglaterra
alert_27503,69920,2017-10-19 15:44:00,0.9999312664079979,1,First Class,Southern Europe,Europe,España,Murcia
alert_19942,66224,2017-08-26 16:52:00,0.9999312624651119,1,First Class,Western Europe,Europe,Francia,Isla de Francia
alert_9488,61808,2017-06-23 05:44:00,0.9999312624651119,1,First Class,Western Europe,Europe,Francia,Isla de Francia
alert_25589,68550,2017-09-29 15:46:00,0.9999312624651119,1,First Class,Western Europe,Europe,Francia,Isla de Francia
alert_31216,73828,2017-12-15 16:53:00,0.9999312613549629,1,First Class,South Asia,Pacific Asia,India,Bengala Occidental
alert_25165,68389,2017-09-27 07:21:00,0.9999312474957179,1,First Class,Western Europe,Europe,Alemania,Hesse
alert_25163,68389,2017-09-27 07:21:00,0.9999312474957179,1,First Class,Western Europe,Europe,Alemania,Hesse
alert_4074,59454,2017-05-19 21:02:00,0.9999312447401157,1,First Class,South America,LATAM,Perú,Lima (ciudad)
alert_13902,63667,2017-07-20 09:02:00,0.9999312432287152,1,First Class,Northern Europe,Europe,Reino Unido,Inglaterra
alert_4859,59795,2017-05-24 20:30:00,0.9999312357201944,1,First Class,South America,LATAM,Brasil,Bahía
alert_4868,59797,2017-05-24 21:12:00,0.9999312357201944,1,First Class,South America,LATAM,Brasil,Bahía
alert_14645,63973,2017-07-24 20:14:00,0.999931228467408,1,First Class,Northern Europe,Europe,Reino Unido,Inglaterra
alert_32110,74758,2017-12-29 06:42:00,0.9999312248282467,1,First Class,Southeast Asia,Pacific Asia,Indonesia,Sumatra Septentrional
alert_20272,66358,2017-08-28 15:48:00,0.9999312211962725,1,First Class,Western Europe,Europe,Alemania,Renania del Norte-Westfalia
alert_33174,75868,2018-01-14 11:35:00,0.9999312172739458,1,First Class,Eastern Asia,Pacific Asia,China,Shandong
alert_33189,75883,2018-01-14 16:50:00,0.9999312172739458,1,First Class,Eastern Asia,Pacific Asia,China,Shaanxi
alert_25020,68320,2017-09-26 07:11:00,0.9999312059219346,1,First Class,Western Europe,Europe,Alemania,Bavaria
alert_9587,61857,2017-06-23 22:54:00,0.9999311972315117,1,First Class,Western Europe,Europe,Francia,Isla de Francia
alert_9481,61806,2017-06-23 05:02:00,0.9999311972315117,1,First Class,Western Europe,Europe,Francia,Isla de Francia
alert_15011,64118,2017-07-26 23:02:00,0.9999311972315117,1,First Class,Western Europe,Europe,Francia,Isla de Francia
alert_9486,61807,2017-06-23 05:23:00,0.9999311972315117,1,First Class,Western Europe,Europe,Francia,Isla de Francia
alert_25588,68550,2017-09-29 15:46:00,0.9999311972315117,1,First Class,Western Europe,Europe,Francia,Isla de Francia
alert_9487,61808,2017-06-23 05:44:00,0.9999311972315117,1,First Class,Western Europe,Europe,Francia,Isla de Francia
alert_6329,60446,2017-06-03 08:34:00,0.9999311968367064,1,First Class,South America,LATAM,Colombia,Norte de Santander
alert_1245,58306,2017-05-03 02:50:00,0.9999311968367064,1,First Class,Caribbean,LATAM,Haití,Ouest
alert_1244,58306,2017-05-03 02:50:00,0.9999311968367064,1,First Class,Caribbean,LATAM,Haití,Ouest
alert_1243,58306,2017-05-03 02:50:00,0.9999311968367064,1,First Class,Caribbean,LATAM,Haití,Ouest
alert_1246,58306,2017-05-03 02:50:00,0.9999311968367064,1,First Class,Caribbean,LATAM,Haití,Ouest
alert_1454,58394,2017-05-04 09:40:00,0.9999311968367064,1,First Class,South America,LATAM,Brasil,Mato Grosso del Sur
alert_1455,58394,2017-05-04 09:40:00,0.9999311968367064,1,First Class,South America,LATAM,Brasil,Mato Grosso del Sur
alert_1450,58393,2017-05-04 09:19:00,0.9999311968367064,1,First Class,South America,LATAM,Brasil,Mato Grosso del Sur
alert_1453,58394,2017-05-04 09:40:00,0.9999311968367064,1,First Class,South America,LATAM,Brasil,Mato Grosso del Sur
alert_6194,60388,2017-06-02 12:15:00,0.9999311968367064,1,First Class,Central America,LATAM,México,Quintana Roo
alert_1529,58409,2017-05-04 14:55:00,0.9999311968367064,1,First Class,South America,LATAM,Brasil,Minas Gerais
alert_6330,60446,2017-06-03 08:34:00,0.9999311968367064,1,First Class,South America,LATAM,Colombia,Norte de Santander
alert_6328,60446,2017-06-03 08:34:00,0.9999311968367064,1,First Class,South America,LATAM,Colombia,Norte de Santander
alert_1524,58409,2017-05-04 14:55:00,0.9999311968367064,1,First Class,South America,LATAM,Brasil,Minas Gerais
alert_6197,60389,2017-06-02 12:36:00,0.9999311968367064,1,First Class,Central America,LATAM,México,Quintana Roo
alert_1526,58409,2017-05-04 14:55:00,0.9999311968367064,1,First Class,South America,LATAM,Brasil,Minas Gerais
alert_1449,58393,2017-05-04 09:19:00,0.9999311968367064,1,First Class,South America,LATAM,Brasil,Mato Grosso del Sur
alert_1241,58305,2017-05-03 02:29:00,0.9999311968367064,1,First Class,Caribbean,LATAM,Haití,Ouest
alert_1462,58395,2017-05-04 10:01:00,0.9999311968367064,1,First Class,South America,LATAM,Brasil,Mato Grosso del Sur
alert_1464,58395,2017-05-04 10:01:00,0.9999311968367064,1,First Class,South America,LATAM,Brasil,Mato Grosso del Sur
alert_1533,58410,2017-05-04 15:16:00,0.9999311968367064,1,First Class,South America,LATAM,Brasil,Minas Gerais
alert_1463,58395,2017-05-04 10:01:00,0.9999311968367064,1,First Class,South America,LATAM,Brasil,Mato Grosso del Sur
alert_1239,58305,2017-05-03 02:29:00,0.9999311968367064,1,First Class,Caribbean,LATAM,Haití,Ouest
alert_1238,58305,2017-05-03 02:29:00,0.9999311968367064,1,First Class,Caribbean,LATAM,Haití,Ouest
alert_21723,66947,2017-09-06 06:09:00,0.9999311887636967,1,First Class,Western Europe,Europe,Austria,Viena
alert_22356,67228,2017-09-10 08:36:00,0.9999311887636967,1,First Class,Western Europe,Europe,Austria,Viena
alert_21724,66947,2017-09-06 06:09:00,0.9999311887636967,1,First Class,Western Europe,Europe,Austria,Viena
alert_12204,62946,2017-07-09 20:26:00,0.9999311887636967,1,First Class,Western Europe,Europe,Austria,Viena
alert_21722,66946,2017-09-06 05:48:00,0.9999311887636967,1,First Class,Western Europe,Europe,Austria,Viena
alert_12201,62946,2017-07-09 20:26:00,0.9999311887636967,1,First Class,Western Europe,Europe,Austria,Viena
alert_12202,62946,2017-07-09 20:26:00,0.9999311887636967,1,First Class,Western Europe,Europe,Austria,Viena
alert_21726,66947,2017-09-06 06:09:00,0.9999311887636967,1,First Class,Western Europe,Europe,Austria,Viena
alert_21721,66946,2017-09-06 05:48:00,0.9999311887636967,1,First Class,Western Europe,Europe,Austria,Viena
alert_27237,69647,2017-10-15 16:05:00,0.9999311887636967,1,First Class,Western Europe,Europe,Austria,Viena
alert_27216,69621,2017-10-15 06:59:00,0.9999311887636967,1,First Class,Western Europe,Europe,Austria,Viena
alert_27217,69622,2017-10-15 07:20:00,0.9999311887636967,1,First Class,Western Europe,Europe,Austria,Viena
alert_22357,67228,2017-09-10 08:36:00,0.9999311887636967,1,First Class,Western Europe,Europe,Austria,Viena
alert_27236,69646,2017-10-15 15:44:00,0.9999311887636967,1,First Class,Western Europe,Europe,Austria,Viena
alert_26826,69216,2017-10-09 09:05:00,0.9999311816748881,1,First Class,Western Europe,Europe,Alemania,Sajonia
alert_26827,69217,2017-10-09 09:26:00,0.9999311816748881,1,First Class,Western Europe,Europe,Alemania,Sajonia
alert_13900,63667,2017-07-20 09:02:00,0.9999311779768604,1,First Class,Northern Europe,Europe,Reino Unido,Inglaterra
alert_27620,70049,2017-10-21 12:56:00,0.9999311779768604,1,First Class,Northern Europe,Europe,Reino Unido,Inglaterra
alert_4399,59591,2017-05-21 21:01:00,0.9999311779768604,1,First Class,Central America,LATAM,Guatemala,Guatemala
alert_4398,59591,2017-05-21 21:01:00,0.9999311779768604,1,First Class,Central America,LATAM,Guatemala,Guatemala
alert_4397,59590,2017-05-21 20:40:00,0.9999311779768604,1,First Class,Central America,LATAM,Guatemala,Guatemala
alert_9169,61677,2017-06-21 07:51:00,0.9999311779768604,1,First Class,Northern Europe,Europe,Reino Unido,Inglaterra
alert_9171,61677,2017-06-21 07:51:00,0.9999311779768604,1,First Class,Northern Europe,Europe,Reino Unido,Inglaterra
alert_9173,61677,2017-06-21 07:51:00,0.9999311779768604,1,First Class,Northern Europe,Europe,Reino Unido,Inglaterra
alert_9172,61677,2017-06-21 07:51:00,0.9999311779768604,1,First Class,Northern Europe,Europe,Reino Unido,Inglaterra
alert_5925,60274,2017-05-31 20:19:00,0.9999311764753157,1,First Class,South America,LATAM,Brasil,Distrito Federal
alert_5921,60273,2017-05-31 19:57:00,0.9999311764753157,1,First Class,South America,LATAM,Brasil,Distrito Federal
alert_5919,60272,2017-05-31 19:36:00,0.9999311764753157,1,First Class,South America,LATAM,Brasil,Distrito Federal
alert_33830,76556,2018-01-24 12:37:00,0.9999311731015919,1,First Class,Oceania,Pacific Asia,Australia,Australia Occidental
alert_33831,76557,2018-01-24 12:58:00,0.9999311731015919,1,First Class,Oceania,Pacific Asia,Australia,Australia Occidental
alert_33832,76558,2018-01-24 13:19:00,0.9999311731015919,1,First Class,Oceania,Pacific Asia,Australia,Australia Occidental
alert_3305,59141,2017-05-15 07:22:00,0.999931170988837,1,First Class,Central America,LATAM,Nicaragua,León
alert_32114,74760,2017-12-29 07:24:00,0.9999311663833571,1,First Class,South Asia,Pacific Asia,India,Maharashtra
alert_9232,61701,2017-06-21 16:15:00,0.9999311651506777,1,First Class,Western Europe,Europe,Alemania,Hamburgo
alert_11271,62601,2017-07-04 19:34:00,0.9999311637151451,1,First Class,Western Europe,Europe,Alemania,Berlín
alert_14431,63890,2017-07-23 15:09:00,0.9999311513823347,1,First Class,Northern Europe,Europe,Reino Unido,Inglaterra
alert_14424,63889,2017-07-23 14:48:00,0.9999311513823347,1,First Class,Northern Europe,Europe,Reino Unido,Inglaterra
alert_10816,62373,2017-07-01 11:41:00,0.999931146805038,1,First Class,Western Europe,Europe,Bélgica,Amberes
alert_16917,64954,2017-08-08 03:55:00,0.9999311441452965,1,First Class,Western Europe,Europe,Francia,Bretaña
alert_8837,61508,2017-06-18 20:38:00,0.9999311365501078,1,First Class,South America,LATAM,Brasil,Pernambuco
alert_8582,61394,2017-06-17 04:42:00,0.9999311365501078,1,First Class,South America,LATAM,Brasil,Pernambuco
alert_8583,61394,2017-06-17 04:42:00,0.9999311365501078,1,First Class,South America,LATAM,Brasil,Pernambuco
alert_8581,61394,2017-06-17 04:42:00,0.9999311365501078,1,First Class,South America,LATAM,Brasil,Pernambuco
alert_8579,61394,2017-06-17 04:42:00,0.9999311365501078,1,First Class,South America,LATAM,Brasil,Pernambuco
alert_287,57917,2017-04-27 10:33:00,0.9999311311122462,1,First Class,Central America,LATAM,El Salvador,San Salvador
alert_20441,66423,2017-08-29 14:35:00,0.9999311171330167,1,First Class,Southern Europe,Europe,Italia,Piamonte
alert_20439,66423,2017-08-29 14:35:00,0.9999311171330167,1,First Class,Southern Europe,Europe,Italia,Piamonte
alert_31614,74225,2017-12-21 11:58:00,0.9999311115829794,1,First Class,South Asia,Pacific Asia,India,Chandigarh
alert_29865,72409,2017-11-24 23:44:00,0.9999311077831894,1,First Class,Oceania,Pacific Asia,Australia,Australia Occidental
alert_15154,64171,2017-07-27 17:36:00,0.9999310882650568,1,First Class,Western Europe,Europe,Países Bajos,Brabante Septentrional
alert_32285,74948,2018-01-01 01:16:00,0.9999310847781719,1,First Class,South Asia,Pacific Asia,Pakistán,Jaiber Pajtunjuá
alert_32282,74945,2018-01-01 00:13:00,0.9999310847781719,1,First Class,South Asia,Pacific Asia,Pakistán,Jaiber Pajtunjuá
alert_16911,64951,2017-08-08 02:52:00,0.9999310787994155,1,First Class,Western Europe,Europe,Francia,Bretaña
alert_24051,67916,2017-09-20 09:38:00,0.9999310773250039,1,First Class,Northern Europe,Europe,Reino Unido,Inglaterra
alert_30877,73459,2017-12-10 07:36:00,0.9999310586020183,1,First Class,South Asia,Pacific Asia,Bangladés,Daca
alert_15967,64537,2017-08-02 01:50:00,0.9999310575275228,1,First Class,Western Europe,Europe,Francia,Auvernia-Ródano-Alpes
alert_28301,70776,2017-11-01 03:38:00,0.9999310575275228,1,First Class,Western Europe,Europe,Francia,Auvernia-Ródano-Alpes
alert_15964,64537,2017-08-02 01:50:00,0.9999310575275228,1,First Class,Western Europe,Europe,Francia,Auvernia-Ródano-Alpes
alert_15965,64537,2017-08-02 01:50:00,0.9999310575275228,1,First Class,Western Europe,Europe,Francia,Auvernia-Ródano-Alpes
alert_15966,64537,2017-08-02 01:50:00,0.9999310575275228,1,First Class,Western Europe,Europe,Francia,Auvernia-Ródano-Alpes
alert_3434,59192,2017-05-16 01:14:00,0.9999310448259003,1,First Class,Central America,LATAM,México,Guanajuato
alert_3437,59192,2017-05-16 01:14:00,0.9999310448259003,1,First Class,Central America,LATAM,México,Guanajuato
alert_3438,59192,2017-05-16 01:14:00,0.9999310448259003,1,First Class,Central America,LATAM,México,Guanajuato
alert_3435,59192,2017-05-16 01:14:00,0.9999310448259003,1,First Class,Central America,LATAM,México,Guanajuato
alert_16039,64574,2017-08-02 14:47:00,0.9999310346296589,1,First Class,Western Europe,Europe,Francia,Isla de Francia
alert_32795,75460,2018-01-08 12:38:00,0.9999310312955564,1,First Class,Eastern Asia,Pacific Asia,Japón,Tokio
alert_32793,75459,2018-01-08 12:17:00,0.9999310312955564,1,First Class,Eastern Asia,Pacific Asia,Japón,Tokio
alert_32798,75461,2018-01-08 12:59:00,0.9999310312955564,1,First Class,Eastern Asia,Pacific Asia,Japón,Tokio
alert_30065,72624,2017-11-28 03:04:00,0.9999310264359766,1,First Class,Oceania,Pacific Asia,Australia,Nueva Gales del Sur
alert_30064,72623,2017-11-28 02:43:00,0.9999310264359766,1,First Class,Oceania,Pacific Asia,Australia,Nueva Gales del Sur
alert_29876,72420,2017-11-25 03:36:00,0.9999310264359766,1,First Class,South Asia,Pacific Asia,India,Madhya Pradesh
alert_4756,59766,2017-05-24 10:20:00,0.9999310264359766,1,First Class,Caribbean,LATAM,Cuba,Pinar del Río
alert_29887,72429,2017-11-25 06:45:00,0.9999310264359766,1,First Class,South Asia,Pacific Asia,India,Maharashtra
alert_4757,59766,2017-05-24 10:20:00,0.9999310264359766,1,First Class,Caribbean,LATAM,Cuba,Pinar del Río
alert_29816,72360,2017-11-24 06:34:00,0.9999310264359766,1,First Class,Oceania,Pacific Asia,Australia,Nueva Gales del Sur
alert_29885,72428,2017-11-25 06:24:00,0.9999310264359766,1,First Class,South Asia,Pacific Asia,India,Maharashtra
alert_29878,72421,2017-11-25 03:57:00,0.9999310264359766,1,First Class,South Asia,Pacific Asia,India,Madhya Pradesh
alert_30069,72626,2017-11-28 03:46:00,0.9999310264359766,1,First Class,Oceania,Pacific Asia,Australia,Nueva Gales del Sur
alert_28463,70938,2017-11-03 12:23:00,0.9999310189833784,1,First Class,Southern Europe,Europe,Italia,Campania
alert_24125,67951,2017-09-20 21:54:00,0.9999310183329873,1,First Class,Southern Europe,Europe,Italia,Lacio
alert_14037,63738,2017-07-21 09:54:00,0.9999310119157133,1,First Class,Northern Europe,Europe,Reino Unido,Inglaterra
alert_18930,65778,2017-08-20 04:36:00,0.9999310119157133,1,First Class,Northern Europe,Europe,Reino Unido,Inglaterra
alert_14001,63721,2017-07-21 03:57:00,0.9999310119157133,1,First Class,Northern Europe,Europe,Irlanda,Dublín
alert_18931,65778,2017-08-20 04:36:00,0.9999310119157133,1,First Class,Northern Europe,Europe,Reino Unido,Inglaterra
alert_18933,65778,2017-08-20 04:36:00,0.9999310119157133,1,First Class,Northern Europe,Europe,Reino Unido,Inglaterra
alert_24053,67916,2017-09-20 09:38:00,0.9999310119157133,1,First Class,Northern Europe,Europe,Reino Unido,Inglaterra
alert_14000,63721,2017-07-21 03:57:00,0.9999310119157133,1,First Class,Northern Europe,Europe,Irlanda,Dublín
alert_27605,70037,2017-10-21 08:43:00,0.9999310119157133,1,First Class,Northern Europe,Europe,Reino Unido,Inglaterra
alert_4412,59599,2017-05-21 23:50:00,0.9999310119157133,1,First Class,Central America,LATAM,México,Guanajuato
alert_18935,65779,2017-08-20 04:57:00,0.9999310119157133,1,First Class,Northern Europe,Europe,Reino Unido,Inglaterra
alert_18936,65779,2017-08-20 04:57:00,0.9999310119157133,1,First Class,Northern Europe,Europe,Reino Unido,Inglaterra
alert_18934,65779,2017-08-20 04:57:00,0.9999310119157133,1,First Class,Northern Europe,Europe,Reino Unido,Inglaterra
alert_18932,65778,2017-08-20 04:36:00,0.9999310119157133,1,First Class,Northern Europe,Europe,Reino Unido,Inglaterra
alert_13999,63720,2017-07-21 03:36:00,0.9999310119157133,1,First Class,Northern Europe,Europe,Reino Unido,Inglaterra
alert_27642,70078,2017-10-21 23:05:00,0.9999310119157133,1,First Class,Northern Europe,Europe,Reino Unido,Inglaterra
alert_24052,67916,2017-09-20 09:38:00,0.9999310119157133,1,First Class,Northern Europe,Europe,Reino Unido,Inglaterra
alert_24049,67916,2017-09-20 09:38:00,0.9999310119157133,1,First Class,Northern Europe,Europe,Reino Unido,Inglaterra
alert_24340,68054,2017-09-22 09:59:00,0.9999310084548684,1,First Class,Western Europe,Europe,Francia,Languedoc-Rosellón-Mediodía-Pirineos
alert_24349,68055,2017-09-22 10:20:00,0.9999310084548684,1,First Class,Western Europe,Europe,Francia,Languedoc-Rosellón-Mediodía-Pirineos
alert_29354,71871,2017-11-17 03:15:00,0.9999310077642077,1,First Class,South Asia,Pacific Asia,India,Uttar Pradesh
alert_25280,68408,2017-09-27 14:01:00,0.9999310040351136,1,First Class,Southern Europe,Europe,Italia,Calabria
alert_17333,65130,2017-08-10 17:35:00,0.9999309845783626,1,First Class,Western Europe,Europe,Francia,Normandía
alert_24300,68042,2017-09-22 05:47:00,0.999930982095688,1,First Class,Western Europe,Europe,Francia,Bretaña
alert_24301,68042,2017-09-22 05:47:00,0.999930982095688,1,First Class,Western Europe,Europe,Francia,Bretaña
alert_27773,70225,2017-10-24 02:35:00,0.9999309663663607,1,First Class,Northern Europe,Europe,Noruega,Oslo
alert_4778,59772,2017-05-24 12:26:00,0.9999309663663607,1,First Class,Central America,LATAM,Panamá,Panamá
alert_27770,70224,2017-10-24 02:14:00,0.9999309663663607,1,First Class,Northern Europe,Europe,Noruega,Oslo
alert_27769,70223,2017-10-24 01:53:00,0.9999309663663607,1,First Class,Northern Europe,Europe,Noruega,Oslo
alert_4775,59772,2017-05-24 12:26:00,0.9999309663663607,1,First Class,Central America,LATAM,Panamá,Panamá
alert_4777,59772,2017-05-24 12:26:00,0.9999309663663607,1,First Class,Central America,LATAM,Panamá,Panamá
alert_4776,59772,2017-05-24 12:26:00,0.9999309663663607,1,First Class,Central America,LATAM,Panamá,Panamá
alert_29657,72205,2017-11-22 00:16:00,0.9999309663663607,1,First Class,South Asia,Pacific Asia,Pakistán,Punyab
alert_5320,60004,2017-05-27 21:43:00,0.9999309663663607,1,First Class,Central America,LATAM,Panamá,Panamá
alert_19175,65889,2017-08-21 19:30:00,0.9999309590364783,1,First Class,Western Europe,Europe,Países Bajos,Utrecht
alert_617,58058,2017-04-29 11:57:00,0.9999309493818611,1,First Class,Central America,LATAM,México,México
alert_5632,60140,2017-05-29 21:22:00,0.9999309449009045,1,First Class,Caribbean,LATAM,Cuba,Pinar del Río
alert_5189,59959,2017-05-27 05:57:00,0.999930941552683,1,First Class,Central America,LATAM,Honduras,Atlántida
alert_5198,59960,2017-05-27 06:18:00,0.999930941552683,1,First Class,Central America,LATAM,Honduras,Atlántida
alert_5180,59956,2017-05-27 04:54:00,0.999930941552683,1,First Class,South America,LATAM,Argentina,Buenos Aires
alert_5190,59959,2017-05-27 05:57:00,0.999930941552683,1,First Class,Central America,LATAM,Honduras,Atlántida
alert_29716,72262,2017-11-22 20:14:00,0.999930941552683,1,First Class,South Asia,Pacific Asia,India,Bengala Occidental
alert_5200,59960,2017-05-27 06:18:00,0.999930941552683,1,First Class,Central America,LATAM,Honduras,Atlántida
alert_29846,72387,2017-11-24 16:02:00,0.999930941552683,1,First Class,Oceania,Pacific Asia,Australia,Australia Occidental
alert_29717,72263,2017-11-22 20:35:00,0.999930941552683,1,First Class,South Asia,Pacific Asia,India,Bengala Occidental
alert_5199,59960,2017-05-27 06:18:00,0.999930941552683,1,First Class,Central America,LATAM,Honduras,Atlántida
alert_5196,59960,2017-05-27 06:18:00,0.999930941552683,1,First Class,Central America,LATAM,Honduras,Atlántida
alert_5191,59959,2017-05-27 05:57:00,0.999930941552683,1,First Class,Central America,LATAM,Honduras,Atlántida
alert_25282,68408,2017-09-27 14:01:00,0.9999309385562739,1,First Class,Southern Europe,Europe,Italia,Calabria
alert_25285,68409,2017-09-27 14:22:00,0.9999309385562739,1,First Class,Southern Europe,Europe,Italia,Calabria
alert_9349,61758,2017-06-22 12:13:00,0.9999309353437027,1,First Class,Southern Europe,Europe,España,Andalucía
alert_9348,61758,2017-06-22 12:13:00,0.9999309353437027,1,First Class,Southern Europe,Europe,España,Andalucía
alert_2723,58913,2017-05-11 23:29:00,0.9999309255720457,1,First Class,South America,LATAM,Argentina,Mendoza
alert_30904,73488,2017-12-10 17:46:00,0.9999309255720457,1,First Class,Oceania,Pacific Asia,Australia,Victoria
alert_18989,65795,2017-08-20 10:34:00,0.9999309196720085,1,First Class,Western Europe,Europe,Austria,Viena
alert_18992,65795,2017-08-20 10:34:00,0.9999309196720085,1,First Class,Western Europe,Europe,Austria,Viena
alert_18982,65794,2017-08-20 10:13:00,0.9999309196720085,1,First Class,Western Europe,Europe,Austria,Viena
alert_10868,62399,2017-07-01 20:47:00,0.9999309172500762,1,First Class,Western Europe,Europe,Francia,Países del Loira
alert_22817,67410,2017-09-13 00:22:00,0.9999309172500762,1,First Class,Western Europe,Europe,Austria,Tirol
alert_16753,64889,2017-08-07 05:09:00,0.9999309092851957,1,First Class,Western Europe,Europe,Alemania,Baden-Wurtemberg
alert_16910,64951,2017-08-08 02:52:00,0.9999309092851957,1,First Class,Western Europe,Europe,Francia,Bretaña
alert_16915,64954,2017-08-08 03:55:00,0.9999309092851957,1,First Class,Western Europe,Europe,Francia,Bretaña
alert_16754,64889,2017-08-07 05:09:00,0.9999309092851957,1,First Class,Western Europe,Europe,Alemania,Baden-Wurtemberg
alert_16749,64889,2017-08-07 05:09:00,0.9999309092851957,1,First Class,Western Europe,Europe,Alemania,Baden-Wurtemberg
alert_16750,64889,2017-08-07 05:09:00,0.9999309092851957,1,First Class,Western Europe,Europe,Alemania,Baden-Wurtemberg
alert_16761,64890,2017-08-07 05:30:00,0.9999309092851957,1,First Class,Western Europe,Europe,Alemania,Baden-Wurtemberg
alert_16763,64890,2017-08-07 05:30:00,0.9999309092851957,1,First Class,Western Europe,Europe,Alemania,Baden-Wurtemberg
alert_18191,65463,2017-08-15 14:15:00,0.9999309092851957,1,First Class,Western Europe,Europe,Alemania,Hesse
alert_22806,67407,2017-09-12 23:19:00,0.9999309092851957,1,First Class,Western Europe,Europe,Alemania,Baden-Wurtemberg
alert_22805,67407,2017-09-12 23:19:00,0.9999309092851957,1,First Class,Western Europe,Europe,Alemania,Baden-Wurtemberg
alert_12326,62993,2017-07-10 12:54:00,0.9999309092851957,1,First Class,Western Europe,Europe,Francia,Centro-Valle de Loira
alert_12325,62993,2017-07-10 12:54:00,0.9999309092851957,1,First Class,Western Europe,Europe,Francia,Centro-Valle de Loira
alert_12324,62992,2017-07-10 12:33:00,0.9999309092851957,1,First Class,Western Europe,Europe,Francia,Centro-Valle de Loira
alert_16918,64954,2017-08-08 03:55:00,0.9999309092851957,1,First Class,Western Europe,Europe,Francia,Bretaña
alert_16914,64954,2017-08-08 03:55:00,0.9999309092851957,1,First Class,Western Europe,Europe,Francia,Bretaña
alert_16916,64954,2017-08-08 03:55:00,0.9999309092851957,1,First Class,Western Europe,Europe,Francia,Bretaña
alert_393,57958,2017-04-28 00:55:00,0.9999309089123861,1,First Class,Central America,LATAM,México,Chiapas
alert_391,57958,2017-04-28 00:55:00,0.9999309089123861,1,First Class,Central America,LATAM,México,Chiapas
alert_9934,62013,2017-06-26 05:33:00,0.9999308974034091,1,First Class,Northern Europe,Europe,Reino Unido,Inglaterra
alert_9985,62031,2017-06-26 11:52:00,0.9999308974034091,1,First Class,Northern Europe,Europe,Reino Unido,Inglaterra
alert_9982,62031,2017-06-26 11:52:00,0.9999308974034091,1,First Class,Northern Europe,Europe,Reino Unido,Inglaterra
alert_24888,68262,2017-09-25 10:52:00,0.9999308974034091,1,First Class,Northern Europe,Europe,Reino Unido,Inglaterra
alert_24889,68262,2017-09-25 10:52:00,0.9999308974034091,1,First Class,Northern Europe,Europe,Reino Unido,Inglaterra
alert_24886,68262,2017-09-25 10:52:00,0.9999308974034091,1,First Class,Northern Europe,Europe,Reino Unido,Inglaterra
alert_24887,68262,2017-09-25 10:52:00,0.9999308974034091,1,First Class,Northern Europe,Europe,Reino Unido,Inglaterra
alert_9983,62031,2017-06-26 11:52:00,0.9999308974034091,1,First Class,Northern Europe,Europe,Reino Unido,Inglaterra
alert_27733,70183,2017-10-23 11:52:00,0.9999308974034091,1,First Class,Northern Europe,Europe,Reino Unido,Inglaterra
alert_27734,70184,2017-10-23 12:13:00,0.9999308974034091,1,First Class,Northern Europe,Europe,Reino Unido,Inglaterra
alert_27731,70181,2017-10-23 11:10:00,0.9999308974034091,1,First Class,Northern Europe,Europe,Reino Unido,Inglaterra
alert_27732,70182,2017-10-23 11:31:00,0.9999308974034091,1,First Class,Northern Europe,Europe,Reino Unido,Inglaterra
alert_9935,62013,2017-06-26 05:33:00,0.9999308974034091,1,First Class,Northern Europe,Europe,Reino Unido,Inglaterra
alert_9990,62032,2017-06-26 12:13:00,0.9999308974034091,1,First Class,Northern Europe,Europe,Reino Unido,Inglaterra
alert_9937,62014,2017-06-26 05:54:00,0.9999308974034091,1,First Class,Northern Europe,Europe,Reino Unido,Inglaterra
alert_9936,62013,2017-06-26 05:33:00,0.9999308974034091,1,First Class,Northern Europe,Europe,Reino Unido,Inglaterra
alert_9984,62031,2017-06-26 11:52:00,0.9999308974034091,1,First Class,Northern Europe,Europe,Reino Unido,Inglaterra
alert_9989,62032,2017-06-26 12:13:00,0.9999308974034091,1,First Class,Northern Europe,Europe,Reino Unido,Inglaterra
alert_9986,62031,2017-06-26 11:52:00,0.9999308974034091,1,First Class,Northern Europe,Europe,Reino Unido,Inglaterra
alert_9988,62032,2017-06-26 12:13:00,0.9999308974034091,1,First Class,Northern Europe,Europe,Reino Unido,Inglaterra
alert_9987,62032,2017-06-26 12:13:00,0.9999308974034091,1,First Class,Northern Europe,Europe,Reino Unido,Inglaterra
alert_9938,62014,2017-06-26 05:54:00,0.9999308974034091,1,First Class,Northern Europe,Europe,Reino Unido,Inglaterra
alert_18980,65792,2017-08-20 09:31:00,0.9999308876010315,1,First Class,Northern Europe,Europe,Reino Unido,Inglaterra
alert_18979,65792,2017-08-20 09:31:00,0.9999308876010315,1,First Class,Northern Europe,Europe,Reino Unido,Inglaterra
alert_9094,61640,2017-06-20 18:53:00,0.9999308842039607,1,First Class,Western Europe,Europe,Alemania,Baden-Wurtemberg
alert_25635,68567,2017-09-29 21:43:00,0.9999308753810533,1,First Class,Western Europe,Europe,Francia,Isla de Francia
alert_25633,68567,2017-09-29 21:43:00,0.9999308753810533,1,First Class,Western Europe,Europe,Francia,Isla de Francia
alert_25631,68567,2017-09-29 21:43:00,0.9999308753810533,1,First Class,Western Europe,Europe,Francia,Isla de Francia
alert_25632,68567,2017-09-29 21:43:00,0.9999308753810533,1,First Class,Western Europe,Europe,Francia,Isla de Francia
alert_25629,68566,2017-09-29 21:22:00,0.9999308753810533,1,First Class,Western Europe,Europe,Francia,Isla de Francia
alert_25638,68568,2017-09-29 22:04:00,0.9999308753810533,1,First Class,Western Europe,Europe,Francia,Isla de Francia
alert_25630,68566,2017-09-29 21:22:00,0.9999308753810533,1,First Class,Western Europe,Europe,Francia,Isla de Francia
alert_25636,68568,2017-09-29 22:04:00,0.9999308753810533,1,First Class,Western Europe,Europe,Francia,Isla de Francia
alert_25634,68567,2017-09-29 21:43:00,0.9999308753810533,1,First Class,Western Europe,Europe,Francia,Isla de Francia
alert_19550,66040,2017-08-24 00:24:00,0.9999308753810533,1,First Class,Western Europe,Europe,Francia,Isla de Francia
alert_25647,68569,2017-09-29 22:25:00,0.9999308753810533,1,First Class,Western Europe,Europe,Francia,Isla de Francia
alert_25645,68569,2017-09-29 22:25:00,0.9999308753810533,1,First Class,Western Europe,Europe,Francia,Isla de Francia
alert_25643,68569,2017-09-29 22:25:00,0.9999308753810533,1,First Class,Western Europe,Europe,Francia,Isla de Francia
alert_25640,68568,2017-09-29 22:04:00,0.9999308753810533,1,First Class,Western Europe,Europe,Francia,Isla de Francia
alert_14937,64080,2017-07-26 09:43:00,0.9999308753810533,1,First Class,Western Europe,Europe,Francia,Isla de Francia
alert_15205,64191,2017-07-28 00:36:00,0.9999308753810533,1,First Class,Western Europe,Europe,Francia,Isla de Francia
alert_14941,64080,2017-07-26 09:43:00,0.9999308753810533,1,First Class,Western Europe,Europe,Francia,Isla de Francia
alert_14939,64080,2017-07-26 09:43:00,0.9999308753810533,1,First Class,Western Europe,Europe,Francia,Isla de Francia
alert_19551,66040,2017-08-24 00:24:00,0.9999308753810533,1,First Class,Western Europe,Europe,Francia,Isla de Francia
alert_25646,68569,2017-09-29 22:25:00,0.9999308753810533,1,First Class,Western Europe,Europe,Francia,Isla de Francia
alert_24291,68040,2017-09-22 05:05:00,0.9999308753810533,1,First Class,Western Europe,Europe,Francia,Isla de Francia
alert_24290,68040,2017-09-22 05:05:00,0.9999308753810533,1,First Class,Western Europe,Europe,Francia,Isla de Francia
alert_15147,64170,2017-07-27 17:15:00,0.9999308753810533,1,First Class,Western Europe,Europe,Francia,Isla de Francia
alert_15148,64170,2017-07-27 17:15:00,0.9999308753810533,1,First Class,Western Europe,Europe,Francia,Isla de Francia
alert_15189,64188,2017-07-27 23:33:00,0.9999308753810533,1,First Class,Western Europe,Europe,Francia,Isla de Francia
alert_15191,64188,2017-07-27 23:33:00,0.9999308753810533,1,First Class,Western Europe,Europe,Francia,Isla de Francia
alert_15204,64191,2017-07-28 00:36:00,0.9999308753810533,1,First Class,Western Europe,Europe,Francia,Isla de Francia
alert_15145,64170,2017-07-27 17:15:00,0.9999308753810533,1,First Class,Western Europe,Europe,Francia,Isla de Francia
alert_28028,70489,2017-10-27 23:05:00,0.9999308753810533,1,First Class,Western Europe,Europe,Francia,Isla de Francia
alert_28027,70488,2017-10-27 22:44:00,0.9999308753810533,1,First Class,Western Europe,Europe,Francia,Isla de Francia
alert_25397,68457,2017-09-28 07:11:00,0.9999308721154707,1,First Class,Western Europe,Europe,Alemania,Mecklemburgo-Pomerania Occidental
alert_19346,65954,2017-08-22 18:16:00,0.9999308721154707,1,First Class,Western Europe,Europe,Alemania,Renania del Norte-Westfalia
alert_25406,68458,2017-09-28 07:32:00,0.9999308721154707,1,First Class,Western Europe,Europe,Alemania,Mecklemburgo-Pomerania Occidental
alert_20518,66448,2017-08-29 23:20:00,0.9999308649924084,1,First Class,Western Europe,Europe,Alemania,Hesse
alert_20513,66446,2017-08-29 22:38:00,0.9999308649924084,1,First Class,Western Europe,Europe,Alemania,Hesse
alert_5326,60005,2017-05-27 22:04:00,0.9999308600092006,1,First Class,Caribbean,LATAM,Cuba,Pinar del Río
alert_29795,72339,2017-11-23 23:13:00,0.9999308600092006,1,First Class,Oceania,Pacific Asia,Australia,Queensland
alert_30190,72750,2017-11-29 23:12:00,0.9999308600092006,1,First Class,Oceania,Pacific Asia,Australia,Queensland
alert_30187,72749,2017-11-29 22:51:00,0.9999308600092006,1,First Class,Oceania,Pacific Asia,Australia,Queensland
alert_5327,60005,2017-05-27 22:04:00,0.9999308600092006,1,First Class,Caribbean,LATAM,Cuba,Pinar del Río
alert_4943,59827,2017-05-25 07:42:00,0.9999308600092006,1,First Class,Caribbean,LATAM,Haití,Ouest
alert_29879,72423,2017-11-25 04:39:00,0.9999308600092006,1,First Class,Oceania,Pacific Asia,Australia,Nueva Gales del Sur
alert_4944,59827,2017-05-25 07:42:00,0.9999308600092006,1,First Class,Caribbean,LATAM,Haití,Ouest
alert_24968,68301,2017-09-26 00:31:00,0.9999308537928892,1,First Class,Southern Europe,Europe,Italia,Liguria
alert_29794,72338,2017-11-23 22:52:00,0.9999308537928892,1,First Class,Southeast Asia,Pacific Asia,Camboya,Nom Pen
alert_19642,66088,2017-08-24 17:13:00,0.9999308537928892,1,First Class,Southern Europe,Europe,Italia,Lacio
alert_19640,66087,2017-08-24 16:52:00,0.9999308537928892,1,First Class,Southern Europe,Europe,Italia,Lacio
alert_19641,66088,2017-08-24 17:13:00,0.9999308537928892,1,First Class,Southern Europe,Europe,Italia,Lacio
alert_9419,61789,2017-06-22 23:05:00,0.9999308537928892,1,First Class,Southern Europe,Europe,España,País Vasco
alert_24407,68077,2017-09-22 18:03:00,0.9999308537928892,1,First Class,Southern Europe,Europe,Italia,Lacio
alert_9429,61791,2017-06-22 23:47:00,0.9999308537928892,1,First Class,Southern Europe,Europe,España,País Vasco
alert_9415,61788,2017-06-22 22:44:00,0.9999308537928892,1,First Class,Southern Europe,Europe,España,País Vasco
alert_9411,61787,2017-06-22 22:23:00,0.9999308537928892,1,First Class,Southern Europe,Europe,España,País Vasco
alert_9413,61787,2017-06-22 22:23:00,0.9999308537928892,1,First Class,Southern Europe,Europe,España,País Vasco
alert_10233,62137,2017-06-28 01:00:00,0.9999308537928892,1,First Class,Southern Europe,Europe,Italia,Lacio
alert_10231,62137,2017-06-28 01:00:00,0.9999308537928892,1,First Class,Southern Europe,Europe,Italia,Lacio
alert_10229,62136,2017-06-28 00:39:00,0.9999308537928892,1,First Class,Southern Europe,Europe,Italia,Lacio
alert_24963,68300,2017-09-26 00:10:00,0.9999308537928892,1,First Class,Southern Europe,Europe,Italia,Liguria
alert_24966,68300,2017-09-26 00:10:00,0.9999308537928892,1,First Class,Southern Europe,Europe,Italia,Liguria
alert_24967,68301,2017-09-26 00:31:00,0.9999308537928892,1,First Class,Southern Europe,Europe,Italia,Liguria
alert_10235,62137,2017-06-28 01:00:00,0.9999308537928892,1,First Class,Southern Europe,Europe,Italia,Lacio
alert_10236,62138,2017-06-28 01:21:00,0.9999308537928892,1,First Class,Southern Europe,Europe,Italia,Lacio
alert_10234,62137,2017-06-28 01:00:00,0.9999308537928892,1,First Class,Southern Europe,Europe,Italia,Lacio
alert_24951,68297,2017-09-25 23:07:00,0.9999308517507902,1,First Class,Southern Europe,Europe,España,Cataluña
alert_29478,72008,2017-11-19 03:15:00,0.999930847683133,1,First Class,Eastern Asia,Pacific Asia,China,Sichuan
alert_22069,67099,2017-09-08 11:25:00,0.9999308432593104,1,First Class,Western Europe,Europe,Alemania,Hesse
alert_29994,72554,2017-11-27 02:32:00,0.9999308399416251,1,First Class,Oceania,Pacific Asia,Australia,Nueva Gales del Sur
alert_4539,59653,2017-05-22 18:45:00,0.9999308399416251,1,First Class,Caribbean,LATAM,Cuba,Las Tunas
alert_4549,59664,2017-05-22 22:36:00,0.9999308399416251,1,First Class,South America,LATAM,Brasil,Minas Gerais
alert_4552,59665,2017-05-22 22:57:00,0.9999308399416251,1,First Class,South America,LATAM,Brasil,Minas Gerais
alert_4540,59653,2017-05-22 18:45:00,0.9999308399416251,1,First Class,Caribbean,LATAM,Cuba,Las Tunas
alert_4542,59654,2017-05-22 19:06:00,0.9999308399416251,1,First Class,Caribbean,LATAM,Cuba,Las Tunas
alert_4537,59653,2017-05-22 18:45:00,0.9999308399416251,1,First Class,Caribbean,LATAM,Cuba,Las Tunas
alert_4541,59654,2017-05-22 19:06:00,0.9999308399416251,1,First Class,Caribbean,LATAM,Cuba,Las Tunas
alert_5635,60140,2017-05-29 21:22:00,0.9999308399416251,1,First Class,Caribbean,LATAM,Cuba,Pinar del Río
alert_4538,59653,2017-05-22 18:45:00,0.9999308399416251,1,First Class,Caribbean,LATAM,Cuba,Las Tunas
alert_4554,59666,2017-05-22 23:18:00,0.9999308399416251,1,First Class,South America,LATAM,Brasil,Minas Gerais
alert_304,57923,2017-04-27 12:39:00,0.9999308254627044,1,First Class,South America,LATAM,Brasil,Río de Janeiro
alert_305,57923,2017-04-27 12:39:00,0.9999308254627044,1,First Class,South America,LATAM,Brasil,Río de Janeiro
alert_23580,67708,2017-09-17 08:46:00,0.9999308214617301,1,First Class,Southern Europe,Europe,Portugal,Lisboa
alert_23581,67708,2017-09-17 08:46:00,0.9999308214617301,1,First Class,Southern Europe,Europe,Portugal,Lisboa
alert_6932,60662,2017-06-06 12:15:00,0.9999308202802869,1,First Class,Caribbean,LATAM,República Dominicana,La Romana
alert_6945,60674,2017-06-06 16:27:00,0.9999308202802869,1,First Class,Central America,LATAM,Nicaragua,Managua
alert_6931,60662,2017-06-06 12:15:00,0.9999308202802869,1,First Class,Caribbean,LATAM,República Dominicana,La Romana
alert_29190,71719,2017-11-14 22:00:00,0.9999308202802869,1,First Class,South Asia,Pacific Asia,India,Manipur
alert_12560,63087,2017-07-11 21:50:00,0.9999308202802869,1,First Class,Northern Europe,Europe,Dinamarca,Región Capital
alert_12552,63085,2017-07-11 21:08:00,0.9999308202802869,1,First Class,Northern Europe,Europe,Dinamarca,Región Capital
alert_12554,63086,2017-07-11 21:29:00,0.9999308202802869,1,First Class,Northern Europe,Europe,Dinamarca,Región Capital
alert_12551,63085,2017-07-11 21:08:00,0.9999308202802869,1,First Class,Northern Europe,Europe,Dinamarca,Región Capital
alert_12558,63086,2017-07-11 21:29:00,0.9999308202802869,1,First Class,Northern Europe,Europe,Dinamarca,Región Capital
alert_12555,63086,2017-07-11 21:29:00,0.9999308202802869,1,First Class,Northern Europe,Europe,Dinamarca,Región Capital
alert_12556,63086,2017-07-11 21:29:00,0.9999308202802869,1,First Class,Northern Europe,Europe,Dinamarca,Región Capital
alert_2360,58757,2017-05-09 16:50:00,0.9999308202802869,1,First Class,South America,LATAM,Perú,Lima (ciudad)
alert_2359,58757,2017-05-09 16:50:00,0.9999308202802869,1,First Class,South America,LATAM,Perú,Lima (ciudad)
alert_2361,58757,2017-05-09 16:50:00,0.9999308202802869,1,First Class,South America,LATAM,Perú,Lima (ciudad)
alert_6949,60674,2017-06-06 16:27:00,0.9999308202802869,1,First Class,Central America,LATAM,Nicaragua,Managua
alert_6934,60662,2017-06-06 12:15:00,0.9999308202802869,1,First Class,Caribbean,LATAM,República Dominicana,La Romana
alert_6933,60662,2017-06-06 12:15:00,0.9999308202802869,1,First Class,Caribbean,LATAM,República Dominicana,La Romana
alert_2362,58759,2017-05-09 17:32:00,0.9999308202802869,1,First Class,South America,LATAM,Perú,Lima (ciudad)
alert_2370,58760,2017-05-09 17:53:00,0.9999308202802869,1,First Class,South America,LATAM,Perú,Lima (ciudad)
alert_6898,60652,2017-06-06 08:44:00,0.9999308202802869,1,First Class,Caribbean,LATAM,Haití,Ouest
alert_6901,60652,2017-06-06 08:44:00,0.9999308202802869,1,First Class,Caribbean,LATAM,Haití,Ouest
alert_6905,60653,2017-06-06 09:05:00,0.9999308202802869,1,First Class,Caribbean,LATAM,Haití,Ouest
alert_6904,60653,2017-06-06 09:05:00,0.9999308202802869,1,First Class,Caribbean,LATAM,Haití,Ouest
alert_6900,60652,2017-06-06 08:44:00,0.9999308202802869,1,First Class,Caribbean,LATAM,Haití,Ouest
alert_6899,60652,2017-06-06 08:44:00,0.9999308202802869,1,First Class,Caribbean,LATAM,Haití,Ouest
alert_6903,60653,2017-06-06 09:05:00,0.9999308202802869,1,First Class,Caribbean,LATAM,Haití,Ouest
alert_6902,60652,2017-06-06 08:44:00,0.9999308202802869,1,First Class,Caribbean,LATAM,Haití,Ouest
alert_6935,60662,2017-06-06 12:15:00,0.9999308202802869,1,First Class,Caribbean,LATAM,República Dominicana,La Romana
alert_30999,73330,2017-12-12 10:24:00,0.9999308155468899,1,Second Class,South Asia,Pacific Asia,India,Andhra Pradesh
alert_33085,75773,2018-01-13 02:18:00,0.9999308089537527,1,First Class,Southeast Asia,Pacific Asia,Indonesia,Sumatra Septentrional
alert_34432,77195,2018-02-02 20:29:00,0.9999308060377918,1,First Class,Oceania,Pacific Asia,Australia,Tasmania
alert_32488,75155,2018-01-04 01:47:00,0.9999308060377918,1,First Class,Oceania,Pacific Asia,Australia,Tasmania
alert_32424,75092,2018-01-03 03:43:00,0.9999308060377918,1,First Class,Oceania,Pacific Asia,Australia,Tasmania
alert_32486,75154,2018-01-04 01:26:00,0.9999308060377918,1,First Class,Oceania,Pacific Asia,Australia,Tasmania
alert_577,58047,2017-04-29 08:05:00,0.9999307997946525,1,First Class,Central America,LATAM,Nicaragua,Masaya
alert_5201,59961,2017-05-27 06:39:00,0.9999307997946525,1,First Class,Central America,LATAM,Nicaragua,Managua
alert_4627,59697,2017-05-23 10:10:00,0.9999307997946525,1,First Class,Central America,LATAM,Nicaragua,Managua
alert_5466,60059,2017-05-28 16:59:00,0.9999307997946525,1,First Class,Central America,LATAM,Nicaragua,Managua
alert_5469,60059,2017-05-28 16:59:00,0.9999307997946525,1,First Class,Central America,LATAM,Nicaragua,Managua
alert_4633,59699,2017-05-23 10:52:00,0.9999307997946525,1,First Class,Central America,LATAM,Nicaragua,Managua
alert_4631,59699,2017-05-23 10:52:00,0.9999307997946525,1,First Class,Central America,LATAM,Nicaragua,Managua
alert_4630,59698,2017-05-23 10:31:00,0.9999307997946525,1,First Class,Central America,LATAM,Nicaragua,Managua
alert_4629,59698,2017-05-23 10:31:00,0.9999307997946525,1,First Class,Central America,LATAM,Nicaragua,Managua
alert_303,57922,2017-04-27 12:18:00,0.9999307997946525,1,First Class,Central America,LATAM,Nicaragua,Managua
alert_580,58047,2017-04-29 08:05:00,0.9999307997946525,1,First Class,Central America,LATAM,Nicaragua,Masaya
alert_579,58047,2017-04-29 08:05:00,0.9999307997946525,1,First Class,Central America,LATAM,Nicaragua,Masaya
alert_5470,60059,2017-05-28 16:59:00,0.9999307997946525,1,First Class,Central America,LATAM,Nicaragua,Managua
alert_200,57876,2017-04-26 20:11:00,0.9999307997946525,1,First Class,Central America,LATAM,Nicaragua,Managua
alert_205,57877,2017-04-26 20:32:00,0.9999307997946525,1,First Class,Central America,LATAM,Nicaragua,Managua
alert_203,57876,2017-04-26 20:11:00,0.9999307997946525,1,First Class,Central America,LATAM,Nicaragua,Managua
alert_201,57876,2017-04-26 20:11:00,0.9999307997946525,1,First Class,Central America,LATAM,Nicaragua,Managua
alert_5087,59919,2017-05-26 15:56:00,0.9999307997946525,1,First Class,Central America,LATAM,Nicaragua,León
alert_5085,59919,2017-05-26 15:56:00,0.9999307997946525,1,First Class,Central America,LATAM,Nicaragua,León
alert_5205,59961,2017-05-27 06:39:00,0.9999307997946525,1,First Class,Central America,LATAM,Nicaragua,Managua
alert_30057,72616,2017-11-28 00:16:00,0.9999307997946525,1,First Class,South Asia,Pacific Asia,Pakistán,Punyab
alert_30058,72617,2017-11-28 00:37:00,0.9999307997946525,1,First Class,South Asia,Pacific Asia,Pakistán,Punyab
alert_4891,59809,2017-05-25 01:24:00,0.9999307997946525,1,First Class,Central America,LATAM,Nicaragua,Masaya
alert_5204,59961,2017-05-27 06:39:00,0.9999307997946525,1,First Class,Central America,LATAM,Nicaragua,Managua
alert_5203,59961,2017-05-27 06:39:00,0.9999307997946525,1,First Class,Central America,LATAM,Nicaragua,Managua
alert_4625,59697,2017-05-23 10:10:00,0.9999307997946525,1,First Class,Central America,LATAM,Nicaragua,Managua
alert_4624,59697,2017-05-23 10:10:00,0.9999307997946525,1,First Class,Central America,LATAM,Nicaragua,Managua
alert_4887,59808,2017-05-25 01:03:00,0.9999307997946525,1,First Class,Central America,LATAM,Nicaragua,Matagalpa
alert_4889,59808,2017-05-25 01:03:00,0.9999307997946525,1,First Class,Central America,LATAM,Nicaragua,Matagalpa
alert_5202,59961,2017-05-27 06:39:00,0.9999307997946525,1,First Class,Central America,LATAM,Nicaragua,Managua
alert_5089,59919,2017-05-26 15:56:00,0.9999307997946525,1,First Class,Central America,LATAM,Nicaragua,León
alert_5088,59919,2017-05-26 15:56:00,0.9999307997946525,1,First Class,Central America,LATAM,Nicaragua,León
alert_199,57876,2017-04-26 20:11:00,0.9999307997946525,1,First Class,Central America,LATAM,Nicaragua,Managua
alert_20215,66342,2017-08-28 10:12:00,0.9999307993237033,1,First Class,Northern Europe,Europe,Reino Unido,Inglaterra
alert_20399,66408,2017-08-29 09:19:00,0.9999307993237033,1,First Class,Northern Europe,Europe,Reino Unido,Inglaterra
alert_10537,62251,2017-06-29 16:56:00,0.9999307935729275,1,First Class,Southern Europe,Europe,Portugal,Porto
alert_10538,62251,2017-06-29 16:56:00,0.9999307935729275,1,First Class,Southern Europe,Europe,Portugal,Porto
alert_10525,62250,2017-06-29 16:35:00,0.9999307935729275,1,First Class,Southern Europe,Europe,Portugal,Porto
alert_10526,62250,2017-06-29 16:35:00,0.9999307935729275,1,First Class,Southern Europe,Europe,Portugal,Porto
alert_25260,68404,2017-09-27 12:37:00,0.9999307935729275,1,First Class,Southern Europe,Europe,Portugal,Porto
alert_24306,68043,2017-09-22 06:08:00,0.9999307718759962,1,First Class,Western Europe,Europe,Alemania,Renania del Norte-Westfalia
alert_24307,68043,2017-09-22 06:08:00,0.9999307718759962,1,First Class,Western Europe,Europe,Alemania,Renania del Norte-Westfalia
alert_24303,68043,2017-09-22 06:08:00,0.9999307718759962,1,First Class,Western Europe,Europe,Alemania,Renania del Norte-Westfalia
alert_24304,68043,2017-09-22 06:08:00,0.9999307718759962,1,First Class,Western Europe,Europe,Alemania,Renania del Norte-Westfalia
alert_9270,61725,2017-06-22 00:39:00,0.9999307718759962,1,First Class,Western Europe,Europe,Alemania,Renania del Norte-Westfalia
alert_20509,66445,2017-08-29 22:17:00,0.9999307700649624,1,First Class,Western Europe,Europe,Francia,Isla de Francia
alert_25286,68409,2017-09-27 14:22:00,0.9999307686971447,1,First Class,Southern Europe,Europe,Italia,Calabria
alert_25279,68408,2017-09-27 14:01:00,0.9999307686971447,1,First Class,Southern Europe,Europe,Italia,Calabria
alert_25436,68476,2017-09-28 13:50:00,0.9999307686971447,1,First Class,Southern Europe,Europe,España,Andalucía
alert_25283,68409,2017-09-27 14:22:00,0.9999307686971447,1,First Class,Southern Europe,Europe,Italia,Calabria
alert_27971,70428,2017-10-27 01:42:00,0.9999307686971447,1,First Class,Southern Europe,Europe,España,Andalucía
alert_25433,68476,2017-09-28 13:50:00,0.9999307686971447,1,First Class,Southern Europe,Europe,España,Andalucía
alert_25435,68476,2017-09-28 13:50:00,0.9999307686971447,1,First Class,Southern Europe,Europe,España,Andalucía
alert_27970,70427,2017-10-27 01:21:00,0.9999307686971447,1,First Class,Southern Europe,Europe,España,Andalucía
alert_25281,68408,2017-09-27 14:01:00,0.9999307686971447,1,First Class,Southern Europe,Europe,Italia,Calabria
alert_25432,68476,2017-09-28 13:50:00,0.9999307686971447,1,First Class,Southern Europe,Europe,España,Andalucía
alert_26730,69132,2017-10-08 03:40:00,0.9999307592283353,1,First Class,Western Europe,Europe,Alemania,Bavaria
alert_26729,69131,2017-10-08 03:19:00,0.9999307592283353,1,First Class,Western Europe,Europe,Alemania,Bavaria
alert_4864,59796,2017-05-24 20:51:00,0.9999307379705933,1,First Class,South America,LATAM,Brasil,Bahía
alert_4869,59797,2017-05-24 21:12:00,0.9999307379705933,1,First Class,South America,LATAM,Brasil,Bahía
alert_4858,59795,2017-05-24 20:30:00,0.9999307379705933,1,First Class,South America,LATAM,Brasil,Bahía
alert_4865,59796,2017-05-24 20:51:00,0.9999307379705933,1,First Class,South America,LATAM,Brasil,Bahía
alert_4870,59797,2017-05-24 21:12:00,0.9999307379705933,1,First Class,South America,LATAM,Brasil,Bahía
alert_4866,59796,2017-05-24 20:51:00,0.9999307379705933,1,First Class,South America,LATAM,Brasil,Bahía
alert_4867,59796,2017-05-24 20:51:00,0.9999307379705933,1,First Class,South America,LATAM,Brasil,Bahía
alert_13317,63415,2017-07-16 16:44:00,0.9999307369993446,1,First Class,Southern Europe,Europe,Italia,Campania
alert_13313,63414,2017-07-16 16:23:00,0.9999307369993446,1,First Class,Southern Europe,Europe,Italia,Campania
alert_13315,63415,2017-07-16 16:44:00,0.9999307369993446,1,First Class,Southern Europe,Europe,Italia,Campania
alert_13312,63414,2017-07-16 16:23:00,0.9999307369993446,1,First Class,Southern Europe,Europe,Italia,Campania
alert_13316,63415,2017-07-16 16:44:00,0.9999307369993446,1,First Class,Southern Europe,Europe,Italia,Campania
alert_13314,63415,2017-07-16 16:44:00,0.9999307369993446,1,First Class,Southern Europe,Europe,Italia,Campania
alert_24969,68302,2017-09-26 00:52:00,0.9999307306653111,1,First Class,Northern Europe,Europe,Reino Unido,Inglaterra
alert_24958,68299,2017-09-25 23:49:00,0.9999307306653111,1,First Class,Northern Europe,Europe,Reino Unido,Inglaterra
alert_25011,68319,2017-09-26 06:50:00,0.9999307306653111,1,First Class,Northern Europe,Europe,Reino Unido,Inglaterra
alert_25016,68319,2017-09-26 06:50:00,0.9999307306653111,1,First Class,Northern Europe,Europe,Reino Unido,Inglaterra
alert_24970,68302,2017-09-26 00:52:00,0.9999307306653111,1,First Class,Northern Europe,Europe,Reino Unido,Inglaterra
alert_25012,68319,2017-09-26 06:50:00,0.9999307306653111,1,First Class,Northern Europe,Europe,Reino Unido,Inglaterra
alert_24898,68266,2017-09-25 12:16:00,0.9999307306653111,1,First Class,Northern Europe,Europe,Reino Unido,Inglaterra
alert_24899,68266,2017-09-25 12:16:00,0.9999307306653111,1,First Class,Northern Europe,Europe,Reino Unido,Inglaterra
alert_14644,63973,2017-07-24 20:14:00,0.9999307306653111,1,First Class,Northern Europe,Europe,Reino Unido,Inglaterra
alert_32408,75081,2018-01-02 23:52:00,0.999930725799418,1,First Class,Eastern Asia,Pacific Asia,China,Hebei
alert_14432,63890,2017-07-23 15:09:00,0.9999307187718394,1,First Class,Northern Europe,Europe,Reino Unido,Inglaterra
alert_17364,65143,2017-08-10 22:08:00,0.9999307121301834,1,First Class,Southern Europe,Europe,Italia,Piamonte
alert_11405,62645,2017-07-05 10:59:00,0.9999307121301834,1,First Class,Southern Europe,Europe,Italia,Lombardía
alert_17362,65143,2017-08-10 22:08:00,0.9999307121301834,1,First Class,Southern Europe,Europe,Italia,Piamonte
alert_11404,62645,2017-07-05 10:59:00,0.9999307121301834,1,First Class,Southern Europe,Europe,Italia,Lombardía
alert_25591,68550,2017-09-29 15:46:00,0.9999307085898212,1,First Class,Western Europe,Europe,Francia,Isla de Francia
alert_15014,64118,2017-07-26 23:02:00,0.9999307085898212,1,First Class,Western Europe,Europe,Francia,Isla de Francia
alert_15012,64118,2017-07-26 23:02:00,0.9999307085898212,1,First Class,Western Europe,Europe,Francia,Isla de Francia
alert_15193,64189,2017-07-27 23:54:00,0.9999307085898212,1,First Class,Western Europe,Europe,Francia,Isla de Francia
alert_15195,64190,2017-07-28 00:15:00,0.9999307085898212,1,First Class,Western Europe,Europe,Francia,Isla de Francia
alert_9465,61804,2017-06-23 04:20:00,0.9999307085898212,1,First Class,Western Europe,Europe,Francia,Isla de Francia
alert_9470,61804,2017-06-23 04:20:00,0.9999307085898212,1,First Class,Western Europe,Europe,Francia,Isla de Francia
alert_9466,61804,2017-06-23 04:20:00,0.9999307085898212,1,First Class,Western Europe,Europe,Francia,Isla de Francia
alert_9467,61804,2017-06-23 04:20:00,0.9999307085898212,1,First Class,Western Europe,Europe,Francia,Isla de Francia
alert_9473,61804,2017-06-23 04:20:00,0.9999307085898212,1,First Class,Western Europe,Europe,Francia,Isla de Francia
alert_9479,61805,2017-06-23 04:41:00,0.9999307085898212,1,First Class,Western Europe,Europe,Francia,Isla de Francia
alert_9482,61806,2017-06-23 05:02:00,0.9999307085898212,1,First Class,Western Europe,Europe,Francia,Isla de Francia
alert_9483,61806,2017-06-23 05:02:00,0.9999307085898212,1,First Class,Western Europe,Europe,Francia,Isla de Francia
alert_19940,66224,2017-08-26 16:52:00,0.9999307085898212,1,First Class,Western Europe,Europe,Francia,Isla de Francia
alert_9586,61856,2017-06-23 22:33:00,0.9999307085898212,1,First Class,Western Europe,Europe,Francia,Isla de Francia
alert_9588,61857,2017-06-23 22:54:00,0.9999307085898212,1,First Class,Western Europe,Europe,Francia,Isla de Francia
alert_9589,61858,2017-06-23 23:15:00,0.9999307085898212,1,First Class,Western Europe,Europe,Francia,Isla de Francia
alert_19766,66144,2017-08-25 12:50:00,0.9999307085898212,1,First Class,Western Europe,Europe,Alemania,Hamburgo
alert_19941,66224,2017-08-26 16:52:00,0.9999307085898212,1,First Class,Western Europe,Europe,Francia,Isla de Francia
alert_19939,66224,2017-08-26 16:52:00,0.9999307085898212,1,First Class,Western Europe,Europe,Francia,Isla de Francia
alert_9480,61805,2017-06-23 04:41:00,0.9999307085898212,1,First Class,Western Europe,Europe,Francia,Isla de Francia
alert_15013,64118,2017-07-26 23:02:00,0.9999307085898212,1,First Class,Western Europe,Europe,Francia,Isla de Francia
alert_15194,64189,2017-07-27 23:54:00,0.9999307085898212,1,First Class,Western Europe,Europe,Francia,Isla de Francia
alert_27935,70389,2017-10-26 12:03:00,0.9999307085898212,1,First Class,Western Europe,Europe,Alemania,Hamburgo
alert_9593,61858,2017-06-23 23:15:00,0.9999307085898212,1,First Class,Western Europe,Europe,Francia,Isla de Francia
alert_9590,61858,2017-06-23 23:15:00,0.9999307085898212,1,First Class,Western Europe,Europe,Francia,Isla de Francia
alert_9592,61858,2017-06-23 23:15:00,0.9999307085898212,1,First Class,Western Europe,Europe,Francia,Isla de Francia
alert_9585,61856,2017-06-23 22:33:00,0.9999307085898212,1,First Class,Western Europe,Europe,Francia,Isla de Francia
alert_9584,61856,2017-06-23 22:33:00,0.9999307085898212,1,First Class,Western Europe,Europe,Francia,Isla de Francia
alert_9591,61858,2017-06-23 23:15:00,0.9999307085898212,1,First Class,Western Europe,Europe,Francia,Isla de Francia
alert_14443,63893,2017-07-23 16:12:00,0.9999307085898212,1,First Class,Western Europe,Europe,Alemania,Hesse
alert_14231,63817,2017-07-22 13:35:00,0.9999307085898212,1,First Class,Western Europe,Europe,Alemania,Hamburgo
alert_19898,66200,2017-08-26 08:27:00,0.9999307085898212,1,First Class,Western Europe,Europe,Francia,Isla de Francia
alert_14232,63818,2017-07-22 13:56:00,0.9999307085898212,1,First Class,Western Europe,Europe,Alemania,Hamburgo
alert_19897,66200,2017-08-26 08:27:00,0.9999307085898212,1,First Class,Western Europe,Europe,Francia,Isla de Francia
alert_19296,65937,2017-08-22 12:19:00,0.9999307053163596,1,First Class,Western Europe,Europe,Alemania,Sajonia-Anhalt
alert_21607,66902,2017-09-05 14:24:00,0.9999307023523655,1,First Class,Southern Europe,Europe,Italia,Toscana
alert_4358,59577,2017-05-21 16:07:00,0.9999307018762509,1,First Class,South America,LATAM,Perú,Puno
alert_4357,59577,2017-05-21 16:07:00,0.9999307018762509,1,First Class,South America,LATAM,Perú,Puno
alert_4359,59577,2017-05-21 16:07:00,0.9999307018762509,1,First Class,South America,LATAM,Perú,Puno
alert_4360,59577,2017-05-21 16:07:00,0.9999307018762509,1,First Class,South America,LATAM,Perú,Puno
alert_16909,64950,2017-08-08 02:31:00,0.9999306978472318,1,First Class,Western Europe,Europe,Suiza,Zúrich
alert_29643,72189,2017-11-21 18:40:00,0.9999306968874984,1,First Class,Southeast Asia,Pacific Asia,Tailandia,Bangkok
alert_29640,72185,2017-11-21 17:16:00,0.9999306968874984,1,First Class,Southeast Asia,Pacific Asia,Tailandia,Bangkok
alert_28892,71390,2017-11-10 02:44:00,0.9999306888371882,1,First Class,Western Europe,Europe,Austria,Tirol
alert_13113,63332,2017-07-15 11:40:00,0.9999306888371882,1,First Class,Western Europe,Europe,Alemania,Sajonia
alert_22812,67409,2017-09-13 00:01:00,0.9999306888371882,1,First Class,Western Europe,Europe,Austria,Tirol
alert_22810,67409,2017-09-13 00:01:00,0.9999306888371882,1,First Class,Western Europe,Europe,Austria,Tirol
alert_22811,67409,2017-09-13 00:01:00,0.9999306888371882,1,First Class,Western Europe,Europe,Austria,Tirol
alert_28895,71393,2017-11-10 03:47:00,0.9999306888371882,1,First Class,Western Europe,Europe,Austria,Tirol
alert_13115,63332,2017-07-15 11:40:00,0.9999306888371882,1,First Class,Western Europe,Europe,Alemania,Sajonia
alert_13112,63332,2017-07-15 11:40:00,0.9999306888371882,1,First Class,Western Europe,Europe,Alemania,Sajonia
alert_24994,68314,2017-09-26 05:05:00,0.9999306869495705,1,First Class,Southern Europe,Europe,Italia,Lombardía
alert_14973,64093,2017-07-26 14:16:00,0.9999306869495705,1,First Class,Southern Europe,Europe,España,Madrid
alert_24996,68314,2017-09-26 05:05:00,0.9999306869495705,1,First Class,Southern Europe,Europe,Italia,Lombardía
alert_25438,68477,2017-09-28 14:11:00,0.9999306869495705,1,First Class,Southern Europe,Europe,España,Madrid
alert_24652,68173,2017-09-24 03:41:00,0.9999306869495705,1,First Class,Southern Europe,Europe,España,País Vasco
alert_14970,64093,2017-07-26 14:16:00,0.9999306869495705,1,First Class,Southern Europe,Europe,España,Madrid
alert_14972,64093,2017-07-26 14:16:00,0.9999306869495705,1,First Class,Southern Europe,Europe,España,Madrid
alert_14969,64092,2017-07-26 13:55:00,0.9999306869495705,1,First Class,Southern Europe,Europe,España,Madrid
alert_25437,68477,2017-09-28 14:11:00,0.9999306869495705,1,First Class,Southern Europe,Europe,España,Madrid
alert_15072,64146,2017-07-27 08:51:00,0.9999306789440906,1,First Class,Western Europe,Europe,Francia,Isla de Francia
alert_15070,64146,2017-07-27 08:51:00,0.9999306789440906,1,First Class,Western Europe,Europe,Francia,Isla de Francia
alert_4384,59587,2017-05-21 19:37:00,0.9999306782655183,1,First Class,Central America,LATAM,Guatemala,Guatemala
alert_7734,61025,2017-06-11 19:25:00,0.9999306745418303,1,First Class,Central America,LATAM,México,Distrito Federal
alert_7735,61025,2017-06-11 19:25:00,0.9999306745418303,1,First Class,Central America,LATAM,México,Distrito Federal
alert_4535,59652,2017-05-22 18:24:00,0.9999306730648869,1,First Class,South America,LATAM,Brasil,Minas Gerais
alert_4534,59652,2017-05-22 18:24:00,0.9999306730648869,1,First Class,South America,LATAM,Brasil,Minas Gerais
alert_4532,59652,2017-05-22 18:24:00,0.9999306730648869,1,First Class,South America,LATAM,Brasil,Minas Gerais
alert_30053,72612,2017-11-27 22:52:00,0.9999306730648869,1,First Class,South Asia,Pacific Asia,India,Punyab
alert_4533,59652,2017-05-22 18:24:00,0.9999306730648869,1,First Class,South America,LATAM,Brasil,Minas Gerais
alert_4536,59652,2017-05-22 18:24:00,0.9999306730648869,1,First Class,South America,LATAM,Brasil,Minas Gerais
alert_30050,72610,2017-11-27 22:10:00,0.9999306730648869,1,First Class,South Asia,Pacific Asia,India,Punyab
alert_14514,63923,2017-07-24 02:43:00,0.9999306668317685,1,First Class,Southern Europe,Europe,Italia,Lacio
alert_4063,59446,2017-05-19 18:13:00,0.9999306666580278,1,First Class,Central America,LATAM,México,Colima
alert_21499,66862,2017-09-05 00:23:00,0.9999306654985632,1,First Class,Western Europe,Europe,Alemania,Schleswig-Holstein
alert_19217,65909,2017-08-22 02:30:00,0.9999306622662448,1,First Class,Western Europe,Europe,Francia,Normandía
alert_29652,72196,2017-11-21 21:07:00,0.999930660570811,1,First Class,Southeast Asia,Pacific Asia,Filipinas,Capital Nacional
alert_15157,64172,2017-07-27 17:57:00,0.9999306552579916,1,First Class,Western Europe,Europe,Países Bajos,Brabante Septentrional
alert_14436,63890,2017-07-23 15:09:00,0.9999306530222968,1,First Class,Northern Europe,Europe,Reino Unido,Inglaterra
alert_14435,63890,2017-07-23 15:09:00,0.9999306530222968,1,First Class,Northern Europe,Europe,Reino Unido,Inglaterra
alert_14433,63890,2017-07-23 15:09:00,0.9999306530222968,1,First Class,Northern Europe,Europe,Reino Unido,Inglaterra
alert_14423,63889,2017-07-23 14:48:00,0.9999306530222968,1,First Class,Northern Europe,Europe,Reino Unido,Inglaterra
alert_18207,65466,2017-08-15 15:18:00,0.9999306471212208,1,First Class,Southern Europe,Europe,España,Madrid
alert_21603,66901,2017-09-05 14:02:00,0.9999306471212208,1,First Class,Southern Europe,Europe,Italia,Lacio
alert_18199,65464,2017-08-15 14:36:00,0.9999306471212208,1,First Class,Southern Europe,Europe,España,Madrid
alert_18211,65466,2017-08-15 15:18:00,0.9999306471212208,1,First Class,Southern Europe,Europe,España,Madrid
alert_18209,65466,2017-08-15 15:18:00,0.9999306471212208,1,First Class,Southern Europe,Europe,España,Madrid
alert_18210,65466,2017-08-15 15:18:00,0.9999306471212208,1,First Class,Southern Europe,Europe,España,Madrid
alert_18196,65464,2017-08-15 14:36:00,0.9999306471212208,1,First Class,Southern Europe,Europe,España,Madrid
alert_33224,75922,2018-01-15 06:30:00,0.9999306332285596,1,First Class,South Asia,Pacific Asia,India,Madhya Pradesh
alert_33225,75923,2018-01-15 06:51:00,0.9999306332285596,1,First Class,South Asia,Pacific Asia,India,Madhya Pradesh
alert_3306,59141,2017-05-15 07:22:00,0.9999306332285596,1,First Class,Central America,LATAM,Nicaragua,León
alert_29114,71635,2017-11-13 16:34:00,0.9999306332285596,1,First Class,Oceania,Pacific Asia,Australia,Queensland
alert_29111,71634,2017-11-13 16:13:00,0.9999306332285596,1,First Class,Oceania,Pacific Asia,Australia,Queensland
alert_32800,75464,2018-01-08 14:03:00,0.9999306332285596,1,First Class,South Asia,Pacific Asia,India,Maharashtra
alert_28510,70974,2017-11-04 01:00:00,0.9999306282293785,1,First Class,Western Europe,Europe,Francia,Isla de Francia
alert_12374,63014,2017-07-10 20:15:00,0.9999306257536135,1,First Class,Western Europe,Europe,Francia,Provenza-Alpes-Costa Azul
alert_24914,68283,2017-09-25 18:13:00,0.9999306064489923,1,First Class,Southern Europe,Europe,Portugal,Porto
alert_24915,68283,2017-09-25 18:13:00,0.9999306064489923,1,First Class,Southern Europe,Europe,Portugal,Porto
alert_24912,68283,2017-09-25 18:13:00,0.9999306064489923,1,First Class,Southern Europe,Europe,Portugal,Porto
alert_24916,68283,2017-09-25 18:13:00,0.9999306064489923,1,First Class,Southern Europe,Europe,Portugal,Porto
alert_24913,68283,2017-09-25 18:13:00,0.9999306064489923,1,First Class,Southern Europe,Europe,Portugal,Porto
alert_23050,67509,2017-09-14 11:03:00,0.9999306028130968,1,First Class,Western Europe,Europe,Francia,Languedoc-Rosellón-Mediodía-Pirineos
alert_15427,64300,2017-07-29 14:48:00,0.999930589448177,1,First Class,Western Europe,Europe,Países Bajos,Brabante Septentrional
alert_15156,64172,2017-07-27 17:57:00,0.999930589448177,1,First Class,Western Europe,Europe,Países Bajos,Brabante Septentrional
alert_396,57959,2017-04-28 01:16:00,0.9999305828768316,1,First Class,Central America,LATAM,Honduras,Francisco Morazán
alert_5210,59964,2017-05-27 07:42:00,0.9999305828768316,1,First Class,Central America,LATAM,Guatemala,Guatemala
alert_16089,64592,2017-08-02 21:06:00,0.9999305805937203,1,First Class,Western Europe,Europe,Francia,Provenza-Alpes-Costa Azul
alert_16090,64592,2017-08-02 21:06:00,0.9999305805937203,1,First Class,Western Europe,Europe,Francia,Provenza-Alpes-Costa Azul
alert_16091,64592,2017-08-02 21:06:00,0.9999305805937203,1,First Class,Western Europe,Europe,Francia,Provenza-Alpes-Costa Azul
alert_31969,74611,2017-12-27 03:12:00,0.9999305737068314,1,First Class,Eastern Asia,Pacific Asia,China,Sichuan
alert_4049,59445,2017-05-19 17:52:00,0.9999305612758665,1,First Class,Central America,LATAM,México,Colima
alert_4051,59445,2017-05-19 17:52:00,0.9999305612758665,1,First Class,Central America,LATAM,México,Colima
alert_4048,59445,2017-05-19 17:52:00,0.9999305612758665,1,First Class,Central America,LATAM,México,Colima
alert_8596,61396,2017-06-17 05:24:00,0.9999305612758665,1,First Class,South America,LATAM,Brasil,Ceará
alert_8595,61396,2017-06-17 05:24:00,0.9999305612758665,1,First Class,South America,LATAM,Brasil,Ceará
alert_3854,59375,2017-05-18 17:21:00,0.9999305612758665,1,First Class,Central America,LATAM,México,Guanajuato
alert_4062,59446,2017-05-19 18:13:00,0.9999305612758665,1,First Class,Central America,LATAM,México,Colima
alert_4050,59445,2017-05-19 17:52:00,0.9999305612758665,1,First Class,Central America,LATAM,México,Colima
alert_3901,59393,2017-05-18 23:39:00,0.9999305612758665,1,First Class,Central America,LATAM,Honduras,Cortés
alert_23953,67871,2017-09-19 17:53:00,0.999930550740667,1,First Class,Northern Europe,Europe,Reino Unido,Inglaterra
alert_23955,67871,2017-09-19 17:53:00,0.999930550740667,1,First Class,Northern Europe,Europe,Reino Unido,Inglaterra
alert_3320,59149,2017-05-15 10:10:00,0.9999305488371896,1,First Class,Central America,LATAM,México,México
alert_15567,64350,2017-07-30 08:19:00,0.9999305463447705,1,First Class,Western Europe,Europe,Francia,Aquitania-Lemosín-Poitou-Charentes
alert_4118,59467,2017-05-20 01:35:00,0.9999305346663971,1,First Class,Caribbean,LATAM,Martinica,Martinica
alert_4287,59543,2017-05-21 04:12:00,0.9999305346663971,1,First Class,Central America,LATAM,Nicaragua,Managua
alert_4119,59467,2017-05-20 01:35:00,0.9999305346663971,1,First Class,Caribbean,LATAM,Martinica,Martinica
alert_4286,59543,2017-05-21 04:12:00,0.9999305346663971,1,First Class,Central America,LATAM,Nicaragua,Managua
alert_24129,67952,2017-09-20 22:15:00,0.9999305284208363,1,First Class,Southern Europe,Europe,Italia,Lacio
alert_24127,67951,2017-09-20 21:54:00,0.9999305284208363,1,First Class,Southern Europe,Europe,Italia,Lacio
alert_24124,67951,2017-09-20 21:54:00,0.9999305284208363,1,First Class,Southern Europe,Europe,Italia,Lacio
alert_30042,72601,2017-11-27 19:00:00,0.9999305266987741,1,First Class,Eastern Asia,Pacific Asia,China,Guangdong
alert_30040,72600,2017-11-27 18:39:00,0.9999305266987741,1,First Class,Eastern Asia,Pacific Asia,China,Guangdong
alert_30103,72663,2017-11-28 16:44:00,0.9999305266987741,1,First Class,Eastern Asia,Pacific Asia,China,Guangdong
alert_9416,61788,2017-06-22 22:44:00,0.9999304882562601,1,First Class,Southern Europe,Europe,España,País Vasco
alert_9417,61788,2017-06-22 22:44:00,0.9999304882562601,1,First Class,Southern Europe,Europe,España,País Vasco
alert_31595,74206,2017-12-21 05:19:00,0.9999304851041568,1,First Class,Southeast Asia,Pacific Asia,Indonesia,Yakarta
alert_23957,67871,2017-09-19 17:53:00,0.99993048483167,1,First Class,Northern Europe,Europe,Reino Unido,Inglaterra
alert_23956,67871,2017-09-19 17:53:00,0.99993048483167,1,First Class,Northern Europe,Europe,Reino Unido,Inglaterra
alert_10867,62399,2017-07-01 20:47:00,0.9999304831685125,1,First Class,Western Europe,Europe,Francia,Países del Loira
alert_19608,66069,2017-08-24 10:33:00,0.9999304825103557,1,First Class,Western Europe,Europe,Francia,Auvernia-Ródano-Alpes
alert_9757,61936,2017-06-25 02:35:00,0.9999304792765715,1,First Class,Western Europe,Europe,Francia,Bretaña
alert_9758,61936,2017-06-25 02:35:00,0.9999304792765715,1,First Class,Western Europe,Europe,Francia,Bretaña
alert_19414,65985,2017-08-23 05:08:00,0.9999304792765715,1,First Class,Western Europe,Europe,Alemania,Baden-Wurtemberg
alert_15389,64282,2017-07-29 08:29:00,0.9999304792765715,1,First Class,Western Europe,Europe,Alemania,Bavaria
alert_15392,64282,2017-07-29 08:29:00,0.9999304792765715,1,First Class,Western Europe,Europe,Alemania,Bavaria
alert_24587,68152,2017-09-23 20:19:00,0.9999304792765715,1,First Class,Western Europe,Europe,Alemania,Bavaria
alert_24586,68152,2017-09-23 20:19:00,0.9999304792765715,1,First Class,Western Europe,Europe,Alemania,Bavaria
alert_15391,64282,2017-07-29 08:29:00,0.9999304792765715,1,First Class,Western Europe,Europe,Alemania,Bavaria
alert_15390,64282,2017-07-29 08:29:00,0.9999304792765715,1,First Class,Western Europe,Europe,Alemania,Bavaria
alert_20262,66356,2017-08-28 15:06:00,0.9999304688284008,1,First Class,Western Europe,Europe,Alemania,Baden-Wurtemberg
alert_29117,71637,2017-11-13 17:16:00,0.9999304596013295,1,First Class,Southeast Asia,Pacific Asia,Malasia,Kuala Lumpur
alert_949,58182,2017-05-01 07:23:00,0.9999304584896906,1,First Class,Central America,LATAM,México,Distrito Federal
alert_938,58179,2017-05-01 06:20:00,0.9999304584896906,1,First Class,Central America,LATAM,México,Distrito Federal
alert_936,58179,2017-05-01 06:20:00,0.9999304584896906,1,First Class,Central America,LATAM,México,Distrito Federal
alert_934,58179,2017-05-01 06:20:00,0.9999304584896906,1,First Class,Central America,LATAM,México,Distrito Federal
alert_935,58179,2017-05-01 06:20:00,0.9999304584896906,1,First Class,Central America,LATAM,México,Distrito Federal
alert_948,58182,2017-05-01 07:23:00,0.9999304584896906,1,First Class,Central America,LATAM,México,Distrito Federal
alert_31776,74400,2017-12-24 01:17:00,0.9999304555747821,1,First Class,South Asia,Pacific Asia,Bangladés,Khulna
alert_31760,74382,2017-12-23 18:58:00,0.9999304555747821,1,First Class,Eastern Asia,Pacific Asia,China,Jiangsu
alert_22483,67273,2017-09-11 00:22:00,0.9999304501912465,1,First Class,Western Europe,Europe,Alemania,Hesse
alert_16794,64903,2017-08-07 10:03:00,0.9999304501912465,1,First Class,Western Europe,Europe,Alemania,Baden-Wurtemberg
alert_22484,67273,2017-09-11 00:22:00,0.9999304501912465,1,First Class,Western Europe,Europe,Alemania,Hesse
alert_26820,69214,2017-10-09 08:23:00,0.9999304447047798,1,First Class,Northern Europe,Europe,Reino Unido,Gales
alert_3290,59138,2017-05-15 06:19:00,0.9999304447047798,1,First Class,South America,LATAM,Colombia,Boyacá
alert_3296,59139,2017-05-15 06:40:00,0.9999304447047798,1,First Class,South America,LATAM,Colombia,Boyacá
alert_26819,69213,2017-10-09 08:02:00,0.9999304447047798,1,First Class,Northern Europe,Europe,Reino Unido,Gales
alert_13311,63413,2017-07-16 16:02:00,0.9999304441593524,1,First Class,Southern Europe,Europe,Italia,Campania
alert_13309,63413,2017-07-16 16:02:00,0.9999304441593524,1,First Class,Southern Europe,Europe,Italia,Campania
alert_13310,63413,2017-07-16 16:02:00,0.9999304441593524,1,First Class,Southern Europe,Europe,Italia,Campania
alert_25400,68457,2017-09-28 07:11:00,0.9999304377503238,1,First Class,Western Europe,Europe,Alemania,Mecklemburgo-Pomerania Occidental
alert_25399,68457,2017-09-28 07:11:00,0.9999304377503238,1,First Class,Western Europe,Europe,Alemania,Mecklemburgo-Pomerania Occidental
alert_5059,59895,2017-05-26 07:32:00,0.9999304325545488,1,First Class,Caribbean,LATAM,Cuba,Santiago de Cuba
alert_183,57874,2017-04-26 19:29:00,0.9999304325545488,1,First Class,Caribbean,LATAM,Cuba,Santiago de Cuba
alert_182,57874,2017-04-26 19:29:00,0.9999304325545488,1,First Class,Caribbean,LATAM,Cuba,Santiago de Cuba
alert_5061,59895,2017-05-26 07:32:00,0.9999304325545488,1,First Class,Caribbean,LATAM,Cuba,Santiago de Cuba
alert_4792,59779,2017-05-24 14:53:00,0.9999304325545488,1,First Class,Caribbean,LATAM,Cuba,Villa Clara
alert_4788,59779,2017-05-24 14:53:00,0.9999304325545488,1,First Class,Caribbean,LATAM,Cuba,Villa Clara
alert_4791,59779,2017-05-24 14:53:00,0.9999304325545488,1,First Class,Caribbean,LATAM,Cuba,Villa Clara
alert_4790,59779,2017-05-24 14:53:00,0.9999304325545488,1,First Class,Caribbean,LATAM,Cuba,Villa Clara
alert_5454,60055,2017-05-28 15:35:00,0.9999304325545488,1,First Class,Central America,LATAM,El Salvador,San Salvador
alert_5455,60055,2017-05-28 15:35:00,0.9999304325545488,1,First Class,Central America,LATAM,El Salvador,San Salvador
alert_5456,60055,2017-05-28 15:35:00,0.9999304325545488,1,First Class,Central America,LATAM,El Salvador,San Salvador
alert_5457,60055,2017-05-28 15:35:00,0.9999304325545488,1,First Class,Central America,LATAM,El Salvador,San Salvador
alert_4789,59779,2017-05-24 14:53:00,0.9999304325545488,1,First Class,Caribbean,LATAM,Cuba,Villa Clara
alert_474,58002,2017-04-28 16:20:00,0.9999304325545488,1,First Class,Central America,LATAM,El Salvador,San Salvador
alert_473,58002,2017-04-28 16:20:00,0.9999304325545488,1,First Class,Central America,LATAM,El Salvador,San Salvador
alert_29,57800,2017-04-25 17:33:00,0.9999304325545488,1,First Class,Central America,LATAM,El Salvador,San Salvador
alert_30,57800,2017-04-25 17:33:00,0.9999304325545488,1,First Class,Central America,LATAM,El Salvador,San Salvador
alert_180,57874,2017-04-26 19:29:00,0.9999304325545488,1,First Class,Caribbean,LATAM,Cuba,Santiago de Cuba
alert_179,57874,2017-04-26 19:29:00,0.9999304325545488,1,First Class,Caribbean,LATAM,Cuba,Santiago de Cuba
alert_181,57874,2017-04-26 19:29:00,0.9999304325545488,1,First Class,Caribbean,LATAM,Cuba,Santiago de Cuba
alert_38,57802,2017-04-25 18:15:00,0.9999304325545488,1,First Class,Central America,LATAM,El Salvador,San Salvador
alert_37,57802,2017-04-25 18:15:00,0.9999304325545488,1,First Class,Central America,LATAM,El Salvador,San Salvador
alert_36,57802,2017-04-25 18:15:00,0.9999304325545488,1,First Class,Central America,LATAM,El Salvador,San Salvador
alert_32,57800,2017-04-25 17:33:00,0.9999304325545488,1,First Class,Central America,LATAM,El Salvador,San Salvador
alert_10524,62250,2017-06-29 16:35:00,0.9999304277179721,1,First Class,Southern Europe,Europe,Portugal,Porto
alert_10536,62251,2017-06-29 16:56:00,0.9999304277179721,1,First Class,Southern Europe,Europe,Portugal,Porto
alert_15151,64171,2017-07-27 17:36:00,0.9999304187304636,1,First Class,Western Europe,Europe,Países Bajos,Brabante Septentrional
alert_28021,70482,2017-10-27 20:38:00,0.9999304187304636,1,First Class,Western Europe,Europe,Países Bajos,Brabante Septentrional
alert_15155,64172,2017-07-27 17:57:00,0.9999304187304636,1,First Class,Western Europe,Europe,Países Bajos,Brabante Septentrional
alert_15158,64172,2017-07-27 17:57:00,0.9999304187304636,1,First Class,Western Europe,Europe,Países Bajos,Brabante Septentrional
alert_15152,64171,2017-07-27 17:36:00,0.9999304187304636,1,First Class,Western Europe,Europe,Países Bajos,Brabante Septentrional
alert_15153,64171,2017-07-27 17:36:00,0.9999304187304636,1,First Class,Western Europe,Europe,Países Bajos,Brabante Septentrional
alert_15432,64303,2017-07-29 15:51:00,0.9999304187304636,1,First Class,Western Europe,Europe,Países Bajos,Brabante Septentrional
alert_17073,65019,2017-08-09 02:42:00,0.99993041664624,1,First Class,Western Europe,Europe,Francia,Isla de Francia
alert_30232,72795,2017-11-30 14:58:00,0.999930414773607,1,First Class,South Asia,Pacific Asia,India,Kerala
alert_10425,62212,2017-06-29 03:17:00,0.9999303971872764,1,First Class,Western Europe,Europe,Francia,Provenza-Alpes-Costa Azul
alert_24673,68177,2017-09-24 05:05:00,0.9999303971872764,1,First Class,Western Europe,Europe,Francia,Provenza-Alpes-Costa Azul
alert_24672,68177,2017-09-24 05:05:00,0.9999303971872764,1,First Class,Western Europe,Europe,Francia,Provenza-Alpes-Costa Azul
alert_25010,68316,2017-09-26 05:47:00,0.9999303971872764,1,First Class,Western Europe,Europe,Francia,Norte-Paso de Calais-Picardía
alert_25008,68316,2017-09-26 05:47:00,0.9999303971872764,1,First Class,Western Europe,Europe,Francia,Norte-Paso de Calais-Picardía
alert_10427,62212,2017-06-29 03:17:00,0.9999303971872764,1,First Class,Western Europe,Europe,Francia,Provenza-Alpes-Costa Azul
alert_10422,62211,2017-06-29 02:56:00,0.9999303971872764,1,First Class,Western Europe,Europe,Francia,Provenza-Alpes-Costa Azul
alert_10424,62211,2017-06-29 02:56:00,0.9999303971872764,1,First Class,Western Europe,Europe,Francia,Provenza-Alpes-Costa Azul
alert_19341,65953,2017-08-22 17:55:00,0.9999303971872764,1,First Class,Western Europe,Europe,Alemania,Renania del Norte-Westfalia
alert_19337,65952,2017-08-22 17:34:00,0.9999303971872764,1,First Class,Western Europe,Europe,Alemania,Renania del Norte-Westfalia
alert_10421,62211,2017-06-29 02:56:00,0.9999303971872764,1,First Class,Western Europe,Europe,Francia,Provenza-Alpes-Costa Azul
alert_19338,65952,2017-08-22 17:34:00,0.9999303971872764,1,First Class,Western Europe,Europe,Alemania,Renania del Norte-Westfalia
alert_19339,65952,2017-08-22 17:34:00,0.9999303971872764,1,First Class,Western Europe,Europe,Alemania,Renania del Norte-Westfalia
alert_24503,68124,2017-09-23 10:31:00,0.9999303971872764,1,First Class,Western Europe,Europe,Francia,Provenza-Alpes-Costa Azul
alert_24502,68124,2017-09-23 10:31:00,0.9999303971872764,1,First Class,Western Europe,Europe,Francia,Provenza-Alpes-Costa Azul
alert_25006,68316,2017-09-26 05:47:00,0.9999303971872764,1,First Class,Western Europe,Europe,Francia,Norte-Paso de Calais-Picardía
alert_25007,68316,2017-09-26 05:47:00,0.9999303971872764,1,First Class,Western Europe,Europe,Francia,Norte-Paso de Calais-Picardía
alert_25003,68315,2017-09-26 05:26:00,0.9999303971872764,1,First Class,Western Europe,Europe,Francia,Norte-Paso de Calais-Picardía
alert_25401,68457,2017-09-28 07:11:00,0.9999303971872764,1,First Class,Western Europe,Europe,Alemania,Mecklemburgo-Pomerania Occidental
alert_25405,68458,2017-09-28 07:32:00,0.9999303971872764,1,First Class,Western Europe,Europe,Alemania,Mecklemburgo-Pomerania Occidental
alert_25404,68458,2017-09-28 07:32:00,0.9999303971872764,1,First Class,Western Europe,Europe,Alemania,Mecklemburgo-Pomerania Occidental
alert_25398,68457,2017-09-28 07:11:00,0.9999303971872764,1,First Class,Western Europe,Europe,Alemania,Mecklemburgo-Pomerania Occidental
alert_19343,65953,2017-08-22 17:55:00,0.9999303971872764,1,First Class,Western Europe,Europe,Alemania,Renania del Norte-Westfalia
alert_9817,61956,2017-06-25 09:35:00,0.9999303971872764,1,First Class,Western Europe,Europe,Francia,Países del Loira
alert_25402,68458,2017-09-28 07:32:00,0.9999303971872764,1,First Class,Western Europe,Europe,Alemania,Mecklemburgo-Pomerania Occidental
alert_25403,68458,2017-09-28 07:32:00,0.9999303971872764,1,First Class,Western Europe,Europe,Alemania,Mecklemburgo-Pomerania Occidental
alert_25004,68315,2017-09-26 05:26:00,0.9999303971872764,1,First Class,Western Europe,Europe,Francia,Norte-Paso de Calais-Picardía
alert_25002,68315,2017-09-26 05:26:00,0.9999303971872764,1,First Class,Western Europe,Europe,Francia,Norte-Paso de Calais-Picardía
alert_25001,68315,2017-09-26 05:26:00,0.9999303971872764,1,First Class,Western Europe,Europe,Francia,Norte-Paso de Calais-Picardía
alert_24675,68177,2017-09-24 05:05:00,0.9999303971872764,1,First Class,Western Europe,Europe,Francia,Provenza-Alpes-Costa Azul
alert_18978,65792,2017-08-20 09:31:00,0.9999303873317484,1,First Class,Northern Europe,Europe,Reino Unido,Inglaterra
alert_18981,65792,2017-08-20 09:31:00,0.9999303873317484,1,First Class,Northern Europe,Europe,Reino Unido,Inglaterra
alert_29333,71644,2017-11-16 19:44:00,0.9999303791260077,1,Second Class,Oceania,Pacific Asia,Australia,Australia del Sur
alert_631,58061,2017-04-29 13:00:00,0.9999303719677531,1,First Class,Caribbean,LATAM,República Dominicana,Santiago de Chile
alert_4138,59470,2017-05-20 02:38:00,0.9999303646923299,1,First Class,Central America,LATAM,El Salvador,San Salvador
alert_4145,59470,2017-05-20 02:38:00,0.9999303646923299,1,First Class,Central America,LATAM,El Salvador,San Salvador
alert_4137,59470,2017-05-20 02:38:00,0.9999303646923299,1,First Class,Central America,LATAM,El Salvador,San Salvador
alert_4141,59470,2017-05-20 02:38:00,0.9999303646923299,1,First Class,Central America,LATAM,El Salvador,San Salvador
alert_20217,66342,2017-08-28 10:12:00,0.9999303645012008,1,First Class,Northern Europe,Europe,Reino Unido,Inglaterra
alert_29993,72551,2017-11-27 01:29:00,0.999930359066263,1,First Class,Eastern Asia,Pacific Asia,China,Hunan
alert_13302,63411,2017-07-16 15:20:00,0.9999303499213116,1,First Class,Southern Europe,Europe,Italia,Emilia-Romaña
alert_34239,76980,2018-01-30 17:10:00,0.9999303435229635,1,First Class,Eastern Asia,Pacific Asia,China,Guangdong
alert_6535,60522,2017-06-04 11:12:00,0.9999303392600922,1,First Class,Central America,LATAM,Guatemala,Guatemala
alert_14971,64093,2017-07-26 14:16:00,0.9999303205309972,1,First Class,Southern Europe,Europe,España,Madrid
alert_19444,65991,2017-08-23 07:14:00,0.9999303115296432,1,First Class,Western Europe,Europe,Alemania,Bavaria
alert_25131,68384,2017-09-27 05:36:00,0.9999303115296432,1,First Class,Western Europe,Europe,Alemania,Baja Sajonia
alert_9603,61864,2017-06-24 01:21:00,0.9999303115296432,1,First Class,Western Europe,Europe,Francia,Alsacia-Champaña-Ardenas-Lorena
alert_9602,61864,2017-06-24 01:21:00,0.9999303115296432,1,First Class,Western Europe,Europe,Francia,Alsacia-Champaña-Ardenas-Lorena
alert_15374,64276,2017-07-29 06:23:00,0.9999303115296432,1,First Class,Western Europe,Europe,Francia,Borgoña-Franco Condado
alert_24302,68042,2017-09-22 05:47:00,0.9999303115296432,1,First Class,Western Europe,Europe,Francia,Bretaña
alert_25134,68384,2017-09-27 05:36:00,0.9999303115296432,1,First Class,Western Europe,Europe,Alemania,Baja Sajonia
alert_9874,61982,2017-06-25 18:42:00,0.9999303115296432,1,First Class,Western Europe,Europe,Austria,Alta Austria
alert_24670,68176,2017-09-24 04:44:00,0.9999303115296432,1,First Class,Western Europe,Europe,Francia,Alsacia-Champaña-Ardenas-Lorena
alert_24668,68176,2017-09-24 04:44:00,0.9999303115296432,1,First Class,Western Europe,Europe,Francia,Alsacia-Champaña-Ardenas-Lorena
alert_24667,68176,2017-09-24 04:44:00,0.9999303115296432,1,First Class,Western Europe,Europe,Francia,Alsacia-Champaña-Ardenas-Lorena
alert_24671,68176,2017-09-24 04:44:00,0.9999303115296432,1,First Class,Western Europe,Europe,Francia,Alsacia-Champaña-Ardenas-Lorena
alert_24669,68176,2017-09-24 04:44:00,0.9999303115296432,1,First Class,Western Europe,Europe,Francia,Alsacia-Champaña-Ardenas-Lorena
alert_25139,68384,2017-09-27 05:36:00,0.9999303115296432,1,First Class,Western Europe,Europe,Alemania,Baja Sajonia
alert_27966,70424,2017-10-27 00:18:00,0.9999303115296432,1,First Class,Western Europe,Europe,Francia,Auvernia
alert_19434,65990,2017-08-23 06:53:00,0.9999303115296432,1,First Class,Western Europe,Europe,Alemania,Bavaria
alert_19443,65991,2017-08-23 07:14:00,0.9999303115296432,1,First Class,Western Europe,Europe,Alemania,Bavaria
alert_27692,70133,2017-10-22 18:21:00,0.9999303115296432,1,First Class,Western Europe,Europe,Bélgica,Brabante Flamenco
alert_27693,70134,2017-10-22 18:42:00,0.9999303115296432,1,First Class,Western Europe,Europe,Bélgica,Brabante Flamenco
alert_19435,65990,2017-08-23 06:53:00,0.9999303115296432,1,First Class,Western Europe,Europe,Alemania,Bavaria
alert_20213,66341,2017-08-28 09:51:00,0.9999302984154702,1,First Class,Northern Europe,Europe,Reino Unido,Inglaterra
alert_20214,66342,2017-08-28 10:12:00,0.9999302984154702,1,First Class,Northern Europe,Europe,Reino Unido,Inglaterra
alert_20400,66408,2017-08-29 09:19:00,0.9999302984154702,1,First Class,Northern Europe,Europe,Reino Unido,Inglaterra
alert_20401,66408,2017-08-29 09:19:00,0.9999302984154702,1,First Class,Northern Europe,Europe,Reino Unido,Inglaterra
alert_20402,66408,2017-08-29 09:19:00,0.9999302984154702,1,First Class,Northern Europe,Europe,Reino Unido,Inglaterra
alert_10165,62107,2017-06-27 14:29:00,0.9999302984154702,1,First Class,Northern Europe,Europe,Reino Unido,Inglaterra
alert_20212,66341,2017-08-28 09:51:00,0.9999302984154702,1,First Class,Northern Europe,Europe,Reino Unido,Inglaterra
alert_20216,66342,2017-08-28 10:12:00,0.9999302984154702,1,First Class,Northern Europe,Europe,Reino Unido,Inglaterra
alert_10164,62107,2017-06-27 14:29:00,0.9999302984154702,1,First Class,Northern Europe,Europe,Reino Unido,Inglaterra
alert_20218,66342,2017-08-28 10:12:00,0.9999302984154702,1,First Class,Northern Europe,Europe,Reino Unido,Inglaterra
alert_16378,64735,2017-08-04 23:12:00,0.9999302866751721,1,First Class,Western Europe,Europe,Países Bajos,Holanda Meridional
alert_16377,64735,2017-08-04 23:12:00,0.9999302866751721,1,First Class,Western Europe,Europe,Países Bajos,Holanda Meridional
alert_21609,66903,2017-09-05 14:45:00,0.9999302804921127,1,First Class,Southern Europe,Europe,Italia,Toscana
alert_21611,66903,2017-09-05 14:45:00,0.9999302804921127,1,First Class,Southern Europe,Europe,Italia,Toscana
alert_21605,66902,2017-09-05 14:24:00,0.9999302804921127,1,First Class,Southern Europe,Europe,Italia,Toscana
alert_19297,65937,2017-08-22 12:19:00,0.9999302699032032,1,First Class,Western Europe,Europe,Alemania,Sajonia-Anhalt
alert_4701,59737,2017-05-24 00:10:00,0.9999302646948924,1,First Class,Central America,LATAM,Honduras,Yoro
alert_15387,64281,2017-07-29 08:08:00,0.9999302646948924,1,First Class,Northern Europe,Europe,Finlandia,Uusimaa
alert_15388,64281,2017-07-29 08:08:00,0.9999302646948924,1,First Class,Northern Europe,Europe,Finlandia,Uusimaa
alert_4699,59737,2017-05-24 00:10:00,0.9999302646948924,1,First Class,Central America,LATAM,Honduras,Yoro
alert_4700,59737,2017-05-24 00:10:00,0.9999302646948924,1,First Class,Central America,LATAM,Honduras,Yoro
alert_30135,72699,2017-11-29 05:20:00,0.9999302646948924,1,First Class,Eastern Asia,Pacific Asia,Japón,Saitama
alert_29903,72447,2017-11-25 13:03:00,0.9999302646948924,1,First Class,Eastern Asia,Pacific Asia,China,Sichuan
alert_5114,59926,2017-05-26 18:23:00,0.9999302646948924,1,First Class,South America,LATAM,Brasil,São Paulo
alert_4702,59737,2017-05-24 00:10:00,0.9999302646948924,1,First Class,Central America,LATAM,Honduras,Yoro
alert_4634,59700,2017-05-23 11:13:00,0.9999302588621497,1,First Class,Central America,LATAM,Honduras,Francisco Morazán
alert_4640,59701,2017-05-23 11:34:00,0.9999302588621497,1,First Class,Central America,LATAM,Honduras,Francisco Morazán
alert_4638,59700,2017-05-23 11:13:00,0.9999302588621497,1,First Class,Central America,LATAM,Honduras,Francisco Morazán
alert_19422,65987,2017-08-23 05:50:00,0.9999302584250603,1,First Class,Southern Europe,Europe,Italia,Toscana
alert_19421,65987,2017-08-23 05:50:00,0.9999302584250603,1,First Class,Southern Europe,Europe,Italia,Toscana
alert_12835,63238,2017-07-14 02:44:00,0.999930254589169,1,First Class,Western Europe,Europe,Alemania,Renania del Norte-Westfalia
alert_11323,62622,2017-07-05 02:55:00,0.999930254589169,1,First Class,Western Europe,Europe,Alemania,Renania del Norte-Westfalia
alert_11324,62623,2017-07-05 03:16:00,0.999930254589169,1,First Class,Western Europe,Europe,Alemania,Renania del Norte-Westfalia
alert_17574,65217,2017-08-12 00:04:00,0.999930254589169,1,First Class,Western Europe,Europe,Francia,Provenza-Alpes-Costa Azul
alert_12841,63239,2017-07-14 03:05:00,0.999930254589169,1,First Class,Western Europe,Europe,Alemania,Renania del Norte-Westfalia
alert_12837,63238,2017-07-14 02:44:00,0.999930254589169,1,First Class,Western Europe,Europe,Alemania,Renania del Norte-Westfalia
alert_22735,67374,2017-09-12 11:45:00,0.999930254589169,1,First Class,Western Europe,Europe,Francia,Norte-Paso de Calais-Picardía
alert_16159,64620,2017-08-03 06:54:00,0.999930247252461,1,First Class,Southern Europe,Europe,España,Galicia
alert_16160,64620,2017-08-03 06:54:00,0.999930247252461,1,First Class,Southern Europe,Europe,España,Galicia
alert_16161,64620,2017-08-03 06:54:00,0.999930247252461,1,First Class,Southern Europe,Europe,España,Galicia
alert_28362,70841,2017-11-02 02:24:00,0.999930247252461,1,First Class,Southern Europe,Europe,España,Castilla y León
alert_28514,70975,2017-11-04 01:21:00,0.999930247252461,1,First Class,Southern Europe,Europe,España,Castilla y León
alert_5629,60139,2017-05-29 21:01:00,0.9999302444545416,1,First Class,Central America,LATAM,El Salvador,San Salvador
alert_5627,60139,2017-05-29 21:01:00,0.9999302444545416,1,First Class,Central America,LATAM,El Salvador,San Salvador
alert_5625,60139,2017-05-29 21:01:00,0.9999302444545416,1,First Class,Central America,LATAM,El Salvador,San Salvador
alert_30978,73374,2017-12-12 01:49:00,0.9999302368574442,1,Second Class,Oceania,Pacific Asia,Australia,Queensland
alert_10169,62108,2017-06-27 14:50:00,0.9999302292422879,1,First Class,Western Europe,Europe,Francia,Provenza-Alpes-Costa Azul
alert_19428,65989,2017-08-23 06:32:00,0.9999302292422879,1,First Class,Western Europe,Europe,Alemania,Renania del Norte-Westfalia
alert_10392,62202,2017-06-28 23:46:00,0.9999302292422879,1,First Class,Western Europe,Europe,Francia,Provenza-Alpes-Costa Azul
alert_10390,62202,2017-06-28 23:46:00,0.9999302292422879,1,First Class,Western Europe,Europe,Francia,Provenza-Alpes-Costa Azul
alert_14278,63834,2017-07-22 19:32:00,0.9999302292422879,1,First Class,Western Europe,Europe,Alemania,Renania del Norte-Westfalia
alert_19843,66180,2017-08-26 01:27:00,0.9999302292422879,1,First Class,Western Europe,Europe,Francia,Normandía
alert_19841,66179,2017-08-26 01:06:00,0.9999302292422879,1,First Class,Western Europe,Europe,Francia,Normandía
alert_19840,66179,2017-08-26 01:06:00,0.9999302292422879,1,First Class,Western Europe,Europe,Francia,Normandía
alert_19275,65932,2017-08-22 10:33:00,0.9999302292422879,1,First Class,Western Europe,Europe,Francia,Languedoc-Rosellón-Mediodía-Pirineos
alert_19274,65932,2017-08-22 10:33:00,0.9999302292422879,1,First Class,Western Europe,Europe,Francia,Languedoc-Rosellón-Mediodía-Pirineos
alert_19273,65932,2017-08-22 10:33:00,0.9999302292422879,1,First Class,Western Europe,Europe,Francia,Languedoc-Rosellón-Mediodía-Pirineos
alert_19839,66179,2017-08-26 01:06:00,0.9999302292422879,1,First Class,Western Europe,Europe,Francia,Normandía
alert_19837,66178,2017-08-26 00:45:00,0.9999302292422879,1,First Class,Western Europe,Europe,Francia,Normandía
alert_19835,66178,2017-08-26 00:45:00,0.9999302292422879,1,First Class,Western Europe,Europe,Francia,Normandía
alert_19879,66193,2017-08-26 06:00:00,0.9999302292422879,1,First Class,Western Europe,Europe,Alemania,Renania del Norte-Westfalia
alert_27947,70401,2017-10-26 16:15:00,0.9999302292422879,1,First Class,Western Europe,Europe,Francia,Norte-Paso de Calais-Picardía
alert_10167,62108,2017-06-27 14:50:00,0.9999302292422879,1,First Class,Western Europe,Europe,Francia,Provenza-Alpes-Costa Azul
alert_19272,65932,2017-08-22 10:33:00,0.9999302292422879,1,First Class,Western Europe,Europe,Francia,Languedoc-Rosellón-Mediodía-Pirineos
alert_9631,61877,2017-06-24 05:55:00,0.9999302292422879,1,First Class,Western Europe,Europe,Alemania,Renania del Norte-Westfalia
alert_28115,70588,2017-10-29 09:46:00,0.9999302292422879,1,First Class,Western Europe,Europe,Francia,Países del Loira
alert_27931,70385,2017-10-26 10:39:00,0.9999302292422879,1,First Class,Western Europe,Europe,Alemania,Renania del Norte-Westfalia
alert_15426,64296,2017-07-29 13:24:00,0.9999302292422879,1,First Class,Western Europe,Europe,Alemania,Renania del Norte-Westfalia
alert_10462,62225,2017-06-29 07:50:00,0.9999302292422879,1,First Class,Western Europe,Europe,Alemania,Renania del Norte-Westfalia
alert_10461,62225,2017-06-29 07:50:00,0.9999302292422879,1,First Class,Western Europe,Europe,Alemania,Renania del Norte-Westfalia
alert_28114,70587,2017-10-29 09:25:00,0.9999302292422879,1,First Class,Western Europe,Europe,Francia,Norte-Paso de Calais-Picardía
alert_9601,61863,2017-06-24 01:00:00,0.9999302292422879,1,First Class,Western Europe,Europe,Francia,Provenza-Alpes-Costa Azul
alert_15008,64117,2017-07-26 22:41:00,0.9999302292422879,1,First Class,Western Europe,Europe,Alemania,Renania del Norte-Westfalia
alert_27775,70226,2017-10-24 02:56:00,0.9999302292422879,1,First Class,Western Europe,Europe,Francia,Normandía
alert_27814,70268,2017-10-24 17:39:00,0.9999302292422879,1,First Class,Western Europe,Europe,Alemania,Renania del Norte-Westfalia
alert_27919,70378,2017-10-26 08:11:00,0.9999302292422879,1,First Class,Western Europe,Europe,Francia,Provenza-Alpes-Costa Azul
alert_14410,63881,2017-07-23 12:00:00,0.9999302292422879,1,First Class,Western Europe,Europe,Alemania,Renania del Norte-Westfalia
alert_14411,63882,2017-07-23 12:21:00,0.9999302292422879,1,First Class,Western Europe,Europe,Alemania,Renania del Norte-Westfalia
alert_10460,62225,2017-06-29 07:50:00,0.9999302292422879,1,First Class,Western Europe,Europe,Alemania,Renania del Norte-Westfalia
alert_19298,65939,2017-08-22 13:01:00,0.9999302292422879,1,First Class,Western Europe,Europe,Francia,Normandía
alert_9628,61877,2017-06-24 05:55:00,0.9999302292422879,1,First Class,Western Europe,Europe,Alemania,Renania del Norte-Westfalia
alert_9630,61877,2017-06-24 05:55:00,0.9999302292422879,1,First Class,Western Europe,Europe,Alemania,Renania del Norte-Westfalia
alert_14407,63881,2017-07-23 12:00:00,0.9999302292422879,1,First Class,Western Europe,Europe,Alemania,Renania del Norte-Westfalia
alert_14280,63834,2017-07-22 19:32:00,0.9999302292422879,1,First Class,Western Europe,Europe,Alemania,Renania del Norte-Westfalia
alert_24521,68130,2017-09-23 12:37:00,0.9999302292422879,1,First Class,Western Europe,Europe,Alemania,Renania del Norte-Westfalia
alert_24523,68130,2017-09-23 12:37:00,0.9999302292422879,1,First Class,Western Europe,Europe,Alemania,Renania del Norte-Westfalia
alert_24522,68130,2017-09-23 12:37:00,0.9999302292422879,1,First Class,Western Europe,Europe,Alemania,Renania del Norte-Westfalia
alert_9629,61877,2017-06-24 05:55:00,0.9999302292422879,1,First Class,Western Europe,Europe,Alemania,Renania del Norte-Westfalia
alert_6971,60676,2017-06-06 17:09:00,0.9999302246239257,1,First Class,South America,LATAM,Colombia,Tolima
alert_2250,58717,2017-05-09 02:49:00,0.9999302246239257,1,First Class,Central America,LATAM,México,Sonora
alert_2251,58717,2017-05-09 02:49:00,0.9999302246239257,1,First Class,Central America,LATAM,México,Sonora
alert_11849,62818,2017-07-07 23:35:00,0.999930208741085,1,First Class,Southern Europe,Europe,España,Madrid
alert_12149,62928,2017-07-09 14:07:00,0.999930208741085,1,First Class,Southern Europe,Europe,Italia,Lombardía
alert_17774,65308,2017-08-13 07:57:00,0.999930208741085,1,First Class,Southern Europe,Europe,Italia,Lombardía
alert_17775,65308,2017-08-13 07:57:00,0.999930208741085,1,First Class,Southern Europe,Europe,Italia,Lombardía
alert_2724,58914,2017-05-11 23:50:00,0.9999301949587747,1,First Class,South America,LATAM,Argentina,Mendoza
alert_2725,58914,2017-05-11 23:50:00,0.9999301949587747,1,First Class,South America,LATAM,Argentina,Mendoza
alert_2727,58914,2017-05-11 23:50:00,0.9999301949587747,1,First Class,South America,LATAM,Argentina,Mendoza
alert_33251,75948,2018-01-15 15:37:00,0.9999301934052627,1,First Class,Oceania,Pacific Asia,Australia,Victoria
alert_33257,75951,2018-01-15 16:40:00,0.9999301934052627,1,First Class,Oceania,Pacific Asia,Australia,Victoria
alert_33255,75950,2018-01-15 16:19:00,0.9999301934052627,1,First Class,Oceania,Pacific Asia,Australia,Victoria
alert_16942,64965,2017-08-08 07:46:00,0.9999301891509511,1,First Class,Western Europe,Europe,Alemania,Mecklemburgo-Pomerania Occidental
alert_28700,71190,2017-11-07 04:40:00,0.9999301891509511,1,First Class,Western Europe,Europe,Francia,Países del Loira
alert_18169,65452,2017-08-15 10:24:00,0.9999301891509511,1,First Class,Western Europe,Europe,Alemania,Renania del Norte-Westfalia
alert_18168,65451,2017-08-15 10:03:00,0.9999301891509511,1,First Class,Western Europe,Europe,Alemania,Renania del Norte-Westfalia
alert_18165,65451,2017-08-15 10:03:00,0.9999301891509511,1,First Class,Western Europe,Europe,Alemania,Renania del Norte-Westfalia
alert_18164,65451,2017-08-15 10:03:00,0.9999301891509511,1,First Class,Western Europe,Europe,Alemania,Renania del Norte-Westfalia
alert_18167,65451,2017-08-15 10:03:00,0.9999301891509511,1,First Class,Western Europe,Europe,Alemania,Renania del Norte-Westfalia
alert_18166,65451,2017-08-15 10:03:00,0.9999301891509511,1,First Class,Western Europe,Europe,Alemania,Renania del Norte-Westfalia
alert_22769,67391,2017-09-12 17:43:00,0.9999301891509511,1,First Class,Western Europe,Europe,Francia,Provenza-Alpes-Costa Azul
alert_12542,63078,2017-07-11 18:40:00,0.9999301891509511,1,First Class,Western Europe,Europe,Francia,Provenza-Alpes-Costa Azul
alert_16943,64965,2017-08-08 07:46:00,0.9999301891509511,1,First Class,Western Europe,Europe,Alemania,Mecklemburgo-Pomerania Occidental
alert_28745,71242,2017-11-07 22:53:00,0.9999301891509511,1,First Class,Western Europe,Europe,Francia,Países del Loira
alert_28703,71192,2017-11-07 05:22:00,0.9999301891509511,1,First Class,Western Europe,Europe,Francia,Países del Loira
alert_28702,71191,2017-11-07 05:01:00,0.9999301891509511,1,First Class,Western Europe,Europe,Francia,Países del Loira
alert_12544,63078,2017-07-11 18:40:00,0.9999301891509511,1,First Class,Western Europe,Europe,Francia,Provenza-Alpes-Costa Azul
alert_33092,75776,2018-01-13 03:21:00,0.9999301848633425,1,First Class,Southeast Asia,Pacific Asia,Indonesia,Java Central
alert_12461,63047,2017-07-11 07:49:00,0.9999301619424676,1,First Class,Western Europe,Europe,Alemania,Renania-Palatinado
alert_12458,63047,2017-07-11 07:49:00,0.9999301619424676,1,First Class,Western Europe,Europe,Alemania,Renania-Palatinado
alert_12460,63047,2017-07-11 07:49:00,0.9999301619424676,1,First Class,Western Europe,Europe,Alemania,Renania-Palatinado
alert_27136,69543,2017-10-14 03:39:00,0.9999301619424676,1,First Class,Western Europe,Europe,Alemania,Renania-Palatinado
alert_12462,63047,2017-07-11 07:49:00,0.9999301619424676,1,First Class,Western Europe,Europe,Alemania,Renania-Palatinado
alert_15688,64410,2017-07-31 05:20:00,0.9999301227724683,1,First Class,Southern Europe,Europe,Italia,Sicilia
alert_15687,64410,2017-07-31 05:20:00,0.9999301227724683,1,First Class,Southern Europe,Europe,Italia,Sicilia
alert_12144,62926,2017-07-09 13:25:00,0.9999301155426851,1,First Class,Southern Europe,Europe,Italia,Sicilia
alert_12145,62926,2017-07-09 13:25:00,0.9999301155426851,1,First Class,Southern Europe,Europe,Italia,Sicilia
alert_4294,59549,2017-05-21 06:19:00,0.9999301052004698,1,First Class,Caribbean,LATAM,República Dominicana,Santo Domingo
alert_4301,59550,2017-05-21 06:40:00,0.9999301052004698,1,First Class,Caribbean,LATAM,República Dominicana,Santo Domingo
alert_4300,59550,2017-05-21 06:40:00,0.9999301052004698,1,First Class,Caribbean,LATAM,República Dominicana,Santo Domingo
alert_4388,59588,2017-05-21 19:58:00,0.9999301052004698,1,First Class,Caribbean,LATAM,República Dominicana,Santo Domingo
alert_4295,59549,2017-05-21 06:19:00,0.9999301052004698,1,First Class,Caribbean,LATAM,República Dominicana,Santo Domingo
alert_26959,69362,2017-10-11 12:14:00,0.9999301023723611,1,First Class,Western Europe,Europe,Francia,Auvernia-Ródano-Alpes
alert_27001,69402,2017-10-12 02:15:00,0.9999301023723611,1,First Class,Western Europe,Europe,Países Bajos,Groningen
alert_27000,69401,2017-10-12 01:54:00,0.9999301023723611,1,First Class,Western Europe,Europe,Países Bajos,Groningen
alert_30518,73081,2017-12-04 19:10:00,0.9999300937390224,1,First Class,Eastern Asia,Pacific Asia,China,Guangdong
alert_14332,63859,2017-07-23 04:18:00,0.9999300901452753,1,First Class,Southern Europe,Europe,Italia,Sicilia
alert_14338,63859,2017-07-23 04:18:00,0.9999300901452753,1,First Class,Southern Europe,Europe,Italia,Sicilia
alert_14335,63859,2017-07-23 04:18:00,0.9999300901452753,1,First Class,Southern Europe,Europe,Italia,Sicilia
alert_4032,59436,2017-05-19 14:43:00,0.9999300809093087,1,First Class,Caribbean,LATAM,República Dominicana,La Romana
alert_4029,59436,2017-05-19 14:43:00,0.9999300809093087,1,First Class,Caribbean,LATAM,República Dominicana,La Romana
alert_4031,59436,2017-05-19 14:43:00,0.9999300809093087,1,First Class,Caribbean,LATAM,República Dominicana,La Romana
alert_4030,59436,2017-05-19 14:43:00,0.9999300809093087,1,First Class,Caribbean,LATAM,República Dominicana,La Romana
alert_4067,59450,2017-05-19 19:37:00,0.9999300809093087,1,First Class,South America,LATAM,Perú,Lima (ciudad)
alert_30003,72562,2017-11-27 05:21:00,0.9999300761410492,1,First Class,Oceania,Pacific Asia,Australia,Victoria
alert_24335,68051,2017-09-22 08:56:00,0.9999300652494345,1,First Class,Western Europe,Europe,Austria,Viena
alert_10411,62209,2017-06-29 02:14:00,0.9999300652494345,1,First Class,Western Europe,Europe,Austria,Viena
alert_24336,68051,2017-09-22 08:56:00,0.9999300652494345,1,First Class,Western Europe,Europe,Austria,Viena
alert_14771,64017,2017-07-25 11:39:00,0.9999300652494345,1,First Class,Western Europe,Europe,Austria,Viena
alert_19483,66009,2017-08-23 13:32:00,0.9999300652494345,1,First Class,Western Europe,Europe,Austria,Viena
alert_15215,64196,2017-07-28 02:22:00,0.9999300652494345,1,First Class,Western Europe,Europe,Austria,Viena
alert_15212,64196,2017-07-28 02:22:00,0.9999300652494345,1,First Class,Western Europe,Europe,Austria,Viena
alert_19479,66009,2017-08-23 13:32:00,0.9999300652494345,1,First Class,Western Europe,Europe,Austria,Viena
alert_31490,74092,2017-12-19 13:22:00,0.9999300623936618,1,First Class,Southeast Asia,Pacific Asia,Indonesia,Yakarta
alert_1155,58272,2017-05-02 14:55:00,0.9999300548080423,1,First Class,South America,LATAM,Brasil,São Paulo
alert_1153,58272,2017-05-02 14:55:00,0.9999300548080423,1,First Class,South America,LATAM,Brasil,São Paulo
alert_25650,68573,2017-09-29 23:49:00,0.9999300514793018,1,First Class,Southern Europe,Europe,Italia,Sicilia
alert_16463,64767,2017-08-05 10:24:00,0.9999300513670683,1,First Class,Western Europe,Europe,Alemania,Renania-Palatinado
alert_21610,66903,2017-09-05 14:45:00,0.9999300499740169,1,First Class,Southern Europe,Europe,Italia,Toscana
alert_21612,66903,2017-09-05 14:45:00,0.9999300499740169,1,First Class,Southern Europe,Europe,Italia,Toscana
alert_15564,64350,2017-07-30 08:19:00,0.9999300436054809,1,First Class,Western Europe,Europe,Francia,Aquitania-Lemosín-Poitou-Charentes
alert_15563,64350,2017-07-30 08:19:00,0.9999300436054809,1,First Class,Western Europe,Europe,Francia,Aquitania-Lemosín-Poitou-Charentes
alert_3401,59175,2017-05-15 19:17:00,0.9999300359617443,1,First Class,Central America,LATAM,El Salvador,San Salvador
alert_29110,71633,2017-11-13 15:52:00,0.9999300359617443,1,First Class,Oceania,Pacific Asia,Australia,Tasmania
alert_3403,59175,2017-05-15 19:17:00,0.9999300359617443,1,First Class,Central America,LATAM,El Salvador,San Salvador
alert_24504,68124,2017-09-23 10:31:00,0.9999300292370024,1,First Class,Western Europe,Europe,Francia,Provenza-Alpes-Costa Azul
alert_10426,62212,2017-06-29 03:17:00,0.9999300292370024,1,First Class,Western Europe,Europe,Francia,Provenza-Alpes-Costa Azul
alert_16777,64898,2017-08-07 08:18:00,0.9999300284224414,1,First Class,Western Europe,Europe,Alemania,Sarre
alert_16772,64897,2017-08-07 07:57:00,0.9999300284224414,1,First Class,Western Europe,Europe,Alemania,Sarre
alert_16773,64897,2017-08-07 07:57:00,0.9999300284224414,1,First Class,Western Europe,Europe,Alemania,Sarre
alert_21416,66832,2017-09-04 13:52:00,0.999930019215992,1,First Class,Western Europe,Europe,Alemania,Bavaria
alert_16822,64908,2017-08-07 11:48:00,0.9999300076541848,1,First Class,Northern Europe,Europe,Irlanda,Dublín
alert_22575,67303,2017-09-11 10:53:00,0.9999300076541848,1,First Class,Northern Europe,Europe,Reino Unido,Inglaterra
alert_31023,73629,2017-12-12 19:10:00,0.9999300076541848,1,First Class,South Asia,Pacific Asia,India,Delhi
alert_3337,59151,2017-05-15 10:52:00,0.9999300062163886,1,First Class,Central America,LATAM,México,México
alert_3338,59151,2017-05-15 10:52:00,0.9999300062163886,1,First Class,Central America,LATAM,México,México
alert_30512,73079,2017-12-04 18:28:00,0.9999300010200567,1,First Class,Southeast Asia,Pacific Asia,Filipinas,Luzón Central
alert_18135,65433,2017-08-15 03:44:00,0.9999299823600575,1,First Class,Western Europe,Europe,Francia,Auvernia-Ródano-Alpes
alert_10157,62105,2017-06-27 13:47:00,0.9999299569643573,1,First Class,Southern Europe,Europe,Italia,Apulia
alert_6878,60645,2017-06-06 06:17:00,0.9999299552767302,1,First Class,Central America,LATAM,México,Colima
alert_26021,68753,2017-10-02 14:53:00,0.9999299476082029,1,First Class,Northern Europe,Europe,Reino Unido,Inglaterra
alert_28709,71198,2017-11-07 07:28:00,0.9999299412298218,1,First Class,Northern Europe,Europe,Reino Unido,Inglaterra
alert_22571,67303,2017-09-11 10:53:00,0.9999299412298218,1,First Class,Northern Europe,Europe,Reino Unido,Inglaterra
alert_12512,63069,2017-07-11 15:31:00,0.9999299412298218,1,First Class,Northern Europe,Europe,Reino Unido,Gales
alert_22574,67303,2017-09-11 10:53:00,0.9999299412298218,1,First Class,Northern Europe,Europe,Reino Unido,Inglaterra
alert_2112,58654,2017-05-08 04:45:00,0.9999299412298218,1,First Class,South America,LATAM,Argentina,Buenos Aires
alert_16823,64908,2017-08-07 11:48:00,0.9999299412298218,1,First Class,Northern Europe,Europe,Irlanda,Dublín
alert_16821,64908,2017-08-07 11:48:00,0.9999299412298218,1,First Class,Northern Europe,Europe,Irlanda,Dublín
alert_3281,59136,2017-05-15 05:37:00,0.9999299412298218,1,First Class,South America,LATAM,Colombia,Caldas
alert_3297,59139,2017-05-15 06:40:00,0.9999299412298218,1,First Class,South America,LATAM,Colombia,Boyacá
alert_3292,59139,2017-05-15 06:40:00,0.9999299412298218,1,First Class,South America,LATAM,Colombia,Boyacá
alert_3291,59139,2017-05-15 06:40:00,0.9999299412298218,1,First Class,South America,LATAM,Colombia,Boyacá
alert_3289,59138,2017-05-15 06:19:00,0.9999299412298218,1,First Class,South America,LATAM,Colombia,Boyacá
alert_22572,67303,2017-09-11 10:53:00,0.9999299412298218,1,First Class,Northern Europe,Europe,Reino Unido,Inglaterra
alert_22808,67408,2017-09-12 23:40:00,0.9999299412298218,1,First Class,Northern Europe,Europe,Reino Unido,Inglaterra
alert_22573,67303,2017-09-11 10:53:00,0.9999299412298218,1,First Class,Northern Europe,Europe,Reino Unido,Inglaterra
alert_2249,58716,2017-05-09 02:28:00,0.9999299412298218,1,First Class,South America,LATAM,Brasil,Bahía
alert_22807,67408,2017-09-12 23:40:00,0.9999299412298218,1,First Class,Northern Europe,Europe,Reino Unido,Inglaterra
alert_3280,59136,2017-05-15 05:37:00,0.9999299412298218,1,First Class,South America,LATAM,Colombia,Caldas
alert_3283,59136,2017-05-15 05:37:00,0.9999299412298218,1,First Class,South America,LATAM,Colombia,Caldas
alert_3282,59136,2017-05-15 05:37:00,0.9999299412298218,1,First Class,South America,LATAM,Colombia,Caldas
alert_20639,66485,2017-08-30 12:18:00,0.9999299228938024,1,First Class,Western Europe,Europe,Alemania,Bavaria
alert_20620,66482,2017-08-30 11:15:00,0.9999299228938024,1,First Class,Western Europe,Europe,Alemania,Bavaria
alert_20619,66482,2017-08-30 11:15:00,0.9999299228938024,1,First Class,Western Europe,Europe,Alemania,Bavaria
alert_20622,66482,2017-08-30 11:15:00,0.9999299228938024,1,First Class,Western Europe,Europe,Alemania,Bavaria
alert_20630,66484,2017-08-30 11:57:00,0.9999299228938024,1,First Class,Western Europe,Europe,Alemania,Bavaria
alert_28439,70915,2017-11-03 04:19:00,0.9999299164082343,1,First Class,Western Europe,Europe,Bélgica,Amberes
alert_28437,70914,2017-11-03 03:58:00,0.9999299164082343,1,First Class,Western Europe,Europe,Bélgica,Amberes
alert_21246,66756,2017-09-03 11:15:00,0.9999299159087559,1,First Class,Northern Europe,Europe,Irlanda,Dublín
alert_21244,66756,2017-09-03 11:15:00,0.9999299159087559,1,First Class,Northern Europe,Europe,Irlanda,Dublín
alert_21247,66756,2017-09-03 11:15:00,0.9999299159087559,1,First Class,Northern Europe,Europe,Irlanda,Dublín
alert_21245,66756,2017-09-03 11:15:00,0.9999299159087559,1,First Class,Northern Europe,Europe,Irlanda,Dublín
alert_10752,62344,2017-07-01 01:31:00,0.9999299020997594,1,First Class,Northern Europe,Europe,Reino Unido,Inglaterra
alert_10750,62344,2017-07-01 01:31:00,0.9999299020997594,1,First Class,Northern Europe,Europe,Reino Unido,Inglaterra
alert_10754,62344,2017-07-01 01:31:00,0.9999299020997594,1,First Class,Northern Europe,Europe,Reino Unido,Inglaterra
alert_10753,62344,2017-07-01 01:31:00,0.9999299020997594,1,First Class,Northern Europe,Europe,Reino Unido,Inglaterra
alert_10748,62343,2017-07-01 01:10:00,0.9999299020997594,1,First Class,Northern Europe,Europe,Reino Unido,Inglaterra
alert_25752,68630,2017-09-30 19:47:00,0.9999298909710226,1,First Class,Western Europe,Europe,Francia,Provenza-Alpes-Costa Azul
alert_25753,68630,2017-09-30 19:47:00,0.9999298909710226,1,First Class,Western Europe,Europe,Francia,Provenza-Alpes-Costa Azul
alert_25751,68630,2017-09-30 19:47:00,0.9999298909710226,1,First Class,Western Europe,Europe,Francia,Provenza-Alpes-Costa Azul
alert_15566,64350,2017-07-30 08:19:00,0.999929871545342,1,First Class,Western Europe,Europe,Francia,Aquitania-Lemosín-Poitou-Charentes
alert_15565,64350,2017-07-30 08:19:00,0.999929871545342,1,First Class,Western Europe,Europe,Francia,Aquitania-Lemosín-Poitou-Charentes
alert_18417,65556,2017-08-16 22:50:00,0.9999298679966422,1,First Class,Western Europe,Europe,Francia,Isla de Francia
alert_17953,65361,2017-08-14 02:31:00,0.9999298678483258,1,First Class,Western Europe,Europe,Francia,Languedoc-Rosellón-Mediodía-Pirineos
alert_12371,63014,2017-07-10 20:15:00,0.9999298678483258,1,First Class,Western Europe,Europe,Francia,Provenza-Alpes-Costa Azul
alert_17955,65361,2017-08-14 02:31:00,0.9999298678483258,1,First Class,Western Europe,Europe,Francia,Languedoc-Rosellón-Mediodía-Pirineos
alert_17954,65361,2017-08-14 02:31:00,0.9999298678483258,1,First Class,Western Europe,Europe,Francia,Languedoc-Rosellón-Mediodía-Pirineos
alert_12370,63014,2017-07-10 20:15:00,0.9999298678483258,1,First Class,Western Europe,Europe,Francia,Provenza-Alpes-Costa Azul
alert_12375,63014,2017-07-10 20:15:00,0.9999298678483258,1,First Class,Western Europe,Europe,Francia,Provenza-Alpes-Costa Azul
alert_10168,62108,2017-06-27 14:50:00,0.9999298604042471,1,First Class,Western Europe,Europe,Francia,Provenza-Alpes-Costa Azul
alert_31548,74165,2017-12-20 14:57:00,0.999929858454204,1,First Class,Southeast Asia,Pacific Asia,Indonesia,Java Central
alert_13325,63417,2017-07-16 17:26:00,0.9999298573960879,1,First Class,Western Europe,Europe,Francia,Languedoc-Rosellón-Mediodía-Pirineos
alert_13321,63416,2017-07-16 17:05:00,0.9999298573960879,1,First Class,Western Europe,Europe,Francia,Languedoc-Rosellón-Mediodía-Pirineos
alert_13322,63416,2017-07-16 17:05:00,0.9999298573960879,1,First Class,Western Europe,Europe,Francia,Languedoc-Rosellón-Mediodía-Pirineos
alert_25259,68403,2017-09-27 12:16:00,0.9999298515304273,1,First Class,Southern Europe,Europe,Italia,Lacio
alert_18636,65650,2017-08-18 07:46:00,0.9999298498988345,1,First Class,Northern Europe,Europe,Suecia,Västra Götaland
alert_3300,59140,2017-05-15 07:01:00,0.9999298488133918,1,First Class,Central America,LATAM,Honduras,Cortés
alert_3301,59140,2017-05-15 07:01:00,0.9999298488133918,1,First Class,Central America,LATAM,Honduras,Cortés
alert_3303,59140,2017-05-15 07:01:00,0.9999298488133918,1,First Class,Central America,LATAM,Honduras,Cortés
alert_6868,60644,2017-06-06 05:56:00,0.9999298488133918,1,First Class,Central America,LATAM,México,Colima
alert_6867,60644,2017-06-06 05:56:00,0.9999298488133918,1,First Class,Central America,LATAM,México,Colima
alert_6869,60644,2017-06-06 05:56:00,0.9999298488133918,1,First Class,Central America,LATAM,México,Colima
alert_6879,60645,2017-06-06 06:17:00,0.9999298488133918,1,First Class,Central America,LATAM,México,Colima
alert_6877,60645,2017-06-06 06:17:00,0.9999298488133918,1,First Class,Central America,LATAM,México,Colima
alert_6876,60645,2017-06-06 06:17:00,0.9999298488133918,1,First Class,Central America,LATAM,México,Colima
alert_6875,60645,2017-06-06 06:17:00,0.9999298488133918,1,First Class,Central America,LATAM,México,Colima
alert_18208,65466,2017-08-15 15:18:00,0.9999298424097601,1,First Class,Southern Europe,Europe,España,Madrid
alert_29337,71852,2017-11-16 20:36:00,0.9999298329797536,1,First Class,Oceania,Pacific Asia,Australia,Victoria
alert_13811,63635,2017-07-19 21:49:00,0.9999298273241141,1,First Class,Western Europe,Europe,Francia,Isla de Francia
alert_13808,63635,2017-07-19 21:49:00,0.9999298273241141,1,First Class,Western Europe,Europe,Francia,Isla de Francia
alert_26213,68835,2017-10-03 19:36:00,0.9999298201009854,1,First Class,Western Europe,Europe,Francia,Provenza-Alpes-Costa Azul
alert_12540,63078,2017-07-11 18:40:00,0.9999298201009854,1,First Class,Western Europe,Europe,Francia,Provenza-Alpes-Costa Azul
alert_22768,67391,2017-09-12 17:43:00,0.9999298201009854,1,First Class,Western Europe,Europe,Francia,Provenza-Alpes-Costa Azul
alert_28671,71159,2017-11-06 17:49:00,0.9999298056695398,1,First Class,Western Europe,Europe,Francia,Alsacia-Champaña-Ardenas-Lorena
alert_18368,65536,2017-08-16 15:49:00,0.9999298050234043,1,First Class,Southern Europe,Europe,Italia,Emilia-Romaña
alert_18367,65536,2017-08-16 15:49:00,0.9999298050234043,1,First Class,Southern Europe,Europe,Italia,Emilia-Romaña
alert_28128,70600,2017-10-29 13:58:00,0.9999297978882241,1,First Class,Western Europe,Europe,Alemania,Sarre
alert_10804,62369,2017-07-01 10:17:00,0.9999297866418516,1,First Class,Western Europe,Europe,Francia,Bretaña
alert_10802,62368,2017-07-01 09:56:00,0.9999297866418516,1,First Class,Western Europe,Europe,Francia,Bretaña
alert_10799,62367,2017-07-01 09:35:00,0.9999297866418516,1,First Class,Western Europe,Europe,Francia,Bretaña
alert_10805,62369,2017-07-01 10:17:00,0.9999297866418516,1,First Class,Western Europe,Europe,Francia,Bretaña
alert_10798,62366,2017-07-01 09:14:00,0.9999297866418516,1,First Class,Western Europe,Europe,Francia,Bretaña
alert_10809,62370,2017-07-01 10:38:00,0.9999297866418516,1,First Class,Western Europe,Europe,Francia,Bretaña
alert_10810,62370,2017-07-01 10:38:00,0.9999297866418516,1,First Class,Western Europe,Europe,Francia,Bretaña
alert_10803,62368,2017-07-01 09:56:00,0.9999297866418516,1,First Class,Western Europe,Europe,Francia,Bretaña
alert_10800,62367,2017-07-01 09:35:00,0.9999297866418516,1,First Class,Western Europe,Europe,Francia,Bretaña
alert_10801,62367,2017-07-01 09:35:00,0.9999297866418516,1,First Class,Western Europe,Europe,Francia,Bretaña
alert_29073,71597,2017-11-13 03:16:00,0.9999297658706188,1,First Class,Southeast Asia,Pacific Asia,Filipinas,Capital Nacional
alert_4799,59781,2017-05-24 15:35:00,0.9999297547371669,1,First Class,Central America,LATAM,Panamá,Chiriquí
alert_4802,59781,2017-05-24 15:35:00,0.9999297547371669,1,First Class,Central America,LATAM,Panamá,Chiriquí
alert_4801,59781,2017-05-24 15:35:00,0.9999297547371669,1,First Class,Central America,LATAM,Panamá,Chiriquí
alert_4800,59781,2017-05-24 15:35:00,0.9999297547371669,1,First Class,Central America,LATAM,Panamá,Chiriquí
alert_712,58085,2017-04-29 21:24:00,0.9999297547371669,1,First Class,Central America,LATAM,Nicaragua,Chinandega
alert_4798,59781,2017-05-24 15:35:00,0.9999297547371669,1,First Class,Central America,LATAM,Panamá,Chiriquí
alert_21823,66989,2017-09-06 20:52:00,0.9999297478761846,1,First Class,Western Europe,Europe,Alemania,Renania del Norte-Westfalia
alert_11814,62801,2017-07-07 17:38:00,0.9999297478761846,1,First Class,Western Europe,Europe,Alemania,Renania del Norte-Westfalia
alert_21824,66989,2017-09-06 20:52:00,0.9999297478761846,1,First Class,Western Europe,Europe,Alemania,Renania del Norte-Westfalia
alert_22369,67230,2017-09-10 09:18:00,0.9999297478761846,1,First Class,Western Europe,Europe,Alemania,Renania del Norte-Westfalia
alert_17896,65343,2017-08-13 20:12:00,0.9999297478761846,1,First Class,Western Europe,Europe,Alemania,Renania del Norte-Westfalia
alert_17885,65342,2017-08-13 19:51:00,0.9999297478761846,1,First Class,Western Europe,Europe,Alemania,Renania del Norte-Westfalia
alert_17883,65342,2017-08-13 19:51:00,0.9999297478761846,1,First Class,Western Europe,Europe,Alemania,Renania del Norte-Westfalia
alert_17882,65341,2017-08-13 19:30:00,0.9999297478761846,1,First Class,Western Europe,Europe,Alemania,Renania del Norte-Westfalia
alert_11816,62803,2017-07-07 18:20:00,0.9999297478761846,1,First Class,Western Europe,Europe,Alemania,Renania del Norte-Westfalia
alert_21825,66989,2017-09-06 20:52:00,0.9999297478761846,1,First Class,Western Europe,Europe,Alemania,Renania del Norte-Westfalia
alert_17814,65321,2017-08-13 12:30:00,0.9999297478761846,1,First Class,Western Europe,Europe,Alemania,Renania del Norte-Westfalia
alert_22361,67229,2017-09-10 08:57:00,0.9999297478761846,1,First Class,Western Europe,Europe,Alemania,Renania del Norte-Westfalia
alert_30498,72790,2017-12-04 13:13:00,0.9999297465057208,1,Second Class,South Asia,Pacific Asia,India,Uttarakhand
alert_25894,68709,2017-10-01 23:28:00,0.9999297404861778,1,First Class,Southern Europe,Europe,Italia,Emilia-Romaña
alert_25891,68709,2017-10-01 23:28:00,0.9999297404861778,1,First Class,Southern Europe,Europe,Italia,Emilia-Romaña
alert_25896,68709,2017-10-01 23:28:00,0.9999297404861778,1,First Class,Southern Europe,Europe,Italia,Emilia-Romaña
alert_15166,64175,2017-07-27 19:00:00,0.9999297367487315,1,First Class,Western Europe,Europe,Países Bajos,Utrecht
alert_15165,64175,2017-07-27 19:00:00,0.9999297367487315,1,First Class,Western Europe,Europe,Países Bajos,Utrecht
alert_20219,66344,2017-08-28 10:54:00,0.999929730837634,1,First Class,Western Europe,Europe,Francia,Auvernia-Ródano-Alpes
alert_20221,66344,2017-08-28 10:54:00,0.999929730837634,1,First Class,Western Europe,Europe,Francia,Auvernia-Ródano-Alpes
alert_870,58158,2017-04-30 22:59:00,0.9999297276710065,1,First Class,South America,LATAM,Argentina,Buenos Aires
alert_20514,66447,2017-08-29 22:59:00,0.9999297237295489,1,First Class,Western Europe,Europe,Alemania,Hesse
alert_20516,66447,2017-08-29 22:59:00,0.9999297237295489,1,First Class,Western Europe,Europe,Alemania,Hesse
alert_20517,66448,2017-08-29 23:20:00,0.9999297237295489,1,First Class,Western Europe,Europe,Alemania,Hesse
alert_8853,61520,2017-06-19 00:50:00,0.9999297013200513,1,First Class,South America,LATAM,Brasil,Bahía
alert_31575,74188,2017-12-20 23:00:00,0.9999296892093953,1,First Class,Southeast Asia,Pacific Asia,Indonesia,Jambi
alert_23347,67621,2017-09-16 02:17:00,0.9999296814979912,1,First Class,Western Europe,Europe,Países Bajos,Drenthe
alert_20222,66344,2017-08-28 10:54:00,0.9999296641505843,1,First Class,Western Europe,Europe,Francia,Auvernia-Ródano-Alpes
alert_27003,69403,2017-10-12 02:36:00,0.9999296631992002,1,First Class,Southern Europe,Europe,España,Andalucía
alert_27005,69404,2017-10-12 02:57:00,0.9999296631992002,1,First Class,Southern Europe,Europe,España,Andalucía
alert_34112,76855,2018-01-28 21:22:00,0.9999296576539474,1,First Class,Oceania,Pacific Asia,Australia,Territorio de la Capital Australiana
alert_23672,67743,2017-09-17 21:02:00,0.9999296567816596,1,First Class,Western Europe,Europe,Alemania,Berlín
alert_12203,62946,2017-07-09 20:26:00,0.9999296540623948,1,First Class,Western Europe,Europe,Austria,Viena
alert_22587,67310,2017-09-11 13:20:00,0.999929651661025,1,First Class,Western Europe,Europe,Países Bajos,Holanda Septentrional
alert_22588,67310,2017-09-11 13:20:00,0.999929651661025,1,First Class,Western Europe,Europe,Países Bajos,Holanda Septentrional
alert_22590,67310,2017-09-11 13:20:00,0.999929651661025,1,First Class,Western Europe,Europe,Países Bajos,Holanda Septentrional
alert_22591,67310,2017-09-11 13:20:00,0.999929651661025,1,First Class,Western Europe,Europe,Países Bajos,Holanda Septentrional
alert_13069,63318,2017-07-15 06:45:00,0.9999296479388388,1,First Class,Southern Europe,Europe,Italia,Lacio
alert_19946,66225,2017-08-26 17:13:00,0.9999296191926419,1,First Class,Northern Europe,Europe,Reino Unido,Inglaterra
alert_23346,67621,2017-09-16 02:17:00,0.9999296147641201,1,First Class,Western Europe,Europe,Países Bajos,Drenthe
alert_29254,71780,2017-11-15 19:22:00,0.9999295939186027,1,First Class,Oceania,Pacific Asia,Australia,Victoria
alert_10428,62212,2017-06-29 03:17:00,0.9999295895760003,1,First Class,Western Europe,Europe,Francia,Provenza-Alpes-Costa Azul
alert_21498,66862,2017-09-05 00:23:00,0.9999295880607759,1,First Class,Western Europe,Europe,Alemania,Schleswig-Holstein
alert_18120,65427,2017-08-15 01:38:00,0.9999295880607759,1,First Class,Western Europe,Europe,Alemania,Sajonia
alert_21500,66862,2017-09-05 00:23:00,0.9999295880607759,1,First Class,Western Europe,Europe,Alemania,Schleswig-Holstein
alert_21501,66862,2017-09-05 00:23:00,0.9999295880607759,1,First Class,Western Europe,Europe,Alemania,Schleswig-Holstein
alert_18121,65427,2017-08-15 01:38:00,0.9999295880607759,1,First Class,Western Europe,Europe,Alemania,Sajonia
alert_21497,66862,2017-09-05 00:23:00,0.9999295880607759,1,First Class,Western Europe,Europe,Alemania,Schleswig-Holstein
alert_12154,62929,2017-07-09 14:28:00,0.9999295581250077,1,First Class,Western Europe,Europe,Francia,Provenza-Alpes-Costa Azul
alert_12150,62929,2017-07-09 14:28:00,0.9999295581250077,1,First Class,Western Europe,Europe,Francia,Provenza-Alpes-Costa Azul
alert_12152,62929,2017-07-09 14:28:00,0.9999295581250077,1,First Class,Western Europe,Europe,Francia,Provenza-Alpes-Costa Azul
alert_12151,62929,2017-07-09 14:28:00,0.9999295581250077,1,First Class,Western Europe,Europe,Francia,Provenza-Alpes-Costa Azul
alert_13110,63330,2017-07-15 10:58:00,0.9999295581250077,1,First Class,Western Europe,Europe,Francia,Provenza-Alpes-Costa Azul
alert_13107,63330,2017-07-15 10:58:00,0.9999295581250077,1,First Class,Western Europe,Europe,Francia,Provenza-Alpes-Costa Azul
alert_13111,63330,2017-07-15 10:58:00,0.9999295581250077,1,First Class,Western Europe,Europe,Francia,Provenza-Alpes-Costa Azul
alert_12164,62930,2017-07-09 14:49:00,0.9999295581250077,1,First Class,Western Europe,Europe,Francia,Provenza-Alpes-Costa Azul
alert_12153,62929,2017-07-09 14:28:00,0.9999295581250077,1,First Class,Western Europe,Europe,Francia,Provenza-Alpes-Costa Azul
alert_9408,61786,2017-06-22 22:02:00,0.9999295523996459,1,First Class,Northern Europe,Europe,Reino Unido,Inglaterra
alert_19945,66225,2017-08-26 17:13:00,0.9999295523996459,1,First Class,Northern Europe,Europe,Reino Unido,Inglaterra
alert_19947,66225,2017-08-26 17:13:00,0.9999295523996459,1,First Class,Northern Europe,Europe,Reino Unido,Inglaterra
alert_19949,66225,2017-08-26 17:13:00,0.9999295523996459,1,First Class,Northern Europe,Europe,Reino Unido,Inglaterra
alert_9409,61786,2017-06-22 22:02:00,0.9999295523996459,1,First Class,Northern Europe,Europe,Reino Unido,Inglaterra
alert_19948,66225,2017-08-26 17:13:00,0.9999295523996459,1,First Class,Northern Europe,Europe,Reino Unido,Inglaterra
alert_18141,65437,2017-08-15 05:08:00,0.999929542404525,1,First Class,Western Europe,Europe,Francia,Auvernia
alert_9676,61898,2017-06-24 13:16:00,0.9999295103408027,1,First Class,Western Europe,Europe,Alemania,Bavaria
alert_20224,66344,2017-08-28 10:54:00,0.9999294911572291,1,First Class,Western Europe,Europe,Francia,Auvernia-Ródano-Alpes
alert_20223,66344,2017-08-28 10:54:00,0.9999294911572291,1,First Class,Western Europe,Europe,Francia,Auvernia-Ródano-Alpes
alert_28724,71220,2017-11-07 15:11:00,0.9999294800061481,1,First Class,Western Europe,Europe,Alemania,Hesse
alert_31970,74612,2017-12-27 03:33:00,0.9999294793093151,1,First Class,Eastern Asia,Pacific Asia,China,Sichuan
alert_31967,74610,2017-12-27 02:51:00,0.9999294793093151,1,First Class,Eastern Asia,Pacific Asia,China,Sichuan
alert_6556,60530,2017-06-04 14:00:00,0.999929472333184,1,First Class,Central America,LATAM,Nicaragua,Matagalpa
alert_6559,60530,2017-06-04 14:00:00,0.999929472333184,1,First Class,Central America,LATAM,Nicaragua,Matagalpa
alert_6557,60530,2017-06-04 14:00:00,0.999929472333184,1,First Class,Central America,LATAM,Nicaragua,Matagalpa
alert_26970,69369,2017-10-11 14:42:00,0.999929471752482,1,First Class,Southern Europe,Europe,España,Islas Baleares
alert_3552,59240,2017-05-16 18:03:00,0.9999294441816577,1,First Class,Central America,LATAM,México,Jalisco
alert_3547,59240,2017-05-16 18:03:00,0.9999294441816577,1,First Class,Central America,LATAM,México,Jalisco
alert_30709,73288,2017-12-07 19:42:00,0.9999294429758282,1,First Class,Eastern Asia,Pacific Asia,China,Jiangsu
alert_30708,73287,2017-12-07 19:21:00,0.9999294429758282,1,First Class,Eastern Asia,Pacific Asia,China,Jiangsu
alert_31553,74168,2017-12-20 16:00:00,0.9999294274835365,1,First Class,Oceania,Pacific Asia,Australia,Nueva Gales del Sur
alert_31577,74189,2017-12-20 23:21:00,0.9999294274835365,1,First Class,Eastern Asia,Pacific Asia,China,Sichuan
alert_32791,75457,2018-01-08 11:35:00,0.9999294269298339,1,First Class,Oceania,Pacific Asia,Australia,Territorio de la Capital Australiana
alert_32792,75458,2018-01-08 11:56:00,0.9999294269298339,1,First Class,Oceania,Pacific Asia,Australia,Territorio de la Capital Australiana
alert_30516,73080,2017-12-04 18:49:00,0.9999294187311294,1,First Class,South Asia,Pacific Asia,India,Haryana
alert_22728,67373,2017-09-12 11:24:00,0.9999294176901307,1,First Class,Southern Europe,Europe,Italia,Sicilia
alert_22729,67373,2017-09-12 11:24:00,0.9999294176901307,1,First Class,Southern Europe,Europe,Italia,Sicilia
alert_22730,67373,2017-09-12 11:24:00,0.9999294176901307,1,First Class,Southern Europe,Europe,Italia,Sicilia
alert_22731,67373,2017-09-12 11:24:00,0.9999294176901307,1,First Class,Southern Europe,Europe,Italia,Sicilia
alert_5575,60122,2017-05-29 15:03:00,0.9999294132314652,1,First Class,Central America,LATAM,Guatemala,Guatemala
alert_4504,59635,2017-05-22 12:26:00,0.9999294132314652,1,First Class,Central America,LATAM,Guatemala,Guatemala
alert_28486,70952,2017-11-03 17:17:00,0.9999293928260568,1,First Class,Northern Europe,Europe,Reino Unido,Inglaterra
alert_28485,70951,2017-11-03 16:56:00,0.9999293928260568,1,First Class,Northern Europe,Europe,Reino Unido,Inglaterra
alert_28461,70936,2017-11-03 11:41:00,0.9999293928260568,1,First Class,Northern Europe,Europe,Reino Unido,Inglaterra
alert_28557,71029,2017-11-04 20:16:00,0.9999293928260568,1,First Class,Northern Europe,Europe,Reino Unido,Inglaterra
alert_16252,64667,2017-08-03 23:22:00,0.9999293928260568,1,First Class,Northern Europe,Europe,Reino Unido,Inglaterra
alert_28563,71031,2017-11-04 20:58:00,0.9999293928260568,1,First Class,Northern Europe,Europe,Reino Unido,Inglaterra
alert_10927,62425,2017-07-02 05:54:00,0.9999293928260568,1,First Class,Northern Europe,Europe,Reino Unido,Inglaterra
alert_10924,62425,2017-07-02 05:54:00,0.9999293928260568,1,First Class,Northern Europe,Europe,Reino Unido,Inglaterra
alert_16253,64667,2017-08-03 23:22:00,0.9999293928260568,1,First Class,Northern Europe,Europe,Reino Unido,Inglaterra
alert_10925,62425,2017-07-02 05:54:00,0.9999293928260568,1,First Class,Northern Europe,Europe,Reino Unido,Inglaterra
alert_16194,64633,2017-08-03 11:28:00,0.9999293928260568,1,First Class,Northern Europe,Europe,Reino Unido,Inglaterra
alert_28560,71030,2017-11-04 20:37:00,0.9999293928260568,1,First Class,Northern Europe,Europe,Reino Unido,Inglaterra
alert_30205,72767,2017-11-30 05:10:00,0.9999293893827311,1,First Class,Oceania,Pacific Asia,Australia,Australia Occidental
alert_26216,68835,2017-10-03 19:36:00,0.9999293791259707,1,First Class,Western Europe,Europe,Francia,Provenza-Alpes-Costa Azul
alert_3558,59244,2017-05-16 19:27:00,0.9999293648068551,1,First Class,Central America,LATAM,El Salvador,San Salvador
alert_3497,59221,2017-05-16 11:24:00,0.9999293648068551,1,First Class,Caribbean,LATAM,Cuba,Mayabeque
alert_3499,59222,2017-05-16 11:45:00,0.9999293648068551,1,First Class,Caribbean,LATAM,Cuba,Mayabeque
alert_34257,76997,2018-01-30 23:07:00,0.9999293531197585,1,First Class,Southeast Asia,Pacific Asia,Indonesia,Java Occidental
alert_31580,74190,2017-12-20 23:42:00,0.9999293502973791,1,First Class,Oceania,Pacific Asia,Australia,Australia Occidental
alert_28253,70445,2017-10-31 07:40:00,0.9999293499034478,1,Second Class,Northern Europe,Europe,Finlandia,Finlandia del Sudoeste
alert_13301,63411,2017-07-16 15:20:00,0.9999293406918972,1,First Class,Southern Europe,Europe,Italia,Emilia-Romaña
alert_13303,63411,2017-07-16 15:20:00,0.9999293406918972,1,First Class,Southern Europe,Europe,Italia,Emilia-Romaña
alert_13304,63412,2017-07-16 15:41:00,0.9999293406918972,1,First Class,Southern Europe,Europe,Italia,Emilia-Romaña
alert_13307,63412,2017-07-16 15:41:00,0.9999293406918972,1,First Class,Southern Europe,Europe,Italia,Emilia-Romaña
alert_13306,63412,2017-07-16 15:41:00,0.9999293406918972,1,First Class,Southern Europe,Europe,Italia,Emilia-Romaña
alert_13305,63412,2017-07-16 15:41:00,0.9999293406918972,1,First Class,Southern Europe,Europe,Italia,Emilia-Romaña
alert_13308,63412,2017-07-16 15:41:00,0.9999293406918972,1,First Class,Southern Europe,Europe,Italia,Emilia-Romaña
alert_4392,59589,2017-05-21 20:19:00,0.999929330451547,1,First Class,South America,LATAM,Brasil,Paraná
alert_27411,69819,2017-10-18 04:21:00,0.9999293289539408,1,First Class,Western Europe,Europe,Países Bajos,Holanda Meridional
alert_27414,69820,2017-10-18 04:42:00,0.9999293289539408,1,First Class,Western Europe,Europe,Países Bajos,Holanda Meridional
alert_13807,63635,2017-07-19 21:49:00,0.9999293289539408,1,First Class,Western Europe,Europe,Francia,Isla de Francia
alert_13809,63635,2017-07-19 21:49:00,0.9999293289539408,1,First Class,Western Europe,Europe,Francia,Isla de Francia
alert_27409,69816,2017-10-18 03:18:00,0.9999293289539408,1,First Class,Western Europe,Europe,Países Bajos,Holanda Meridional
alert_13806,63635,2017-07-19 21:49:00,0.9999293289539408,1,First Class,Western Europe,Europe,Francia,Isla de Francia
alert_34301,77049,2018-01-31 17:20:00,0.9999293271064615,1,First Class,South Asia,Pacific Asia,Bangladés,Daca
alert_20255,66355,2017-08-28 14:45:00,0.9999293210262303,1,First Class,Western Europe,Europe,Alemania,Baden-Wurtemberg
alert_20263,66356,2017-08-28 15:06:00,0.9999293210262303,1,First Class,Western Europe,Europe,Alemania,Baden-Wurtemberg
alert_20256,66355,2017-08-28 14:45:00,0.9999293210262303,1,First Class,Western Europe,Europe,Alemania,Baden-Wurtemberg
alert_20257,66355,2017-08-28 14:45:00,0.9999293210262303,1,First Class,Western Europe,Europe,Alemania,Baden-Wurtemberg
alert_7858,61076,2017-06-12 13:17:00,0.9999293160473782,1,First Class,South America,LATAM,Venezuela,Aragua
alert_7859,61076,2017-06-12 13:17:00,0.9999293160473782,1,First Class,South America,LATAM,Venezuela,Aragua
alert_7857,61076,2017-06-12 13:17:00,0.9999293160473782,1,First Class,South America,LATAM,Venezuela,Aragua
alert_9412,61787,2017-06-22 22:23:00,0.9999293116212403,1,First Class,Southern Europe,Europe,España,País Vasco
alert_9414,61787,2017-06-22 22:23:00,0.9999293116212403,1,First Class,Southern Europe,Europe,España,País Vasco
alert_9410,61787,2017-06-22 22:23:00,0.9999293116212403,1,First Class,Southern Europe,Europe,España,País Vasco
alert_12412,63030,2017-07-11 01:51:00,0.9999293020814408,1,First Class,Western Europe,Europe,Bélgica,Henao
alert_22482,67273,2017-09-11 00:22:00,0.9999293020814408,1,First Class,Western Europe,Europe,Alemania,Hesse
alert_18133,65433,2017-08-15 03:44:00,0.9999293020814408,1,First Class,Western Europe,Europe,Francia,Auvernia-Ródano-Alpes
alert_18134,65433,2017-08-15 03:44:00,0.9999293020814408,1,First Class,Western Europe,Europe,Francia,Auvernia-Ródano-Alpes
alert_22481,67273,2017-09-11 00:22:00,0.9999293020814408,1,First Class,Western Europe,Europe,Alemania,Hesse
alert_16793,64903,2017-08-07 10:03:00,0.9999293020814408,1,First Class,Western Europe,Europe,Alemania,Baden-Wurtemberg
alert_22480,67273,2017-09-11 00:22:00,0.9999293020814408,1,First Class,Western Europe,Europe,Alemania,Hesse
alert_28714,71202,2017-11-07 08:52:00,0.9999293020814408,1,First Class,Western Europe,Europe,Alemania,Baden-Wurtemberg
alert_31310,73911,2017-12-16 21:57:00,0.9999293020132285,1,First Class,Eastern Asia,Pacific Asia,Corea del Sur,Gyeonggi
alert_23477,67678,2017-09-16 22:16:00,0.9999293020132285,1,First Class,Northern Europe,Europe,Reino Unido,Inglaterra
alert_23475,67678,2017-09-16 22:16:00,0.9999293020132285,1,First Class,Northern Europe,Europe,Reino Unido,Inglaterra
alert_23476,67678,2017-09-16 22:16:00,0.9999293020132285,1,First Class,Northern Europe,Europe,Reino Unido,Inglaterra
alert_28744,71241,2017-11-07 22:32:00,0.9999292947864196,1,First Class,Western Europe,Europe,Francia,Norte-Paso de Calais-Picardía
alert_28742,71240,2017-11-07 22:11:00,0.9999292947864196,1,First Class,Western Europe,Europe,Francia,Norte-Paso de Calais-Picardía
alert_31672,74290,2017-12-22 10:44:00,0.9999292831040619,1,First Class,South Asia,Pacific Asia,India,Guyarat
alert_28371,70853,2017-11-02 06:36:00,0.999929276529386,1,First Class,Western Europe,Europe,Alemania,Hamburgo
alert_28370,70852,2017-11-02 06:15:00,0.999929276529386,1,First Class,Western Europe,Europe,Alemania,Hamburgo
alert_9312,61744,2017-06-22 07:19:00,0.9999292758395764,1,First Class,Southern Europe,Europe,España,Cataluña
alert_9313,61744,2017-06-22 07:19:00,0.9999292758395764,1,First Class,Southern Europe,Europe,España,Cataluña
alert_16779,64898,2017-08-07 08:18:00,0.9999292639918445,1,First Class,Western Europe,Europe,Alemania,Sarre
alert_16776,64897,2017-08-07 07:57:00,0.9999292639918445,1,First Class,Western Europe,Europe,Alemania,Sarre
alert_16775,64897,2017-08-07 07:57:00,0.9999292639918445,1,First Class,Western Europe,Europe,Alemania,Sarre
alert_33612,76349,2018-01-21 12:06:00,0.999929259016025,1,First Class,Eastern Asia,Pacific Asia,Japón,Tokio
alert_18215,65468,2017-08-15 16:00:00,0.9999292551960848,1,First Class,Western Europe,Europe,Francia,Isla de Francia
alert_10523,62250,2017-06-29 16:35:00,0.9999292500582847,1,First Class,Southern Europe,Europe,Portugal,Porto
alert_24305,68043,2017-09-22 06:08:00,0.9999292278774798,1,First Class,Western Europe,Europe,Alemania,Renania del Norte-Westfalia
alert_871,58158,2017-04-30 22:59:00,0.9999292190061779,1,First Class,South America,LATAM,Argentina,Buenos Aires
alert_8856,61520,2017-06-19 00:50:00,0.9999291924644954,1,First Class,South America,LATAM,Brasil,Bahía
alert_8855,61520,2017-06-19 00:50:00,0.9999291924644954,1,First Class,South America,LATAM,Brasil,Bahía
alert_30646,73226,2017-12-06 21:58:00,0.9999291766203243,1,First Class,Southeast Asia,Pacific Asia,Myanmar (Birmania),Rangún
alert_24995,68314,2017-09-26 05:05:00,0.9999291410570696,1,First Class,Southern Europe,Europe,Italia,Lombardía
alert_14968,64092,2017-07-26 13:55:00,0.9999291410570696,1,First Class,Southern Europe,Europe,España,Madrid
alert_24653,68173,2017-09-24 03:41:00,0.9999291410570696,1,First Class,Southern Europe,Europe,España,País Vasco
alert_28547,71019,2017-11-04 16:46:00,0.9999291399450652,1,First Class,Western Europe,Europe,Alemania,Berlín
alert_13298,63410,2017-07-16 14:59:00,0.999929138018061,1,First Class,Southern Europe,Europe,Italia,Lacio
alert_11685,62751,2017-07-07 00:07:00,0.9999291368187427,1,First Class,Southern Europe,Europe,Italia,Liguria
alert_23726,67774,2017-09-18 07:54:00,0.9999291061474899,1,First Class,Western Europe,Europe,Alemania,Baden-Wurtemberg
alert_23727,67774,2017-09-18 07:54:00,0.9999291061474899,1,First Class,Western Europe,Europe,Alemania,Baden-Wurtemberg
alert_18197,65464,2017-08-15 14:36:00,0.9999291003404894,1,First Class,Southern Europe,Europe,España,Madrid
alert_25864,68688,2017-10-01 16:06:00,0.9999290967980823,1,First Class,Northern Europe,Europe,Reino Unido,Inglaterra
alert_34337,77093,2018-02-01 08:45:00,0.9999290717398609,1,First Class,Oceania,Pacific Asia,Australia,Victoria
alert_20149,66318,2017-08-28 01:47:00,0.9999290575449571,1,First Class,Western Europe,Europe,Suiza,Lucerna
alert_4671,59729,2017-05-23 21:22:00,0.9999290525258769,1,First Class,Central America,LATAM,México,Nuevo León
alert_4669,59729,2017-05-23 21:22:00,0.9999290525258769,1,First Class,Central America,LATAM,México,Nuevo León
alert_4670,59729,2017-05-23 21:22:00,0.9999290525258769,1,First Class,Central America,LATAM,México,Nuevo León
alert_4682,59731,2017-05-23 22:04:00,0.9999290525258769,1,First Class,Central America,LATAM,México,Nuevo León
alert_4672,59729,2017-05-23 21:22:00,0.9999290525258769,1,First Class,Central America,LATAM,México,Nuevo León
alert_30564,73134,2017-12-05 13:44:00,0.9999290488488731,1,First Class,Southeast Asia,Pacific Asia,Singapur,Singapur
alert_20709,66516,2017-08-30 23:10:00,0.9999290487163824,1,First Class,Western Europe,Europe,Alemania,Berlín
alert_16074,64583,2017-08-02 17:57:00,0.9999290411323534,1,First Class,Northern Europe,Europe,Reino Unido,Inglaterra
alert_16075,64583,2017-08-02 17:57:00,0.9999290411323534,1,First Class,Northern Europe,Europe,Reino Unido,Inglaterra
alert_26907,69306,2017-10-10 16:37:00,0.9999290074661691,1,First Class,Western Europe,Europe,Francia,Isla de Francia
alert_27752,70203,2017-10-23 18:53:00,0.9999289941921486,1,First Class,Northern Europe,Europe,Reino Unido,Inglaterra
alert_12234,62954,2017-07-09 23:14:00,0.9999289933965346,1,First Class,Western Europe,Europe,Francia,Isla de Francia
alert_12219,62950,2017-07-09 21:50:00,0.9999289933965346,1,First Class,Western Europe,Europe,Francia,Isla de Francia
alert_12215,62950,2017-07-09 21:50:00,0.9999289933965346,1,First Class,Western Europe,Europe,Francia,Isla de Francia
alert_25874,68695,2017-10-01 18:34:00,0.9999289933965346,1,First Class,Western Europe,Europe,Francia,Isla de Francia
alert_12869,63249,2017-07-14 06:35:00,0.9999289933965346,1,First Class,Western Europe,Europe,Francia,Isla de Francia
alert_27812,70266,2017-10-24 16:57:00,0.9999289907028294,1,First Class,Western Europe,Europe,Alemania,Brandenburgo
alert_32719,75383,2018-01-07 09:40:00,0.9999289810390118,1,First Class,Oceania,Pacific Asia,Australia,Victoria
alert_28205,70670,2017-10-30 14:29:00,0.9999289632129431,1,First Class,Western Europe,Europe,Francia,Isla de Francia
alert_30621,72994,2017-12-06 12:41:00,0.9999289431737768,1,Second Class,Eastern Asia,Pacific Asia,China,Heilongjiang
alert_27305,69719,2017-10-16 17:19:00,0.9999289353227181,1,First Class,Southern Europe,Europe,España,Andalucía
alert_27311,69724,2017-10-16 19:04:00,0.9999289353227181,1,First Class,Southern Europe,Europe,España,Andalucía
alert_27307,69720,2017-10-16 17:40:00,0.9999289353227181,1,First Class,Southern Europe,Europe,España,Andalucía
alert_27310,69723,2017-10-16 18:43:00,0.9999289353227181,1,First Class,Southern Europe,Europe,España,Andalucía
alert_13360,63437,2017-07-17 00:27:00,0.9999289350875663,1,First Class,Western Europe,Europe,Alemania,Baden-Wurtemberg
alert_16150,64616,2017-08-03 05:30:00,0.9999289286214008,1,First Class,Western Europe,Europe,Francia,Provenza-Alpes-Costa Azul
alert_21092,66684,2017-09-02 10:01:00,0.9999289286214008,1,First Class,Western Europe,Europe,Francia,Provenza-Alpes-Costa Azul
alert_21093,66684,2017-09-02 10:01:00,0.9999289286214008,1,First Class,Western Europe,Europe,Francia,Provenza-Alpes-Costa Azul
alert_16149,64616,2017-08-03 05:30:00,0.9999289286214008,1,First Class,Western Europe,Europe,Francia,Provenza-Alpes-Costa Azul
alert_16148,64616,2017-08-03 05:30:00,0.9999289286214008,1,First Class,Western Europe,Europe,Francia,Provenza-Alpes-Costa Azul
alert_29793,72337,2017-11-23 22:31:00,0.9999289124510387,1,First Class,Eastern Asia,Pacific Asia,Japón,Kagawa
alert_26326,68883,2017-10-04 12:25:00,0.9999289102520788,1,First Class,Western Europe,Europe,Francia,Aquitania-Lemosín-Poitou-Charentes
alert_26325,68883,2017-10-04 12:25:00,0.9999289102520788,1,First Class,Western Europe,Europe,Francia,Aquitania-Lemosín-Poitou-Charentes
alert_16079,64584,2017-08-02 18:18:00,0.9999288880502328,1,First Class,Southern Europe,Europe,Italia,Piamonte
alert_16084,64585,2017-08-02 18:39:00,0.9999288880502328,1,First Class,Southern Europe,Europe,Italia,Piamonte
alert_30874,73457,2017-12-10 06:54:00,0.9999288840042837,1,First Class,Southeast Asia,Pacific Asia,Indonesia,Sumatra Occidental
alert_14099,63769,2017-07-21 20:46:00,0.9999288806784806,1,First Class,Western Europe,Europe,Francia,Auvernia-Ródano-Alpes
alert_14036,63737,2017-07-21 09:33:00,0.9999288806784806,1,First Class,Western Europe,Europe,Francia,Auvernia-Ródano-Alpes
alert_22362,67229,2017-09-10 08:57:00,0.9999288708442677,1,First Class,Western Europe,Europe,Alemania,Renania del Norte-Westfalia
alert_22293,67204,2017-09-10 00:12:00,0.9999288636955175,1,First Class,Southern Europe,Europe,Italia,Emilia-Romaña
alert_22292,67204,2017-09-10 00:12:00,0.9999288636955175,1,First Class,Southern Europe,Europe,Italia,Emilia-Romaña
alert_4144,59470,2017-05-20 02:38:00,0.9999288629984503,1,First Class,Central America,LATAM,El Salvador,San Salvador
alert_15742,64436,2017-07-31 14:27:00,0.9999288584706718,1,First Class,Northern Europe,Europe,Reino Unido,Escocia
alert_25005,68315,2017-09-26 05:26:00,0.9999288448326522,1,First Class,Western Europe,Europe,Francia,Norte-Paso de Calais-Picardía
alert_19340,65952,2017-08-22 17:34:00,0.9999288448326522,1,First Class,Western Europe,Europe,Alemania,Renania del Norte-Westfalia
alert_24505,68124,2017-09-23 10:31:00,0.9999288448326522,1,First Class,Western Europe,Europe,Francia,Provenza-Alpes-Costa Azul
alert_10423,62211,2017-06-29 02:56:00,0.9999288448326522,1,First Class,Western Europe,Europe,Francia,Provenza-Alpes-Costa Azul
alert_25009,68316,2017-09-26 05:47:00,0.9999288448326522,1,First Class,Western Europe,Europe,Francia,Norte-Paso de Calais-Picardía
alert_24674,68177,2017-09-24 05:05:00,0.9999288448326522,1,First Class,Western Europe,Europe,Francia,Provenza-Alpes-Costa Azul
alert_27386,69792,2017-10-17 18:53:00,0.9999288400629737,1,First Class,Western Europe,Europe,Francia,Languedoc-Rosellón-Mediodía-Pirineos
alert_15010,64118,2017-07-26 23:02:00,0.9999288388736298,1,First Class,Western Europe,Europe,Francia,Isla de Francia
alert_9484,61807,2017-06-23 05:23:00,0.9999288388736298,1,First Class,Western Europe,Europe,Francia,Isla de Francia
alert_26672,69087,2017-10-07 11:54:00,0.9999288264547975,1,First Class,Western Europe,Europe,Alemania,Berlín
alert_26673,69088,2017-10-07 12:15:00,0.9999288264547975,1,First Class,Western Europe,Europe,Alemania,Berlín
alert_26702,69105,2017-10-07 18:12:00,0.9999288264547975,1,First Class,Western Europe,Europe,Alemania,Berlín
alert_26704,69106,2017-10-07 18:33:00,0.9999288264547975,1,First Class,Western Europe,Europe,Alemania,Berlín
alert_23340,67620,2017-09-16 01:56:00,0.9999288231535948,1,First Class,Western Europe,Europe,Francia,Isla de Francia
alert_23331,67617,2017-09-16 00:53:00,0.9999288231535948,1,First Class,Western Europe,Europe,Francia,Isla de Francia
alert_23334,67619,2017-09-16 01:35:00,0.9999288231535948,1,First Class,Western Europe,Europe,Francia,Isla de Francia
alert_23333,67619,2017-09-16 01:35:00,0.9999288231535948,1,First Class,Western Europe,Europe,Francia,Isla de Francia
alert_18504,65592,2017-08-17 11:26:00,0.9999288137683946,1,First Class,Western Europe,Europe,Alemania,Schleswig-Holstein
alert_18502,65592,2017-08-17 11:26:00,0.9999288137683946,1,First Class,Western Europe,Europe,Alemania,Schleswig-Holstein
alert_29342,71858,2017-11-16 22:42:00,0.9999288129359031,1,First Class,South Asia,Pacific Asia,India,Maharashtra
alert_8512,61370,2017-06-16 20:17:00,0.9999288129359031,1,First Class,South America,LATAM,Brasil,Marañón
alert_8510,61370,2017-06-16 20:17:00,0.9999288129359031,1,First Class,South America,LATAM,Brasil,Marañón
alert_8509,61370,2017-06-16 20:17:00,0.9999288129359031,1,First Class,South America,LATAM,Brasil,Marañón
alert_8525,61373,2017-06-16 21:20:00,0.9999288129359031,1,First Class,South America,LATAM,Brasil,Marañón
alert_29283,71800,2017-11-16 02:23:00,0.9999288129359031,1,First Class,Oceania,Pacific Asia,Australia,Nueva Gales del Sur
alert_29286,71801,2017-11-16 02:44:00,0.9999288129359031,1,First Class,Oceania,Pacific Asia,Australia,Queensland
alert_31288,73887,2017-12-16 13:33:00,0.9999288129359031,1,First Class,Oceania,Pacific Asia,Australia,Nueva Gales del Sur
alert_8520,61372,2017-06-16 20:59:00,0.9999288129359031,1,First Class,South America,LATAM,Brasil,Mato Grosso
alert_8526,61373,2017-06-16 21:20:00,0.9999288129359031,1,First Class,South America,LATAM,Brasil,Marañón
alert_8524,61373,2017-06-16 21:20:00,0.9999288129359031,1,First Class,South America,LATAM,Brasil,Marañón
alert_8511,61370,2017-06-16 20:17:00,0.9999288129359031,1,First Class,South America,LATAM,Brasil,Marañón
alert_8513,61370,2017-06-16 20:17:00,0.9999288129359031,1,First Class,South America,LATAM,Brasil,Marañón
alert_8522,61373,2017-06-16 21:20:00,0.9999288129359031,1,First Class,South America,LATAM,Brasil,Marañón
alert_8523,61373,2017-06-16 21:20:00,0.9999288129359031,1,First Class,South America,LATAM,Brasil,Marañón
alert_8521,61372,2017-06-16 20:59:00,0.9999288129359031,1,First Class,South America,LATAM,Brasil,Mato Grosso
alert_29496,72026,2017-11-19 09:33:00,0.9999288050381111,1,First Class,Oceania,Pacific Asia,Australia,Territorio de la Capital Australiana
alert_29469,71999,2017-11-19 00:06:00,0.9999288050381111,1,First Class,Oceania,Pacific Asia,Australia,Victoria
alert_29467,71996,2017-11-18 23:03:00,0.9999288050381111,1,First Class,Oceania,Pacific Asia,Australia,Victoria
alert_29494,72025,2017-11-19 09:12:00,0.9999288050381111,1,First Class,Oceania,Pacific Asia,Australia,Territorio de la Capital Australiana
alert_29465,71995,2017-11-18 22:42:00,0.9999288050381111,1,First Class,Oceania,Pacific Asia,Australia,Victoria
alert_24884,68261,2017-09-25 10:31:00,0.99992879278655,1,First Class,Southern Europe,Europe,Italia,Campania
alert_18369,65536,2017-08-16 15:49:00,0.9999287878989833,1,First Class,Southern Europe,Europe,Italia,Emilia-Romaña
alert_18366,65536,2017-08-16 15:49:00,0.9999287878989833,1,First Class,Southern Europe,Europe,Italia,Emilia-Romaña
alert_2209,58694,2017-05-08 18:46:00,0.9999287734334794,1,First Class,Caribbean,LATAM,Cuba,Camagüey
alert_20627,66483,2017-08-30 11:36:00,0.9999287660801305,1,First Class,Western Europe,Europe,Alemania,Bavaria
alert_20632,66484,2017-08-30 11:57:00,0.9999287660801305,1,First Class,Western Europe,Europe,Alemania,Bavaria
alert_20634,66484,2017-08-30 11:57:00,0.9999287660801305,1,First Class,Western Europe,Europe,Alemania,Bavaria
alert_20638,66485,2017-08-30 12:18:00,0.9999287660801305,1,First Class,Western Europe,Europe,Alemania,Bavaria
alert_20623,66483,2017-08-30 11:36:00,0.9999287660801305,1,First Class,Western Europe,Europe,Alemania,Bavaria
alert_20625,66483,2017-08-30 11:36:00,0.9999287660801305,1,First Class,Western Europe,Europe,Alemania,Bavaria
alert_20626,66483,2017-08-30 11:36:00,0.9999287660801305,1,First Class,Western Europe,Europe,Alemania,Bavaria
alert_5846,60232,2017-05-31 05:36:00,0.9999287620659688,1,First Class,Central America,LATAM,El Salvador,San Salvador
alert_32649,75316,2018-01-06 10:11:00,0.9999287557278167,1,First Class,Southeast Asia,Pacific Asia,Vietnam,Th? Dô Hà N?i
alert_32676,75338,2018-01-06 17:54:00,0.9999287557278167,1,First Class,Southeast Asia,Pacific Asia,Vietnam,Th? Dô Hà N?i
alert_32643,75314,2018-01-06 09:29:00,0.9999287557278167,1,First Class,Southeast Asia,Pacific Asia,Vietnam,Th? Dô Hà N?i
alert_32646,75315,2018-01-06 09:50:00,0.9999287557278167,1,First Class,Southeast Asia,Pacific Asia,Vietnam,Th? Dô Hà N?i
alert_4351,59574,2017-05-21 15:04:00,0.9999287348286346,1,First Class,South America,LATAM,Argentina,Buenos Aires
alert_2377,58762,2017-05-09 18:35:00,0.9999287342656256,1,First Class,Central America,LATAM,Guatemala,Guatemala
alert_2378,58762,2017-05-09 18:35:00,0.9999287342656256,1,First Class,Central America,LATAM,Guatemala,Guatemala
alert_18221,65469,2017-08-15 16:21:00,0.9999287196288743,1,First Class,Western Europe,Europe,Francia,Isla de Francia
alert_19420,65987,2017-08-23 05:50:00,0.9999287029758371,1,First Class,Southern Europe,Europe,Italia,Toscana
alert_25649,68573,2017-09-29 23:49:00,0.9999287029758371,1,First Class,Southern Europe,Europe,Italia,Sicilia
alert_19423,65987,2017-08-23 05:50:00,0.9999287029758371,1,First Class,Southern Europe,Europe,Italia,Toscana
alert_15654,64399,2017-07-31 01:29:00,0.9999286804014834,1,First Class,Southern Europe,Europe,Italia,Emilia-Romaña
alert_15656,64399,2017-07-31 01:29:00,0.9999286804014834,1,First Class,Southern Europe,Europe,Italia,Emilia-Romaña
alert_19302,65939,2017-08-22 13:01:00,0.9999286731422466,1,First Class,Western Europe,Europe,Francia,Normandía
alert_24520,68130,2017-09-23 12:37:00,0.9999286731422466,1,First Class,Western Europe,Europe,Alemania,Renania del Norte-Westfalia
alert_19426,65989,2017-08-23 06:32:00,0.9999286731422466,1,First Class,Western Europe,Europe,Alemania,Renania del Norte-Westfalia
alert_10166,62108,2017-06-27 14:50:00,0.9999286731422466,1,First Class,Western Europe,Europe,Francia,Provenza-Alpes-Costa Azul
alert_15377,64279,2017-07-29 07:26:00,0.9999286731422466,1,First Class,Western Europe,Europe,Francia,Provenza-Alpes-Costa Azul
alert_14412,63882,2017-07-23 12:21:00,0.9999286731422466,1,First Class,Western Europe,Europe,Alemania,Renania del Norte-Westfalia
alert_19300,65939,2017-08-22 13:01:00,0.9999286731422466,1,First Class,Western Europe,Europe,Francia,Normandía
alert_19838,66179,2017-08-26 01:06:00,0.9999286731422466,1,First Class,Western Europe,Europe,Francia,Normandía
alert_19836,66178,2017-08-26 00:45:00,0.9999286731422466,1,First Class,Western Europe,Europe,Francia,Normandía
alert_14279,63834,2017-07-22 19:32:00,0.9999286731422466,1,First Class,Western Europe,Europe,Alemania,Renania del Norte-Westfalia
alert_15009,64117,2017-07-26 22:41:00,0.9999286731422466,1,First Class,Western Europe,Europe,Alemania,Renania del Norte-Westfalia
alert_14409,63881,2017-07-23 12:00:00,0.9999286731422466,1,First Class,Western Europe,Europe,Alemania,Renania del Norte-Westfalia
alert_10464,62225,2017-06-29 07:50:00,0.9999286731422466,1,First Class,Western Europe,Europe,Alemania,Renania del Norte-Westfalia
alert_14408,63881,2017-07-23 12:00:00,0.9999286731422466,1,First Class,Western Europe,Europe,Alemania,Renania del Norte-Westfalia
alert_19304,65939,2017-08-22 13:01:00,0.9999286731422466,1,First Class,Western Europe,Europe,Francia,Normandía
alert_10391,62202,2017-06-28 23:46:00,0.9999286731422466,1,First Class,Western Europe,Europe,Francia,Provenza-Alpes-Costa Azul
alert_27421,69831,2017-10-18 08:33:00,0.9999286683610601,1,First Class,Western Europe,Europe,Alemania,Renania del Norte-Westfalia
alert_27356,69766,2017-10-17 09:47:00,0.9999286683610601,1,First Class,Western Europe,Europe,Francia,Norte-Paso de Calais-Picardía
alert_27416,69821,2017-10-18 05:03:00,0.9999286683610601,1,First Class,Western Europe,Europe,Francia,Provenza-Alpes-Costa Azul
alert_23987,67888,2017-09-19 23:50:00,0.9999286683610601,1,First Class,Western Europe,Europe,Alemania,Renania del Norte-Westfalia
alert_23989,67888,2017-09-19 23:50:00,0.9999286683610601,1,First Class,Western Europe,Europe,Alemania,Renania del Norte-Westfalia
alert_23990,67888,2017-09-19 23:50:00,0.9999286683610601,1,First Class,Western Europe,Europe,Alemania,Renania del Norte-Westfalia
alert_23986,67888,2017-09-19 23:50:00,0.9999286683610601,1,First Class,Western Europe,Europe,Alemania,Renania del Norte-Westfalia
alert_4353,59574,2017-05-21 15:04:00,0.9999286671964167,1,First Class,South America,LATAM,Argentina,Buenos Aires
alert_4354,59574,2017-05-21 15:04:00,0.9999286671964167,1,First Class,South America,LATAM,Argentina,Buenos Aires
alert_4349,59573,2017-05-21 14:43:00,0.9999286671964167,1,First Class,South America,LATAM,Argentina,Buenos Aires
alert_4350,59574,2017-05-21 15:04:00,0.9999286671964167,1,First Class,South America,LATAM,Argentina,Buenos Aires
alert_4352,59574,2017-05-21 15:04:00,0.9999286671964167,1,First Class,South America,LATAM,Argentina,Buenos Aires
alert_25244,68401,2017-09-27 11:34:00,0.9999286641182292,1,First Class,Southern Europe,Europe,Italia,Lacio
alert_25250,68402,2017-09-27 11:55:00,0.9999286641182292,1,First Class,Southern Europe,Europe,Italia,Lacio
alert_25257,68403,2017-09-27 12:16:00,0.9999286641182292,1,First Class,Southern Europe,Europe,Italia,Lacio
alert_13299,63410,2017-07-16 14:59:00,0.9999286347527478,1,First Class,Southern Europe,Europe,Italia,Lacio
alert_13297,63410,2017-07-16 14:59:00,0.9999286347527478,1,First Class,Southern Europe,Europe,Italia,Lacio
alert_22770,67391,2017-09-12 17:43:00,0.9999286321568148,1,First Class,Western Europe,Europe,Francia,Provenza-Alpes-Costa Azul
alert_12543,63078,2017-07-11 18:40:00,0.9999286321568148,1,First Class,Western Europe,Europe,Francia,Provenza-Alpes-Costa Azul
alert_12541,63078,2017-07-11 18:40:00,0.9999286321568148,1,First Class,Western Europe,Europe,Francia,Provenza-Alpes-Costa Azul
alert_15634,64386,2017-07-30 20:56:00,0.9999286297012058,1,First Class,Southern Europe,Europe,Italia,Campania
alert_4618,59695,2017-05-23 09:28:00,0.9999286227981217,1,First Class,Central America,LATAM,México,Veracruz
alert_23670,67742,2017-09-17 20:41:00,0.9999286085760294,1,First Class,Northern Europe,Europe,Reino Unido,Inglaterra
alert_27475,69890,2017-10-19 05:13:00,0.9999286085760294,1,First Class,Northern Europe,Europe,Reino Unido,Inglaterra
alert_10683,62307,2017-06-30 12:34:00,0.9999286028947231,1,First Class,Western Europe,Europe,Alemania,Berlín
alert_20693,66514,2017-08-30 22:27:00,0.9999286028947231,1,First Class,Western Europe,Europe,Alemania,Berlín
alert_27618,70048,2017-10-21 12:35:00,0.9999285988456602,1,First Class,Western Europe,Europe,Francia,Isla de Francia
alert_27571,69998,2017-10-20 19:04:00,0.9999285988456602,1,First Class,Western Europe,Europe,Francia,Isla de Francia
alert_27616,70047,2017-10-21 12:14:00,0.9999285988456602,1,First Class,Western Europe,Europe,Francia,Isla de Francia
alert_9021,61603,2017-06-20 05:55:00,0.9999285954725372,1,First Class,Western Europe,Europe,Alemania,Renania del Norte-Westfalia
alert_4370,59583,2017-05-21 18:13:00,0.9999285829675902,1,First Class,Caribbean,LATAM,Cuba,Pinar del Río
alert_4393,59589,2017-05-21 20:19:00,0.9999285829675902,1,First Class,South America,LATAM,Brasil,Paraná
alert_4391,59589,2017-05-21 20:19:00,0.9999285829675902,1,First Class,South America,LATAM,Brasil,Paraná
alert_4389,59589,2017-05-21 20:19:00,0.9999285829675902,1,First Class,South America,LATAM,Brasil,Paraná
alert_4390,59589,2017-05-21 20:19:00,0.9999285829675902,1,First Class,South America,LATAM,Brasil,Paraná
alert_4372,59583,2017-05-21 18:13:00,0.9999285829675902,1,First Class,Caribbean,LATAM,Cuba,Pinar del Río
alert_4371,59583,2017-05-21 18:13:00,0.9999285829675902,1,First Class,Caribbean,LATAM,Cuba,Pinar del Río
alert_24161,67967,2017-09-21 03:31:00,0.9999285765465667,1,First Class,Southern Europe,Europe,España,Navarra
alert_24162,67967,2017-09-21 03:31:00,0.9999285765465667,1,First Class,Southern Europe,Europe,España,Navarra
alert_24160,67967,2017-09-21 03:31:00,0.9999285765465667,1,First Class,Southern Europe,Europe,España,Navarra
alert_15633,64385,2017-07-30 20:34:00,0.9999285619692267,1,First Class,Southern Europe,Europe,Italia,Campania
alert_32329,74997,2018-01-01 18:26:00,0.9999285417856332,1,First Class,South Asia,Pacific Asia,India,Maharashtra
alert_13189,63366,2017-07-15 23:34:00,0.9999285392770946,1,First Class,Western Europe,Europe,Alemania,Hamburgo
alert_14333,63859,2017-07-23 04:18:00,0.9999285309431694,1,First Class,Southern Europe,Europe,Italia,Sicilia
alert_25318,68424,2017-09-27 19:37:00,0.9999285309431694,1,First Class,Southern Europe,Europe,Italia,Sicilia
alert_14336,63859,2017-07-23 04:18:00,0.9999285309431694,1,First Class,Southern Europe,Europe,Italia,Sicilia
alert_30214,72777,2017-11-30 08:40:00,0.9999285252665179,1,First Class,Oceania,Pacific Asia,Australia,Territorio de la Capital Australiana
alert_30237,72798,2017-11-30 16:01:00,0.9999285252665179,1,First Class,Oceania,Pacific Asia,Australia,Victoria
alert_5786,60209,2017-05-30 21:32:00,0.9999285018817129,1,First Class,Central America,LATAM,México,Distrito Federal
alert_5787,60209,2017-05-30 21:32:00,0.9999285018817129,1,First Class,Central America,LATAM,México,Distrito Federal
alert_31681,74297,2017-12-22 13:11:00,0.9999284996987318,1,First Class,Eastern Asia,Pacific Asia,China,Pekín
alert_23671,67743,2017-09-17 21:02:00,0.9999284955753954,1,First Class,Western Europe,Europe,Alemania,Berlín
alert_23674,67743,2017-09-17 21:02:00,0.9999284955753954,1,First Class,Western Europe,Europe,Alemania,Berlín
alert_23673,67743,2017-09-17 21:02:00,0.9999284955753954,1,First Class,Western Europe,Europe,Alemania,Berlín
alert_701,58082,2017-04-29 20:21:00,0.9999284940974497,1,First Class,Central America,LATAM,México,Guanajuato
alert_600,58053,2017-04-29 10:12:00,0.9999284940974497,1,First Class,Central America,LATAM,México,Distrito Federal
alert_16111,64600,2017-08-02 23:54:00,0.9999284841384515,1,First Class,Southern Europe,Europe,España,Valenciana
alert_12226,62951,2017-07-09 22:11:00,0.9999284794170552,1,First Class,Western Europe,Europe,Francia,Isla de Francia
alert_17725,65285,2017-08-12 23:53:00,0.9999284775214137,1,First Class,Western Europe,Europe,Francia,Isla de Francia
alert_27317,69726,2017-10-16 19:46:00,0.9999284660494318,1,First Class,Western Europe,Europe,Austria,Alta Austria
alert_3242,59118,2017-05-14 23:19:00,0.9999284556684268,1,First Class,Central America,LATAM,Nicaragua,Managua
alert_33267,75964,2018-01-15 21:13:00,0.9999284475035297,1,First Class,Southeast Asia,Pacific Asia,Indonesia,Sumatra Septentrional
alert_33269,75965,2018-01-15 21:34:00,0.9999284475035297,1,First Class,Southeast Asia,Pacific Asia,Indonesia,Sumatra Septentrional
alert_885,58162,2017-05-01 00:23:00,0.9999284394722421,1,First Class,Central America,LATAM,México,Jalisco
alert_9230,61701,2017-06-21 16:15:00,0.9999284265617545,1,First Class,Western Europe,Europe,Alemania,Hamburgo
alert_27574,70000,2017-10-20 19:46:00,0.9999284265617545,1,First Class,Western Europe,Europe,Francia,Isla de Francia
alert_29696,72241,2017-11-22 12:53:00,0.9999284221880558,1,First Class,Southeast Asia,Pacific Asia,Indonesia,Java Oriental
alert_29690,72239,2017-11-22 12:11:00,0.9999284221880558,1,First Class,Southeast Asia,Pacific Asia,Indonesia,Java Oriental
alert_29693,72240,2017-11-22 12:32:00,0.9999284221880558,1,First Class,Southeast Asia,Pacific Asia,Indonesia,Java Oriental
alert_15975,64541,2017-08-02 03:14:00,0.9999284184648065,1,First Class,Western Europe,Europe,Países Bajos,Limburgo
alert_15978,64541,2017-08-02 03:14:00,0.9999284184648065,1,First Class,Western Europe,Europe,Países Bajos,Limburgo
alert_26263,68851,2017-10-04 01:13:00,0.9999284184648065,1,First Class,Western Europe,Europe,Francia,Languedoc-Rosellón-Mediodía-Pirineos
alert_26264,68851,2017-10-04 01:13:00,0.9999284184648065,1,First Class,Western Europe,Europe,Francia,Languedoc-Rosellón-Mediodía-Pirineos
alert_15976,64541,2017-08-02 03:14:00,0.9999284184648065,1,First Class,Western Europe,Europe,Países Bajos,Limburgo
alert_26261,68851,2017-10-04 01:13:00,0.9999284184648065,1,First Class,Western Europe,Europe,Francia,Languedoc-Rosellón-Mediodía-Pirineos
alert_15979,64541,2017-08-02 03:14:00,0.9999284184648065,1,First Class,Western Europe,Europe,Países Bajos,Limburgo
alert_12795,63209,2017-07-13 16:34:00,0.9999284079874436,1,First Class,Western Europe,Europe,Alemania,Bremen
alert_18891,65765,2017-08-20 00:03:00,0.9999284042088595,1,First Class,Southern Europe,Europe,España,Madrid
alert_18890,65765,2017-08-20 00:03:00,0.9999284042088595,1,First Class,Southern Europe,Europe,España,Madrid
alert_24011,67899,2017-09-20 03:41:00,0.9999284042088595,1,First Class,Southern Europe,Europe,España,Madrid
alert_9100,61643,2017-06-20 19:56:00,0.9999284042088595,1,First Class,Southern Europe,Europe,España,Madrid
alert_18889,65765,2017-08-20 00:03:00,0.9999284042088595,1,First Class,Southern Europe,Europe,España,Madrid
alert_9101,61643,2017-06-20 19:56:00,0.9999284042088595,1,First Class,Southern Europe,Europe,España,Madrid
alert_9099,61643,2017-06-20 19:56:00,0.9999284042088595,1,First Class,Southern Europe,Europe,España,Madrid
alert_9096,61642,2017-06-20 19:35:00,0.9999284042088595,1,First Class,Southern Europe,Europe,España,Madrid
alert_18887,65765,2017-08-20 00:03:00,0.9999284042088595,1,First Class,Southern Europe,Europe,España,Madrid
alert_9097,61642,2017-06-20 19:35:00,0.9999284042088595,1,First Class,Southern Europe,Europe,España,Madrid
alert_9098,61643,2017-06-20 19:56:00,0.9999284042088595,1,First Class,Southern Europe,Europe,España,Madrid
alert_28309,70785,2017-11-01 06:47:00,0.9999283937729425,1,First Class,Western Europe,Europe,Bélgica,Henao
alert_28310,70786,2017-11-01 07:08:00,0.9999283937729425,1,First Class,Western Europe,Europe,Bélgica,Henao
alert_14035,63737,2017-07-21 09:33:00,0.999928365883153,1,First Class,Western Europe,Europe,Francia,Auvernia-Ródano-Alpes
alert_22030,67085,2017-09-08 06:30:00,0.999928346878164,1,First Class,Southern Europe,Europe,Italia,Emilia-Romaña
alert_28543,71016,2017-11-04 15:43:00,0.9999283341403551,1,First Class,Western Europe,Europe,Alemania,Hesse
alert_2208,58694,2017-05-08 18:46:00,0.9999283258822066,1,First Class,Caribbean,LATAM,Cuba,Camagüey
alert_6792,60619,2017-06-05 21:11:00,0.9999283258822066,1,First Class,Central America,LATAM,México,Chihuahua
alert_19144,65874,2017-08-21 14:14:00,0.9999283177204344,1,First Class,Western Europe,Europe,Francia,Isla de Francia
alert_23339,67620,2017-09-16 01:56:00,0.999928317652259,1,First Class,Western Europe,Europe,Francia,Isla de Francia
alert_23338,67620,2017-09-16 01:56:00,0.999928317652259,1,First Class,Western Europe,Europe,Francia,Isla de Francia
alert_23335,67619,2017-09-16 01:35:00,0.999928317652259,1,First Class,Western Europe,Europe,Francia,Isla de Francia
alert_23341,67620,2017-09-16 01:56:00,0.999928317652259,1,First Class,Western Europe,Europe,Francia,Isla de Francia
alert_23332,67618,2017-09-16 01:14:00,0.999928317652259,1,First Class,Western Europe,Europe,Francia,Isla de Francia
alert_31387,73991,2017-12-18 01:59:00,0.9999283152781085,1,First Class,Southeast Asia,Pacific Asia,Filipinas,Capital Nacional
alert_31434,74025,2017-12-18 13:54:00,0.9999283152781085,1,First Class,Southeast Asia,Pacific Asia,Filipinas,Capital Nacional
alert_31385,73990,2017-12-18 01:38:00,0.9999283152781085,1,First Class,Southeast Asia,Pacific Asia,Filipinas,Capital Nacional
alert_31551,74166,2017-12-20 15:18:00,0.9999283150188882,1,First Class,Oceania,Pacific Asia,Australia,Nueva Gales del Sur
alert_31552,74167,2017-12-20 15:39:00,0.9999283150188882,1,First Class,Oceania,Pacific Asia,Australia,Nueva Gales del Sur
alert_31754,74379,2017-12-23 17:55:00,0.9999283115055313,1,First Class,Eastern Asia,Pacific Asia,China,Hubei
alert_5945,60281,2017-05-31 22:46:00,0.9999283035614817,1,First Class,Central America,LATAM,México,Coahuila
alert_5746,60192,2017-05-30 15:35:00,0.9999282810383561,1,First Class,South America,LATAM,Argentina,Buenos Aires
alert_34242,76983,2018-01-30 18:13:00,0.9999282755281858,1,First Class,Southeast Asia,Pacific Asia,Filipinas,Capital Nacional
alert_16885,64939,2017-08-07 22:40:00,0.9999282580256796,1,First Class,Western Europe,Europe,Alemania,Renania del Norte-Westfalia
alert_2210,58694,2017-05-08 18:46:00,0.9999282169424741,1,First Class,Caribbean,LATAM,Cuba,Camagüey
alert_6790,60619,2017-06-05 21:11:00,0.9999282169424741,1,First Class,Central America,LATAM,México,Chihuahua
alert_2211,58694,2017-05-08 18:46:00,0.9999282169424741,1,First Class,Caribbean,LATAM,Cuba,Camagüey
alert_6750,60608,2017-06-05 17:19:00,0.9999282169424741,1,First Class,Central America,LATAM,Nicaragua,Granada
alert_3251,59120,2017-05-15 00:01:00,0.9999282169424741,1,First Class,Central America,LATAM,Guatemala,Chimaltenango
alert_6749,60608,2017-06-05 17:19:00,0.9999282169424741,1,First Class,Central America,LATAM,Nicaragua,Granada
alert_2200,58690,2017-05-08 17:22:00,0.9999282169424741,1,First Class,Central America,LATAM,México,Guanajuato
alert_2199,58690,2017-05-08 17:22:00,0.9999282169424741,1,First Class,Central America,LATAM,México,Guanajuato
alert_5747,60192,2017-05-30 15:35:00,0.9999282129755122,1,First Class,South America,LATAM,Argentina,Buenos Aires
alert_5745,60192,2017-05-30 15:35:00,0.9999282129755122,1,First Class,South America,LATAM,Argentina,Buenos Aires
alert_5748,60192,2017-05-30 15:35:00,0.9999282129755122,1,First Class,South America,LATAM,Argentina,Buenos Aires
alert_3559,59244,2017-05-16 19:27:00,0.9999281999969971,1,First Class,Central America,LATAM,El Salvador,San Salvador
alert_14100,63769,2017-07-21 20:46:00,0.9999281896968951,1,First Class,Western Europe,Europe,Francia,Auvernia-Ródano-Alpes
alert_14033,63737,2017-07-21 09:33:00,0.9999281896968951,1,First Class,Western Europe,Europe,Francia,Auvernia-Ródano-Alpes
alert_14098,63769,2017-07-21 20:46:00,0.9999281896968951,1,First Class,Western Europe,Europe,Francia,Auvernia-Ródano-Alpes
alert_14034,63737,2017-07-21 09:33:00,0.9999281896968951,1,First Class,Western Europe,Europe,Francia,Auvernia-Ródano-Alpes
alert_15168,64175,2017-07-27 19:00:00,0.9999281696653755,1,First Class,Western Europe,Europe,Países Bajos,Utrecht
alert_13323,63416,2017-07-16 17:05:00,0.9999281634948003,1,First Class,Western Europe,Europe,Francia,Languedoc-Rosellón-Mediodía-Pirineos
alert_13324,63416,2017-07-16 17:05:00,0.9999281634948003,1,First Class,Western Europe,Europe,Francia,Languedoc-Rosellón-Mediodía-Pirineos
alert_25247,68401,2017-09-27 11:34:00,0.9999281574874977,1,First Class,Southern Europe,Europe,Italia,Lacio
alert_25248,68401,2017-09-27 11:34:00,0.9999281574874977,1,First Class,Southern Europe,Europe,Italia,Lacio
alert_25252,68402,2017-09-27 11:55:00,0.9999281574874977,1,First Class,Southern Europe,Europe,Italia,Lacio
alert_25251,68402,2017-09-27 11:55:00,0.9999281574874977,1,First Class,Southern Europe,Europe,Italia,Lacio
alert_25246,68401,2017-09-27 11:34:00,0.9999281574874977,1,First Class,Southern Europe,Europe,Italia,Lacio
alert_25258,68403,2017-09-27 12:16:00,0.9999281574874977,1,First Class,Southern Europe,Europe,Italia,Lacio
alert_25245,68401,2017-09-27 11:34:00,0.9999281574874977,1,First Class,Southern Europe,Europe,Italia,Lacio
alert_25253,68402,2017-09-27 11:55:00,0.9999281574874977,1,First Class,Southern Europe,Europe,Italia,Lacio
alert_15968,64537,2017-08-02 01:50:00,0.9999281495111851,1,First Class,Western Europe,Europe,Francia,Auvernia-Ródano-Alpes
alert_16820,64907,2017-08-07 11:27:00,0.999928144558987,1,First Class,Western Europe,Europe,Francia,Isla de Francia
alert_4155,59471,2017-05-20 02:59:00,0.9999281414362505,1,First Class,Central America,LATAM,El Salvador,San Salvador
alert_4154,59471,2017-05-20 02:59:00,0.9999281414362505,1,First Class,Central America,LATAM,El Salvador,San Salvador
alert_4153,59471,2017-05-20 02:59:00,0.9999281414362505,1,First Class,Central America,LATAM,El Salvador,San Salvador
alert_4152,59471,2017-05-20 02:59:00,0.9999281414362505,1,First Class,Central America,LATAM,El Salvador,San Salvador
alert_4151,59471,2017-05-20 02:59:00,0.9999281414362505,1,First Class,Central America,LATAM,El Salvador,San Salvador
alert_945,58181,2017-05-01 07:02:00,0.9999281296116703,1,First Class,Central America,LATAM,México,Distrito Federal
alert_937,58179,2017-05-01 06:20:00,0.9999281296116703,1,First Class,Central America,LATAM,México,Distrito Federal
alert_6895,60651,2017-06-06 08:23:00,0.9999281296116703,1,First Class,Central America,LATAM,México,Distrito Federal
alert_6744,60606,2017-06-05 16:37:00,0.9999281296116703,1,First Class,Central America,LATAM,México,Distrito Federal
alert_27352,69764,2017-10-17 09:05:00,0.999928119163061,1,First Class,Western Europe,Europe,Países Bajos,Holanda Septentrional
alert_27354,69765,2017-10-17 09:26:00,0.999928119163061,1,First Class,Western Europe,Europe,Países Bajos,Holanda Septentrional
alert_29732,72276,2017-11-23 01:09:00,0.9999281178235164,1,First Class,Eastern Asia,Pacific Asia,China,Henan
alert_29730,72275,2017-11-23 00:48:00,0.9999281178235164,1,First Class,Eastern Asia,Pacific Asia,China,Henan
alert_9022,61603,2017-06-20 05:55:00,0.9999281049042842,1,First Class,Western Europe,Europe,Alemania,Renania del Norte-Westfalia
alert_9019,61603,2017-06-20 05:55:00,0.9999281049042842,1,First Class,Western Europe,Europe,Alemania,Renania del Norte-Westfalia
alert_9020,61603,2017-06-20 05:55:00,0.9999281049042842,1,First Class,Western Europe,Europe,Alemania,Renania del Norte-Westfalia
alert_25972,68736,2017-10-02 08:55:00,0.9999281026285362,1,First Class,Northern Europe,Europe,Reino Unido,Inglaterra
alert_25973,68736,2017-10-02 08:55:00,0.9999281026285362,1,First Class,Northern Europe,Europe,Reino Unido,Inglaterra
alert_21380,66813,2017-09-04 07:13:00,0.9999281026285362,1,First Class,Northern Europe,Europe,Reino Unido,Inglaterra
alert_21379,66813,2017-09-04 07:13:00,0.9999281026285362,1,First Class,Northern Europe,Europe,Reino Unido,Inglaterra
alert_21378,66812,2017-09-04 06:52:00,0.9999281026285362,1,First Class,Northern Europe,Europe,Reino Unido,Inglaterra
alert_29938,72485,2017-11-26 02:22:00,0.9999280957808546,1,First Class,Eastern Asia,Pacific Asia,China,Jiangsu
alert_29940,72486,2017-11-26 02:43:00,0.9999280957808546,1,First Class,Eastern Asia,Pacific Asia,China,Jiangsu
alert_29935,72484,2017-11-26 02:01:00,0.9999280957808546,1,First Class,Eastern Asia,Pacific Asia,China,Jiangsu
alert_188,57875,2017-04-26 19:50:00,0.999928084348491,1,First Class,Central America,LATAM,México,Baja California
alert_19424,65989,2017-08-23 06:32:00,0.9999280657069327,1,First Class,Western Europe,Europe,Alemania,Renania del Norte-Westfalia
alert_23935,67868,2017-09-19 16:49:00,0.9999280541774171,1,First Class,Western Europe,Europe,Alemania,Sajonia-Anhalt
alert_23932,67868,2017-09-19 16:49:00,0.9999280541774171,1,First Class,Western Europe,Europe,Alemania,Sajonia-Anhalt
alert_23934,67868,2017-09-19 16:49:00,0.9999280541774171,1,First Class,Western Europe,Europe,Alemania,Sajonia-Anhalt
alert_24014,67899,2017-09-20 03:41:00,0.9999280257236066,1,First Class,Southern Europe,Europe,España,Madrid
alert_18119,65427,2017-08-15 01:38:00,0.9999280176614667,1,First Class,Western Europe,Europe,Alemania,Sajonia
alert_27567,69992,2017-10-20 16:57:00,0.9999280164258251,1,First Class,Western Europe,Europe,Francia,Auvernia-Ródano-Alpes
alert_27566,69991,2017-10-20 16:36:00,0.9999280164258251,1,First Class,Western Europe,Europe,Francia,Auvernia-Ródano-Alpes
alert_27534,69955,2017-10-20 04:00:00,0.9999280164258251,1,First Class,Western Europe,Europe,Francia,Aquitania-Lemosín-Poitou-Charentes
alert_27529,69953,2017-10-20 03:18:00,0.9999280164258251,1,First Class,Western Europe,Europe,Alemania,Baja Sajonia
alert_27530,69954,2017-10-20 03:39:00,0.9999280164258251,1,First Class,Western Europe,Europe,Francia,Aquitania-Lemosín-Poitou-Charentes
alert_21602,66901,2017-09-05 14:02:00,0.9999280113954736,1,First Class,Southern Europe,Europe,Italia,Lacio
alert_3302,59140,2017-05-15 07:01:00,0.9999279910090192,1,First Class,Central America,LATAM,Honduras,Cortés
alert_1220,58303,2017-05-03 01:47:00,0.9999279890173839,1,First Class,Central America,LATAM,Guatemala,Guatemala
alert_13103,63330,2017-07-15 10:58:00,0.9999279870580883,1,First Class,Western Europe,Europe,Francia,Provenza-Alpes-Costa Azul
alert_12161,62930,2017-07-09 14:49:00,0.9999279870580883,1,First Class,Western Europe,Europe,Francia,Provenza-Alpes-Costa Azul
alert_13104,63330,2017-07-15 10:58:00,0.9999279870580883,1,First Class,Western Europe,Europe,Francia,Provenza-Alpes-Costa Azul
alert_12165,62930,2017-07-09 14:49:00,0.9999279870580883,1,First Class,Western Europe,Europe,Francia,Provenza-Alpes-Costa Azul
alert_12163,62930,2017-07-09 14:49:00,0.9999279870580883,1,First Class,Western Europe,Europe,Francia,Provenza-Alpes-Costa Azul
alert_12162,62930,2017-07-09 14:49:00,0.9999279870580883,1,First Class,Western Europe,Europe,Francia,Provenza-Alpes-Costa Azul
alert_31414,74011,2017-12-18 08:59:00,0.9999279834486339,1,First Class,Oceania,Pacific Asia,Australia,Australia Occidental
alert_26554,69004,2017-10-06 06:49:00,0.9999279612219357,1,First Class,Western Europe,Europe,Francia,Isla de Francia
alert_12792,63209,2017-07-13 16:34:00,0.9999279581400605,1,First Class,Western Europe,Europe,Alemania,Bremen
alert_8207,61235,2017-06-14 20:59:00,0.9999279564876432,1,First Class,Central America,LATAM,México,Distrito Federal
alert_23777,67795,2017-09-18 15:15:00,0.9999279392042492,1,First Class,Western Europe,Europe,Francia,Borgoña-Franco Condado
alert_27383,69790,2017-10-17 18:11:00,0.9999279358521652,1,First Class,Western Europe,Europe,Alemania,Baden-Wurtemberg
alert_27347,69760,2017-10-17 07:41:00,0.9999279358521652,1,First Class,Western Europe,Europe,Francia,Auvernia-Ródano-Alpes
alert_27381,69789,2017-10-17 17:50:00,0.9999279358521652,1,First Class,Western Europe,Europe,Alemania,Baden-Wurtemberg
alert_23730,67774,2017-09-18 07:54:00,0.9999279358521652,1,First Class,Western Europe,Europe,Alemania,Baden-Wurtemberg
alert_23725,67774,2017-09-18 07:54:00,0.9999279358521652,1,First Class,Western Europe,Europe,Alemania,Baden-Wurtemberg
alert_23732,67775,2017-09-18 08:15:00,0.9999279358521652,1,First Class,Western Europe,Europe,Alemania,Baden-Wurtemberg
alert_23736,67775,2017-09-18 08:15:00,0.9999279358521652,1,First Class,Western Europe,Europe,Alemania,Baden-Wurtemberg
alert_27337,69747,2017-10-17 03:07:00,0.9999279358521652,1,First Class,Western Europe,Europe,Alemania,Baden-Wurtemberg
alert_23737,67775,2017-09-18 08:15:00,0.9999279358521652,1,First Class,Western Europe,Europe,Alemania,Baden-Wurtemberg
alert_23731,67775,2017-09-18 08:15:00,0.9999279358521652,1,First Class,Western Europe,Europe,Alemania,Baden-Wurtemberg
alert_27526,69950,2017-10-20 02:15:00,0.9999279314286328,1,First Class,Western Europe,Europe,Francia,Norte-Paso de Calais-Picardía
alert_27593,70022,2017-10-21 03:28:00,0.9999279314286328,1,First Class,Western Europe,Europe,Francia,Países del Loira
alert_4685,59732,2017-05-23 22:25:00,0.9999278915586766,1,First Class,Central America,LATAM,México,Quintana Roo
alert_4686,59732,2017-05-23 22:25:00,0.9999278915586766,1,First Class,Central America,LATAM,México,Quintana Roo
alert_29109,71632,2017-11-13 15:31:00,0.9999278832340366,1,First Class,Oceania,Pacific Asia,Australia,Australia Occidental
alert_20141,66317,2017-08-28 01:26:00,0.9999278566938341,1,First Class,Western Europe,Europe,Suiza,Lucerna
alert_27285,69693,2017-10-16 08:12:00,0.9999278256577817,1,First Class,Southern Europe,Europe,España,Valenciana
alert_25963,68733,2017-10-02 07:52:00,0.9999278255778683,1,First Class,Southern Europe,Europe,Portugal,Lisboa
alert_5725,60187,2017-05-30 13:50:00,0.9999278219453341,1,First Class,Central America,LATAM,Honduras,Cortés
alert_5729,60189,2017-05-30 14:32:00,0.9999278219453341,1,First Class,Central America,LATAM,Honduras,Cortés
alert_9093,61640,2017-06-20 18:53:00,0.9999277894816314,1,First Class,Western Europe,Europe,Alemania,Baden-Wurtemberg
alert_9095,61640,2017-06-20 18:53:00,0.9999277894816314,1,First Class,Western Europe,Europe,Alemania,Baden-Wurtemberg
alert_9724,61924,2017-06-24 22:23:00,0.9999277887153343,1,First Class,Northern Europe,Europe,Suecia,Upsala
alert_9723,61924,2017-06-24 22:23:00,0.9999277887153343,1,First Class,Northern Europe,Europe,Suecia,Upsala
alert_4387,59587,2017-05-21 19:37:00,0.9999277795781086,1,First Class,Central America,LATAM,Guatemala,Guatemala
alert_4386,59587,2017-05-21 19:37:00,0.9999277795781086,1,First Class,Central America,LATAM,Guatemala,Guatemala
alert_4383,59587,2017-05-21 19:37:00,0.9999277795781086,1,First Class,Central America,LATAM,Guatemala,Guatemala
alert_4385,59587,2017-05-21 19:37:00,0.9999277795781086,1,First Class,Central America,LATAM,Guatemala,Guatemala
alert_30108,72395,2017-11-28 18:50:00,0.9999277685602186,1,Second Class,Eastern Asia,Pacific Asia,China,Xinjiang Uygur
alert_13359,63437,2017-07-17 00:27:00,0.9999277619686375,1,First Class,Western Europe,Europe,Alemania,Baden-Wurtemberg
alert_27395,69802,2017-10-17 22:23:00,0.9999277619686375,1,First Class,Western Europe,Europe,Alemania,Hamburgo
alert_27396,69803,2017-10-17 22:44:00,0.9999277619686375,1,First Class,Western Europe,Europe,Alemania,Hamburgo
alert_23783,67795,2017-09-18 15:15:00,0.9999277619686375,1,First Class,Western Europe,Europe,Francia,Borgoña-Franco Condado
alert_23780,67795,2017-09-18 15:15:00,0.9999277619686375,1,First Class,Western Europe,Europe,Francia,Borgoña-Franco Condado
alert_23782,67795,2017-09-18 15:15:00,0.9999277619686375,1,First Class,Western Europe,Europe,Francia,Borgoña-Franco Condado
alert_13358,63437,2017-07-17 00:27:00,0.9999277619686375,1,First Class,Western Europe,Europe,Alemania,Baden-Wurtemberg
alert_13361,63437,2017-07-17 00:27:00,0.9999277619686375,1,First Class,Western Europe,Europe,Alemania,Baden-Wurtemberg
alert_23781,67795,2017-09-18 15:15:00,0.9999277619686375,1,First Class,Western Europe,Europe,Francia,Borgoña-Franco Condado
alert_10407,62208,2017-06-29 01:52:00,0.9999277483610096,1,First Class,Western Europe,Europe,Francia,Aquitania-Lemosín-Poitou-Charentes
alert_24163,67967,2017-09-21 03:31:00,0.9999277478116656,1,First Class,Southern Europe,Europe,España,Navarra
alert_4472,59625,2017-05-22 08:56:00,0.9999277335358607,1,First Class,Central America,LATAM,Guatemala,Guatemala
alert_27315,69725,2017-10-16 19:25:00,0.9999277279333046,1,First Class,Southern Europe,Europe,Italia,Emilia-Romaña
alert_19103,65839,2017-08-21 01:59:00,0.9999277274776079,1,First Class,Western Europe,Europe,Países Bajos,Holanda Septentrional
alert_13002,63295,2017-07-14 22:42:00,0.9999277167476992,1,First Class,Western Europe,Europe,Alemania,Berlín
alert_13001,63295,2017-07-14 22:42:00,0.9999277167476992,1,First Class,Western Europe,Europe,Alemania,Berlín
alert_30383,72943,2017-12-02 18:49:00,0.9999276793409416,1,First Class,Oceania,Pacific Asia,Australia,Victoria
alert_30384,72944,2017-12-02 19:10:00,0.9999276793409416,1,First Class,Oceania,Pacific Asia,Australia,Victoria
alert_6897,60651,2017-06-06 08:23:00,0.9999276780152435,1,First Class,Central America,LATAM,México,Distrito Federal
alert_18503,65592,2017-08-17 11:26:00,0.9999276650596912,1,First Class,Western Europe,Europe,Alemania,Schleswig-Holstein
alert_18190,65463,2017-08-15 14:15:00,0.9999276561993415,1,First Class,Western Europe,Europe,Alemania,Hesse
alert_26674,69089,2017-10-07 12:36:00,0.9999276544023752,1,First Class,Northern Europe,Europe,Suecia,Estocolmo
alert_32095,74539,2017-12-29 01:58:00,0.999927612114046,1,Second Class,Southeast Asia,Pacific Asia,Vietnam,Ciudad Ho Chi Minh
alert_32418,75088,2018-01-03 02:19:00,0.9999276098491275,1,First Class,Eastern Asia,Pacific Asia,China,Hubei
alert_34320,77071,2018-02-01 01:03:00,0.9999276098491275,1,First Class,Eastern Asia,Pacific Asia,China,Hunan
alert_5033,59887,2017-05-26 04:44:00,0.9999276089292762,1,First Class,South America,LATAM,Paraguay,Central
alert_33284,75983,2018-01-16 03:52:00,0.9999275913898394,1,First Class,Eastern Asia,Pacific Asia,China,Chongqing
alert_33285,75984,2018-01-16 04:13:00,0.9999275913898394,1,First Class,Eastern Asia,Pacific Asia,China,Chongqing
alert_24012,67899,2017-09-20 03:41:00,0.999927573474448,1,First Class,Southern Europe,Europe,España,Madrid
alert_24013,67899,2017-09-20 03:41:00,0.999927573474448,1,First Class,Southern Europe,Europe,España,Madrid
alert_2316,58741,2017-05-09 11:14:00,0.9999275680908692,1,First Class,Central America,LATAM,México,Distrito Federal
alert_6743,60606,2017-06-05 16:37:00,0.9999275680908692,1,First Class,Central America,LATAM,México,Distrito Federal
alert_6711,60595,2017-06-05 12:46:00,0.9999275680908692,1,First Class,Central America,LATAM,México,Distrito Federal
alert_6712,60595,2017-06-05 12:46:00,0.9999275680908692,1,First Class,Central America,LATAM,México,Distrito Federal
alert_6745,60607,2017-06-05 16:58:00,0.9999275680908692,1,First Class,Central America,LATAM,México,Distrito Federal
alert_6747,60607,2017-06-05 16:58:00,0.9999275680908692,1,First Class,Central America,LATAM,México,Distrito Federal
alert_6748,60607,2017-06-05 16:58:00,0.9999275680908692,1,First Class,Central America,LATAM,México,Distrito Federal
alert_6896,60651,2017-06-06 08:23:00,0.9999275680908692,1,First Class,Central America,LATAM,México,Distrito Federal
alert_6746,60607,2017-06-05 16:58:00,0.9999275680908692,1,First Class,Central America,LATAM,México,Distrito Federal
alert_2318,58742,2017-05-09 11:35:00,0.9999275680908692,1,First Class,Central America,LATAM,México,Distrito Federal
alert_2317,58742,2017-05-09 11:35:00,0.9999275680908692,1,First Class,Central America,LATAM,México,Distrito Federal
alert_16819,64907,2017-08-07 11:27:00,0.9999275655619624,1,First Class,Western Europe,Europe,Francia,Isla de Francia
alert_16816,64907,2017-08-07 11:27:00,0.9999275655619624,1,First Class,Western Europe,Europe,Francia,Isla de Francia
alert_16818,64907,2017-08-07 11:27:00,0.9999275655619624,1,First Class,Western Europe,Europe,Francia,Isla de Francia
alert_16817,64907,2017-08-07 11:27:00,0.9999275655619624,1,First Class,Western Europe,Europe,Francia,Isla de Francia
alert_33215,75907,2018-01-15 01:15:00,0.9999275600600633,1,First Class,Eastern Asia,Pacific Asia,China,Gansu
alert_33214,75906,2018-01-15 00:54:00,0.9999275600600633,1,First Class,Eastern Asia,Pacific Asia,China,Gansu
alert_32766,75431,2018-01-08 02:29:00,0.9999275600600633,1,First Class,Oceania,Pacific Asia,Australia,Australia Occidental
alert_19549,66040,2017-08-24 00:24:00,0.9999275581495131,1,First Class,Western Europe,Europe,Francia,Isla de Francia
alert_19269,65931,2017-08-22 10:12:00,0.9999275478503477,1,First Class,Southern Europe,Europe,España,Andalucía
alert_13243,63389,2017-07-16 07:38:00,0.9999275449644449,1,First Class,Western Europe,Europe,Austria,Viena
alert_5035,59887,2017-05-26 04:44:00,0.9999275402286323,1,First Class,South America,LATAM,Paraguay,Central
alert_5036,59887,2017-05-26 04:44:00,0.9999275402286323,1,First Class,South America,LATAM,Paraguay,Central
alert_1232,58304,2017-05-03 02:08:00,0.9999275365375991,1,First Class,Central America,LATAM,Guatemala,Guatemala
alert_7058,60718,2017-06-07 07:52:00,0.9999275365375991,1,First Class,Central America,LATAM,Guatemala,Guatemala
alert_15632,64385,2017-07-30 20:34:00,0.9999275268342702,1,First Class,Southern Europe,Europe,Italia,Campania
alert_15635,64388,2017-07-30 21:38:00,0.9999275268342702,1,First Class,Southern Europe,Europe,Italia,Campania
alert_7567,60955,2017-06-10 18:54:00,0.9999274908576226,1,First Class,Central America,LATAM,México,Yucatán
alert_23722,67773,2017-09-18 07:33:00,0.999927487359749,1,First Class,Western Europe,Europe,Alemania,Renania del Norte-Westfalia
alert_23723,67773,2017-09-18 07:33:00,0.999927487359749,1,First Class,Western Europe,Europe,Alemania,Renania del Norte-Westfalia
alert_24130,67953,2017-09-20 22:36:00,0.9999274858694863,1,First Class,Western Europe,Europe,Austria,Salzburgo
alert_15429,64300,2017-07-29 14:48:00,0.9999274837714083,1,First Class,Western Europe,Europe,Países Bajos,Brabante Septentrional
alert_34373,77133,2018-02-01 22:46:00,0.999927478938256,1,First Class,Southeast Asia,Pacific Asia,Filipinas,Capital Nacional
alert_34369,77130,2018-02-01 21:43:00,0.999927478938256,1,First Class,Southeast Asia,Pacific Asia,Filipinas,Capital Nacional
alert_34372,77131,2018-02-01 22:04:00,0.999927478938256,1,First Class,Southeast Asia,Pacific Asia,Filipinas,Capital Nacional
alert_17219,65086,2017-08-10 02:10:00,0.9999274731673252,1,First Class,Western Europe,Europe,Francia,Aquitania-Lemosín-Poitou-Charentes
alert_12420,63032,2017-07-11 02:34:00,0.9999274642364943,1,First Class,Northern Europe,Europe,Reino Unido,Inglaterra
alert_15882,64503,2017-08-01 13:55:00,0.9999274467077542,1,First Class,Western Europe,Europe,Países Bajos,Holanda Meridional
alert_15879,64503,2017-08-01 13:55:00,0.9999274467077542,1,First Class,Western Europe,Europe,Países Bajos,Holanda Meridional
alert_15880,64503,2017-08-01 13:55:00,0.9999274467077542,1,First Class,Western Europe,Europe,Países Bajos,Holanda Meridional
alert_4621,59695,2017-05-23 09:28:00,0.9999274457530546,1,First Class,Central America,LATAM,México,Veracruz
alert_4620,59695,2017-05-23 09:28:00,0.9999274457530546,1,First Class,Central America,LATAM,México,Veracruz
alert_26020,68752,2017-10-02 14:32:00,0.9999274449634142,1,First Class,Western Europe,Europe,Países Bajos,Holanda Meridional
alert_11072,62492,2017-07-03 05:22:00,0.9999274437296062,1,First Class,Southern Europe,Europe,España,Ceuta
alert_20407,66410,2017-08-29 10:01:00,0.9999274393872486,1,First Class,Southern Europe,Europe,Italia,Lombardía
alert_20406,66410,2017-08-29 10:01:00,0.9999274393872486,1,First Class,Southern Europe,Europe,Italia,Lombardía
alert_19363,65957,2017-08-22 19:19:00,0.9999274393872486,1,First Class,Southern Europe,Europe,España,Murcia
alert_7057,60718,2017-06-07 07:52:00,0.9999274263982041,1,First Class,Central America,LATAM,Guatemala,Guatemala
alert_10481,62231,2017-06-29 09:56:00,0.9999274220685473,1,First Class,Southern Europe,Europe,Italia,Campania
alert_9319,61747,2017-06-22 08:22:00,0.9999274220685473,1,First Class,Southern Europe,Europe,España,Cantabria
alert_9318,61747,2017-06-22 08:22:00,0.9999274220685473,1,First Class,Southern Europe,Europe,España,Cantabria
alert_10479,62231,2017-06-29 09:56:00,0.9999274220685473,1,First Class,Southern Europe,Europe,Italia,Campania
alert_34152,76898,2018-01-29 12:26:00,0.9999274106925946,1,First Class,Southeast Asia,Pacific Asia,Filipinas,Calabarzón
alert_34151,76896,2018-01-29 11:44:00,0.9999274106925946,1,First Class,Southeast Asia,Pacific Asia,Filipinas,Calabarzón
alert_34149,76895,2018-01-29 11:23:00,0.9999274106925946,1,First Class,Southeast Asia,Pacific Asia,Filipinas,Calabarzón
alert_34156,76900,2018-01-29 13:08:00,0.9999274106925946,1,First Class,Southeast Asia,Pacific Asia,Filipinas,Calabarzón
alert_5092,59920,2017-05-26 16:17:00,0.999927401454731,1,First Class,Central America,LATAM,Honduras,Cortés
alert_8204,61235,2017-06-14 20:59:00,0.9999273936143281,1,First Class,Central America,LATAM,México,Distrito Federal
alert_8205,61235,2017-06-14 20:59:00,0.9999273936143281,1,First Class,Central America,LATAM,México,Distrito Federal
alert_8206,61235,2017-06-14 20:59:00,0.9999273936143281,1,First Class,Central America,LATAM,México,Distrito Federal
alert_8208,61235,2017-06-14 20:59:00,0.9999273936143281,1,First Class,Central America,LATAM,México,Distrito Federal
alert_15884,64504,2017-08-01 14:16:00,0.9999273818928428,1,First Class,Western Europe,Europe,Alemania,Berlín
alert_32869,75549,2018-01-09 19:49:00,0.9999273697958201,1,First Class,Southeast Asia,Pacific Asia,Indonesia,Yakarta
alert_32909,75586,2018-01-10 08:47:00,0.9999273697958201,1,First Class,Southeast Asia,Pacific Asia,Indonesia,Yakarta
alert_32868,75548,2018-01-09 19:28:00,0.9999273697958201,1,First Class,Southeast Asia,Pacific Asia,Indonesia,Yakarta
alert_5721,60187,2017-05-30 13:50:00,0.9999273684158313,1,First Class,Central America,LATAM,Honduras,Cortés
alert_5726,60188,2017-05-30 14:11:00,0.9999273684158313,1,First Class,Central America,LATAM,Honduras,Cortés
alert_5731,60189,2017-05-30 14:32:00,0.9999273684158313,1,First Class,Central America,LATAM,Honduras,Cortés
alert_33448,76171,2018-01-18 21:44:00,0.9999273590803139,1,First Class,Oceania,Pacific Asia,Papúa Nueva Guinea,Capital Nacional
alert_33445,76170,2018-01-18 21:23:00,0.9999273590803139,1,First Class,Oceania,Pacific Asia,Papúa Nueva Guinea,Capital Nacional
alert_33449,76172,2018-01-18 22:05:00,0.9999273590803139,1,First Class,Oceania,Pacific Asia,Papúa Nueva Guinea,Capital Nacional
alert_33450,76173,2018-01-18 22:26:00,0.9999273590803139,1,First Class,Oceania,Pacific Asia,Papúa Nueva Guinea,Capital Nacional
alert_33451,76174,2018-01-18 22:47:00,0.9999273590803139,1,First Class,Oceania,Pacific Asia,Papúa Nueva Guinea,Capital Nacional
alert_16147,64616,2017-08-03 05:30:00,0.9999273435156668,1,First Class,Western Europe,Europe,Francia,Provenza-Alpes-Costa Azul
alert_31471,74074,2017-12-19 07:04:00,0.9999273320378566,1,First Class,Oceania,Pacific Asia,Australia,Victoria
alert_9700,61909,2017-06-24 17:07:00,0.999927323542312,1,First Class,Western Europe,Europe,Alemania,Berlín
alert_16083,64585,2017-08-02 18:39:00,0.9999273020397053,1,First Class,Southern Europe,Europe,Italia,Piamonte
alert_27260,69667,2017-10-15 23:06:00,0.9999272947855656,1,First Class,Western Europe,Europe,Francia,Aquitania-Lemosín-Poitou-Charentes
alert_27259,69666,2017-10-15 22:45:00,0.9999272947855656,1,First Class,Western Europe,Europe,Francia,Aquitania-Lemosín-Poitou-Charentes
alert_24602,68156,2017-09-23 21:43:00,0.9999272670642474,1,First Class,Western Europe,Europe,Francia,Centro-Valle de Loira
alert_24603,68156,2017-09-23 21:43:00,0.9999272670642474,1,First Class,Western Europe,Europe,Francia,Centro-Valle de Loira
alert_29655,72203,2017-11-21 23:34:00,0.9999272610507062,1,First Class,Eastern Asia,Pacific Asia,Corea del Sur,Busan
alert_29654,72202,2017-11-21 23:13:00,0.9999272610507062,1,First Class,Eastern Asia,Pacific Asia,Corea del Sur,Busan
alert_5730,60189,2017-05-30 14:32:00,0.9999272580209216,1,First Class,Central America,LATAM,Honduras,Cortés
alert_5727,60188,2017-05-30 14:11:00,0.9999272580209216,1,First Class,Central America,LATAM,Honduras,Cortés
alert_5728,60188,2017-05-30 14:11:00,0.9999272580209216,1,First Class,Central America,LATAM,Honduras,Cortés
alert_5724,60187,2017-05-30 13:50:00,0.9999272580209216,1,First Class,Central America,LATAM,Honduras,Cortés
alert_5722,60187,2017-05-30 13:50:00,0.9999272580209216,1,First Class,Central America,LATAM,Honduras,Cortés
alert_5723,60187,2017-05-30 13:50:00,0.9999272580209216,1,First Class,Central America,LATAM,Honduras,Cortés
alert_5720,60186,2017-05-30 13:29:00,0.9999272580209216,1,First Class,Central America,LATAM,Honduras,Cortés
alert_4516,59642,2017-05-22 14:53:00,0.9999272495777686,1,First Class,Central America,LATAM,México,Veracruz
alert_4515,59642,2017-05-22 14:53:00,0.9999272495777686,1,First Class,Central America,LATAM,México,Veracruz
alert_4517,59642,2017-05-22 14:53:00,0.9999272495777686,1,First Class,Central America,LATAM,México,Veracruz
alert_4519,59642,2017-05-22 14:53:00,0.9999272495777686,1,First Class,Central America,LATAM,México,Veracruz
alert_4518,59642,2017-05-22 14:53:00,0.9999272495777686,1,First Class,Central America,LATAM,México,Veracruz
alert_33522,76252,2018-01-20 02:07:00,0.9999272293011016,1,First Class,Southeast Asia,Pacific Asia,Indonesia,Yakarta
alert_10406,62208,2017-06-29 01:52:00,0.9999272253700285,1,First Class,Western Europe,Europe,Francia,Aquitania-Lemosín-Poitou-Charentes
alert_17952,65361,2017-08-14 02:31:00,0.99992720250881,1,First Class,Western Europe,Europe,Francia,Languedoc-Rosellón-Mediodía-Pirineos
alert_18192,65463,2017-08-15 14:15:00,0.9999272016284525,1,First Class,Western Europe,Europe,Alemania,Hesse
alert_27278,69415,2017-10-16 06:48:00,0.999927187652052,1,Second Class,Northern Europe,Europe,Reino Unido,Inglaterra
alert_13990,63717,2017-07-21 02:33:00,0.9999271704819885,1,First Class,Western Europe,Europe,Francia,Isla de Francia
alert_13991,63717,2017-07-21 02:33:00,0.9999271704819885,1,First Class,Western Europe,Europe,Francia,Isla de Francia
alert_19100,65838,2017-08-21 01:38:00,0.999927157811363,1,First Class,Northern Europe,Europe,Reino Unido,Inglaterra
alert_19099,65838,2017-08-21 01:38:00,0.999927157811363,1,First Class,Northern Europe,Europe,Reino Unido,Inglaterra
alert_33470,76194,2018-01-19 05:48:00,0.9999271575206778,1,First Class,Eastern Asia,Pacific Asia,Corea del Sur,Seúl
alert_33391,76097,2018-01-17 19:49:00,0.9999271575206778,1,First Class,Eastern Asia,Pacific Asia,China,Shanghái
alert_33376,76082,2018-01-17 14:33:00,0.9999271575206778,1,First Class,Eastern Asia,Pacific Asia,China,Shanghái
alert_19279,65933,2017-08-22 10:54:00,0.9999271499077127,1,First Class,Western Europe,Europe,Francia,Isla de Francia
alert_1142,58269,2017-05-02 13:52:00,0.9999271200676497,1,First Class,Central America,LATAM,México,Jalisco
alert_1138,58269,2017-05-02 13:52:00,0.9999271200676497,1,First Class,Central America,LATAM,México,Jalisco
alert_16038,64574,2017-08-02 14:47:00,0.9999271166379313,1,First Class,Western Europe,Europe,Francia,Isla de Francia
alert_26960,69363,2017-10-11 12:35:00,0.9999271135112993,1,First Class,Northern Europe,Europe,Reino Unido,Inglaterra
alert_26961,69364,2017-10-11 12:56:00,0.9999271135112993,1,First Class,Northern Europe,Europe,Reino Unido,Inglaterra
alert_30736,73313,2017-12-08 04:27:00,0.9999271135112993,1,First Class,South Asia,Pacific Asia,India,Guyarat
alert_9061,61623,2017-06-20 12:55:00,0.9999271007063628,1,First Class,Western Europe,Europe,Alemania,Turingia
alert_27542,69964,2017-10-20 07:09:00,0.9999270979496556,1,First Class,Southern Europe,Europe,Italia,Lombardía
alert_13581,63542,2017-07-18 13:14:00,0.9999270870267953,1,First Class,Western Europe,Europe,Francia,Languedoc-Rosellón-Mediodía-Pirineos
alert_13585,63542,2017-07-18 13:14:00,0.9999270870267953,1,First Class,Western Europe,Europe,Francia,Languedoc-Rosellón-Mediodía-Pirineos
alert_23988,67888,2017-09-19 23:50:00,0.9999270774511599,1,First Class,Western Europe,Europe,Alemania,Renania del Norte-Westfalia
alert_5512,60089,2017-05-29 03:30:00,0.9999270740384506,1,First Class,Central America,LATAM,México,Sinaloa
alert_20147,66318,2017-08-28 01:47:00,0.9999270685391083,1,First Class,Western Europe,Europe,Suiza,Lucerna
alert_20142,66317,2017-08-28 01:26:00,0.9999270685391083,1,First Class,Western Europe,Europe,Suiza,Lucerna
alert_20148,66318,2017-08-28 01:47:00,0.9999270685391083,1,First Class,Western Europe,Europe,Suiza,Lucerna
alert_20408,66410,2017-08-29 10:01:00,0.9999270558019179,1,First Class,Southern Europe,Europe,Italia,Lombardía
alert_10404,62208,2017-06-29 01:52:00,0.9999270463788491,1,First Class,Western Europe,Europe,Francia,Aquitania-Lemosín-Poitou-Charentes
alert_10408,62208,2017-06-29 01:52:00,0.9999270463788491,1,First Class,Western Europe,Europe,Francia,Aquitania-Lemosín-Poitou-Charentes
alert_10405,62208,2017-06-29 01:52:00,0.9999270463788491,1,First Class,Western Europe,Europe,Francia,Aquitania-Lemosín-Poitou-Charentes
alert_25961,68733,2017-10-02 07:52:00,0.9999270370832303,1,First Class,Southern Europe,Europe,Portugal,Lisboa
alert_25962,68733,2017-10-02 07:52:00,0.9999270370832303,1,First Class,Southern Europe,Europe,Portugal,Lisboa
alert_25964,68733,2017-10-02 07:52:00,0.9999270370832303,1,First Class,Southern Europe,Europe,Portugal,Lisboa
alert_18373,65537,2017-08-16 16:10:00,0.9999270307656288,1,First Class,Western Europe,Europe,Alemania,Renania del Norte-Westfalia
alert_30943,73537,2017-12-11 10:56:00,0.9999270084594984,1,First Class,Eastern Asia,Pacific Asia,China,Hunan
alert_31014,73624,2017-12-12 17:24:00,0.9999270084594984,1,First Class,Eastern Asia,Pacific Asia,China,Hubei
alert_29733,72277,2017-11-23 01:30:00,0.9999269847156466,1,First Class,Eastern Asia,Pacific Asia,China,Henan
alert_20926,66607,2017-09-01 07:02:00,0.9999269631770314,1,First Class,Western Europe,Europe,Francia,Isla de Francia
alert_20925,66606,2017-09-01 06:41:00,0.9999269631770314,1,First Class,Western Europe,Europe,Francia,Isla de Francia
alert_20928,66607,2017-09-01 07:02:00,0.9999269631770314,1,First Class,Western Europe,Europe,Francia,Isla de Francia
alert_10933,62429,2017-07-02 07:18:00,0.9999269631770314,1,First Class,Western Europe,Europe,Francia,Isla de Francia
alert_29842,72110,2017-11-24 14:59:00,0.999926961329298,1,Second Class,Eastern Asia,Pacific Asia,China,Shanxi
alert_14440,63891,2017-07-23 15:30:00,0.9999269602363228,1,First Class,Western Europe,Europe,Bélgica,Namur
alert_14437,63891,2017-07-23 15:30:00,0.9999269602363228,1,First Class,Western Europe,Europe,Bélgica,Namur
alert_14441,63892,2017-07-23 15:51:00,0.9999269602363228,1,First Class,Western Europe,Europe,Bélgica,Namur
alert_14442,63892,2017-07-23 15:51:00,0.9999269602363228,1,First Class,Western Europe,Europe,Bélgica,Namur
alert_29597,72131,2017-11-20 22:21:00,0.9999269466092291,1,First Class,Southeast Asia,Pacific Asia,Myanmar (Birmania),Rangún
alert_687,58079,2017-04-29 19:18:00,0.9999269452832761,1,First Class,Central America,LATAM,Honduras,Cortés
alert_12424,63032,2017-07-11 02:34:00,0.9999269391890379,1,First Class,Northern Europe,Europe,Reino Unido,Inglaterra
alert_12422,63032,2017-07-11 02:34:00,0.9999269391890379,1,First Class,Northern Europe,Europe,Reino Unido,Inglaterra
alert_12423,63032,2017-07-11 02:34:00,0.9999269391890379,1,First Class,Northern Europe,Europe,Reino Unido,Inglaterra
alert_12421,63032,2017-07-11 02:34:00,0.9999269391890379,1,First Class,Northern Europe,Europe,Reino Unido,Inglaterra
alert_30575,73145,2017-12-05 17:36:00,0.9999269243466233,1,First Class,Oceania,Pacific Asia,Australia,Nueva Gales del Sur
alert_28247,70715,2017-10-31 06:15:00,0.9999268908654513,1,First Class,Southern Europe,Europe,España,Madrid
alert_28249,70716,2017-10-31 06:36:00,0.9999268908654513,1,First Class,Southern Europe,Europe,España,Madrid
alert_28250,70717,2017-10-31 06:57:00,0.9999268908654513,1,First Class,Southern Europe,Europe,España,Madrid
alert_28251,70718,2017-10-31 07:18:00,0.9999268908654513,1,First Class,Southern Europe,Europe,España,Madrid
alert_16110,64600,2017-08-02 23:54:00,0.999926889120134,1,First Class,Southern Europe,Europe,España,Valenciana
alert_16109,64600,2017-08-02 23:54:00,0.999926889120134,1,First Class,Southern Europe,Europe,España,Valenciana
alert_16108,64600,2017-08-02 23:54:00,0.999926889120134,1,First Class,Southern Europe,Europe,España,Valenciana
alert_32343,75012,2018-01-01 23:41:00,0.9999268419786401,1,First Class,Oceania,Pacific Asia,Australia,Australia del Sur
alert_16591,64826,2017-08-06 07:05:00,0.9999268414917876,1,First Class,Southern Europe,Europe,Italia,Apulia
alert_695,58080,2017-04-29 19:39:00,0.9999268342452816,1,First Class,Central America,LATAM,Honduras,Cortés
alert_5091,59920,2017-05-26 16:17:00,0.9999268342452816,1,First Class,Central America,LATAM,Honduras,Cortés
alert_693,58080,2017-04-29 19:39:00,0.9999268342452816,1,First Class,Central America,LATAM,Honduras,Cortés
alert_5090,59920,2017-05-26 16:17:00,0.9999268342452816,1,First Class,Central America,LATAM,Honduras,Cortés
alert_696,58080,2017-04-29 19:39:00,0.9999268342452816,1,First Class,Central America,LATAM,Honduras,Cortés
alert_15977,64541,2017-08-02 03:14:00,0.999926821981877,1,First Class,Western Europe,Europe,Países Bajos,Limburgo
alert_18886,65765,2017-08-20 00:03:00,0.9999268074080029,1,First Class,Southern Europe,Europe,España,Madrid
alert_16116,64601,2017-08-03 00:15:00,0.999926782280478,1,First Class,Southern Europe,Europe,España,Valenciana
alert_4419,59600,2017-05-22 00:11:00,0.9999267695381304,1,First Class,Caribbean,LATAM,Cuba,Isla de la Juventud
alert_12665,63139,2017-07-12 16:03:00,0.9999267643086149,1,First Class,Western Europe,Europe,Alemania,Baja Sajonia
alert_16416,64752,2017-08-05 05:09:00,0.9999267643086149,1,First Class,Western Europe,Europe,Francia,Isla de Francia
alert_27177,69584,2017-10-14 18:01:00,0.9999267643086149,1,First Class,Western Europe,Europe,Alemania,Bavaria
alert_11280,62606,2017-07-04 21:19:00,0.9999267533232715,1,First Class,Western Europe,Europe,Francia,Norte-Paso de Calais-Picardía
alert_26198,68828,2017-10-03 17:09:00,0.9999267533232715,1,First Class,Western Europe,Europe,Francia,Norte-Paso de Calais-Picardía
alert_15904,64506,2017-08-01 14:58:00,0.9999267533232715,1,First Class,Western Europe,Europe,Alemania,Renania del Norte-Westfalia
alert_11282,62607,2017-07-04 21:40:00,0.9999267533232715,1,First Class,Western Europe,Europe,Francia,Países del Loira
alert_15903,64506,2017-08-01 14:58:00,0.9999267533232715,1,First Class,Western Europe,Europe,Alemania,Renania del Norte-Westfalia
alert_26197,68828,2017-10-03 17:09:00,0.9999267533232715,1,First Class,Western Europe,Europe,Francia,Norte-Paso de Calais-Picardía
alert_26217,68835,2017-10-03 19:36:00,0.9999267533232715,1,First Class,Western Europe,Europe,Francia,Provenza-Alpes-Costa Azul
alert_26215,68835,2017-10-03 19:36:00,0.9999267533232715,1,First Class,Western Europe,Europe,Francia,Provenza-Alpes-Costa Azul
alert_11278,62606,2017-07-04 21:19:00,0.9999267533232715,1,First Class,Western Europe,Europe,Francia,Norte-Paso de Calais-Picardía
alert_11277,62606,2017-07-04 21:19:00,0.9999267533232715,1,First Class,Western Europe,Europe,Francia,Norte-Paso de Calais-Picardía
alert_11279,62606,2017-07-04 21:19:00,0.9999267533232715,1,First Class,Western Europe,Europe,Francia,Norte-Paso de Calais-Picardía
alert_6835,60632,2017-06-06 01:44:00,0.9999267444000145,1,First Class,Central America,LATAM,Guatemala,Guatemala
alert_6834,60632,2017-06-06 01:44:00,0.9999267444000145,1,First Class,Central America,LATAM,Guatemala,Guatemala
alert_28888,71388,2017-11-10 02:02:00,0.9999267414366243,1,First Class,Southern Europe,Europe,Italia,Lombardía
alert_17225,65089,2017-08-10 03:13:00,0.9999267414366243,1,First Class,Southern Europe,Europe,Italia,Lombardía
alert_17220,65087,2017-08-10 02:31:00,0.9999267414366243,1,First Class,Southern Europe,Europe,Italia,Lombardía
alert_17226,65089,2017-08-10 03:13:00,0.9999267414366243,1,First Class,Southern Europe,Europe,Italia,Lombardía
alert_17222,65088,2017-08-10 02:52:00,0.9999267414366243,1,First Class,Southern Europe,Europe,Italia,Lombardía
alert_7312,60847,2017-06-09 05:03:00,0.9999267342014397,1,First Class,Central America,LATAM,México,Distrito Federal
alert_1300,58326,2017-05-03 09:50:00,0.9999267342014397,1,First Class,Central America,LATAM,México,Distrito Federal
alert_34160,76903,2018-01-29 14:11:00,0.9999267273912555,1,First Class,Southeast Asia,Pacific Asia,Indonesia,Yakarta
alert_34159,76902,2018-01-29 13:50:00,0.9999267273912555,1,First Class,Southeast Asia,Pacific Asia,Indonesia,Yakarta
alert_34158,76901,2018-01-29 13:29:00,0.9999267273912555,1,First Class,Southeast Asia,Pacific Asia,Indonesia,Yakarta
alert_32226,74891,2017-12-31 05:18:00,0.9999267223907822,1,First Class,Eastern Asia,Pacific Asia,China,Anhui
alert_28487,70953,2017-11-03 17:38:00,0.9999267150441166,1,First Class,Western Europe,Europe,Francia,Provenza-Alpes-Costa Azul
alert_28191,70656,2017-10-30 09:35:00,0.9999267025128478,1,First Class,Western Europe,Europe,Alemania,Renania del Norte-Westfalia
alert_19097,65837,2017-08-21 01:17:00,0.9999267001090921,1,First Class,Northern Europe,Europe,Reino Unido,Inglaterra
alert_23721,67773,2017-09-18 07:33:00,0.9999266951703999,1,First Class,Western Europe,Europe,Alemania,Renania del Norte-Westfalia
alert_13497,63494,2017-07-17 20:25:00,0.9999266951703999,1,First Class,Western Europe,Europe,Alemania,Renania del Norte-Westfalia
alert_23720,67773,2017-09-18 07:33:00,0.9999266951703999,1,First Class,Western Europe,Europe,Alemania,Renania del Norte-Westfalia
alert_32342,75011,2018-01-01 23:20:00,0.9999266921327552,1,First Class,Eastern Asia,Pacific Asia,China,Shandong
alert_30100,72660,2017-11-28 15:41:00,0.9999266783835187,1,First Class,Oceania,Pacific Asia,Australia,Australia del Sur
alert_30096,72659,2017-11-28 15:20:00,0.9999266783835187,1,First Class,Oceania,Pacific Asia,Australia,Australia del Sur
alert_1221,58303,2017-05-03 01:47:00,0.9999266751144253,1,First Class,Central America,LATAM,Guatemala,Guatemala
alert_1223,58303,2017-05-03 01:47:00,0.9999266751144253,1,First Class,Central America,LATAM,Guatemala,Guatemala
alert_6532,60522,2017-06-04 11:12:00,0.9999266751144253,1,First Class,Central America,LATAM,Guatemala,Guatemala
alert_6533,60522,2017-06-04 11:12:00,0.9999266751144253,1,First Class,Central America,LATAM,Guatemala,Guatemala
alert_1224,58304,2017-05-03 02:08:00,0.9999266751144253,1,First Class,Central America,LATAM,Guatemala,Guatemala
alert_1226,58304,2017-05-03 02:08:00,0.9999266751144253,1,First Class,Central America,LATAM,Guatemala,Guatemala
alert_6534,60522,2017-06-04 11:12:00,0.9999266751144253,1,First Class,Central America,LATAM,Guatemala,Guatemala
alert_1222,58303,2017-05-03 01:47:00,0.9999266751144253,1,First Class,Central America,LATAM,Guatemala,Guatemala
alert_1225,58304,2017-05-03 02:08:00,0.9999266751144253,1,First Class,Central America,LATAM,Guatemala,Guatemala
alert_6536,60522,2017-06-04 11:12:00,0.9999266751144253,1,First Class,Central America,LATAM,Guatemala,Guatemala
alert_1580,58430,2017-05-04 22:16:00,0.9999266751144253,1,First Class,Central America,LATAM,Guatemala,Guatemala
alert_28180,70647,2017-10-30 06:26:00,0.999926665889169,1,First Class,Western Europe,Europe,Alemania,Renania-Palatinado
alert_28177,70645,2017-10-30 05:44:00,0.999926665889169,1,First Class,Western Europe,Europe,Alemania,Renania-Palatinado
alert_28179,70646,2017-10-30 06:05:00,0.999926665889169,1,First Class,Western Europe,Europe,Alemania,Renania-Palatinado
alert_630,58060,2017-04-29 12:39:00,0.9999266577038827,1,First Class,Central America,LATAM,Honduras,Cortés
alert_19584,66056,2017-08-24 06:00:00,0.9999266577038827,1,First Class,Northern Europe,Europe,Irlanda,Cork
alert_19585,66056,2017-08-24 06:00:00,0.9999266577038827,1,First Class,Northern Europe,Europe,Irlanda,Cork
alert_625,58059,2017-04-29 12:18:00,0.9999266577038827,1,First Class,Central America,LATAM,Honduras,Cortés
alert_622,58059,2017-04-29 12:18:00,0.9999266577038827,1,First Class,Central America,LATAM,Honduras,Cortés
alert_624,58059,2017-04-29 12:18:00,0.9999266577038827,1,First Class,Central America,LATAM,Honduras,Cortés
alert_26018,68751,2017-10-02 14:11:00,0.9999266405085158,1,First Class,Western Europe,Europe,Austria,Viena
alert_31916,74295,2017-12-26 12:29:00,0.9999266337976055,1,Second Class,Oceania,Pacific Asia,Australia,Australia del Sur
alert_19102,65838,2017-08-21 01:38:00,0.9999266305460225,1,First Class,Northern Europe,Europe,Reino Unido,Inglaterra
alert_19101,65838,2017-08-21 01:38:00,0.9999266305460225,1,First Class,Northern Europe,Europe,Reino Unido,Inglaterra
alert_19096,65837,2017-08-21 01:17:00,0.9999266305460225,1,First Class,Northern Europe,Europe,Reino Unido,Inglaterra
alert_19098,65837,2017-08-21 01:17:00,0.9999266305460225,1,First Class,Northern Europe,Europe,Reino Unido,Inglaterra
alert_13583,63542,2017-07-18 13:14:00,0.999926628879784,1,First Class,Western Europe,Europe,Francia,Languedoc-Rosellón-Mediodía-Pirineos
alert_9997,62036,2017-06-26 13:37:00,0.999926622585166,1,First Class,Western Europe,Europe,Francia,Isla de Francia
alert_19276,65933,2017-08-22 10:54:00,0.999926622585166,1,First Class,Western Europe,Europe,Francia,Isla de Francia
alert_30853,73432,2017-12-09 22:09:00,0.9999266092953799,1,First Class,South Asia,Pacific Asia,India,Maharashtra
alert_30852,73431,2017-12-09 21:47:00,0.9999266092953799,1,First Class,Eastern Asia,Pacific Asia,China,Zhejiang
alert_30875,73458,2017-12-10 07:15:00,0.9999266092953799,1,First Class,Eastern Asia,Pacific Asia,China,Shandong
alert_4127,59469,2017-05-20 02:17:00,0.9999266015208227,1,First Class,Central America,LATAM,Honduras,Cortés
alert_16037,64574,2017-08-02 14:47:00,0.9999265990177302,1,First Class,Western Europe,Europe,Francia,Isla de Francia
alert_16041,64574,2017-08-02 14:47:00,0.9999265990177302,1,First Class,Western Europe,Europe,Francia,Isla de Francia
alert_16040,64574,2017-08-02 14:47:00,0.9999265990177302,1,First Class,Western Europe,Europe,Francia,Isla de Francia
alert_32423,75091,2018-01-03 03:22:00,0.9999265892005677,1,First Class,Southeast Asia,Pacific Asia,Indonesia,Yakarta
alert_14438,63891,2017-07-23 15:30:00,0.9999265741181885,1,First Class,Western Europe,Europe,Bélgica,Namur
alert_4122,59468,2017-05-20 01:56:00,0.9999264899603721,1,First Class,Central America,LATAM,Honduras,Cortés
alert_4121,59468,2017-05-20 01:56:00,0.9999264899603721,1,First Class,Central America,LATAM,Honduras,Cortés
alert_4125,59469,2017-05-20 02:17:00,0.9999264899603721,1,First Class,Central America,LATAM,Honduras,Cortés
alert_4120,59468,2017-05-20 01:56:00,0.9999264899603721,1,First Class,Central America,LATAM,Honduras,Cortés
alert_4123,59468,2017-05-20 01:56:00,0.9999264899603721,1,First Class,Central America,LATAM,Honduras,Cortés
alert_4124,59468,2017-05-20 01:56:00,0.9999264899603721,1,First Class,Central America,LATAM,Honduras,Cortés
alert_4131,59469,2017-05-20 02:17:00,0.9999264899603721,1,First Class,Central America,LATAM,Honduras,Cortés
alert_2629,58878,2017-05-11 11:14:00,0.9999264781853447,1,First Class,South America,LATAM,Venezuela,Distrito Capital
alert_2631,58878,2017-05-11 11:14:00,0.9999264781853447,1,First Class,South America,LATAM,Venezuela,Distrito Capital
alert_2630,58878,2017-05-11 11:14:00,0.9999264781853447,1,First Class,South America,LATAM,Venezuela,Distrito Capital
alert_886,58162,2017-05-01 00:23:00,0.9999264599242856,1,First Class,Central America,LATAM,México,Jalisco
alert_887,58162,2017-05-01 00:23:00,0.9999264599242856,1,First Class,Central America,LATAM,México,Jalisco
alert_30543,72909,2017-12-05 06:55:00,0.9999264562238567,1,Second Class,Eastern Asia,Pacific Asia,China,Fujian
alert_20924,66606,2017-09-01 06:41:00,0.9999264444670257,1,First Class,Western Europe,Europe,Francia,Isla de Francia
alert_20923,66606,2017-09-01 06:41:00,0.9999264444670257,1,First Class,Western Europe,Europe,Francia,Isla de Francia
alert_10937,62429,2017-07-02 07:18:00,0.9999264444670257,1,First Class,Western Europe,Europe,Francia,Isla de Francia
alert_20927,66607,2017-09-01 07:02:00,0.9999264444670257,1,First Class,Western Europe,Europe,Francia,Isla de Francia
alert_10936,62429,2017-07-02 07:18:00,0.9999264444670257,1,First Class,Western Europe,Europe,Francia,Isla de Francia
alert_10934,62429,2017-07-02 07:18:00,0.9999264444670257,1,First Class,Western Europe,Europe,Francia,Isla de Francia
alert_10935,62429,2017-07-02 07:18:00,0.9999264444670257,1,First Class,Western Europe,Europe,Francia,Isla de Francia
alert_10858,62394,2017-07-01 19:02:00,0.9999264344784652,1,First Class,Northern Europe,Europe,Finlandia,Uusimaa
alert_20904,66602,2017-09-01 05:17:00,0.9999264344784652,1,First Class,Northern Europe,Europe,Finlandia,Uusimaa
alert_20899,66601,2017-09-01 04:56:00,0.9999264344784652,1,First Class,Northern Europe,Europe,Finlandia,Uusimaa
alert_20900,66601,2017-09-01 04:56:00,0.9999264344784652,1,First Class,Northern Europe,Europe,Finlandia,Uusimaa
alert_20905,66602,2017-09-01 05:17:00,0.9999264344784652,1,First Class,Northern Europe,Europe,Finlandia,Uusimaa
alert_20906,66603,2017-09-01 05:38:00,0.9999264344784652,1,First Class,Northern Europe,Europe,Finlandia,Uusimaa
alert_20902,66602,2017-09-01 05:17:00,0.9999264344784652,1,First Class,Northern Europe,Europe,Finlandia,Uusimaa
alert_20903,66602,2017-09-01 05:17:00,0.9999264344784652,1,First Class,Northern Europe,Europe,Finlandia,Uusimaa
alert_25926,68721,2017-10-02 03:40:00,0.9999264301405061,1,First Class,Northern Europe,Europe,Reino Unido,Inglaterra
alert_25927,68721,2017-10-02 03:40:00,0.9999264301405061,1,First Class,Northern Europe,Europe,Reino Unido,Inglaterra
alert_26022,68753,2017-10-02 14:53:00,0.9999264301405061,1,First Class,Northern Europe,Europe,Reino Unido,Inglaterra
alert_24171,67970,2017-09-21 04:34:00,0.9999264108351297,1,First Class,Southern Europe,Europe,Italia,Campania
alert_18213,65468,2017-08-15 16:00:00,0.9999264032677369,1,First Class,Western Europe,Europe,Francia,Isla de Francia
alert_18218,65469,2017-08-15 16:21:00,0.9999264032677369,1,First Class,Western Europe,Europe,Francia,Isla de Francia
alert_9671,61897,2017-06-24 12:55:00,0.9999263541070377,1,First Class,Western Europe,Europe,Alemania,Bavaria
alert_29544,72077,2017-11-20 03:25:00,0.9999263242260448,1,First Class,Oceania,Pacific Asia,Australia,Victoria
alert_3253,59120,2017-05-15 00:01:00,0.9999263159246695,1,First Class,Central America,LATAM,Guatemala,Chimaltenango
alert_12804,63210,2017-07-13 16:55:00,0.9999263084455609,1,First Class,Western Europe,Europe,Alemania,Bremen
alert_10981,62453,2017-07-02 15:43:00,0.9999263026323947,1,First Class,Northern Europe,Europe,Reino Unido,Inglaterra
alert_16152,64617,2017-08-03 05:51:00,0.9999262987906952,1,First Class,Western Europe,Europe,Austria,Viena
alert_16151,64617,2017-08-03 05:51:00,0.9999262987906952,1,First Class,Western Europe,Europe,Austria,Viena
alert_21242,66755,2017-09-03 10:53:00,0.9999262987906952,1,First Class,Western Europe,Europe,Austria,Viena
alert_21241,66755,2017-09-03 10:53:00,0.9999262987906952,1,First Class,Western Europe,Europe,Austria,Viena
alert_21243,66755,2017-09-03 10:53:00,0.9999262987906952,1,First Class,Western Europe,Europe,Austria,Viena
alert_7569,60955,2017-06-10 18:54:00,0.9999262951476772,1,First Class,Central America,LATAM,México,Yucatán
alert_7568,60955,2017-06-10 18:54:00,0.9999262951476772,1,First Class,Central America,LATAM,México,Yucatán
alert_7571,60955,2017-06-10 18:54:00,0.9999262951476772,1,First Class,Central America,LATAM,México,Yucatán
alert_7570,60955,2017-06-10 18:54:00,0.9999262951476772,1,First Class,Central America,LATAM,México,Yucatán
alert_33164,75855,2018-01-14 07:02:00,0.9999262819520213,1,First Class,Southeast Asia,Pacific Asia,Indonesia,Yogyakarta
alert_27471,69889,2017-10-19 04:52:00,0.9999262794619939,1,First Class,Northern Europe,Europe,Reino Unido,Inglaterra
alert_30834,73410,2017-12-09 14:26:00,0.9999262761760038,1,First Class,Eastern Asia,Pacific Asia,China,Guangxi
alert_31019,73627,2017-12-12 18:28:00,0.9999262756086933,1,First Class,South Asia,Pacific Asia,India,Assam
alert_17626,65245,2017-08-12 09:52:00,0.9999262576771509,1,First Class,Western Europe,Europe,Alemania,Renania del Norte-Westfalia
alert_22928,67461,2017-09-13 18:14:00,0.9999262576771509,1,First Class,Western Europe,Europe,Francia,Languedoc-Rosellón-Mediodía-Pirineos
alert_22927,67461,2017-09-13 18:14:00,0.9999262576771509,1,First Class,Western Europe,Europe,Francia,Languedoc-Rosellón-Mediodía-Pirineos
alert_17627,65245,2017-08-12 09:52:00,0.9999262576771509,1,First Class,Western Europe,Europe,Alemania,Renania del Norte-Westfalia
alert_11074,62492,2017-07-03 05:22:00,0.9999262459935895,1,First Class,Southern Europe,Europe,España,Ceuta
alert_11071,62492,2017-07-03 05:22:00,0.9999262459935895,1,First Class,Southern Europe,Europe,España,Ceuta
alert_11073,62492,2017-07-03 05:22:00,0.9999262459935895,1,First Class,Southern Europe,Europe,España,Ceuta
alert_8057,61175,2017-06-13 23:58:00,0.999926227361715,1,First Class,Central America,LATAM,El Salvador,San Salvador
alert_1292,58325,2017-05-03 09:29:00,0.999926227361715,1,First Class,Central America,LATAM,Panamá,Panamá
alert_1293,58325,2017-05-03 09:29:00,0.999926227361715,1,First Class,Central America,LATAM,Panamá,Panamá
alert_7485,60921,2017-06-10 06:59:00,0.999926227361715,1,First Class,Central America,LATAM,México,México
alert_2400,58779,2017-05-10 00:33:00,0.999926227361715,1,First Class,Central America,LATAM,México,Nayarit
alert_7724,61024,2017-06-11 19:04:00,0.999926227361715,1,First Class,Central America,LATAM,México,Nayarit
alert_7406,60897,2017-06-09 22:34:00,0.999926227361715,1,First Class,Central America,LATAM,Guatemala,Quezaltenango
alert_27535,69957,2017-10-20 04:42:00,0.9999262091328459,1,First Class,Western Europe,Europe,Francia,Auvernia-Ródano-Alpes
alert_29698,72244,2017-11-22 13:56:00,0.9999262034709173,1,First Class,South Asia,Pacific Asia,India,Chhattisgarh
alert_29725,72273,2017-11-23 00:06:00,0.9999262034709173,1,First Class,South Asia,Pacific Asia,India,Chhattisgarh
alert_29701,72245,2017-11-22 14:17:00,0.9999262034709173,1,First Class,South Asia,Pacific Asia,India,Chhattisgarh
alert_29726,72274,2017-11-23 00:27:00,0.9999262034709173,1,First Class,South Asia,Pacific Asia,India,Chhattisgarh
alert_7577,60957,2017-06-10 19:36:00,0.9999262019140913,1,First Class,Central America,LATAM,Panamá,Chiriquí
alert_2573,58857,2017-05-11 03:52:00,0.9999262019140913,1,First Class,Central America,LATAM,México,Jalisco
alert_9337,61754,2017-06-22 10:49:00,0.9999261904041826,1,First Class,Western Europe,Europe,Alemania,Berlín
alert_10453,62221,2017-06-29 06:26:00,0.9999261904041826,1,First Class,Western Europe,Europe,Alemania,Berlín
alert_16278,64681,2017-08-04 04:17:00,0.9999261826175976,1,First Class,Western Europe,Europe,Alemania,Renania del Norte-Westfalia
alert_16256,64670,2017-08-04 00:25:00,0.9999261826175976,1,First Class,Western Europe,Europe,Alemania,Renania del Norte-Westfalia
alert_16280,64681,2017-08-04 04:17:00,0.9999261826175976,1,First Class,Western Europe,Europe,Alemania,Renania del Norte-Westfalia
alert_28544,71017,2017-11-04 16:04:00,0.9999261826175976,1,First Class,Western Europe,Europe,Francia,Países del Loira
alert_20996,66643,2017-09-01 19:39:00,0.9999261826175976,1,First Class,Western Europe,Europe,Alemania,Renania del Norte-Westfalia
alert_20995,66643,2017-09-01 19:39:00,0.9999261826175976,1,First Class,Western Europe,Europe,Alemania,Renania del Norte-Westfalia
alert_20997,66643,2017-09-01 19:39:00,0.9999261826175976,1,First Class,Western Europe,Europe,Alemania,Renania del Norte-Westfalia
alert_10869,62399,2017-07-01 20:47:00,0.9999261826175976,1,First Class,Western Europe,Europe,Francia,Países del Loira
alert_28442,70916,2017-11-03 04:40:00,0.9999261826175976,1,First Class,Western Europe,Europe,Alemania,Renania del Norte-Westfalia
alert_16257,64670,2017-08-04 00:25:00,0.9999261826175976,1,First Class,Western Europe,Europe,Alemania,Renania del Norte-Westfalia
alert_16279,64681,2017-08-04 04:17:00,0.9999261826175976,1,First Class,Western Europe,Europe,Alemania,Renania del Norte-Westfalia
alert_20994,66643,2017-09-01 19:39:00,0.9999261826175976,1,First Class,Western Europe,Europe,Alemania,Renania del Norte-Westfalia
alert_31505,74112,2017-12-19 20:23:00,0.9999261805743643,1,First Class,Eastern Asia,Pacific Asia,China,Henan
alert_31504,74111,2017-12-19 20:02:00,0.9999261805743643,1,First Class,Eastern Asia,Pacific Asia,China,Henan
alert_3572,59246,2017-05-16 20:09:00,0.9999261340642559,1,First Class,Central America,LATAM,Honduras,Cortés
alert_3573,59246,2017-05-16 20:09:00,0.9999261340642559,1,First Class,Central America,LATAM,Honduras,Cortés
alert_3571,59246,2017-05-16 20:09:00,0.9999261340642559,1,First Class,Central America,LATAM,Honduras,Cortés
alert_14439,63891,2017-07-23 15:30:00,0.9999261127485657,1,First Class,Western Europe,Europe,Bélgica,Namur
alert_34422,77187,2018-02-02 17:41:00,0.999926103812852,1,First Class,Southeast Asia,Pacific Asia,Singapur,Singapur
alert_19278,65933,2017-08-22 10:54:00,0.9999261014564439,1,First Class,Western Europe,Europe,Francia,Isla de Francia
alert_27799,70254,2017-10-24 12:45:00,0.9999261014564439,1,First Class,Western Europe,Europe,Francia,Isla de Francia
alert_9996,62036,2017-06-26 13:37:00,0.9999261014564439,1,First Class,Western Europe,Europe,Francia,Isla de Francia
alert_19280,65933,2017-08-22 10:54:00,0.9999261014564439,1,First Class,Western Europe,Europe,Francia,Isla de Francia
alert_19277,65933,2017-08-22 10:54:00,0.9999261014564439,1,First Class,Western Europe,Europe,Francia,Isla de Francia
alert_29638,72181,2017-11-21 15:52:00,0.9999260753692066,1,First Class,Eastern Asia,Pacific Asia,China,Chongqing
alert_9906,62001,2017-06-26 01:21:00,0.9999260586696938,1,First Class,Western Europe,Europe,Alemania,Renania del Norte-Westfalia
alert_9919,62005,2017-06-26 02:45:00,0.9999260586696938,1,First Class,Western Europe,Europe,Alemania,Renania del Norte-Westfalia
alert_9918,62005,2017-06-26 02:45:00,0.9999260586696938,1,First Class,Western Europe,Europe,Alemania,Renania del Norte-Westfalia
alert_9920,62005,2017-06-26 02:45:00,0.9999260586696938,1,First Class,Western Europe,Europe,Alemania,Renania del Norte-Westfalia
alert_9905,62001,2017-06-26 01:21:00,0.9999260586696938,1,First Class,Western Europe,Europe,Alemania,Renania del Norte-Westfalia
alert_9908,62001,2017-06-26 01:21:00,0.9999260586696938,1,First Class,Western Europe,Europe,Alemania,Renania del Norte-Westfalia
alert_32035,74677,2017-12-28 02:19:00,0.9999260495531289,1,First Class,South Asia,Pacific Asia,India,Karnataka
alert_31973,74409,2017-12-27 04:26:00,0.9999260172862474,1,Second Class,Eastern Asia,Pacific Asia,Corea del Sur,Gyeonggi
alert_32855,75529,2018-01-09 12:49:00,0.9999260021281926,1,First Class,Southeast Asia,Pacific Asia,Indonesia,Yogyakarta
alert_32859,75531,2018-01-09 13:31:00,0.9999260021281926,1,First Class,Southeast Asia,Pacific Asia,Indonesia,Yogyakarta
alert_32857,75530,2018-01-09 13:10:00,0.9999260021281926,1,First Class,Southeast Asia,Pacific Asia,Indonesia,Yogyakarta
alert_33727,76453,2018-01-23 00:32:00,0.9999259877594431,1,First Class,South Asia,Pacific Asia,Bangladés,Daca
alert_14079,63756,2017-07-21 16:12:00,0.9999259597398767,1,First Class,Northern Europe,Europe,Reino Unido,Inglaterra
alert_14080,63756,2017-07-21 16:12:00,0.9999259597398767,1,First Class,Northern Europe,Europe,Reino Unido,Inglaterra
alert_13589,63543,2017-07-18 13:35:00,0.9999259376712628,1,First Class,Western Europe,Europe,Francia,Languedoc-Rosellón-Mediodía-Pirineos
alert_13245,63389,2017-07-16 07:38:00,0.9999259290012804,1,First Class,Western Europe,Europe,Austria,Viena
alert_13246,63389,2017-07-16 07:38:00,0.9999259290012804,1,First Class,Western Europe,Europe,Austria,Viena
alert_19227,65912,2017-08-22 03:33:00,0.9999259231470321,1,First Class,Western Europe,Europe,Francia,Isla de Francia
alert_19226,65911,2017-08-22 03:12:00,0.9999259231470321,1,First Class,Western Europe,Europe,Francia,Isla de Francia
alert_19228,65912,2017-08-22 03:33:00,0.9999259231470321,1,First Class,Western Europe,Europe,Francia,Isla de Francia
alert_16691,64867,2017-08-06 21:26:00,0.9999259055506048,1,First Class,Western Europe,Europe,Francia,Languedoc-Rosellón-Mediodía-Pirineos
alert_16688,64867,2017-08-06 21:26:00,0.9999259055506048,1,First Class,Western Europe,Europe,Francia,Languedoc-Rosellón-Mediodía-Pirineos
alert_16687,64867,2017-08-06 21:26:00,0.9999259055506048,1,First Class,Western Europe,Europe,Francia,Languedoc-Rosellón-Mediodía-Pirineos
alert_18220,65469,2017-08-15 16:21:00,0.999925880581531,1,First Class,Western Europe,Europe,Francia,Isla de Francia
alert_18219,65469,2017-08-15 16:21:00,0.999925880581531,1,First Class,Western Europe,Europe,Francia,Isla de Francia
alert_18214,65468,2017-08-15 16:00:00,0.999925880581531,1,First Class,Western Europe,Europe,Francia,Isla de Francia
alert_18212,65468,2017-08-15 16:00:00,0.999925880581531,1,First Class,Western Europe,Europe,Francia,Isla de Francia
alert_18216,65468,2017-08-15 16:00:00,0.999925880581531,1,First Class,Western Europe,Europe,Francia,Isla de Francia
alert_18217,65469,2017-08-15 16:21:00,0.999925880581531,1,First Class,Western Europe,Europe,Francia,Isla de Francia
alert_32815,75478,2018-01-08 18:57:00,0.9999258749516551,1,First Class,Eastern Asia,Pacific Asia,China,Guangdong
alert_33236,75933,2018-01-15 10:21:00,0.9999258749516551,1,First Class,Eastern Asia,Pacific Asia,China,Guangdong
alert_33237,75934,2018-01-15 10:42:00,0.9999258749516551,1,First Class,Eastern Asia,Pacific Asia,China,Guangdong
alert_33235,75931,2018-01-15 09:39:00,0.9999258749516551,1,First Class,Eastern Asia,Pacific Asia,China,Guangdong
alert_12805,63211,2017-07-13 17:16:00,0.9999258395570245,1,First Class,Northern Europe,Europe,Reino Unido,Inglaterra
alert_26016,68751,2017-10-02 14:11:00,0.9999258390681346,1,First Class,Western Europe,Europe,Austria,Viena
alert_26017,68751,2017-10-02 14:11:00,0.9999258390681346,1,First Class,Western Europe,Europe,Austria,Viena
alert_19362,65957,2017-08-22 19:19:00,0.999925821069573,1,First Class,Southern Europe,Europe,España,Murcia
alert_19270,65931,2017-08-22 10:12:00,0.9999258187340461,1,First Class,Southern Europe,Europe,España,Andalucía
alert_19271,65931,2017-08-22 10:12:00,0.9999258187340461,1,First Class,Southern Europe,Europe,España,Andalucía
alert_3492,59219,2017-05-16 10:42:00,0.9999257826818666,1,First Class,Central America,LATAM,México,Chihuahua
alert_3491,59219,2017-05-16 10:42:00,0.9999257826818666,1,First Class,Central America,LATAM,México,Chihuahua
alert_3490,59219,2017-05-16 10:42:00,0.9999257826818666,1,First Class,Central America,LATAM,México,Chihuahua
alert_29229,71758,2017-11-15 11:40:00,0.9999257724268901,1,First Class,Oceania,Pacific Asia,Australia,Nueva Gales del Sur
alert_12807,63212,2017-07-13 17:37:00,0.9999257691773341,1,First Class,Northern Europe,Europe,Reino Unido,Inglaterra
alert_12808,63212,2017-07-13 17:37:00,0.9999257691773341,1,First Class,Northern Europe,Europe,Reino Unido,Inglaterra
alert_7208,60791,2017-06-08 09:26:00,0.9999257691773341,1,First Class,South America,LATAM,Brasil,Distrito Federal
alert_12806,63211,2017-07-13 17:16:00,0.9999257691773341,1,First Class,Northern Europe,Europe,Reino Unido,Inglaterra
alert_16445,64764,2017-08-05 09:21:00,0.9999257651352861,1,First Class,Western Europe,Europe,Alemania,Renania-Palatinado
alert_12839,63239,2017-07-14 03:05:00,0.9999257651352861,1,First Class,Western Europe,Europe,Alemania,Renania del Norte-Westfalia
alert_25892,68709,2017-10-01 23:28:00,0.999925747193169,1,First Class,Southern Europe,Europe,Italia,Emilia-Romaña
alert_24384,68070,2017-09-22 15:36:00,0.9999257266236818,1,First Class,Western Europe,Europe,Alemania,Bavaria
alert_10576,62269,2017-06-29 23:15:00,0.9999257266236818,1,First Class,Western Europe,Europe,Alemania,Berlín
alert_14258,63829,2017-07-22 17:47:00,0.9999257266236818,1,First Class,Western Europe,Europe,Alemania,Bavaria
alert_31422,74018,2017-12-18 11:27:00,0.9999257167321028,1,First Class,Eastern Asia,Pacific Asia,China,Guangdong
alert_2494,58816,2017-05-10 13:30:00,0.9999256913923714,1,First Class,Caribbean,LATAM,Haití,Ouest
alert_27594,70023,2017-10-21 03:49:00,0.9999256678275474,1,First Class,Northern Europe,Europe,Suecia,Estocolmo
alert_22589,67310,2017-09-11 13:20:00,0.9999256533198956,1,First Class,Western Europe,Europe,Países Bajos,Holanda Septentrional
alert_17413,65159,2017-08-11 03:44:00,0.9999256202170757,1,First Class,Western Europe,Europe,Francia,Isla de Francia
alert_15571,64356,2017-07-30 10:25:00,0.9999256099143539,1,First Class,Western Europe,Europe,Francia,Provenza-Alpes-Costa Azul
alert_33623,76080,2018-01-21 13:51:00,0.9999255887596779,1,Second Class,Oceania,Pacific Asia,Australia,Nueva Gales del Sur
alert_12531,63072,2017-07-11 16:34:00,0.9999255866338248,1,First Class,Southern Europe,Europe,Italia,Lombardía
alert_12529,63072,2017-07-11 16:34:00,0.9999255866338248,1,First Class,Southern Europe,Europe,Italia,Lombardía
alert_12530,63072,2017-07-11 16:34:00,0.9999255866338248,1,First Class,Southern Europe,Europe,Italia,Lombardía
alert_12527,63072,2017-07-11 16:34:00,0.9999255866338248,1,First Class,Southern Europe,Europe,Italia,Lombardía
alert_22060,67096,2017-09-08 10:22:00,0.9999255720634477,1,First Class,Western Europe,Europe,Francia,Alsacia-Champaña-Ardenas-Lorena
alert_27201,69399,2017-10-15 01:12:00,0.9999255283705886,1,Second Class,Western Europe,Europe,Países Bajos,Groningen
alert_30102,72661,2017-11-28 16:02:00,0.9999255225868628,1,First Class,Oceania,Pacific Asia,Australia,Australia del Sur
alert_32451,75123,2018-01-03 14:34:00,0.9999255192662415,1,First Class,Oceania,Pacific Asia,Australia,Australia del Sur
alert_4574,59674,2017-05-23 02:06:00,0.9999255123697831,1,First Class,Central America,LATAM,México,Baja California
alert_12031,62894,2017-07-09 02:13:00,0.9999254850315581,1,First Class,Northern Europe,Europe,Reino Unido,Inglaterra
alert_16452,64765,2017-08-05 09:42:00,0.999925473072091,1,First Class,Western Europe,Europe,Alemania,Renania-Palatinado
alert_25255,68403,2017-09-27 12:16:00,0.9999254271513688,1,First Class,Southern Europe,Europe,Italia,Lacio
alert_12425,63033,2017-07-11 02:55:00,0.9999254088634127,1,First Class,Western Europe,Europe,Países Bajos,Brabante Septentrional
alert_12427,63033,2017-07-11 02:55:00,0.9999254088634127,1,First Class,Western Europe,Europe,Países Bajos,Brabante Septentrional
alert_26969,69368,2017-10-11 14:20:00,0.9999253867180513,1,First Class,Western Europe,Europe,Francia,Aquitania-Lemosín-Poitou-Charentes
alert_31064,73400,2017-12-13 10:56:00,0.9999253723150746,1,Second Class,Eastern Asia,Pacific Asia,China,Guangdong
alert_32809,75472,2018-01-08 16:51:00,0.999925363253357,1,First Class,Southeast Asia,Pacific Asia,Indonesia,Java Central
alert_13584,63542,2017-07-18 13:14:00,0.999925326227768,1,First Class,Western Europe,Europe,Francia,Languedoc-Rosellón-Mediodía-Pirineos
alert_8273,61263,2017-06-15 06:48:00,0.9999252889634722,1,First Class,South America,LATAM,Brasil,Amapá
alert_17863,65337,2017-08-13 18:06:00,0.9999252532756964,1,First Class,Western Europe,Europe,Alemania,Renania del Norte-Westfalia
alert_12026,62892,2017-07-09 01:31:00,0.9999252532756964,1,First Class,Western Europe,Europe,Alemania,Renania del Norte-Westfalia
alert_13114,63332,2017-07-15 11:40:00,0.9999252258080489,1,First Class,Western Europe,Europe,Alemania,Sajonia
alert_31909,74285,2017-12-26 08:59:00,0.9999252183160643,1,Second Class,Eastern Asia,Pacific Asia,China,Hebei
alert_30780,73361,2017-12-08 21:16:00,0.999925213702786,1,First Class,Oceania,Pacific Asia,Australia,Nueva Gales del Sur
alert_12419,63031,2017-07-11 02:12:00,0.9999251932548077,1,First Class,Southern Europe,Europe,Italia,Sicilia
alert_12418,63031,2017-07-11 02:12:00,0.9999251932548077,1,First Class,Southern Europe,Europe,Italia,Sicilia
alert_4641,59702,2017-05-23 11:55:00,0.9999251780168731,1,First Class,Central America,LATAM,México,Distrito Federal
alert_16675,64863,2017-08-06 20:02:00,0.9999251630275111,1,First Class,Southern Europe,Europe,España,Cataluña
alert_16119,64601,2017-08-03 00:15:00,0.9999251493084622,1,First Class,Southern Europe,Europe,España,Valenciana
alert_9673,61897,2017-06-24 12:55:00,0.9999251383852219,1,First Class,Western Europe,Europe,Alemania,Bavaria
alert_9672,61897,2017-06-24 12:55:00,0.9999251383852219,1,First Class,Western Europe,Europe,Alemania,Bavaria
alert_9674,61897,2017-06-24 12:55:00,0.9999251383852219,1,First Class,Western Europe,Europe,Alemania,Bavaria
alert_9675,61898,2017-06-24 13:16:00,0.9999251383852219,1,First Class,Western Europe,Europe,Alemania,Bavaria
alert_12245,62960,2017-07-10 01:20:00,0.9999251212653147,1,First Class,Western Europe,Europe,Alemania,Berlín
alert_26214,68835,2017-10-03 19:36:00,0.9999251197054727,1,First Class,Western Europe,Europe,Francia,Provenza-Alpes-Costa Azul
alert_15902,64506,2017-08-01 14:58:00,0.9999251197054727,1,First Class,Western Europe,Europe,Alemania,Renania del Norte-Westfalia
alert_26196,68828,2017-10-03 17:09:00,0.9999251197054727,1,First Class,Western Europe,Europe,Francia,Norte-Paso de Calais-Picardía
alert_11281,62607,2017-07-04 21:40:00,0.9999251197054727,1,First Class,Western Europe,Europe,Francia,Países del Loira
alert_11276,62606,2017-07-04 21:19:00,0.9999251197054727,1,First Class,Western Europe,Europe,Francia,Norte-Paso de Calais-Picardía
alert_17221,65087,2017-08-10 02:31:00,0.9999251075537376,1,First Class,Southern Europe,Europe,Italia,Lombardía
alert_17228,65089,2017-08-10 03:13:00,0.9999251075537376,1,First Class,Southern Europe,Europe,Italia,Lombardía
alert_18258,65484,2017-08-15 21:36:00,0.9999250952492367,1,First Class,Western Europe,Europe,Francia,Languedoc-Rosellón-Mediodía-Pirineos
alert_18261,65484,2017-08-15 21:36:00,0.9999250952492367,1,First Class,Western Europe,Europe,Francia,Languedoc-Rosellón-Mediodía-Pirineos
alert_18260,65484,2017-08-15 21:36:00,0.9999250952492367,1,First Class,Western Europe,Europe,Francia,Languedoc-Rosellón-Mediodía-Pirineos
alert_18259,65484,2017-08-15 21:36:00,0.9999250952492367,1,First Class,Western Europe,Europe,Francia,Languedoc-Rosellón-Mediodía-Pirineos
alert_18262,65484,2017-08-15 21:36:00,0.9999250952492367,1,First Class,Western Europe,Europe,Francia,Languedoc-Rosellón-Mediodía-Pirineos
alert_12802,63210,2017-07-13 16:55:00,0.999925091970037,1,First Class,Western Europe,Europe,Alemania,Bremen
alert_12794,63209,2017-07-13 16:34:00,0.999925091970037,1,First Class,Western Europe,Europe,Alemania,Bremen
alert_12796,63209,2017-07-13 16:34:00,0.999925091970037,1,First Class,Western Europe,Europe,Alemania,Bremen
alert_12793,63209,2017-07-13 16:34:00,0.999925091970037,1,First Class,Western Europe,Europe,Alemania,Bremen
alert_17416,65159,2017-08-11 03:44:00,0.999925091970037,1,First Class,Western Europe,Europe,Francia,Isla de Francia
alert_17415,65159,2017-08-11 03:44:00,0.999925091970037,1,First Class,Western Europe,Europe,Francia,Isla de Francia
alert_17414,65159,2017-08-11 03:44:00,0.999925091970037,1,First Class,Western Europe,Europe,Francia,Isla de Francia
alert_17417,65159,2017-08-11 03:44:00,0.999925091970037,1,First Class,Western Europe,Europe,Francia,Isla de Francia
alert_28372,70854,2017-11-02 06:57:00,0.9999250881004575,1,First Class,Western Europe,Europe,Alemania,Bavaria
alert_28880,71381,2017-11-09 23:35:00,0.9999250866864733,1,First Class,Northern Europe,Europe,Reino Unido,Inglaterra
alert_22419,67249,2017-09-10 15:58:00,0.9999250685758033,1,First Class,Southern Europe,Europe,Italia,Lombardía
alert_22418,67249,2017-09-10 15:58:00,0.9999250685758033,1,First Class,Southern Europe,Europe,Italia,Lombardía
alert_9089,61639,2017-06-20 18:32:00,0.9999250497000536,1,First Class,Southern Europe,Europe,España,Murcia
alert_22061,67096,2017-09-08 10:22:00,0.9999250333205931,1,First Class,Western Europe,Europe,Francia,Alsacia-Champaña-Ardenas-Lorena
alert_26654,69073,2017-10-07 06:59:00,0.9999250168192011,1,First Class,Northern Europe,Europe,Reino Unido,Inglaterra
alert_28235,70499,2017-10-31 02:35:00,0.9999250104928114,1,Second Class,Northern Europe,Europe,Suecia,Estocolmo
alert_16453,64765,2017-08-05 09:42:00,0.9999250047845923,1,First Class,Western Europe,Europe,Alemania,Renania-Palatinado
alert_13788,63633,2017-07-19 21:07:00,0.9999249691211746,1,First Class,Western Europe,Europe,Alemania,Berlín
alert_13796,63634,2017-07-19 21:28:00,0.9999249691211746,1,First Class,Western Europe,Europe,Alemania,Berlín
alert_12415,63031,2017-07-11 02:12:00,0.9999249459177144,1,First Class,Southern Europe,Europe,Italia,Sicilia
alert_12416,63031,2017-07-11 02:12:00,0.9999249459177144,1,First Class,Southern Europe,Europe,Italia,Sicilia
alert_12417,63031,2017-07-11 02:12:00,0.9999249459177144,1,First Class,Southern Europe,Europe,Italia,Sicilia
alert_12030,62894,2017-07-09 02:13:00,0.9999249456587751,1,First Class,Northern Europe,Europe,Reino Unido,Inglaterra
alert_12028,62894,2017-07-09 02:13:00,0.9999249456587751,1,First Class,Northern Europe,Europe,Reino Unido,Inglaterra
alert_33883,76604,2018-01-25 05:26:00,0.9999249357883468,1,First Class,Eastern Asia,Pacific Asia,China,Jiangsu
alert_16708,64870,2017-08-06 22:30:00,0.9999249316231308,1,First Class,Western Europe,Europe,Alemania,Renania del Norte-Westfalia
alert_22372,67230,2017-09-10 09:18:00,0.9999249316231308,1,First Class,Western Europe,Europe,Alemania,Renania del Norte-Westfalia
alert_22375,67231,2017-09-10 09:39:00,0.9999249316231308,1,First Class,Western Europe,Europe,Alemania,Renania del Norte-Westfalia
alert_4572,59674,2017-05-23 02:06:00,0.9999249304020988,1,First Class,Central America,LATAM,México,Baja California
alert_4570,59674,2017-05-23 02:06:00,0.9999249304020988,1,First Class,Central America,LATAM,México,Baja California
alert_4573,59674,2017-05-23 02:06:00,0.9999249304020988,1,First Class,Central America,LATAM,México,Baja California
alert_4571,59674,2017-05-23 02:06:00,0.9999249304020988,1,First Class,Central America,LATAM,México,Baja California
alert_4400,59591,2017-05-21 21:01:00,0.999924901569426,1,First Class,Central America,LATAM,Guatemala,Guatemala
alert_32084,74460,2017-12-28 22:18:00,0.9999248856290913,1,Second Class,Southeast Asia,Pacific Asia,Vietnam,Ciudad Ho Chi Minh
alert_18943,65780,2017-08-20 05:18:00,0.9999248551884946,1,First Class,Southern Europe,Europe,España,Cataluña
alert_18944,65780,2017-08-20 05:18:00,0.9999248551884946,1,First Class,Southern Europe,Europe,España,Cataluña
alert_18945,65780,2017-08-20 05:18:00,0.9999248551884946,1,First Class,Southern Europe,Europe,España,Cataluña
alert_22062,67096,2017-09-08 10:22:00,0.9999248489384139,1,First Class,Western Europe,Europe,Francia,Alsacia-Champaña-Ardenas-Lorena
alert_22063,67096,2017-09-08 10:22:00,0.9999248489384139,1,First Class,Western Europe,Europe,Francia,Alsacia-Champaña-Ardenas-Lorena
alert_22064,67096,2017-09-08 10:22:00,0.9999248489384139,1,First Class,Western Europe,Europe,Francia,Alsacia-Champaña-Ardenas-Lorena
alert_34098,76844,2018-01-28 17:31:00,0.9999248294528996,1,First Class,South Asia,Pacific Asia,India,Guyarat
alert_25899,68710,2017-10-01 23:49:00,0.999924820687967,1,First Class,Western Europe,Europe,Francia,Isla de Francia
alert_25900,68710,2017-10-01 23:49:00,0.999924820687967,1,First Class,Western Europe,Europe,Francia,Isla de Francia
alert_25897,68710,2017-10-01 23:49:00,0.999924820687967,1,First Class,Western Europe,Europe,Francia,Isla de Francia
alert_25898,68710,2017-10-01 23:49:00,0.999924820687967,1,First Class,Western Europe,Europe,Francia,Isla de Francia
alert_436,57976,2017-04-28 07:13:00,0.9999248080665692,1,First Class,South America,LATAM,Brasil,Paraná
alert_31000,73399,2017-12-12 10:35:00,0.9999248053396735,1,Second Class,Eastern Asia,Pacific Asia,China,Guangdong
alert_13555,63531,2017-07-18 09:23:00,0.9999248000107219,1,First Class,Western Europe,Europe,Francia,Isla de Francia
alert_3436,59192,2017-05-16 01:14:00,0.9999247562763236,1,First Class,Central America,LATAM,México,Guanajuato
alert_9085,61638,2017-06-20 18:11:00,0.9999247506876118,1,First Class,Western Europe,Europe,Francia,Isla de Francia
alert_8272,61263,2017-06-15 06:48:00,0.999924748171567,1,First Class,South America,LATAM,Brasil,Amapá
alert_8275,61263,2017-06-15 06:48:00,0.999924748171567,1,First Class,South America,LATAM,Brasil,Amapá
alert_8274,61263,2017-06-15 06:48:00,0.999924748171567,1,First Class,South America,LATAM,Brasil,Amapá
alert_28410,70892,2017-11-02 20:16:00,0.9999247413290123,1,First Class,Southern Europe,Europe,Italia,Lombardía
alert_28409,70891,2017-11-02 19:55:00,0.9999247413290123,1,First Class,Southern Europe,Europe,Italia,Lombardía
alert_30850,73224,2017-12-09 21:16:00,0.9999247018995748,1,Second Class,Southeast Asia,Pacific Asia,Myanmar (Birmania),Rangún
alert_30912,73225,2017-12-10 21:37:00,0.9999247018995748,1,Second Class,Southeast Asia,Pacific Asia,Myanmar (Birmania),Rangún
alert_12430,63034,2017-07-11 03:16:00,0.9999246841528836,1,First Class,Western Europe,Europe,Países Bajos,Brabante Septentrional
alert_12428,63034,2017-07-11 03:16:00,0.9999246841528836,1,First Class,Western Europe,Europe,Países Bajos,Brabante Septentrional
alert_12426,63033,2017-07-11 02:55:00,0.9999246841528836,1,First Class,Western Europe,Europe,Países Bajos,Brabante Septentrional
alert_13587,63543,2017-07-18 13:35:00,0.9999246840136553,1,First Class,Western Europe,Europe,Francia,Languedoc-Rosellón-Mediodía-Pirineos
alert_22417,67249,2017-09-10 15:58:00,0.9999246724583292,1,First Class,Southern Europe,Europe,Italia,Lombardía
alert_13296,63410,2017-07-16 14:59:00,0.9999246686399973,1,First Class,Southern Europe,Europe,Italia,Lacio
alert_16583,64825,2017-08-06 06:44:00,0.9999246596345606,1,First Class,Southern Europe,Europe,Italia,Apulia
alert_16593,64826,2017-08-06 07:05:00,0.9999246596345606,1,First Class,Southern Europe,Europe,Italia,Apulia
alert_23951,67870,2017-09-19 17:32:00,0.9999246404188904,1,First Class,Western Europe,Europe,Francia,Isla de Francia
alert_23947,67870,2017-09-19 17:32:00,0.9999246404188904,1,First Class,Western Europe,Europe,Francia,Isla de Francia
alert_30828,73405,2017-12-09 12:41:00,0.999924618674996,1,First Class,Southeast Asia,Pacific Asia,Singapur,Singapur
alert_30831,73406,2017-12-09 13:02:00,0.999924618674996,1,First Class,Southeast Asia,Pacific Asia,Singapur,Singapur
alert_30826,73404,2017-12-09 12:20:00,0.999924618674996,1,First Class,Southeast Asia,Pacific Asia,Singapur,Singapur
alert_30825,73403,2017-12-09 11:59:00,0.999924618674996,1,First Class,Southeast Asia,Pacific Asia,Singapur,Singapur
alert_31042,73375,2017-12-13 02:10:00,0.999924609548269,1,Second Class,Oceania,Pacific Asia,Australia,Queensland
alert_16698,64869,2017-08-06 22:08:00,0.9999245737705056,1,First Class,Western Europe,Europe,Alemania,Renania del Norte-Westfalia
alert_16696,64869,2017-08-06 22:08:00,0.9999245737705056,1,First Class,Western Europe,Europe,Alemania,Renania del Norte-Westfalia
alert_16692,64868,2017-08-06 21:47:00,0.9999245737705056,1,First Class,Western Europe,Europe,Alemania,Renania del Norte-Westfalia
alert_16695,64868,2017-08-06 21:47:00,0.9999245737705056,1,First Class,Western Europe,Europe,Alemania,Renania del Norte-Westfalia
alert_27622,70053,2017-10-21 14:20:00,0.9999245547701202,1,First Class,Western Europe,Europe,Francia,Languedoc-Rosellón-Mediodía-Pirineos
alert_16258,64670,2017-08-04 00:25:00,0.9999245362723327,1,First Class,Western Europe,Europe,Alemania,Renania del Norte-Westfalia
alert_16281,64681,2017-08-04 04:17:00,0.9999245362723327,1,First Class,Western Europe,Europe,Alemania,Renania del Norte-Westfalia
alert_10811,62372,2017-07-01 11:20:00,0.9999245207324766,1,First Class,Western Europe,Europe,Francia,Isla de Francia
alert_10813,62372,2017-07-01 11:20:00,0.9999245207324766,1,First Class,Western Europe,Europe,Francia,Isla de Francia
alert_10812,62372,2017-07-01 11:20:00,0.9999245207324766,1,First Class,Western Europe,Europe,Francia,Isla de Francia
alert_10814,62372,2017-07-01 11:20:00,0.9999245207324766,1,First Class,Western Europe,Europe,Francia,Isla de Francia
alert_10815,62372,2017-07-01 11:20:00,0.9999245207324766,1,First Class,Western Europe,Europe,Francia,Isla de Francia
alert_29677,72019,2017-11-22 07:06:00,0.9999245074546171,1,Second Class,Eastern Asia,Pacific Asia,China,Shanxi
alert_13789,63633,2017-07-19 21:07:00,0.9999244976673561,1,First Class,Western Europe,Europe,Alemania,Berlín
alert_13781,63630,2017-07-19 20:04:00,0.9999244976673561,1,First Class,Western Europe,Europe,Alemania,Berlín
alert_5084,59919,2017-05-26 15:56:00,0.99992448890049,1,First Class,Central America,LATAM,Nicaragua,León
alert_4626,59697,2017-05-23 10:10:00,0.99992448890049,1,First Class,Central America,LATAM,Nicaragua,Managua
alert_34390,77147,2018-02-02 03:40:00,0.9999244867705662,1,First Class,Southeast Asia,Pacific Asia,Indonesia,Java Occidental
alert_22363,67229,2017-09-10 08:57:00,0.9999244599337128,1,First Class,Western Europe,Europe,Alemania,Renania del Norte-Westfalia
alert_27364,69774,2017-10-17 12:35:00,0.9999244482371528,1,First Class,Western Europe,Europe,Francia,Isla de Francia
alert_23500,67682,2017-09-16 23:40:00,0.9999244450072867,1,First Class,Southern Europe,Europe,Italia,Lacio
alert_13496,63494,2017-07-17 20:25:00,0.9999244220545871,1,First Class,Western Europe,Europe,Alemania,Renania del Norte-Westfalia
alert_29041,71285,2017-11-12 13:57:00,0.9999243819772953,1,Second Class,Southern Europe,Europe,España,Andalucía
alert_30321,72892,2017-12-02 00:57:00,0.9999243751444689,1,First Class,Oceania,Pacific Asia,Australia,Australia del Sur
alert_30362,72923,2017-12-02 11:49:00,0.9999243751444689,1,First Class,Oceania,Pacific Asia,Australia,Australia del Sur
alert_434,57976,2017-04-28 07:13:00,0.9999243356008467,1,First Class,South America,LATAM,Brasil,Paraná
alert_21454,66850,2017-09-04 20:10:00,0.99992433064329,1,First Class,Southern Europe,Europe,Italia,Apulia
alert_28147,70409,2017-10-29 19:03:00,0.9999243300901456,1,Second Class,Northern Europe,Europe,Reino Unido,Inglaterra
alert_3400,59175,2017-05-15 19:17:00,0.9999243071451154,1,First Class,Central America,LATAM,El Salvador,San Salvador
alert_3402,59175,2017-05-15 19:17:00,0.9999243071451154,1,First Class,Central America,LATAM,El Salvador,San Salvador
alert_13558,63531,2017-07-18 09:23:00,0.999924265938999,1,First Class,Western Europe,Europe,Francia,Isla de Francia
alert_13557,63531,2017-07-18 09:23:00,0.999924265938999,1,First Class,Western Europe,Europe,Francia,Isla de Francia
alert_13554,63531,2017-07-18 09:23:00,0.999924265938999,1,First Class,Western Europe,Europe,Francia,Isla de Francia
alert_13556,63531,2017-07-18 09:23:00,0.999924265938999,1,First Class,Western Europe,Europe,Francia,Isla de Francia
alert_19336,65952,2017-08-22 17:34:00,0.9999242646407921,1,First Class,Western Europe,Europe,Alemania,Renania del Norte-Westfalia
alert_19342,65953,2017-08-22 17:55:00,0.9999242646407921,1,First Class,Western Europe,Europe,Alemania,Renania del Norte-Westfalia
alert_9353,61759,2017-06-22 12:34:00,0.9999242462113074,1,First Class,Western Europe,Europe,Francia,Bretaña
alert_12459,63047,2017-07-11 07:49:00,0.9999242294473157,1,First Class,Western Europe,Europe,Alemania,Renania-Palatinado
alert_34324,77079,2018-02-01 03:51:00,0.9999242294398666,1,First Class,South Asia,Pacific Asia,India,Punyab
alert_34326,77080,2018-02-01 04:12:00,0.9999242294398666,1,First Class,South Asia,Pacific Asia,India,Punyab
alert_16592,64826,2017-08-06 07:05:00,0.9999241862362418,1,First Class,Southern Europe,Europe,Italia,Apulia
alert_20694,66514,2017-08-30 22:27:00,0.9999241746611979,1,First Class,Western Europe,Europe,Alemania,Berlín
alert_20708,66516,2017-08-30 23:10:00,0.9999241746611979,1,First Class,Western Europe,Europe,Alemania,Berlín
alert_10684,62307,2017-06-30 12:34:00,0.9999241746611979,1,First Class,Western Europe,Europe,Alemania,Berlín
alert_20692,66514,2017-08-30 22:27:00,0.9999241746611979,1,First Class,Western Europe,Europe,Alemania,Berlín
alert_25256,68403,2017-09-27 12:16:00,0.9999241648528151,1,First Class,Southern Europe,Europe,Italia,Lacio
alert_13588,63543,2017-07-18 13:35:00,0.9999241491181815,1,First Class,Western Europe,Europe,Francia,Languedoc-Rosellón-Mediodía-Pirineos
alert_13586,63543,2017-07-18 13:35:00,0.9999241491181815,1,First Class,Western Europe,Europe,Francia,Languedoc-Rosellón-Mediodía-Pirineos
alert_21455,66850,2017-09-04 20:10:00,0.9999241445329917,1,First Class,Southern Europe,Europe,Italia,Apulia
alert_25906,68711,2017-10-02 00:10:00,0.9999241445329917,1,First Class,Southern Europe,Europe,España,Asturias
alert_25907,68711,2017-10-02 00:10:00,0.9999241445329917,1,First Class,Southern Europe,Europe,España,Asturias
alert_21456,66850,2017-09-04 20:10:00,0.9999241445329917,1,First Class,Southern Europe,Europe,Italia,Apulia
alert_25905,68711,2017-10-02 00:10:00,0.9999241445329917,1,First Class,Southern Europe,Europe,España,Asturias
alert_25904,68711,2017-10-02 00:10:00,0.9999241445329917,1,First Class,Southern Europe,Europe,España,Asturias
alert_16595,64826,2017-08-06 07:05:00,0.999924114287637,1,First Class,Southern Europe,Europe,Italia,Apulia
alert_15474,64324,2017-07-29 23:12:00,0.9999241097874944,1,First Class,Western Europe,Europe,Alemania,Renania del Norte-Westfalia
alert_15475,64324,2017-07-29 23:12:00,0.9999241097874944,1,First Class,Western Europe,Europe,Alemania,Renania del Norte-Westfalia
alert_15473,64324,2017-07-29 23:12:00,0.9999241097874944,1,First Class,Western Europe,Europe,Alemania,Renania del Norte-Westfalia
alert_15471,64324,2017-07-29 23:12:00,0.9999241097874944,1,First Class,Western Europe,Europe,Alemania,Renania del Norte-Westfalia
alert_14568,63945,2017-07-24 10:25:00,0.9999241074336744,1,First Class,Western Europe,Europe,Francia,Isla de Francia
alert_27349,69762,2017-10-17 08:23:00,0.999924093344989,1,First Class,Western Europe,Europe,Francia,Alsacia-Champaña-Ardenas-Lorena
alert_13428,63465,2017-07-17 10:15:00,0.999924093344989,1,First Class,Western Europe,Europe,Francia,Alsacia-Champaña-Ardenas-Lorena
alert_27350,69763,2017-10-17 08:44:00,0.999924093344989,1,First Class,Western Europe,Europe,Francia,Alsacia-Champaña-Ardenas-Lorena
alert_19425,65989,2017-08-23 06:32:00,0.999924081899674,1,First Class,Western Europe,Europe,Alemania,Renania del Norte-Westfalia
alert_9627,61877,2017-06-24 05:55:00,0.999924081899674,1,First Class,Western Europe,Europe,Alemania,Renania del Norte-Westfalia
alert_19427,65989,2017-08-23 06:32:00,0.999924081899674,1,First Class,Western Europe,Europe,Alemania,Renania del Norte-Westfalia
alert_13582,63542,2017-07-18 13:14:00,0.9999240419268302,1,First Class,Western Europe,Europe,Francia,Languedoc-Rosellón-Mediodía-Pirineos
alert_9058,61622,2017-06-20 12:34:00,0.9999240231171186,1,First Class,Western Europe,Europe,Francia,Isla de Francia
alert_12998,63295,2017-07-14 22:42:00,0.9999240056847216,1,First Class,Western Europe,Europe,Alemania,Berlín
alert_888,58162,2017-05-01 00:23:00,0.9999239971483498,1,First Class,Central America,LATAM,México,Jalisco
alert_27294,69499,2017-10-16 12:14:00,0.9999239792574376,1,Second Class,Southern Europe,Europe,Grecia,Attica
alert_16582,64825,2017-08-06 06:44:00,0.9999239276452481,1,First Class,Southern Europe,Europe,Italia,Apulia
alert_16584,64825,2017-08-06 06:44:00,0.9999239276452481,1,First Class,Southern Europe,Europe,Italia,Apulia
alert_16676,64863,2017-08-06 20:02:00,0.9999239276452481,1,First Class,Southern Europe,Europe,España,Cataluña
alert_16677,64863,2017-08-06 20:02:00,0.9999239276452481,1,First Class,Southern Europe,Europe,España,Cataluña
alert_16586,64825,2017-08-06 06:44:00,0.9999239276452481,1,First Class,Southern Europe,Europe,Italia,Apulia
alert_16674,64863,2017-08-06 20:02:00,0.9999239276452481,1,First Class,Southern Europe,Europe,España,Cataluña
alert_16673,64863,2017-08-06 20:02:00,0.9999239276452481,1,First Class,Southern Europe,Europe,España,Cataluña
alert_16594,64826,2017-08-06 07:05:00,0.9999239276452481,1,First Class,Southern Europe,Europe,Italia,Apulia
alert_12528,63072,2017-07-11 16:34:00,0.9999239269973759,1,First Class,Southern Europe,Europe,Italia,Lombardía
alert_23501,67682,2017-09-16 23:40:00,0.9999239084145144,1,First Class,Southern Europe,Europe,Italia,Lacio
alert_23499,67682,2017-09-16 23:40:00,0.9999239084145144,1,First Class,Southern Europe,Europe,Italia,Lacio
alert_23493,67681,2017-09-16 23:19:00,0.9999239084145144,1,First Class,Southern Europe,Europe,Italia,Lacio
alert_23494,67681,2017-09-16 23:19:00,0.9999239084145144,1,First Class,Southern Europe,Europe,Italia,Lacio
alert_23496,67681,2017-09-16 23:19:00,0.9999239084145144,1,First Class,Southern Europe,Europe,Italia,Lacio
alert_23498,67682,2017-09-16 23:40:00,0.9999239084145144,1,First Class,Southern Europe,Europe,Italia,Lacio
alert_23497,67682,2017-09-16 23:40:00,0.9999239084145144,1,First Class,Southern Europe,Europe,Italia,Lacio
alert_23495,67681,2017-09-16 23:19:00,0.9999239084145144,1,First Class,Southern Europe,Europe,Italia,Lacio
alert_23492,67681,2017-09-16 23:19:00,0.9999239084145144,1,First Class,Southern Europe,Europe,Italia,Lacio
alert_31326,73928,2017-12-17 03:55:00,0.999923904729229,1,First Class,Southeast Asia,Pacific Asia,Filipinas,Capital Nacional
alert_31325,73927,2017-12-17 03:34:00,0.999923904729229,1,First Class,Southeast Asia,Pacific Asia,Filipinas,Capital Nacional
alert_27536,69958,2017-10-20 05:03:00,0.9999238366352224,1,First Class,Western Europe,Europe,Suiza,Ginebra
alert_5841,60231,2017-05-31 05:15:00,0.9999238303846638,1,First Class,South America,LATAM,Argentina,Buenos Aires
alert_19344,65953,2017-08-22 17:55:00,0.9999237887607341,1,First Class,Western Europe,Europe,Alemania,Renania del Norte-Westfalia
alert_4826,59787,2017-05-24 17:41:00,0.9999237731349089,1,First Class,South America,LATAM,Colombia,Cundinamarca
alert_4825,59787,2017-05-24 17:41:00,0.9999237731349089,1,First Class,South America,LATAM,Colombia,Cundinamarca
alert_9352,61759,2017-06-22 12:34:00,0.9999237702154572,1,First Class,Western Europe,Europe,Francia,Bretaña
alert_24043,67913,2017-09-20 08:35:00,0.9999237595865289,1,First Class,Western Europe,Europe,Alemania,Berlín
alert_23512,67686,2017-09-17 01:04:00,0.9999237102275261,1,First Class,Southern Europe,Europe,Italia,Umbría
alert_19878,66192,2017-08-26 05:39:00,0.9999236978720718,1,First Class,Western Europe,Europe,Francia,Aquitania-Lemosín-Poitou-Charentes
alert_19877,66192,2017-08-26 05:39:00,0.9999236978720718,1,First Class,Western Europe,Europe,Francia,Aquitania-Lemosín-Poitou-Charentes
alert_9354,61759,2017-06-22 12:34:00,0.9999236978720718,1,First Class,Western Europe,Europe,Francia,Bretaña
alert_20519,66449,2017-08-29 23:41:00,0.9999236828549127,1,First Class,Western Europe,Europe,Alemania,Bremen
alert_9084,61638,2017-06-20 18:11:00,0.9999236677096422,1,First Class,Western Europe,Europe,Francia,Isla de Francia
alert_9086,61638,2017-06-20 18:11:00,0.9999236677096422,1,First Class,Western Europe,Europe,Francia,Isla de Francia
alert_9083,61638,2017-06-20 18:11:00,0.9999236677096422,1,First Class,Western Europe,Europe,Francia,Isla de Francia
alert_4568,59671,2017-05-23 01:03:00,0.9999236573073601,1,First Class,South America,LATAM,Brasil,Minas Gerais
alert_2280,58729,2017-05-09 07:02:00,0.9999236563770993,1,First Class,South America,LATAM,Brasil,Distrito Federal
alert_2278,58729,2017-05-09 07:02:00,0.9999236563770993,1,First Class,South America,LATAM,Brasil,Distrito Federal
alert_30955,73344,2017-12-11 15:19:00,0.9999236258268115,1,Second Class,Southeast Asia,Pacific Asia,Indonesia,Aceh
alert_17862,65337,2017-08-13 18:06:00,0.999923586204951,1,First Class,Western Europe,Europe,Alemania,Renania del Norte-Westfalia
alert_435,57976,2017-04-28 07:13:00,0.9999235352895359,1,First Class,South America,LATAM,Brasil,Paraná
alert_433,57976,2017-04-28 07:13:00,0.9999235352895359,1,First Class,South America,LATAM,Brasil,Paraná
alert_9355,61759,2017-06-22 12:34:00,0.999923510205579,1,First Class,Western Europe,Europe,Francia,Bretaña
alert_9359,61760,2017-06-22 12:55:00,0.999923510205579,1,First Class,Western Europe,Europe,Francia,Bretaña
alert_10262,62147,2017-06-28 04:30:00,0.999923510205579,1,First Class,Western Europe,Europe,Francia,Aquitania-Lemosín-Poitou-Charentes
alert_9356,61759,2017-06-22 12:34:00,0.999923510205579,1,First Class,Western Europe,Europe,Francia,Bretaña
alert_19876,66192,2017-08-26 05:39:00,0.999923510205579,1,First Class,Western Europe,Europe,Francia,Aquitania-Lemosín-Poitou-Charentes
alert_32470,75137,2018-01-03 19:29:00,0.9999234960988166,1,First Class,Southeast Asia,Pacific Asia,Singapur,Singapur
alert_32531,75203,2018-01-04 18:36:00,0.9999234960988166,1,First Class,Southeast Asia,Pacific Asia,Singapur,Singapur
alert_9056,61622,2017-06-20 12:34:00,0.9999234835283047,1,First Class,Western Europe,Europe,Francia,Isla de Francia
alert_9057,61622,2017-06-20 12:34:00,0.9999234835283047,1,First Class,Western Europe,Europe,Francia,Isla de Francia
alert_9055,61622,2017-06-20 12:34:00,0.9999234835283047,1,First Class,Western Europe,Europe,Francia,Isla de Francia
alert_9050,61621,2017-06-20 12:13:00,0.9999234835283047,1,First Class,Western Europe,Europe,Francia,Isla de Francia
alert_24173,67970,2017-09-21 04:34:00,0.999923479837183,1,First Class,Southern Europe,Europe,Italia,Campania
alert_24174,67970,2017-09-21 04:34:00,0.999923479837183,1,First Class,Southern Europe,Europe,Italia,Campania
alert_16646,64853,2017-08-06 16:32:00,0.9999234667990247,1,First Class,Northern Europe,Europe,Reino Unido,Inglaterra
alert_16644,64853,2017-08-06 16:32:00,0.9999234667990247,1,First Class,Northern Europe,Europe,Reino Unido,Inglaterra
alert_16645,64853,2017-08-06 16:32:00,0.9999234667990247,1,First Class,Northern Europe,Europe,Reino Unido,Inglaterra
alert_17261,65098,2017-08-10 06:22:00,0.9999234458188885,1,First Class,Southern Europe,Europe,España,País Vasco
alert_17262,65098,2017-08-10 06:22:00,0.9999234458188885,1,First Class,Southern Europe,Europe,España,País Vasco
alert_17263,65098,2017-08-10 06:22:00,0.9999234458188885,1,First Class,Southern Europe,Europe,España,País Vasco
alert_17259,65098,2017-08-10 06:22:00,0.9999234458188885,1,First Class,Southern Europe,Europe,España,País Vasco
alert_17260,65098,2017-08-10 06:22:00,0.9999234458188885,1,First Class,Southern Europe,Europe,España,País Vasco
alert_24497,68123,2017-09-23 10:10:00,0.9999234198879126,1,First Class,Western Europe,Europe,Alemania,Renania del Norte-Westfalia
alert_24496,68123,2017-09-23 10:10:00,0.9999234198879126,1,First Class,Western Europe,Europe,Alemania,Renania del Norte-Westfalia
alert_24495,68123,2017-09-23 10:10:00,0.9999234198879126,1,First Class,Western Europe,Europe,Alemania,Renania del Norte-Westfalia
alert_33750,76478,2018-01-23 09:17:00,0.9999233389349187,1,First Class,Southeast Asia,Pacific Asia,Indonesia,Java Central
alert_33749,76477,2018-01-23 08:56:00,0.9999233389349187,1,First Class,Southeast Asia,Pacific Asia,Indonesia,Java Central
alert_33748,76476,2018-01-23 08:35:00,0.9999233389349187,1,First Class,Southeast Asia,Pacific Asia,Indonesia,Java Central
alert_26019,68752,2017-10-02 14:32:00,0.9999233230547918,1,First Class,Western Europe,Europe,Países Bajos,Holanda Meridional
alert_22550,67295,2017-09-11 08:05:00,0.9999232729725378,1,First Class,Western Europe,Europe,Francia,Auvernia-Ródano-Alpes
alert_31932,74374,2017-12-26 16:10:00,0.999923260571942,1,Second Class,Southeast Asia,Pacific Asia,Tailandia,Bangkok
alert_26720,68919,2017-10-08 01:02:00,0.9999232572454806,1,Second Class,Southern Europe,Europe,España,Andalucía
alert_4482,59626,2017-05-22 09:17:00,0.9999232473923177,1,First Class,Central America,LATAM,Guatemala,Guatemala
alert_29287,71802,2017-11-16 03:05:00,0.999923239806914,1,First Class,Southeast Asia,Pacific Asia,Indonesia,Yogyakarta
alert_4828,59787,2017-05-24 17:41:00,0.999923221371601,1,First Class,South America,LATAM,Colombia,Cundinamarca
alert_4827,59787,2017-05-24 17:41:00,0.999923221371601,1,First Class,South America,LATAM,Colombia,Cundinamarca
alert_30283,72575,2017-12-01 09:54:00,0.9999232188376055,1,Second Class,Oceania,Pacific Asia,Australia,Queensland
alert_20183,66328,2017-08-28 05:18:00,0.9999232145610442,1,First Class,Southern Europe,Europe,Italia,Campania
alert_20184,66328,2017-08-28 05:18:00,0.9999232145610442,1,First Class,Southern Europe,Europe,Italia,Campania
alert_33212,75905,2018-01-15 00:33:00,0.99992319115035,1,First Class,Southeast Asia,Pacific Asia,Singapur,Singapur
alert_2281,58729,2017-05-09 07:02:00,0.9999231766753347,1,First Class,South America,LATAM,Brasil,Distrito Federal
alert_34166,76908,2018-01-29 15:56:00,0.9999231505226112,1,First Class,Eastern Asia,Pacific Asia,China,Hubei
alert_2282,58729,2017-05-09 07:02:00,0.9999231037687125,1,First Class,South America,LATAM,Brasil,Distrito Federal
alert_2279,58729,2017-05-09 07:02:00,0.9999231037687125,1,First Class,South America,LATAM,Brasil,Distrito Federal
alert_31774,74125,2017-12-24 00:56:00,0.9999230899190052,1,Second Class,Eastern Asia,Pacific Asia,China,Shandong
alert_31713,74129,2017-12-23 02:20:00,0.9999230899190052,1,Second Class,Eastern Asia,Pacific Asia,China,Shandong
alert_31780,74130,2017-12-24 02:41:00,0.9999230899190052,1,Second Class,Eastern Asia,Pacific Asia,China,Shandong
alert_16689,64867,2017-08-06 21:26:00,0.9999230896374056,1,First Class,Western Europe,Europe,Francia,Languedoc-Rosellón-Mediodía-Pirineos
alert_22547,67295,2017-09-11 08:05:00,0.9999230842610771,1,First Class,Western Europe,Europe,Francia,Auvernia-Ródano-Alpes
alert_22546,67295,2017-09-11 08:05:00,0.9999230842610771,1,First Class,Western Europe,Europe,Francia,Auvernia-Ródano-Alpes
alert_22548,67295,2017-09-11 08:05:00,0.9999230842610771,1,First Class,Western Europe,Europe,Francia,Auvernia-Ródano-Alpes
alert_19361,65956,2017-08-22 18:58:00,0.9999230809982251,1,First Class,Northern Europe,Europe,Reino Unido,Inglaterra
alert_19358,65956,2017-08-22 18:58:00,0.9999230809982251,1,First Class,Northern Europe,Europe,Reino Unido,Inglaterra
alert_19359,65956,2017-08-22 18:58:00,0.9999230809982251,1,First Class,Northern Europe,Europe,Reino Unido,Inglaterra
alert_19360,65956,2017-08-22 18:58:00,0.9999230809982251,1,First Class,Northern Europe,Europe,Reino Unido,Inglaterra
alert_31339,73939,2017-12-17 07:46:00,0.9999230728726966,1,First Class,Oceania,Pacific Asia,Australia,Queensland
alert_18942,65780,2017-08-20 05:18:00,0.999923061815062,1,First Class,Southern Europe,Europe,España,Cataluña
alert_18946,65780,2017-08-20 05:18:00,0.999923061815062,1,First Class,Southern Europe,Europe,España,Cataluña
alert_33873,76598,2018-01-25 03:20:00,0.9999230540271699,1,First Class,Eastern Asia,Pacific Asia,China,Jiangxi
alert_33871,76596,2018-01-25 02:38:00,0.9999230540271699,1,First Class,Eastern Asia,Pacific Asia,China,Jiangxi
alert_33872,76597,2018-01-25 02:59:00,0.9999230540271699,1,First Class,Eastern Asia,Pacific Asia,China,Jiangxi
alert_31009,73345,2017-12-12 15:40:00,0.9999230117275536,1,Second Class,South Asia,Pacific Asia,India,Maharashtra
alert_31714,74335,2017-12-23 02:30:00,0.9999230099032933,1,First Class,South Asia,Pacific Asia,India,Andhra Pradesh
alert_31717,74336,2017-12-23 02:51:00,0.9999230099032933,1,First Class,South Asia,Pacific Asia,India,Andhra Pradesh
alert_13552,63530,2017-07-18 09:02:00,0.9999229001189528,1,First Class,Western Europe,Europe,Austria,Viena
alert_29631,71900,2017-11-21 13:25:00,0.9999228994292716,1,Second Class,Eastern Asia,Pacific Asia,China,Mongolia Interior
alert_16697,64869,2017-08-06 22:08:00,0.9999228915459739,1,First Class,Western Europe,Europe,Alemania,Renania del Norte-Westfalia
alert_16693,64868,2017-08-06 21:47:00,0.9999228915459739,1,First Class,Western Europe,Europe,Alemania,Renania del Norte-Westfalia
alert_34246,76987,2018-01-30 19:37:00,0.9999228402561227,1,First Class,Southeast Asia,Pacific Asia,Vietnam,Khánh Hòa
alert_34247,76988,2018-01-30 19:58:00,0.9999228402561227,1,First Class,Southeast Asia,Pacific Asia,Vietnam,Khánh Hòa
alert_5920,60273,2017-05-31 19:57:00,0.9999228238551764,1,First Class,South America,LATAM,Brasil,Distrito Federal
alert_32161,74609,2017-12-30 02:30:00,0.999922823211528,1,Second Class,Eastern Asia,Pacific Asia,China,Sichuan
alert_22399,67242,2017-09-10 13:31:00,0.9999227511989293,1,First Class,Western Europe,Europe,Alemania,Berlín
alert_22397,67241,2017-09-10 13:10:00,0.9999227511989293,1,First Class,Western Europe,Europe,Alemania,Berlín
alert_22396,67241,2017-09-10 13:10:00,0.9999227511989293,1,First Class,Western Europe,Europe,Alemania,Berlín
alert_13004,63295,2017-07-14 22:42:00,0.9999227511989293,1,First Class,Western Europe,Europe,Alemania,Berlín
alert_12993,63294,2017-07-14 22:21:00,0.9999227511989293,1,First Class,Western Europe,Europe,Alemania,Berlín
alert_13000,63295,2017-07-14 22:42:00,0.9999227511989293,1,First Class,Western Europe,Europe,Alemania,Berlín
alert_27460,69605,2017-10-19 01:22:00,0.9999227185168025,1,Second Class,Northern Europe,Europe,Reino Unido,Inglaterra
alert_4480,59626,2017-05-22 09:17:00,0.9999226477298602,1,First Class,Central America,LATAM,Guatemala,Guatemala
alert_4477,59625,2017-05-22 08:56:00,0.9999226477298602,1,First Class,Central America,LATAM,Guatemala,Guatemala
alert_4473,59625,2017-05-22 08:56:00,0.9999226477298602,1,First Class,Central America,LATAM,Guatemala,Guatemala
alert_4481,59626,2017-05-22 09:17:00,0.9999226477298602,1,First Class,Central America,LATAM,Guatemala,Guatemala
alert_4474,59625,2017-05-22 08:56:00,0.9999226477298602,1,First Class,Central America,LATAM,Guatemala,Guatemala
alert_4475,59625,2017-05-22 08:56:00,0.9999226477298602,1,First Class,Central America,LATAM,Guatemala,Guatemala
alert_13551,63530,2017-07-18 09:02:00,0.999922645200542,1,First Class,Western Europe,Europe,Austria,Viena
alert_13546,63529,2017-07-18 08:41:00,0.999922645200542,1,First Class,Western Europe,Europe,Austria,Viena
alert_28462,70937,2017-11-03 12:02:00,0.9999226332383464,1,First Class,Southern Europe,Europe,Italia,Campania
alert_8449,61340,2017-06-16 09:47:00,0.9999225933407112,1,First Class,South America,LATAM,Brasil,Bahía
alert_33301,76003,2018-01-16 10:53:00,0.9999225711134686,1,First Class,Eastern Asia,Pacific Asia,Japón,Chiba
alert_31397,74001,2017-12-18 05:29:00,0.999922535831039,1,First Class,South Asia,Pacific Asia,India,Maharashtra
alert_31399,74002,2017-12-18 05:50:00,0.999922535831039,1,First Class,South Asia,Pacific Asia,India,Maharashtra
alert_10980,62453,2017-07-02 15:43:00,0.9999225018470396,1,First Class,Northern Europe,Europe,Reino Unido,Inglaterra
alert_10982,62454,2017-07-02 16:04:00,0.9999225018470396,1,First Class,Northern Europe,Europe,Reino Unido,Inglaterra
alert_10979,62453,2017-07-02 15:43:00,0.9999225018470396,1,First Class,Northern Europe,Europe,Reino Unido,Inglaterra
alert_20524,66449,2017-08-29 23:41:00,0.9999224230403798,1,First Class,Western Europe,Europe,Alemania,Bremen
alert_20521,66449,2017-08-29 23:41:00,0.9999224230403798,1,First Class,Western Europe,Europe,Alemania,Bremen
alert_20520,66449,2017-08-29 23:41:00,0.9999224230403798,1,First Class,Western Europe,Europe,Alemania,Bremen
alert_10265,62150,2017-06-28 05:33:00,0.9999224009839487,1,First Class,Western Europe,Europe,Alemania,Berlín
alert_25367,68442,2017-09-28 01:55:00,0.9999224009839487,1,First Class,Western Europe,Europe,Alemania,Berlín
alert_14259,63829,2017-07-22 17:47:00,0.9999224009839487,1,First Class,Western Europe,Europe,Alemania,Bavaria
alert_32248,74635,2017-12-31 11:36:00,0.9999223843003137,1,Second Class,Oceania,Pacific Asia,Australia,Victoria
alert_28369,70851,2017-11-02 05:54:00,0.999922374201158,1,First Class,Western Europe,Europe,Alemania,Bremen
alert_8318,61079,2017-06-15 14:20:00,0.9999223699504788,1,Second Class,South America,LATAM,Venezuela,Aragua
alert_29561,72096,2017-11-20 10:05:00,0.9999223252761902,1,First Class,South Asia,Pacific Asia,Pakistán,Punyab
alert_29563,72099,2017-11-20 11:08:00,0.9999223252761902,1,First Class,Oceania,Pacific Asia,Australia,Nueva Gales del Sur
alert_3498,59221,2017-05-16 11:24:00,0.9999223208590239,1,First Class,Caribbean,LATAM,Cuba,Mayabeque
alert_34191,76932,2018-01-30 00:21:00,0.9999223005461472,1,First Class,Southeast Asia,Pacific Asia,Indonesia,Sumatra Septentrional
alert_418,57695,2017-04-28 04:46:00,0.9999221820968663,1,Second Class,Central America,LATAM,México,Querétaro
alert_946,58181,2017-05-01 07:02:00,0.9999221145999996,1,First Class,Central America,LATAM,México,Distrito Federal
alert_943,58181,2017-05-01 07:02:00,0.9999221145999996,1,First Class,Central America,LATAM,México,Distrito Federal
alert_944,58181,2017-05-01 07:02:00,0.9999221145999996,1,First Class,Central America,LATAM,México,Distrito Federal
alert_31641,74054,2017-12-22 00:03:00,0.9999220941421345,1,Second Class,Oceania,Pacific Asia,Australia,Nueva Gales del Sur
alert_28278,70544,2017-10-31 18:21:00,0.9999220908443353,1,Second Class,Northern Europe,Europe,Reino Unido,Inglaterra
alert_4368,59583,2017-05-21 18:13:00,0.9999220699198279,1,First Class,Caribbean,LATAM,Cuba,Pinar del Río
alert_8451,61340,2017-06-16 09:47:00,0.9999220330382043,1,First Class,South America,LATAM,Brasil,Bahía
alert_8450,61340,2017-06-16 09:47:00,0.9999220330382043,1,First Class,South America,LATAM,Brasil,Bahía
alert_28792,71020,2017-11-08 17:07:00,0.9999220054289046,1,Second Class,Western Europe,Europe,Francia,Alsacia-Champaña-Ardenas-Lorena
alert_30923,73309,2017-12-11 03:03:00,0.9999219641425913,1,Second Class,South Asia,Pacific Asia,India,Maharashtra
alert_25758,68632,2017-09-30 20:29:00,0.9999219029638914,1,First Class,Western Europe,Europe,Alemania,Renania del Norte-Westfalia
alert_15639,64389,2017-07-30 21:59:00,0.9999219029638914,1,First Class,Western Europe,Europe,Francia,Provenza-Alpes-Costa Azul
alert_15637,64389,2017-07-30 21:59:00,0.9999219029638914,1,First Class,Western Europe,Europe,Francia,Provenza-Alpes-Costa Azul
alert_25756,68632,2017-09-30 20:29:00,0.9999219029638914,1,First Class,Western Europe,Europe,Alemania,Renania del Norte-Westfalia
alert_15636,64389,2017-07-30 21:59:00,0.9999219029638914,1,First Class,Western Europe,Europe,Francia,Provenza-Alpes-Costa Azul
alert_15572,64356,2017-07-30 10:25:00,0.9999219029638914,1,First Class,Western Europe,Europe,Francia,Provenza-Alpes-Costa Azul
alert_15574,64357,2017-07-30 10:46:00,0.9999219029638914,1,First Class,Western Europe,Europe,Francia,Provenza-Alpes-Costa Azul
alert_23933,67868,2017-09-19 16:49:00,0.9999218958042446,1,First Class,Western Europe,Europe,Alemania,Sajonia-Anhalt
alert_28017,70274,2017-10-27 19:45:00,0.9999218888734286,1,Second Class,Northern Europe,Europe,Reino Unido,Inglaterra
alert_16690,64867,2017-08-06 21:26:00,0.9999217877747242,1,First Class,Western Europe,Europe,Francia,Languedoc-Rosellón-Mediodía-Pirineos
alert_15519,64339,2017-07-30 04:28:00,0.9999217145247519,1,First Class,Western Europe,Europe,Alemania,Renania del Norte-Westfalia
alert_15517,64339,2017-07-30 04:28:00,0.9999217145247519,1,First Class,Western Europe,Europe,Alemania,Renania del Norte-Westfalia
alert_34167,76909,2018-01-29 16:17:00,0.9999217029063852,1,First Class,South Asia,Pacific Asia,India,Chhattisgarh
alert_27506,69650,2017-10-19 17:08:00,0.9999216481386787,1,Second Class,Northern Europe,Europe,Reino Unido,Inglaterra
alert_4561,59669,2017-05-23 00:21:00,0.9999216369787695,1,First Class,Central America,LATAM,México,Distrito Federal
alert_4556,59669,2017-05-23 00:21:00,0.9999216369787695,1,First Class,Central America,LATAM,México,Distrito Federal
alert_4560,59669,2017-05-23 00:21:00,0.9999216369787695,1,First Class,Central America,LATAM,México,Distrito Federal
alert_4558,59669,2017-05-23 00:21:00,0.9999216369787695,1,First Class,Central America,LATAM,México,Distrito Federal
alert_4555,59669,2017-05-23 00:21:00,0.9999216369787695,1,First Class,Central America,LATAM,México,Distrito Federal
alert_9082,61638,2017-06-20 18:11:00,0.9999216080216262,1,First Class,Western Europe,Europe,Francia,Isla de Francia
alert_32279,74944,2017-12-31 23:52:00,0.9999215590192132,1,First Class,Southeast Asia,Pacific Asia,Filipinas,Calabarzón
alert_25901,68710,2017-10-01 23:49:00,0.9999215555079066,1,First Class,Western Europe,Europe,Francia,Isla de Francia
alert_20185,66328,2017-08-28 05:18:00,0.9999215380892011,1,First Class,Southern Europe,Europe,Italia,Campania
alert_4615,59694,2017-05-23 09:07:00,0.9999215048608207,1,First Class,Central America,LATAM,México,Veracruz
alert_15573,64357,2017-07-30 10:46:00,0.9999214901130408,1,First Class,Western Europe,Europe,Francia,Provenza-Alpes-Costa Azul
alert_9059,61622,2017-06-20 12:34:00,0.999921418870881,1,First Class,Western Europe,Europe,Francia,Isla de Francia
alert_7122,60746,2017-06-07 17:40:00,0.9999214085358101,1,First Class,South America,LATAM,Colombia,Arauca
alert_27345,69485,2017-10-17 07:20:00,0.9999213821732589,1,Second Class,Northern Europe,Europe,Reino Unido,Inglaterra
alert_24385,68070,2017-09-22 15:36:00,0.9999211200104445,1,First Class,Western Europe,Europe,Alemania,Bavaria
alert_9339,61754,2017-06-22 10:49:00,0.9999211200104445,1,First Class,Western Europe,Europe,Alemania,Berlín
alert_9335,61754,2017-06-22 10:49:00,0.9999211200104445,1,First Class,Western Europe,Europe,Alemania,Berlín
alert_24386,68070,2017-09-22 15:36:00,0.9999211200104445,1,First Class,Western Europe,Europe,Alemania,Bavaria
alert_24387,68070,2017-09-22 15:36:00,0.9999211200104445,1,First Class,Western Europe,Europe,Alemania,Bavaria
alert_24381,68069,2017-09-22 15:15:00,0.9999211200104445,1,First Class,Western Europe,Europe,Alemania,Bavaria
alert_10266,62150,2017-06-28 05:33:00,0.9999211200104445,1,First Class,Western Europe,Europe,Alemania,Berlín
alert_10268,62150,2017-06-28 05:33:00,0.9999211200104445,1,First Class,Western Europe,Europe,Alemania,Berlín
alert_10452,62221,2017-06-29 06:26:00,0.9999211200104445,1,First Class,Western Europe,Europe,Alemania,Berlín
alert_9701,61909,2017-06-24 17:07:00,0.9999211200104445,1,First Class,Western Europe,Europe,Alemania,Berlín
alert_9704,61909,2017-06-24 17:07:00,0.9999211200104445,1,First Class,Western Europe,Europe,Alemania,Berlín
alert_9703,61909,2017-06-24 17:07:00,0.9999211200104445,1,First Class,Western Europe,Europe,Alemania,Berlín
alert_9702,61909,2017-06-24 17:07:00,0.9999211200104445,1,First Class,Western Europe,Europe,Alemania,Berlín
alert_9334,61754,2017-06-22 10:49:00,0.9999211200104445,1,First Class,Western Europe,Europe,Alemania,Berlín
alert_14260,63829,2017-07-22 17:47:00,0.9999211200104445,1,First Class,Western Europe,Europe,Alemania,Bavaria
alert_28159,70626,2017-10-29 23:05:00,0.9999211200104445,1,First Class,Western Europe,Europe,Alemania,Berlín
alert_10267,62150,2017-06-28 05:33:00,0.9999211200104445,1,First Class,Western Europe,Europe,Alemania,Berlín
alert_13787,63632,2017-07-19 20:46:00,0.9999211170046285,1,First Class,Western Europe,Europe,Alemania,Berlín
alert_13801,63634,2017-07-19 21:28:00,0.9999211170046285,1,First Class,Western Europe,Europe,Alemania,Berlín
alert_13800,63634,2017-07-19 21:28:00,0.9999211170046285,1,First Class,Western Europe,Europe,Alemania,Berlín
alert_13780,63630,2017-07-19 20:04:00,0.9999211170046285,1,First Class,Western Europe,Europe,Alemania,Berlín
alert_13786,63632,2017-07-19 20:46:00,0.9999211170046285,1,First Class,Western Europe,Europe,Alemania,Berlín
alert_2567,58856,2017-05-11 03:31:00,0.9999210664093722,1,First Class,South America,LATAM,Colombia,Antioquía
alert_2566,58856,2017-05-11 03:31:00,0.9999210664093722,1,First Class,South America,LATAM,Colombia,Antioquía
alert_13992,63718,2017-07-21 02:54:00,0.9999209911262404,1,First Class,Western Europe,Europe,Alemania,Bremen
alert_28270,70740,2017-10-31 15:01:00,0.9999209648894503,1,First Class,Southern Europe,Europe,Italia,Toscana
alert_947,58182,2017-05-01 07:23:00,0.999920962496303,1,First Class,Central America,LATAM,México,Distrito Federal
alert_21457,66850,2017-09-04 20:10:00,0.999920944947307,1,First Class,Southern Europe,Europe,Italia,Apulia
alert_13545,63529,2017-07-18 08:41:00,0.9999209199666869,1,First Class,Western Europe,Europe,Austria,Viena
alert_23941,67869,2017-09-19 17:11:00,0.9999209199666869,1,First Class,Western Europe,Europe,Austria,Viena
alert_20933,66610,2017-09-01 08:05:00,0.9999209031729125,1,First Class,Western Europe,Europe,Países Bajos,Holanda Septentrional
alert_19309,65940,2017-08-22 13:22:00,0.9999208713254912,1,First Class,Western Europe,Europe,Alemania,Berlín
alert_29594,72130,2017-11-20 22:00:00,0.9999207482629489,1,First Class,Southeast Asia,Pacific Asia,Tailandia,Bangkok
alert_27012,69204,2017-10-12 04:53:00,0.9999207428488159,1,Second Class,Northern Europe,Europe,Reino Unido,Inglaterra
alert_34199,76940,2018-01-30 03:09:00,0.9999206306958811,1,First Class,Southeast Asia,Pacific Asia,Malasia,Sabah
alert_34202,76941,2018-01-30 03:30:00,0.9999206306958811,1,First Class,Southeast Asia,Pacific Asia,Malasia,Sabah
alert_15209,64195,2017-07-28 02:01:00,0.9999205332816176,1,First Class,Northern Europe,Europe,Reino Unido,Inglaterra
alert_27447,69654,2017-10-18 18:32:00,0.9999205087116338,1,Second Class,Northern Europe,Europe,Reino Unido,Inglaterra
alert_2570,58856,2017-05-11 03:31:00,0.9999204950551619,1,First Class,South America,LATAM,Colombia,Antioquía
alert_2569,58856,2017-05-11 03:31:00,0.9999204950551619,1,First Class,South America,LATAM,Colombia,Antioquía
alert_2568,58856,2017-05-11 03:31:00,0.9999204950551619,1,First Class,South America,LATAM,Colombia,Antioquía
alert_27363,69500,2017-10-17 12:35:00,0.9999204581951696,1,Second Class,Southern Europe,Europe,Grecia,Attica
alert_33551,76079,2018-01-20 13:30:00,0.9999203700115631,1,Second Class,South Asia,Pacific Asia,India,Tamil Nadu
alert_17813,65320,2017-08-13 12:09:00,0.9999203086163112,1,First Class,Northern Europe,Europe,Suecia,Estocolmo
alert_15575,64357,2017-07-30 10:46:00,0.999920161177352,1,First Class,Western Europe,Europe,Francia,Provenza-Alpes-Costa Azul
alert_15638,64389,2017-07-30 21:59:00,0.999920161177352,1,First Class,Western Europe,Europe,Francia,Provenza-Alpes-Costa Azul
alert_30531,72894,2017-12-05 01:39:00,0.9999200515545958,1,Second Class,Oceania,Pacific Asia,Australia,Australia del Sur
alert_2195,58688,2017-05-08 16:40:00,0.9999200309322137,1,First Class,South America,LATAM,Venezuela,Distrito Capital
alert_30618,72989,2017-12-06 10:56:00,0.9999200265970191,1,Second Class,Southeast Asia,Pacific Asia,Indonesia,Java Central
alert_33637,76095,2018-01-21 19:07:00,0.9999200244062815,1,Second Class,South Asia,Pacific Asia,Pakistán,Punyab
alert_29801,72139,2017-11-24 01:09:00,0.9999200202142637,1,Second Class,Eastern Asia,Pacific Asia,China,Hubei
alert_12244,62960,2017-07-10 01:20:00,0.999919977432329,1,First Class,Western Europe,Europe,Alemania,Berlín
alert_629,58060,2017-04-29 12:39:00,0.999919969091126,1,First Class,Central America,LATAM,Honduras,Cortés
alert_5496,60084,2017-05-29 01:45:00,0.9999199521285083,1,First Class,Central America,LATAM,México,Distrito Federal
alert_15886,64504,2017-08-01 14:16:00,0.9999198961843138,1,First Class,Western Europe,Europe,Alemania,Berlín
alert_15892,64505,2017-08-01 14:37:00,0.9999198961843138,1,First Class,Western Europe,Europe,Alemania,Berlín
alert_13932,63689,2017-07-20 16:44:00,0.9999198453769488,1,First Class,Western Europe,Europe,Alemania,Berlín
alert_24045,67913,2017-09-20 08:35:00,0.9999198453769488,1,First Class,Western Europe,Europe,Alemania,Berlín
alert_24037,67909,2017-09-20 07:11:00,0.9999198453769488,1,First Class,Western Europe,Europe,Alemania,Berlín
alert_13797,63634,2017-07-19 21:28:00,0.9999198148374073,1,First Class,Western Europe,Europe,Alemania,Berlín
alert_13783,63630,2017-07-19 20:04:00,0.9999198148374073,1,First Class,Western Europe,Europe,Alemania,Berlín
alert_13790,63633,2017-07-19 21:07:00,0.9999198148374073,1,First Class,Western Europe,Europe,Alemania,Berlín
alert_13792,63633,2017-07-19 21:07:00,0.9999198148374073,1,First Class,Western Europe,Europe,Alemania,Berlín
alert_13782,63630,2017-07-19 20:04:00,0.9999198148374073,1,First Class,Western Europe,Europe,Alemania,Berlín
alert_13791,63633,2017-07-19 21:07:00,0.9999198148374073,1,First Class,Western Europe,Europe,Alemania,Berlín
alert_17807,65320,2017-08-13 12:09:00,0.9999197317773191,1,First Class,Northern Europe,Europe,Suecia,Estocolmo
alert_17806,65320,2017-08-13 12:09:00,0.9999197317773191,1,First Class,Northern Europe,Europe,Suecia,Estocolmo
alert_17810,65320,2017-08-13 12:09:00,0.9999197317773191,1,First Class,Northern Europe,Europe,Suecia,Estocolmo
alert_17812,65320,2017-08-13 12:09:00,0.9999197317773191,1,First Class,Northern Europe,Europe,Suecia,Estocolmo
alert_23611,67445,2017-09-17 12:38:00,0.9999197152167288,1,Second Class,Western Europe,Europe,Alemania,Baden-Wurtemberg
alert_23613,67445,2017-09-17 12:38:00,0.9999197152167288,1,Second Class,Western Europe,Europe,Alemania,Baden-Wurtemberg
alert_23609,67445,2017-09-17 12:38:00,0.9999197152167288,1,Second Class,Western Europe,Europe,Alemania,Baden-Wurtemberg
alert_23610,67445,2017-09-17 12:38:00,0.9999197152167288,1,Second Class,Western Europe,Europe,Alemania,Baden-Wurtemberg
alert_23612,67445,2017-09-17 12:38:00,0.9999197152167288,1,Second Class,Western Europe,Europe,Alemania,Baden-Wurtemberg
alert_18949,65781,2017-08-20 05:39:00,0.9999197149158223,1,First Class,Southern Europe,Europe,España,País Vasco
alert_586,58049,2017-04-29 08:48:00,0.9999196770699155,1,First Class,South America,LATAM,Brasil,Rio Grande do Sul
alert_587,58049,2017-04-29 08:48:00,0.9999196770699155,1,First Class,South America,LATAM,Brasil,Rio Grande do Sul
alert_33171,75659,2018-01-14 10:22:00,0.9999196702901361,1,Second Class,South Asia,Pacific Asia,India,Karnataka
alert_33176,75664,2018-01-14 12:07:00,0.9999196702901361,1,Second Class,South Asia,Pacific Asia,India,Karnataka
alert_29526,71854,2017-11-19 21:18:00,0.9999196441888124,1,Second Class,Southeast Asia,Pacific Asia,Tailandia,Bangkok
alert_24605,68156,2017-09-23 21:43:00,0.9999196192487312,1,First Class,Western Europe,Europe,Francia,Centro-Valle de Loira
alert_26656,68869,2017-10-07 07:31:00,0.9999195671847614,1,Second Class,Northern Europe,Europe,Reino Unido,Inglaterra
alert_26657,68869,2017-10-07 07:31:00,0.9999195671847614,1,Second Class,Northern Europe,Europe,Reino Unido,Inglaterra
alert_26658,68869,2017-10-07 07:31:00,0.9999195671847614,1,Second Class,Northern Europe,Europe,Reino Unido,Inglaterra
alert_19314,65940,2017-08-22 13:22:00,0.9999195651030287,1,First Class,Western Europe,Europe,Alemania,Berlín
alert_19312,65940,2017-08-22 13:22:00,0.9999195651030287,1,First Class,Western Europe,Europe,Alemania,Berlín
alert_31818,74244,2017-12-24 18:37:00,0.999919536734272,1,Second Class,Oceania,Pacific Asia,Australia,Queensland
alert_5493,60084,2017-05-29 01:45:00,0.999919326722475,1,First Class,Central America,LATAM,México,Distrito Federal
alert_5497,60084,2017-05-29 01:45:00,0.999919326722475,1,First Class,Central America,LATAM,México,Distrito Federal
alert_5498,60084,2017-05-29 01:45:00,0.999919326722475,1,First Class,Central America,LATAM,México,Distrito Federal
alert_5495,60084,2017-05-29 01:45:00,0.999919326722475,1,First Class,Central America,LATAM,México,Distrito Federal
alert_28548,70814,2017-11-04 16:56:00,0.9999193063542805,1,Second Class,Western Europe,Europe,Alemania,Renania del Norte-Westfalia
alert_18948,65781,2017-08-20 05:39:00,0.999919290499045,1,First Class,Southern Europe,Europe,España,País Vasco
alert_24168,67970,2017-09-21 04:34:00,0.9999191307406312,1,First Class,Southern Europe,Europe,Italia,Campania
alert_11174,62557,2017-07-04 04:09:00,0.9999190511835591,1,First Class,Western Europe,Europe,Francia,Aquitania-Lemosín-Poitou-Charentes
alert_30000,72285,2017-11-27 04:18:00,0.9999190312517997,1,Second Class,Eastern Asia,Pacific Asia,China,Mongolia Interior
alert_30970,73295,2017-12-11 22:09:00,0.9999189293820872,1,Second Class,Southeast Asia,Pacific Asia,Indonesia,Java Central
alert_251,57694,2017-04-27 04:25:00,0.9999188300149613,1,Second Class,Central America,LATAM,México,Querétaro
alert_32687,75075,2018-01-06 21:45:00,0.9999187974077396,1,Second Class,Southeast Asia,Pacific Asia,Indonesia,Java Occidental
alert_588,58049,2017-04-29 08:48:00,0.9999187290944783,1,First Class,South America,LATAM,Brasil,Rio Grande do Sul
alert_20715,66314,2017-08-31 00:23:00,0.9999186976438118,1,Second Class,Northern Europe,Europe,Reino Unido,Escocia
alert_20714,66314,2017-08-31 00:23:00,0.9999186976438118,1,Second Class,Northern Europe,Europe,Reino Unido,Escocia
alert_20713,66314,2017-08-31 00:23:00,0.9999186976438118,1,Second Class,Northern Europe,Europe,Reino Unido,Escocia
alert_14798,64025,2017-07-25 14:27:00,0.999918693568693,1,First Class,Western Europe,Europe,Francia,Isla de Francia
alert_14789,64024,2017-07-25 14:06:00,0.999918693568693,1,First Class,Western Europe,Europe,Francia,Isla de Francia
alert_14801,64025,2017-07-25 14:27:00,0.999918693568693,1,First Class,Western Europe,Europe,Francia,Isla de Francia
alert_14800,64025,2017-07-25 14:27:00,0.999918693568693,1,First Class,Western Europe,Europe,Francia,Isla de Francia
alert_22467,66995,2017-09-10 22:58:00,0.999918675760137,1,Second Class,Western Europe,Europe,Alemania,Baja Sajonia
alert_22468,66995,2017-09-10 22:58:00,0.999918675760137,1,Second Class,Western Europe,Europe,Alemania,Baja Sajonia
alert_12027,62892,2017-07-09 01:31:00,0.9999186675476551,1,First Class,Western Europe,Europe,Alemania,Renania del Norte-Westfalia
alert_26265,68852,2017-10-04 01:34:00,0.9999186142450976,1,First Class,Western Europe,Europe,Francia,Isla de Francia
alert_26606,68770,2017-10-06 20:50:00,0.9999186129792829,1,Second Class,Northern Europe,Europe,Reino Unido,Inglaterra
alert_26607,68770,2017-10-06 20:50:00,0.9999186129792829,1,Second Class,Northern Europe,Europe,Reino Unido,Inglaterra
alert_26609,68770,2017-10-06 20:50:00,0.9999186129792829,1,Second Class,Northern Europe,Europe,Reino Unido,Inglaterra
alert_26608,68770,2017-10-06 20:50:00,0.9999186129792829,1,Second Class,Northern Europe,Europe,Reino Unido,Inglaterra
alert_26610,68770,2017-10-06 20:50:00,0.9999186129792829,1,Second Class,Northern Europe,Europe,Reino Unido,Inglaterra
alert_23587,67435,2017-09-17 09:08:00,0.9999186059640561,1,Second Class,Western Europe,Europe,Austria,Alta Austria
alert_23585,67435,2017-09-17 09:08:00,0.9999186059640561,1,Second Class,Western Europe,Europe,Austria,Alta Austria
alert_23586,67435,2017-09-17 09:08:00,0.9999186059640561,1,Second Class,Western Europe,Europe,Austria,Alta Austria
alert_23393,67645,2017-09-16 10:42:00,0.9999185885973692,1,First Class,Northern Europe,Europe,Suecia,Estocolmo
alert_30918,73304,2017-12-11 01:18:00,0.9999185810868289,1,Second Class,Southeast Asia,Pacific Asia,Filipinas,Calabarzón
alert_15885,64504,2017-08-01 14:16:00,0.9999185738659466,1,First Class,Western Europe,Europe,Alemania,Berlín
alert_15895,64505,2017-08-01 14:37:00,0.9999185738659466,1,First Class,Western Europe,Europe,Alemania,Berlín
alert_15883,64504,2017-08-01 14:16:00,0.9999185738659466,1,First Class,Western Europe,Europe,Alemania,Berlín
alert_24048,67914,2017-09-20 08:56:00,0.9999185222199444,1,First Class,Western Europe,Europe,Alemania,Berlín
alert_24047,67914,2017-09-20 08:56:00,0.9999185222199444,1,First Class,Western Europe,Europe,Alemania,Berlín
alert_24044,67913,2017-09-20 08:35:00,0.9999185222199444,1,First Class,Western Europe,Europe,Alemania,Berlín
alert_24042,67913,2017-09-20 08:35:00,0.9999185222199444,1,First Class,Western Europe,Europe,Alemania,Berlín
alert_24041,67911,2017-09-20 07:53:00,0.9999185222199444,1,First Class,Western Europe,Europe,Alemania,Berlín
alert_24040,67911,2017-09-20 07:53:00,0.9999185222199444,1,First Class,Western Europe,Europe,Alemania,Berlín
alert_24046,67914,2017-09-20 08:56:00,0.9999185222199444,1,First Class,Western Europe,Europe,Alemania,Berlín
alert_22505,67283,2017-09-11 03:52:00,0.9999184652434941,1,First Class,Western Europe,Europe,Francia,Aquitania-Lemosín-Poitou-Charentes
alert_34287,77033,2018-01-31 11:44:00,0.9999184075378147,1,First Class,Southeast Asia,Pacific Asia,Indonesia,Yakarta
alert_13091,63050,2017-07-15 08:52:00,0.9999183924468973,1,Second Class,Northern Europe,Europe,Dinamarca,Dinamarca Meridional
alert_33302,75730,2018-01-16 11:14:00,0.9999183779971498,1,Second Class,Southeast Asia,Pacific Asia,Indonesia,Java Occidental
alert_33241,75665,2018-01-15 12:28:00,0.9999183779971498,1,Second Class,South Asia,Pacific Asia,India,Karnataka
alert_456,57720,2017-04-28 13:32:00,0.9999183127252419,1,Second Class,Central America,LATAM,México,Quintana Roo
alert_22504,67283,2017-09-11 03:52:00,0.9999182647083067,1,First Class,Western Europe,Europe,Francia,Aquitania-Lemosín-Poitou-Charentes
alert_27369,69776,2017-10-17 13:17:00,0.9999182342041097,1,First Class,Western Europe,Europe,Alemania,Berlín
alert_27373,69781,2017-10-17 15:02:00,0.9999182342041097,1,First Class,Western Europe,Europe,Alemania,Berlín
alert_27370,69777,2017-10-17 13:38:00,0.9999182342041097,1,First Class,Western Europe,Europe,Alemania,Berlín
alert_27366,69775,2017-10-17 12:56:00,0.9999182342041097,1,First Class,Western Europe,Europe,Alemania,Berlín
alert_34289,76760,2018-01-31 12:05:00,0.9999182004312296,1,Second Class,South Asia,Pacific Asia,India,Bihar
alert_18561,65620,2017-08-17 21:15:00,0.9999181283822256,1,First Class,Western Europe,Europe,Alemania,Berlín
alert_13057,63311,2017-07-15 04:18:00,0.9999180485707607,1,First Class,Western Europe,Europe,Suiza,Zúrich
alert_20705,66515,2017-08-30 22:49:00,0.9999180466069498,1,First Class,Western Europe,Europe,Francia,Norte-Paso de Calais-Picardía
alert_20703,66515,2017-08-30 22:49:00,0.9999180466069498,1,First Class,Western Europe,Europe,Francia,Norte-Paso de Calais-Picardía
alert_20745,66535,2017-08-31 05:49:00,0.9999180398816024,1,First Class,Western Europe,Europe,Francia,Auvernia
alert_23395,67645,2017-09-16 10:42:00,0.9999179993091941,1,First Class,Northern Europe,Europe,Suecia,Estocolmo
alert_23392,67645,2017-09-16 10:42:00,0.9999179993091941,1,First Class,Northern Europe,Europe,Suecia,Estocolmo
alert_23394,67645,2017-09-16 10:42:00,0.9999179993091941,1,First Class,Northern Europe,Europe,Suecia,Estocolmo
alert_16694,64868,2017-08-06 21:47:00,0.999917928178047,1,First Class,Western Europe,Europe,Alemania,Renania del Norte-Westfalia
alert_18947,65781,2017-08-20 05:39:00,0.9999179243335793,1,First Class,Southern Europe,Europe,España,País Vasco
alert_27726,69905,2017-10-23 10:29:00,0.9999178406399631,1,Second Class,Northern Europe,Europe,Reino Unido,Inglaterra
alert_30813,73120,2017-12-09 08:50:00,0.9999178348474633,1,Second Class,Eastern Asia,Pacific Asia,China,Sichuan
alert_25368,68170,2017-09-28 02:38:00,0.999917824719355,1,Second Class,Western Europe,Europe,Francia,Norte-Paso de Calais-Picardía
alert_25370,68170,2017-09-28 02:38:00,0.999917824719355,1,Second Class,Western Europe,Europe,Francia,Norte-Paso de Calais-Picardía
alert_25369,68170,2017-09-28 02:38:00,0.999917824719355,1,Second Class,Western Europe,Europe,Francia,Norte-Paso de Calais-Picardía
alert_22672,67075,2017-09-12 03:00:00,0.9999177441914868,1,Second Class,Western Europe,Europe,Francia,Auvernia-Ródano-Alpes
alert_22673,67075,2017-09-12 03:00:00,0.9999177441914868,1,Second Class,Western Europe,Europe,Francia,Auvernia-Ródano-Alpes
alert_32243,74699,2017-12-31 10:02:00,0.9999177336077358,1,Second Class,Southeast Asia,Pacific Asia,Indonesia,Yakarta
alert_4665,59725,2017-05-23 19:58:00,0.9999177212497028,1,First Class,Central America,LATAM,México,Jalisco
alert_27015,69209,2017-10-12 06:38:00,0.9999176732137836,1,Second Class,Northern Europe,Europe,Irlanda,Dublín del Sur
alert_20812,66568,2017-08-31 17:23:00,0.9999176453333946,1,First Class,Western Europe,Europe,Francia,Auvernia-Ródano-Alpes
alert_28860,71090,2017-11-09 17:38:00,0.9999175855486372,1,Second Class,Western Europe,Europe,Alemania,Renania del Norte-Westfalia
alert_20750,66536,2017-08-31 06:10:00,0.9999175248917486,1,First Class,Western Europe,Europe,Francia,Auvernia
alert_30732,73104,2017-12-08 03:14:00,0.9999175062475902,1,Second Class,Oceania,Pacific Asia,Australia,Victoria
alert_27748,69994,2017-10-23 17:39:00,0.9999174808135874,1,Second Class,Western Europe,Europe,Francia,Auvernia-Ródano-Alpes
alert_27815,69995,2017-10-24 18:00:00,0.9999174808135874,1,Second Class,Western Europe,Europe,Francia,Auvernia-Ródano-Alpes
alert_20813,66568,2017-08-31 17:23:00,0.9999174427818004,1,First Class,Western Europe,Europe,Francia,Auvernia-Ródano-Alpes
alert_20810,66568,2017-08-31 17:23:00,0.9999174427818004,1,First Class,Western Europe,Europe,Francia,Auvernia-Ródano-Alpes
alert_32616,75015,2018-01-06 00:44:00,0.9999174419758012,1,Second Class,South Asia,Pacific Asia,India,Jharkhand
alert_28015,70205,2017-10-27 19:35:00,0.9999173759118527,1,Second Class,Northern Europe,Europe,Reino Unido,Inglaterra
alert_26868,69049,2017-10-09 22:35:00,0.9999173726108539,1,Second Class,Northern Europe,Europe,Dinamarca,Dinamarca Meridional
alert_13043,63035,2017-07-15 03:37:00,0.9999173385500827,1,Second Class,Southern Europe,Europe,Italia,Apulia
alert_20751,66536,2017-08-31 06:10:00,0.9999172435816465,1,First Class,Western Europe,Europe,Francia,Auvernia
alert_20742,66535,2017-08-31 05:49:00,0.9999172435816465,1,First Class,Western Europe,Europe,Francia,Auvernia
alert_20752,66536,2017-08-31 06:10:00,0.9999172435816465,1,First Class,Western Europe,Europe,Francia,Auvernia
alert_20746,66535,2017-08-31 05:49:00,0.9999172435816465,1,First Class,Western Europe,Europe,Francia,Auvernia
alert_20748,66535,2017-08-31 05:49:00,0.9999172435816465,1,First Class,Western Europe,Europe,Francia,Auvernia
alert_32842,75235,2018-01-09 05:49:00,0.9999172199448881,1,Second Class,Oceania,Pacific Asia,Australia,Australia del Sur
alert_15472,64324,2017-07-29 23:12:00,0.9999170984383828,1,First Class,Western Europe,Europe,Alemania,Renania del Norte-Westfalia
alert_4664,59725,2017-05-23 19:58:00,0.9999170784154815,1,First Class,Central America,LATAM,México,Jalisco
alert_4667,59725,2017-05-23 19:58:00,0.9999170784154815,1,First Class,Central America,LATAM,México,Jalisco
alert_22124,66840,2017-09-08 16:40:00,0.9999170556436949,1,Second Class,Western Europe,Europe,Alemania,Baden-Wurtemberg
alert_22123,66840,2017-09-08 16:40:00,0.9999170556436949,1,Second Class,Western Europe,Europe,Alemania,Baden-Wurtemberg
alert_22121,66840,2017-09-08 16:40:00,0.9999170556436949,1,Second Class,Western Europe,Europe,Alemania,Baden-Wurtemberg
alert_22122,66840,2017-09-08 16:40:00,0.9999170556436949,1,Second Class,Western Europe,Europe,Alemania,Baden-Wurtemberg
alert_21856,66730,2017-09-07 02:08:00,0.9999169824577513,1,Second Class,Western Europe,Europe,Francia,Alsacia-Champaña-Ardenas-Lorena
alert_32040,74410,2017-12-28 04:47:00,0.9999169713454185,1,Second Class,Eastern Asia,Pacific Asia,Corea del Sur,Gyeonggi
alert_30020,72374,2017-11-27 11:29:00,0.9999169650779142,1,Second Class,Eastern Asia,Pacific Asia,Corea del Sur,Seúl
alert_21896,66750,2017-09-07 09:08:00,0.9999169165923262,1,Second Class,Southern Europe,Europe,España,Andalucía
alert_23401,67444,2017-09-16 12:17:00,0.9999169165923262,1,Second Class,Southern Europe,Europe,España,Andalucía
alert_23403,67444,2017-09-16 12:17:00,0.9999169165923262,1,Second Class,Southern Europe,Europe,España,Andalucía
alert_23402,67444,2017-09-16 12:17:00,0.9999169165923262,1,Second Class,Southern Europe,Europe,España,Andalucía
alert_26515,68705,2017-10-05 22:04:00,0.9999169062620724,1,Second Class,Northern Europe,Europe,Reino Unido,Inglaterra
alert_26516,68705,2017-10-05 22:04:00,0.9999169062620724,1,Second Class,Northern Europe,Europe,Reino Unido,Inglaterra
alert_26371,68905,2017-10-04 20:08:00,0.9999168356835143,1,First Class,Northern Europe,Europe,Suecia,Escania
alert_29210,71534,2017-11-15 05:11:00,0.9999168243380554,1,Second Class,Southern Europe,Europe,España,Castilla y León
alert_28770,70995,2017-11-08 08:21:00,0.9999167331919735,1,Second Class,Western Europe,Europe,Alemania,Renania del Norte-Westfalia
alert_3321,58875,2017-05-15 10:11:00,0.9999167326101595,1,Second Class,Central America,LATAM,México,Durango
alert_3325,58875,2017-05-15 10:11:00,0.9999167326101595,1,Second Class,Central America,LATAM,México,Durango
alert_3322,58875,2017-05-15 10:11:00,0.9999167326101595,1,Second Class,Central America,LATAM,México,Durango
alert_3324,58875,2017-05-15 10:11:00,0.9999167326101595,1,Second Class,Central America,LATAM,México,Durango
alert_3323,58875,2017-05-15 10:11:00,0.9999167326101595,1,Second Class,Central America,LATAM,México,Durango
alert_15681,64135,2017-07-31 04:59:00,0.9999166617968916,1,Second Class,Southern Europe,Europe,España,Cataluña
alert_15680,64135,2017-07-31 04:59:00,0.9999166617968916,1,Second Class,Southern Europe,Europe,España,Cataluña
alert_15682,64135,2017-07-31 04:59:00,0.9999166617968916,1,Second Class,Southern Europe,Europe,España,Cataluña
alert_15683,64135,2017-07-31 04:59:00,0.9999166617968916,1,Second Class,Southern Europe,Europe,España,Cataluña
alert_15684,64135,2017-07-31 04:59:00,0.9999166617968916,1,Second Class,Southern Europe,Europe,España,Cataluña
alert_581,58048,2017-04-29 08:26:00,0.9999166444273009,1,First Class,South America,LATAM,Brasil,Rio Grande do Sul
alert_29157,71474,2017-11-14 08:10:00,0.9999166165270629,1,Second Class,Western Europe,Europe,Francia,Isla de Francia
alert_29017,71531,2017-11-12 04:08:00,0.9999165250863778,1,First Class,Western Europe,Europe,Alemania,Berlín
alert_33463,76186,2018-01-19 02:59:00,0.9999164896928117,1,First Class,Southeast Asia,Pacific Asia,Tailandia,Bangkok
alert_28606,70869,2017-11-05 12:13:00,0.9999164823331899,1,Second Class,Western Europe,Europe,Francia,Alsacia-Champaña-Ardenas-Lorena
alert_30583,73156,2017-12-05 21:27:00,0.999916479729605,1,First Class,Southeast Asia,Pacific Asia,Vietnam,Ciudad Ho Chi Minh
alert_14524,63655,2017-07-24 04:49:00,0.9999164489910928,1,Second Class,Western Europe,Europe,Francia,Norte-Paso de Calais-Picardía
alert_15323,63975,2017-07-28 20:56:00,0.9999164315759828,1,Second Class,Western Europe,Europe,Francia,Provenza-Alpes-Costa Azul
alert_15325,63975,2017-07-28 20:56:00,0.9999164315759828,1,Second Class,Western Europe,Europe,Francia,Provenza-Alpes-Costa Azul
alert_15324,63975,2017-07-28 20:56:00,0.9999164315759828,1,Second Class,Western Europe,Europe,Francia,Provenza-Alpes-Costa Azul
alert_31705,74329,2017-12-23 00:24:00,0.9999164235860654,1,First Class,South Asia,Pacific Asia,India,Andhra Pradesh
alert_31706,74330,2017-12-23 00:45:00,0.9999164235860654,1,First Class,South Asia,Pacific Asia,India,Andhra Pradesh
alert_31709,74331,2017-12-23 01:06:00,0.9999164235860654,1,First Class,South Asia,Pacific Asia,India,Andhra Pradesh
alert_31712,74334,2017-12-23 02:09:00,0.9999164235860654,1,First Class,South Asia,Pacific Asia,India,Andhra Pradesh
alert_31710,74332,2017-12-23 01:27:00,0.9999164235860654,1,First Class,South Asia,Pacific Asia,India,Andhra Pradesh
alert_27915,70100,2017-10-26 06:48:00,0.9999163957355235,1,Second Class,Northern Europe,Europe,Reino Unido,Inglaterra
alert_12522,63070,2017-07-11 15:52:00,0.9999163843373096,1,First Class,Northern Europe,Europe,Suecia,Södermanland
alert_12524,63070,2017-07-11 15:52:00,0.9999163843373096,1,First Class,Northern Europe,Europe,Suecia,Södermanland
alert_12523,63070,2017-07-11 15:52:00,0.9999163843373096,1,First Class,Northern Europe,Europe,Suecia,Södermanland
alert_12521,63070,2017-07-11 15:52:00,0.9999163843373096,1,First Class,Northern Europe,Europe,Suecia,Södermanland
alert_31492,73889,2017-12-19 14:15:00,0.9999163271221032,1,Second Class,Oceania,Pacific Asia,Australia,Nueva Gales del Sur
alert_12292,62774,2017-07-10 08:10:00,0.999916232088252,1,Second Class,Western Europe,Europe,Francia,Alsacia-Champaña-Ardenas-Lorena
alert_12291,62774,2017-07-10 08:10:00,0.999916232088252,1,Second Class,Western Europe,Europe,Francia,Alsacia-Champaña-Ardenas-Lorena
alert_12290,62774,2017-07-10 08:10:00,0.999916232088252,1,Second Class,Western Europe,Europe,Francia,Alsacia-Champaña-Ardenas-Lorena
alert_12289,62774,2017-07-10 08:10:00,0.999916232088252,1,Second Class,Western Europe,Europe,Francia,Alsacia-Champaña-Ardenas-Lorena
alert_12464,62775,2017-07-11 08:31:00,0.999916232088252,1,Second Class,Western Europe,Europe,Francia,Alsacia-Champaña-Ardenas-Lorena
alert_12288,62774,2017-07-10 08:10:00,0.999916232088252,1,Second Class,Western Europe,Europe,Francia,Alsacia-Champaña-Ardenas-Lorena
alert_12463,62775,2017-07-11 08:31:00,0.999916232088252,1,Second Class,Western Europe,Europe,Francia,Alsacia-Champaña-Ardenas-Lorena
alert_20702,66515,2017-08-30 22:49:00,0.9999162188198636,1,First Class,Western Europe,Europe,Francia,Norte-Paso de Calais-Picardía
alert_34549,77180,2018-02-06 15:14:00,0.9999162131160397,1,Second Class,Southeast Asia,Pacific Asia,Vietnam,Ciudad Ho Chi Minh
alert_33565,76094,2018-01-20 18:46:00,0.9999161410534971,1,Second Class,South Asia,Pacific Asia,Pakistán,Punyab
alert_3049,58824,2017-05-13 16:19:00,0.9999161288628722,1,Second Class,Central America,LATAM,México,Veracruz
alert_28619,70889,2017-11-05 19:13:00,0.9999161185539842,1,Second Class,Northern Europe,Europe,Dinamarca,Región Capital
alert_33258,75953,2018-01-15 17:22:00,0.9999160857438789,1,First Class,Eastern Asia,Pacific Asia,China,Hunan
alert_28256,70450,2017-10-31 09:25:00,0.9999160108679038,1,Second Class,Southern Europe,Europe,Italia,Emilia-Romaña
alert_30414,72700,2017-12-03 05:41:00,0.9999159945507836,1,Second Class,Eastern Asia,Pacific Asia,Japón,Saitama
alert_34442,76930,2018-02-02 23:39:00,0.9999159465618188,1,Second Class,Southeast Asia,Pacific Asia,Vietnam,Ciudad Ho Chi Minh
alert_30424,72779,2017-12-03 09:22:00,0.9999159065359084,1,Second Class,Oceania,Pacific Asia,Australia,Territorio de la Capital Australiana
alert_30428,72715,2017-12-03 10:57:00,0.9999159065359084,1,Second Class,Oceania,Pacific Asia,Australia,Territorio de la Capital Australiana
alert_30942,73329,2017-12-11 10:03:00,0.9999157690862044,1,Second Class,South Asia,Pacific Asia,India,Rajastán
alert_31701,74050,2017-12-22 22:39:00,0.9999157337162672,1,Second Class,Oceania,Pacific Asia,Australia,Queensland
alert_28680,70895,2017-11-06 21:19:00,0.9999156796131577,1,Second Class,Southern Europe,Europe,España,Cataluña
alert_20728,66255,2017-08-31 03:43:00,0.9999156615624785,1,Second Class,Western Europe,Europe,Francia,Isla de Francia
alert_20729,66255,2017-08-31 03:43:00,0.9999156615624785,1,Second Class,Western Europe,Europe,Francia,Isla de Francia
alert_20727,66255,2017-08-31 03:43:00,0.9999156615624785,1,Second Class,Western Europe,Europe,Francia,Isla de Francia
alert_24604,68156,2017-09-23 21:43:00,0.99991566122644,1,First Class,Western Europe,Europe,Francia,Centro-Valle de Loira
alert_24606,68157,2017-09-23 22:04:00,0.99991566122644,1,First Class,Western Europe,Europe,Francia,Centro-Valle de Loira
alert_24327,67844,2017-09-22 08:25:00,0.9999156464769424,1,Second Class,Western Europe,Europe,Francia,Alsacia-Champaña-Ardenas-Lorena
alert_24485,67845,2017-09-23 08:46:00,0.9999156464769424,1,Second Class,Western Europe,Europe,Francia,Alsacia-Champaña-Ardenas-Lorena
alert_24484,67845,2017-09-23 08:46:00,0.9999156464769424,1,Second Class,Western Europe,Europe,Francia,Alsacia-Champaña-Ardenas-Lorena
alert_24326,67844,2017-09-22 08:25:00,0.9999156464769424,1,Second Class,Western Europe,Europe,Francia,Alsacia-Champaña-Ardenas-Lorena
alert_24323,67844,2017-09-22 08:25:00,0.9999156464769424,1,Second Class,Western Europe,Europe,Francia,Alsacia-Champaña-Ardenas-Lorena
alert_24324,67844,2017-09-22 08:25:00,0.9999156464769424,1,Second Class,Western Europe,Europe,Francia,Alsacia-Champaña-Ardenas-Lorena
alert_24325,67844,2017-09-22 08:25:00,0.9999156464769424,1,Second Class,Western Europe,Europe,Francia,Alsacia-Champaña-Ardenas-Lorena
alert_24482,67845,2017-09-23 08:46:00,0.9999156464769424,1,Second Class,Western Europe,Europe,Francia,Alsacia-Champaña-Ardenas-Lorena
alert_24481,67845,2017-09-23 08:46:00,0.9999156464769424,1,Second Class,Western Europe,Europe,Francia,Alsacia-Champaña-Ardenas-Lorena
alert_24483,67845,2017-09-23 08:46:00,0.9999156464769424,1,Second Class,Western Europe,Europe,Francia,Alsacia-Champaña-Ardenas-Lorena
alert_26034,68756,2017-10-02 15:56:00,0.9999156196194477,1,First Class,Western Europe,Europe,Francia,Corse
alert_26030,68756,2017-10-02 15:56:00,0.9999156196194477,1,First Class,Western Europe,Europe,Francia,Corse
alert_26031,68756,2017-10-02 15:56:00,0.9999156196194477,1,First Class,Western Europe,Europe,Francia,Corse
alert_26032,68756,2017-10-02 15:56:00,0.9999156175907827,1,First Class,Western Europe,Europe,Francia,Corse
alert_15685,64204,2017-07-31 05:10:00,0.9999156111592148,1,Second Class,Western Europe,Europe,Francia,Isla de Francia
alert_28304,70505,2017-11-01 04:41:00,0.9999155780028146,1,Second Class,Southern Europe,Europe,Italia,Lacio
alert_28941,71175,2017-11-10 23:25:00,0.9999155293137372,1,Second Class,Western Europe,Europe,Francia,Alsacia-Champaña-Ardenas-Lorena
alert_30527,72889,2017-12-04 23:54:00,0.9999155219159929,1,Second Class,Oceania,Pacific Asia,Australia,Territorio de la Capital Australiana
alert_28537,70799,2017-11-04 11:41:00,0.9999155011672136,1,Second Class,Southern Europe,Europe,Italia,Lacio
alert_31561,73969,2017-12-20 18:17:00,0.9999154907585422,1,Second Class,Southeast Asia,Pacific Asia,Tailandia,Bangkok
alert_28793,71089,2017-11-08 17:17:00,0.999915479831369,1,Second Class,Western Europe,Europe,Alemania,Renania del Norte-Westfalia
alert_18765,65711,2017-08-19 05:08:00,0.9999154419267638,1,First Class,Northern Europe,Europe,Reino Unido,Inglaterra
alert_18767,65711,2017-08-19 05:08:00,0.9999154419267638,1,First Class,Northern Europe,Europe,Reino Unido,Inglaterra
alert_18768,65711,2017-08-19 05:08:00,0.9999154419267638,1,First Class,Northern Europe,Europe,Reino Unido,Inglaterra
alert_28540,70735,2017-11-04 13:16:00,0.9999154164223656,1,Second Class,Western Europe,Europe,Francia,Países del Loira
alert_28600,70795,2017-11-05 10:17:00,0.9999154116543074,1,Second Class,Western Europe,Europe,Austria,Viena
alert_31332,73660,2017-12-17 06:01:00,0.9999153745560541,1,Second Class,Eastern Asia,Pacific Asia,Japón,Tokio
alert_31327,73655,2017-12-17 04:16:00,0.9999153745560541,1,Second Class,Eastern Asia,Pacific Asia,Japón,Tokio
alert_28673,70954,2017-11-06 17:59:00,0.9999153237144673,1,Second Class,Northern Europe,Europe,Reino Unido,Escocia
alert_22365,67024,2017-09-10 09:08:00,0.9999152676957821,1,Second Class,Western Europe,Europe,Francia,Centro-Valle de Loira
alert_22367,67024,2017-09-10 09:08:00,0.9999152676957821,1,Second Class,Western Europe,Europe,Francia,Centro-Valle de Loira
alert_22366,67024,2017-09-10 09:08:00,0.9999152676957821,1,Second Class,Western Europe,Europe,Francia,Centro-Valle de Loira
alert_27266,69400,2017-10-16 01:33:00,0.9999152232477873,1,Second Class,Western Europe,Europe,Países Bajos,Groningen
alert_31791,74214,2017-12-24 08:07:00,0.9999151745805207,1,Second Class,Southeast Asia,Pacific Asia,Vietnam,Ciudad Ho Chi Minh
alert_28184,70444,2017-10-30 07:19:00,0.9999151399566929,1,Second Class,Southern Europe,Europe,España,Madrid
alert_24601,68156,2017-09-23 21:43:00,0.999915131291765,1,First Class,Western Europe,Europe,Francia,Centro-Valle de Loira
alert_30420,72774,2017-12-03 07:37:00,0.9999151287979722,1,Second Class,Southeast Asia,Pacific Asia,Indonesia,Java Central
alert_24607,68157,2017-09-23 22:04:00,0.9999150507505877,1,First Class,Western Europe,Europe,Francia,Centro-Valle de Loira
alert_25757,68632,2017-09-30 20:29:00,0.9999150220741893,1,First Class,Western Europe,Europe,Alemania,Renania del Norte-Westfalia
alert_584,58048,2017-04-29 08:26:00,0.9999149864892626,1,First Class,South America,LATAM,Brasil,Rio Grande do Sul
alert_583,58048,2017-04-29 08:26:00,0.9999149864892626,1,First Class,South America,LATAM,Brasil,Rio Grande do Sul
alert_582,58048,2017-04-29 08:26:00,0.9999149864892626,1,First Class,South America,LATAM,Brasil,Rio Grande do Sul
alert_585,58048,2017-04-29 08:26:00,0.9999149864892626,1,First Class,South America,LATAM,Brasil,Rio Grande do Sul
alert_31368,73764,2017-12-17 18:27:00,0.9999148794301601,1,Second Class,South Asia,Pacific Asia,India,Uttar Pradesh
alert_5072,59640,2017-05-26 14:11:00,0.9999147939805916,1,Second Class,Central America,LATAM,México,Quintana Roo
alert_4965,59639,2017-05-25 13:50:00,0.9999147939805916,1,Second Class,Central America,LATAM,México,Quintana Roo
alert_5073,59640,2017-05-26 14:11:00,0.9999147939805916,1,Second Class,Central America,LATAM,México,Quintana Roo
alert_5074,59640,2017-05-26 14:11:00,0.9999147939805916,1,Second Class,Central America,LATAM,México,Quintana Roo
alert_458,57720,2017-04-28 13:32:00,0.9999147939805916,1,Second Class,Central America,LATAM,México,Quintana Roo
alert_457,57720,2017-04-28 13:32:00,0.9999147939805916,1,Second Class,Central America,LATAM,México,Quintana Roo
alert_30173,72529,2017-11-29 17:47:00,0.9999146101715966,1,Second Class,South Asia,Pacific Asia,India,Andhra Pradesh
alert_11911,62570,2017-07-08 08:42:00,0.9999145559034449,1,Second Class,Southern Europe,Europe,España,Castilla-La Mancha
alert_11912,62570,2017-07-08 08:42:00,0.9999145559034449,1,Second Class,Southern Europe,Europe,España,Castilla-La Mancha
alert_16573,64545,2017-08-06 04:38:00,0.999914509783281,1,Second Class,Western Europe,Europe,Alemania,Hesse
alert_16571,64545,2017-08-06 04:38:00,0.999914509783281,1,Second Class,Western Europe,Europe,Alemania,Hesse
alert_16572,64545,2017-08-06 04:38:00,0.999914509783281,1,Second Class,Western Europe,Europe,Alemania,Hesse
alert_16570,64545,2017-08-06 04:38:00,0.999914509783281,1,Second Class,Western Europe,Europe,Alemania,Hesse
alert_15515,64339,2017-07-30 04:28:00,0.9999144819009009,1,First Class,Western Europe,Europe,Alemania,Renania del Norte-Westfalia
alert_30814,73189,2017-12-09 09:00:00,0.9999144757351586,1,Second Class,Southeast Asia,Pacific Asia,Myanmar (Birmania),Rangún
alert_30883,73190,2017-12-10 09:22:00,0.9999144757351586,1,Second Class,Southeast Asia,Pacific Asia,Myanmar (Birmania),Rangún
alert_27953,70204,2017-10-26 19:14:00,0.9999144078462082,1,Second Class,Northern Europe,Europe,Reino Unido,Inglaterra
alert_32334,74799,2018-01-01 21:04:00,0.9999143458496604,1,Second Class,Oceania,Pacific Asia,Australia,Nueva Gales del Sur
alert_18449,65364,2017-08-17 03:34:00,0.9999142523623771,1,Second Class,Western Europe,Europe,Francia,Alsacia-Champaña-Ardenas-Lorena
alert_18451,65364,2017-08-17 03:34:00,0.9999142523623771,1,Second Class,Western Europe,Europe,Francia,Alsacia-Champaña-Ardenas-Lorena
alert_18450,65364,2017-08-17 03:34:00,0.9999142523623771,1,Second Class,Western Europe,Europe,Francia,Alsacia-Champaña-Ardenas-Lorena
alert_18452,65364,2017-08-17 03:34:00,0.9999142523623771,1,Second Class,Western Europe,Europe,Francia,Alsacia-Champaña-Ardenas-Lorena
alert_26509,68769,2017-10-05 20:29:00,0.9999142518834626,1,Second Class,Western Europe,Europe,Francia,Países del Loira
alert_26510,68769,2017-10-05 20:29:00,0.9999142518834626,1,Second Class,Western Europe,Europe,Francia,Países del Loira
alert_11181,62560,2017-07-04 05:12:00,0.9999142420546985,1,First Class,Western Europe,Europe,Francia,Aquitania-Lemosín-Poitou-Charentes
alert_11186,62560,2017-07-04 05:12:00,0.9999142420546985,1,First Class,Western Europe,Europe,Francia,Aquitania-Lemosín-Poitou-Charentes
alert_11180,62560,2017-07-04 05:12:00,0.9999142420546985,1,First Class,Western Europe,Europe,Francia,Aquitania-Lemosín-Poitou-Charentes
alert_11185,62560,2017-07-04 05:12:00,0.9999142420546985,1,First Class,Western Europe,Europe,Francia,Aquitania-Lemosín-Poitou-Charentes
alert_18110,65150,2017-08-15 00:35:00,0.9999141687118659,1,Second Class,Western Europe,Europe,Alemania,Baden-Wurtemberg
alert_18111,65150,2017-08-15 00:35:00,0.9999141687118659,1,Second Class,Western Europe,Europe,Alemania,Baden-Wurtemberg
alert_18113,65150,2017-08-15 00:35:00,0.9999141687118659,1,Second Class,Western Europe,Europe,Alemania,Baden-Wurtemberg
alert_18112,65150,2017-08-15 00:35:00,0.9999141687118659,1,Second Class,Western Europe,Europe,Alemania,Baden-Wurtemberg
alert_33429,75875,2018-01-18 14:02:00,0.999914029017601,1,Second Class,Southeast Asia,Pacific Asia,Indonesia,Kalimantan Oriental
alert_30652,73029,2017-12-07 00:57:00,0.999914008681557,1,Second Class,South Asia,Pacific Asia,India,Karnataka
alert_27493,69640,2017-10-19 13:38:00,0.9999140044880527,1,Second Class,Southern Europe,Europe,España,Cataluña
alert_30275,72565,2017-12-01 06:24:00,0.9999139977271331,1,Second Class,Eastern Asia,Pacific Asia,Corea del Sur,Ulsan
alert_20770,66275,2017-08-31 10:44:00,0.9999139818262573,1,Second Class,Western Europe,Europe,Países Bajos,Holanda Meridional
alert_20769,66275,2017-08-31 10:44:00,0.9999139818262573,1,Second Class,Western Europe,Europe,Países Bajos,Holanda Meridional
alert_20767,66275,2017-08-31 10:44:00,0.9999139818262573,1,Second Class,Western Europe,Europe,Países Bajos,Holanda Meridional
alert_20768,66275,2017-08-31 10:44:00,0.9999139818262573,1,Second Class,Western Europe,Europe,Países Bajos,Holanda Meridional
alert_20771,66275,2017-08-31 10:44:00,0.9999139818262573,1,Second Class,Western Europe,Europe,Países Bajos,Holanda Meridional
alert_15520,64339,2017-07-30 04:28:00,0.9999139445566837,1,First Class,Western Europe,Europe,Alemania,Renania del Norte-Westfalia
alert_311,57719,2017-04-27 13:11:00,0.9999139221779139,1,Second Class,Central America,LATAM,México,Tamaulipas
alert_313,57719,2017-04-27 13:11:00,0.9999139221779139,1,Second Class,Central America,LATAM,México,Tamaulipas
alert_312,57719,2017-04-27 13:11:00,0.9999139221779139,1,Second Class,Central America,LATAM,México,Tamaulipas
alert_475,57730,2017-04-28 17:02:00,0.9999139075951584,1,Second Class,Central America,LATAM,México,Sinaloa
alert_27626,69785,2017-10-21 16:26:00,0.9999138639459418,1,Second Class,Southern Europe,Europe,Italia,Toscana
alert_7267,60550,2017-06-08 21:00:00,0.999913863582151,1,Second Class,South America,LATAM,Brasil,Minas Gerais
alert_32239,74694,2017-12-31 08:17:00,0.9999137917315976,1,Second Class,South Asia,Pacific Asia,India,Uttar Pradesh
alert_31857,74499,2017-12-25 11:58:00,0.9999137561916455,1,First Class,Southeast Asia,Pacific Asia,Vietnam,Ciudad Ho Chi Minh
alert_31859,74500,2017-12-25 12:19:00,0.9999137561916455,1,First Class,Southeast Asia,Pacific Asia,Vietnam,Ciudad Ho Chi Minh
alert_316,57655,2017-04-27 14:45:00,0.9999137311104216,1,Second Class,Central America,LATAM,Honduras,Francisco Morazán
alert_318,57655,2017-04-27 14:45:00,0.9999137311104216,1,Second Class,Central America,LATAM,Honduras,Francisco Morazán
alert_317,57655,2017-04-27 14:45:00,0.9999137311104216,1,Second Class,Central America,LATAM,Honduras,Francisco Morazán
alert_319,57655,2017-04-27 14:45:00,0.9999137311104216,1,Second Class,Central America,LATAM,Honduras,Francisco Morazán
alert_8037,60895,2017-06-13 21:52:00,0.9999137066251808,1,Second Class,South America,LATAM,Brasil,Río de Janeiro
alert_29904,72448,2017-11-25 13:24:00,0.9999137011512669,1,First Class,Southeast Asia,Pacific Asia,Tailandia,Bangkok
alert_30600,72969,2017-12-06 03:56:00,0.9999136419726008,1,Second Class,Southeast Asia,Pacific Asia,Filipinas,Capital Nacional
alert_33408,75914,2018-01-18 03:42:00,0.9999135859292886,1,Second Class,Oceania,Pacific Asia,Australia,Australia Occidental
alert_33296,75725,2018-01-16 09:29:00,0.999913584398886,1,Second Class,Southeast Asia,Pacific Asia,Filipinas,Visayas Occidental
alert_20783,66285,2017-08-31 14:14:00,0.9999135795631916,1,Second Class,Southern Europe,Europe,España,Castilla y León
alert_4883,59530,2017-05-24 23:39:00,0.9999135548859986,1,Second Class,Central America,LATAM,México,Sinaloa
alert_4884,59530,2017-05-24 23:39:00,0.9999135548859986,1,Second Class,Central America,LATAM,México,Sinaloa
alert_4882,59530,2017-05-24 23:39:00,0.9999135548859986,1,Second Class,Central America,LATAM,México,Sinaloa
alert_25476,68220,2017-09-28 20:09:00,0.9999135137255497,1,Second Class,Northern Europe,Europe,Suecia,Estocolmo
alert_25477,68220,2017-09-28 20:09:00,0.9999135137255497,1,Second Class,Northern Europe,Europe,Suecia,Estocolmo
alert_25478,68220,2017-09-28 20:09:00,0.9999135137255497,1,Second Class,Northern Europe,Europe,Suecia,Estocolmo
alert_25474,68220,2017-09-28 20:09:00,0.9999135137255497,1,Second Class,Northern Europe,Europe,Suecia,Estocolmo
alert_25475,68220,2017-09-28 20:09:00,0.9999135137255497,1,Second Class,Northern Europe,Europe,Suecia,Estocolmo
alert_2218,58425,2017-05-08 20:31:00,0.999913474313048,1,Second Class,South America,LATAM,Uruguay,Montevideo
alert_2221,58425,2017-05-08 20:31:00,0.999913474313048,1,Second Class,South America,LATAM,Uruguay,Montevideo
alert_2220,58425,2017-05-08 20:31:00,0.999913474313048,1,Second Class,South America,LATAM,Uruguay,Montevideo
alert_2219,58425,2017-05-08 20:31:00,0.999913474313048,1,Second Class,South America,LATAM,Uruguay,Montevideo
alert_30913,73294,2017-12-10 21:48:00,0.9999134442353307,1,Second Class,Southeast Asia,Pacific Asia,Indonesia,Java Central
alert_19433,65784,2017-08-23 06:42:00,0.9999133186570249,1,Second Class,Western Europe,Europe,Países Bajos,Groningen
alert_19429,65784,2017-08-23 06:42:00,0.9999133186570249,1,Second Class,Western Europe,Europe,Países Bajos,Groningen
alert_19432,65784,2017-08-23 06:42:00,0.9999133186570249,1,Second Class,Western Europe,Europe,Países Bajos,Groningen
alert_19430,65784,2017-08-23 06:42:00,0.9999133186570249,1,Second Class,Western Europe,Europe,Países Bajos,Groningen
alert_19431,65784,2017-08-23 06:42:00,0.9999133186570249,1,Second Class,Western Europe,Europe,Países Bajos,Groningen
alert_28890,71115,2017-11-10 02:24:00,0.9999133170071856,1,Second Class,Western Europe,Europe,Francia,Languedoc-Rosellón-Mediodía-Pirineos
alert_30481,72839,2017-12-04 06:23:00,0.9999133034347032,1,Second Class,Oceania,Pacific Asia,Australia,Victoria
alert_26863,68975,2017-10-09 20:39:00,0.9999132205853748,1,Second Class,Western Europe,Europe,Francia,Provenza-Alpes-Costa Azul
alert_24922,68084,2017-09-25 20:30:00,0.9999132106479584,1,Second Class,Southern Europe,Europe,Italia,Apulia
alert_24925,68084,2017-09-25 20:30:00,0.9999132106479584,1,Second Class,Southern Europe,Europe,Italia,Apulia
alert_24924,68084,2017-09-25 20:30:00,0.9999132106479584,1,Second Class,Southern Europe,Europe,Italia,Apulia
alert_24923,68084,2017-09-25 20:30:00,0.9999132106479584,1,Second Class,Southern Europe,Europe,Italia,Apulia
alert_31082,73489,2017-12-13 18:07:00,0.9999129861113459,1,Second Class,Oceania,Pacific Asia,Australia,Victoria
alert_33331,76034,2018-01-16 21:44:00,0.9999129823848806,1,First Class,Southeast Asia,Pacific Asia,Tailandia,Bangkok
alert_33335,76035,2018-01-16 22:05:00,0.9999129823848806,1,First Class,Southeast Asia,Pacific Asia,Tailandia,Bangkok
alert_5923,60000,2017-05-31 20:19:00,0.9999129632302914,1,Second Class,Central America,LATAM,México,Guanajuato
alert_5926,60000,2017-05-31 20:19:00,0.9999129632302914,1,Second Class,Central America,LATAM,México,Guanajuato
alert_5927,60000,2017-05-31 20:19:00,0.9999129632302914,1,Second Class,Central America,LATAM,México,Guanajuato
alert_5924,60000,2017-05-31 20:19:00,0.9999129632302914,1,Second Class,Central America,LATAM,México,Guanajuato
alert_28778,71074,2017-11-08 12:02:00,0.999912958902669,1,Second Class,Southern Europe,Europe,España,Cataluña
alert_3082,58775,2017-05-13 23:09:00,0.9999128429666537,1,Second Class,Central America,LATAM,México,Quintana Roo
alert_32037,74474,2017-12-28 03:12:00,0.9999127863915334,1,Second Class,Eastern Asia,Pacific Asia,China,Henan
alert_32100,74475,2017-12-29 03:33:00,0.9999127863915334,1,Second Class,Eastern Asia,Pacific Asia,China,Henan
alert_33647,76105,2018-01-21 22:37:00,0.9999127719835149,1,Second Class,South Asia,Pacific Asia,India,Delhi
alert_26693,68825,2017-10-07 16:06:00,0.9999127519136874,1,Second Class,Western Europe,Europe,Alemania,Renania del Norte-Westfalia
alert_26691,68825,2017-10-07 16:06:00,0.9999127519136874,1,Second Class,Western Europe,Europe,Alemania,Renania del Norte-Westfalia
alert_26690,68825,2017-10-07 16:06:00,0.9999127519136874,1,Second Class,Western Europe,Europe,Alemania,Renania del Norte-Westfalia
alert_26689,68825,2017-10-07 16:06:00,0.9999127519136874,1,Second Class,Western Europe,Europe,Alemania,Renania del Norte-Westfalia
alert_26692,68825,2017-10-07 16:06:00,0.9999127519136874,1,Second Class,Western Europe,Europe,Alemania,Renania del Norte-Westfalia
alert_26593,68824,2017-10-06 15:45:00,0.9999127519136874,1,Second Class,Western Europe,Europe,Alemania,Renania del Norte-Westfalia
alert_11751,62500,2017-07-07 08:11:00,0.9999127218318359,1,Second Class,Western Europe,Europe,Alemania,Hamburgo
alert_11750,62500,2017-07-07 08:11:00,0.9999127218318359,1,Second Class,Western Europe,Europe,Alemania,Hamburgo
alert_11749,62500,2017-07-07 08:11:00,0.9999127218318359,1,Second Class,Western Europe,Europe,Alemania,Hamburgo
alert_27683,69855,2017-10-22 16:58:00,0.9999127190566638,1,Second Class,Western Europe,Europe,Francia,Provenza-Alpes-Costa Azul
alert_26642,68859,2017-10-07 04:01:00,0.9999126437280906,1,Second Class,Northern Europe,Europe,Reino Unido,Inglaterra
alert_26641,68859,2017-10-07 04:01:00,0.9999126437280906,1,Second Class,Northern Europe,Europe,Reino Unido,Inglaterra
alert_26640,68859,2017-10-07 04:01:00,0.9999126437280906,1,Second Class,Northern Europe,Europe,Reino Unido,Inglaterra
alert_34274,76745,2018-01-31 06:50:00,0.9999126417590197,1,Second Class,Eastern Asia,Pacific Asia,China,Shandong
alert_32873,75550,2018-01-09 20:10:00,0.9999126052306332,1,First Class,Oceania,Pacific Asia,Australia,Australia del Sur
alert_32875,75551,2018-01-09 20:31:00,0.9999126052306332,1,First Class,Oceania,Pacific Asia,Australia,Australia del Sur
alert_30515,72874,2017-12-04 18:39:00,0.9999126004222774,1,Second Class,Eastern Asia,Pacific Asia,China,Anhui
alert_5753,59989,2017-05-30 16:28:00,0.9999125723331383,1,Second Class,South America,LATAM,Venezuela,Bolívar
alert_29624,71959,2017-11-21 10:05:00,0.9999125290593676,1,Second Class,Eastern Asia,Pacific Asia,Japón,Saitama
alert_28741,71034,2017-11-07 22:01:00,0.9999124602162934,1,Second Class,Northern Europe,Europe,Reino Unido,Inglaterra
alert_29217,71475,2017-11-15 08:31:00,0.999912413690576,1,Second Class,Western Europe,Europe,Francia,Isla de Francia
alert_24686,67979,2017-09-24 07:43:00,0.9999123601689034,1,Second Class,Western Europe,Europe,Francia,Aquitania-Lemosín-Poitou-Charentes
alert_24687,67979,2017-09-24 07:43:00,0.9999123601689034,1,Second Class,Western Europe,Europe,Francia,Aquitania-Lemosín-Poitou-Charentes
alert_24689,67979,2017-09-24 07:43:00,0.9999123601689034,1,Second Class,Western Europe,Europe,Francia,Aquitania-Lemosín-Poitou-Charentes
alert_24688,67979,2017-09-24 07:43:00,0.9999123601689034,1,Second Class,Western Europe,Europe,Francia,Aquitania-Lemosín-Poitou-Charentes
alert_27563,69784,2017-10-20 16:05:00,0.9999123527036099,1,Second Class,Southern Europe,Europe,Italia,Umbría
alert_15673,64406,2017-07-31 03:56:00,0.9999122441068585,1,First Class,Western Europe,Europe,Francia,Isla de Francia
alert_15672,64406,2017-07-31 03:56:00,0.9999122441068585,1,First Class,Western Europe,Europe,Francia,Isla de Francia
alert_15671,64406,2017-07-31 03:56:00,0.9999122441068585,1,First Class,Western Europe,Europe,Francia,Isla de Francia
alert_15670,64406,2017-07-31 03:56:00,0.9999122441068585,1,First Class,Western Europe,Europe,Francia,Isla de Francia
alert_30589,72890,2017-12-06 00:15:00,0.9999122318603416,1,Second Class,Oceania,Pacific Asia,Australia,Territorio de la Capital Australiana
alert_33868,76389,2018-01-25 02:07:00,0.9999122311179204,1,Second Class,South Asia,Pacific Asia,India,Assam
alert_16988,64981,2017-08-08 13:23:00,0.9999122169559639,1,First Class,Northern Europe,Europe,Suecia,Halland
alert_16986,64981,2017-08-08 13:23:00,0.9999122169559639,1,First Class,Northern Europe,Europe,Suecia,Halland
alert_20653,66220,2017-08-30 15:27:00,0.9999121946542792,1,Second Class,Western Europe,Europe,Países Bajos,Holanda Septentrional
alert_20652,66220,2017-08-30 15:27:00,0.9999121946542792,1,Second Class,Western Europe,Europe,Países Bajos,Holanda Septentrional
alert_20651,66220,2017-08-30 15:27:00,0.9999121946542792,1,Second Class,Western Europe,Europe,Países Bajos,Holanda Septentrional
alert_20655,66220,2017-08-30 15:27:00,0.9999121946542792,1,Second Class,Western Europe,Europe,Países Bajos,Holanda Septentrional
alert_20654,66220,2017-08-30 15:27:00,0.9999121946542792,1,Second Class,Western Europe,Europe,Países Bajos,Holanda Septentrional
alert_27045,69170,2017-10-12 16:58:00,0.9999121439575916,1,Second Class,Western Europe,Europe,Alemania,Renania del Norte-Westfalia
alert_362,57744,2017-04-27 21:56:00,0.999912132312535,1,Second Class,South America,LATAM,Colombia,Bogotá
alert_364,57744,2017-04-27 21:56:00,0.999912132312535,1,Second Class,South America,LATAM,Colombia,Bogotá
alert_620,57785,2017-04-29 12:18:00,0.999912132312535,1,Second Class,South America,LATAM,Colombia,Bogotá
alert_621,57785,2017-04-29 12:18:00,0.999912132312535,1,Second Class,South America,LATAM,Colombia,Bogotá
alert_619,57785,2017-04-29 12:18:00,0.999912132312535,1,Second Class,South America,LATAM,Colombia,Bogotá
alert_623,57785,2017-04-29 12:18:00,0.999912132312535,1,Second Class,South America,LATAM,Colombia,Bogotá
alert_366,57744,2017-04-27 21:56:00,0.999912132312535,1,Second Class,South America,LATAM,Colombia,Bogotá
alert_363,57744,2017-04-27 21:56:00,0.999912132312535,1,Second Class,South America,LATAM,Colombia,Bogotá
alert_365,57744,2017-04-27 21:56:00,0.999912132312535,1,Second Class,South America,LATAM,Colombia,Bogotá
alert_626,57785,2017-04-29 12:18:00,0.999912132312535,1,Second Class,South America,LATAM,Colombia,Bogotá
alert_30439,72725,2017-12-03 14:27:00,0.9999120654703776,1,Second Class,Southeast Asia,Pacific Asia,Malasia,Pahang
alert_30371,72724,2017-12-02 14:06:00,0.9999120654703776,1,Second Class,Southeast Asia,Pacific Asia,Malasia,Pahang
alert_15690,64412,2017-07-31 06:02:00,0.9999120323640615,1,First Class,Western Europe,Europe,Francia,Isla de Francia
alert_28254,70720,2017-10-31 08:00:00,0.9999120323640615,1,First Class,Western Europe,Europe,Francia,Isla de Francia
alert_15691,64412,2017-07-31 06:02:00,0.9999120323640615,1,First Class,Western Europe,Europe,Francia,Isla de Francia
alert_22178,66875,2017-09-09 04:56:00,0.9999120242044804,1,Second Class,Western Europe,Europe,Francia,Auvernia-Ródano-Alpes
alert_22179,66875,2017-09-09 04:56:00,0.9999120242044804,1,Second Class,Western Europe,Europe,Francia,Auvernia-Ródano-Alpes
alert_22180,66875,2017-09-09 04:56:00,0.9999120242044804,1,Second Class,Western Europe,Europe,Francia,Auvernia-Ródano-Alpes
alert_28615,70815,2017-11-05 17:17:00,0.9999119956327973,1,Second Class,Western Europe,Europe,Alemania,Renania del Norte-Westfalia
alert_28337,70545,2017-11-01 18:42:00,0.9999119777018125,1,Second Class,Northern Europe,Europe,Reino Unido,Inglaterra
alert_26682,68820,2017-10-07 14:21:00,0.999911969879337,1,Second Class,Western Europe,Europe,Alemania,Renania-Palatinado
alert_26683,68820,2017-10-07 14:21:00,0.999911969879337,1,Second Class,Western Europe,Europe,Alemania,Renania-Palatinado
alert_30605,72974,2017-12-06 05:41:00,0.9999119263816206,1,Second Class,Southeast Asia,Pacific Asia,Singapur,Singapur
alert_28809,71104,2017-11-08 22:32:00,0.9999118704852646,1,Second Class,Southern Europe,Europe,España,Cataluña
alert_30207,72564,2017-11-30 06:03:00,0.999911830502411,1,Second Class,Oceania,Pacific Asia,Papúa Nueva Guinea,Capital Nacional
alert_30433,72789,2017-12-03 12:52:00,0.9999118222519674,1,Second Class,Eastern Asia,Pacific Asia,Corea del Sur,Seúl
alert_31987,74355,2017-12-27 09:31:00,0.9999117573709125,1,Second Class,Oceania,Pacific Asia,Australia,Victoria
alert_19160,65605,2017-08-21 16:00:00,0.9999117537291194,1,Second Class,Southern Europe,Europe,España,Andalucía
alert_27235,69370,2017-10-15 15:03:00,0.9999116608743028,1,Second Class,Southern Europe,Europe,España,Islas Baleares
alert_3294,58865,2017-05-15 06:40:00,0.9999115854222639,1,Second Class,South America,LATAM,Venezuela,Guárico
alert_3298,58865,2017-05-15 06:40:00,0.9999115854222639,1,Second Class,South America,LATAM,Venezuela,Guárico
alert_3293,58865,2017-05-15 06:40:00,0.9999115854222639,1,Second Class,South America,LATAM,Venezuela,Guárico
alert_3295,58865,2017-05-15 06:40:00,0.9999115854222639,1,Second Class,South America,LATAM,Venezuela,Guárico
alert_16987,64981,2017-08-08 13:23:00,0.9999115815513877,1,First Class,Northern Europe,Europe,Suecia,Halland
alert_16989,64981,2017-08-08 13:23:00,0.9999115815513877,1,First Class,Northern Europe,Europe,Suecia,Halland
alert_8409,61119,2017-06-16 04:21:00,0.9999115424295316,1,Second Class,South America,LATAM,Bolivia,El Beni
alert_6923,60454,2017-06-06 11:22:00,0.9999114978976615,1,Second Class,South America,LATAM,Chile,Valparaíso
alert_6927,60454,2017-06-06 11:22:00,0.9999114978976615,1,Second Class,South America,LATAM,Chile,Valparaíso
alert_6925,60454,2017-06-06 11:22:00,0.9999114978976615,1,Second Class,South America,LATAM,Chile,Valparaíso
alert_6926,60454,2017-06-06 11:22:00,0.9999114978976615,1,Second Class,South America,LATAM,Chile,Valparaíso
alert_6924,60454,2017-06-06 11:22:00,0.9999114978976615,1,Second Class,South America,LATAM,Chile,Valparaíso
alert_8038,60964,2017-06-13 22:03:00,0.999911422945787,1,Second Class,Central America,LATAM,Honduras,Choluteca
alert_8039,60964,2017-06-13 22:03:00,0.999911422945787,1,Second Class,Central America,LATAM,Honduras,Choluteca
alert_8040,60964,2017-06-13 22:03:00,0.999911422945787,1,Second Class,Central America,LATAM,Honduras,Choluteca
alert_18769,65712,2017-08-19 05:29:00,0.9999113756206813,1,First Class,Northern Europe,Europe,Reino Unido,Inglaterra
alert_18766,65711,2017-08-19 05:08:00,0.9999113756206813,1,First Class,Northern Europe,Europe,Reino Unido,Inglaterra
alert_28732,70955,2017-11-07 18:20:00,0.9999113733665741,1,Second Class,Northern Europe,Europe,Reino Unido,Escocia
alert_12253,62759,2017-07-10 02:55:00,0.9999113464932005,1,Second Class,Western Europe,Europe,Bélgica,Amberes
alert_12254,62759,2017-07-10 02:55:00,0.9999113464932005,1,Second Class,Western Europe,Europe,Bélgica,Amberes
alert_12255,62759,2017-07-10 02:55:00,0.9999113464932005,1,Second Class,Western Europe,Europe,Bélgica,Amberes
alert_8469,61075,2017-06-16 12:56:00,0.9999113199940529,1,Second Class,Caribbean,LATAM,Cuba,Villa Clara
alert_20785,66354,2017-08-31 14:24:00,0.9999113030576119,1,Second Class,Western Europe,Europe,Alemania,Baden-Wurtemberg
alert_20786,66354,2017-08-31 14:24:00,0.9999113030576119,1,Second Class,Western Europe,Europe,Alemania,Baden-Wurtemberg
alert_20784,66354,2017-08-31 14:24:00,0.9999113030576119,1,Second Class,Western Europe,Europe,Alemania,Baden-Wurtemberg
alert_20787,66354,2017-08-31 14:24:00,0.9999113030576119,1,Second Class,Western Europe,Europe,Alemania,Baden-Wurtemberg
alert_30971,73364,2017-12-11 22:19:00,0.9999112898523346,1,Second Class,Southeast Asia,Pacific Asia,Indonesia,Yakarta
alert_17700,65000,2017-08-12 20:02:00,0.9999112820432329,1,Second Class,Western Europe,Europe,Francia,Auvernia
alert_29833,72100,2017-11-24 11:29:00,0.9999112404113111,1,Second Class,Oceania,Pacific Asia,Australia,Nueva Gales del Sur
alert_6250,60135,2017-06-02 19:37:00,0.9999112312711752,1,Second Class,South America,LATAM,Venezuela,Bolívar
alert_6249,60135,2017-06-02 19:37:00,0.9999112312711752,1,Second Class,South America,LATAM,Venezuela,Bolívar
alert_6248,60135,2017-06-02 19:37:00,0.9999112312711752,1,Second Class,South America,LATAM,Venezuela,Bolívar
alert_5538,59835,2017-05-29 10:30:00,0.999911224499692,1,Second Class,Central America,LATAM,México,Querétaro
alert_5541,59835,2017-05-29 10:30:00,0.999911224499692,1,Second Class,Central America,LATAM,México,Querétaro
alert_5539,59835,2017-05-29 10:30:00,0.999911224499692,1,Second Class,Central America,LATAM,México,Querétaro
alert_5542,59835,2017-05-29 10:30:00,0.999911224499692,1,Second Class,Central America,LATAM,México,Querétaro
alert_5540,59835,2017-05-29 10:30:00,0.999911224499692,1,Second Class,Central America,LATAM,México,Querétaro
alert_34508,77114,2018-02-04 16:07:00,0.9999112030042246,1,Second Class,South Asia,Pacific Asia,India,Maharashtra
alert_29581,71909,2017-11-20 16:34:00,0.999911184471514,1,Second Class,Southeast Asia,Pacific Asia,Indonesia,Yakarta
alert_16153,64618,2017-08-03 06:12:00,0.9999111750213809,1,First Class,Northern Europe,Europe,Reino Unido,Inglaterra
alert_30459,72819,2017-12-03 23:23:00,0.9999111738072145,1,Second Class,Southeast Asia,Pacific Asia,Indonesia,Kalimantan Oriental
alert_32182,74634,2017-12-30 11:15:00,0.999911173174187,1,Second Class,Oceania,Pacific Asia,Australia,Tasmania
alert_6552,60324,2017-06-04 13:50:00,0.9999111139490826,1,Second Class,South America,LATAM,Ecuador,Pichincha
alert_6553,60324,2017-06-04 13:50:00,0.9999111139490826,1,Second Class,South America,LATAM,Ecuador,Pichincha
alert_6554,60324,2017-06-04 13:50:00,0.9999111139490826,1,Second Class,South America,LATAM,Ecuador,Pichincha
alert_33167,75654,2018-01-14 08:36:00,0.9999111139490826,1,Second Class,South Asia,Pacific Asia,India,Puducherry
alert_33440,75890,2018-01-18 19:17:00,0.9999111139490826,1,Second Class,Eastern Asia,Pacific Asia,China,Shandong
alert_6555,60324,2017-06-04 13:50:00,0.9999111139490826,1,Second Class,South America,LATAM,Ecuador,Pichincha
alert_30480,72770,2017-12-04 06:13:00,0.9999110745066698,1,Second Class,Oceania,Pacific Asia,Australia,Australia Occidental
alert_20840,66576,2017-08-31 20:11:00,0.999911012157602,1,First Class,Western Europe,Europe,Bélgica,Flanders Oriental
alert_30025,72379,2017-11-27 13:14:00,0.9999109851636128,1,Second Class,Eastern Asia,Pacific Asia,China,Guangdong
alert_33399,75835,2018-01-18 00:01:00,0.999910960596366,1,Second Class,South Asia,Pacific Asia,India,Guyarat
alert_7862,60874,2017-06-12 14:31:00,0.9999109448253075,1,Second Class,South America,LATAM,Brasil,Roraima
alert_22957,67200,2017-09-13 22:48:00,0.9999108847095225,1,Second Class,Western Europe,Europe,Francia,Languedoc-Rosellón-Mediodía-Pirineos
alert_31478,73874,2017-12-19 09:00:00,0.9999108791216481,1,Second Class,Oceania,Pacific Asia,Australia,Australia del Sur
alert_29571,71899,2017-11-20 13:04:00,0.9999108685484607,1,Second Class,Eastern Asia,Pacific Asia,China,Mongolia Interior
alert_26027,68755,2017-10-02 15:35:00,0.9999108238197543,1,First Class,Western Europe,Europe,Francia,Corse
alert_26026,68755,2017-10-02 15:35:00,0.9999108238197543,1,First Class,Western Europe,Europe,Francia,Corse
alert_26033,68756,2017-10-02 15:56:00,0.9999108238197543,1,First Class,Western Europe,Europe,Francia,Corse
alert_33358,75854,2018-01-17 06:41:00,0.9999107844638299,1,Second Class,Southeast Asia,Pacific Asia,Indonesia,Yogyakarta
alert_31875,74245,2017-12-25 18:58:00,0.9999107510694069,1,Second Class,Southeast Asia,Pacific Asia,Vietnam,Ciudad Ho Chi Minh
alert_22233,66969,2017-09-09 13:52:00,0.9999107363344618,1,Second Class,Western Europe,Europe,Alemania,Turingia
alert_22234,66969,2017-09-09 13:52:00,0.9999107363344618,1,Second Class,Western Europe,Europe,Alemania,Turingia
alert_22235,66969,2017-09-09 13:52:00,0.9999107363344618,1,Second Class,Western Europe,Europe,Alemania,Turingia
alert_22236,66969,2017-09-09 13:52:00,0.9999107363344618,1,Second Class,Western Europe,Europe,Alemania,Turingia
alert_24343,67780,2017-09-22 10:00:00,0.9999107188589695,1,Second Class,Western Europe,Europe,Francia,Aquitania-Lemosín-Poitou-Charentes
alert_21803,66774,2017-09-06 17:33:00,0.9999106999978301,1,Second Class,Western Europe,Europe,Alemania,Baden-Wurtemberg
alert_33816,76265,2018-01-24 06:40:00,0.9999106769019265,1,Second Class,Southeast Asia,Pacific Asia,Malasia,Selangor
alert_31321,73650,2017-12-17 02:31:00,0.9999105890453716,1,Second Class,Southeast Asia,Pacific Asia,Indonesia,Sumatra Septentrional
alert_30292,72585,2017-12-01 13:24:00,0.9999105537444183,1,Second Class,Oceania,Pacific Asia,Australia,Territorio del Norte
alert_11843,62540,2017-07-07 22:11:00,0.9999105228817069,1,Second Class,Southern Europe,Europe,España,Cataluña
alert_7884,60820,2017-06-12 19:36:00,0.9999105133514736,1,Second Class,South America,LATAM,Brasil,Río de Janeiro
alert_27871,70050,2017-10-25 13:17:00,0.9999104213534453,1,Second Class,Western Europe,Europe,Francia,Isla de Francia
alert_33170,75590,2018-01-14 10:11:00,0.9999104191747012,1,Second Class,Oceania,Pacific Asia,Australia,Victoria
alert_33027,75499,2018-01-12 02:18:00,0.9999104191747012,1,Second Class,Oceania,Pacific Asia,Australia,Victoria
alert_32069,74514,2017-12-28 17:13:00,0.9999104182002477,1,Second Class,Southeast Asia,Pacific Asia,Indonesia,Yakarta
alert_32181,74565,2017-12-30 11:05:00,0.9999103849286726,1,Second Class,Southeast Asia,Pacific Asia,Indonesia,Sumatra Occidental
alert_18325,65240,2017-08-16 08:07:00,0.9999103534172192,1,Second Class,Western Europe,Europe,Bélgica,Amberes
alert_18153,65239,2017-08-15 07:46:00,0.9999103534172192,1,Second Class,Western Europe,Europe,Bélgica,Amberes
alert_18154,65239,2017-08-15 07:46:00,0.9999103534172192,1,Second Class,Western Europe,Europe,Bélgica,Amberes
alert_12908,63054,2017-07-14 10:16:00,0.9999103358786122,1,Second Class,Southern Europe,Europe,España,Andalucía
alert_12909,63054,2017-07-14 10:16:00,0.9999103358786122,1,Second Class,Southern Europe,Europe,España,Andalucía
alert_1329,58134,2017-05-03 14:34:00,0.9999103266259876,1,Second Class,Caribbean,LATAM,Cuba,Las Tunas
alert_1327,58134,2017-05-03 14:34:00,0.9999103266259876,1,Second Class,Caribbean,LATAM,Cuba,Las Tunas
alert_1328,58134,2017-05-03 14:34:00,0.9999103266259876,1,Second Class,Caribbean,LATAM,Cuba,Las Tunas
alert_1330,58134,2017-05-03 14:34:00,0.9999103266259876,1,Second Class,Caribbean,LATAM,Cuba,Las Tunas
alert_1326,58134,2017-05-03 14:34:00,0.9999103266259876,1,Second Class,Caribbean,LATAM,Cuba,Las Tunas
alert_28400,70610,2017-11-02 17:28:00,0.9999103066755891,1,Second Class,Northern Europe,Europe,Dinamarca,Región Capital
alert_13061,63109,2017-07-15 05:32:00,0.99991029062029,1,Second Class,Western Europe,Europe,Francia,Isla de Francia
alert_13060,63109,2017-07-15 05:32:00,0.99991029062029,1,Second Class,Western Europe,Europe,Francia,Isla de Francia
alert_13062,63109,2017-07-15 05:32:00,0.99991029062029,1,Second Class,Western Europe,Europe,Francia,Isla de Francia
alert_13059,63109,2017-07-15 05:32:00,0.99991029062029,1,Second Class,Western Europe,Europe,Francia,Isla de Francia
alert_15498,64060,2017-07-30 02:43:00,0.9999102543833932,1,Second Class,Southern Europe,Europe,España,País Vasco
alert_15499,64060,2017-07-30 02:43:00,0.9999102543833932,1,Second Class,Southern Europe,Europe,España,País Vasco
alert_33574,76104,2018-01-20 22:16:00,0.9999102053866632,1,Second Class,Oceania,Pacific Asia,Australia,Queensland
alert_5039,59615,2017-05-26 05:26:00,0.9999101608505718,1,Second Class,South America,LATAM,Brasil,Rio Grande do Sul
alert_21502,66590,2017-09-05 01:05:00,0.9999101441927444,1,Second Class,Southern Europe,Europe,Italia,Apulia
alert_21348,66594,2017-09-04 02:29:00,0.9999101441927444,1,Second Class,Southern Europe,Europe,Italia,Apulia
alert_21350,66594,2017-09-04 02:29:00,0.9999101441927444,1,Second Class,Southern Europe,Europe,Italia,Apulia
alert_21349,66594,2017-09-04 02:29:00,0.9999101441927444,1,Second Class,Southern Europe,Europe,Italia,Apulia
alert_8559,61386,2017-06-17 01:53:00,0.9999101404626407,1,First Class,South America,LATAM,Brasil,Alagoas
alert_8560,61386,2017-06-17 01:53:00,0.9999101404626407,1,First Class,South America,LATAM,Brasil,Alagoas
alert_8561,61386,2017-06-17 01:53:00,0.9999101404626407,1,First Class,South America,LATAM,Brasil,Alagoas
alert_8562,61386,2017-06-17 01:53:00,0.9999101404626407,1,First Class,South America,LATAM,Brasil,Alagoas
alert_19110,65570,2017-08-21 03:44:00,0.9999101010628635,1,Second Class,Southern Europe,Europe,España,Andalucía
alert_19109,65570,2017-08-21 03:44:00,0.9999101010628635,1,Second Class,Southern Europe,Europe,España,Andalucía
alert_941,57974,2017-05-01 06:31:00,0.99991008182591,1,Second Class,Caribbean,LATAM,Cuba,Holguín
alert_942,57974,2017-05-01 06:31:00,0.99991008182591,1,Second Class,Caribbean,LATAM,Cuba,Holguín
alert_940,57974,2017-05-01 06:31:00,0.99991008182591,1,Second Class,Caribbean,LATAM,Cuba,Holguín
alert_939,57974,2017-05-01 06:31:00,0.99991008182591,1,Second Class,Caribbean,LATAM,Cuba,Holguín
alert_34424,76915,2018-02-02 18:24:00,0.9999100460462663,1,Second Class,Oceania,Pacific Asia,Australia,Territorio de la Capital Australiana
alert_13523,63314,2017-07-18 05:21:00,0.9999100157637197,1,Second Class,Western Europe,Europe,Francia,Auvernia-Ródano-Alpes
alert_13522,63314,2017-07-18 05:21:00,0.9999100157637197,1,Second Class,Western Europe,Europe,Francia,Auvernia-Ródano-Alpes
alert_13526,63314,2017-07-18 05:21:00,0.9999100157637197,1,Second Class,Western Europe,Europe,Francia,Auvernia-Ródano-Alpes
alert_13524,63314,2017-07-18 05:21:00,0.9999100157637197,1,Second Class,Western Europe,Europe,Francia,Auvernia-Ródano-Alpes
alert_13525,63314,2017-07-18 05:21:00,0.9999100157637197,1,Second Class,Western Europe,Europe,Francia,Auvernia-Ródano-Alpes
alert_27346,69554,2017-10-17 07:30:00,0.9999100101685757,1,Second Class,Southern Europe,Europe,Italia,Lombardía
alert_27387,69520,2017-10-17 19:36:00,0.9999100101685757,1,Second Class,Western Europe,Europe,Francia,Languedoc-Rosellón-Mediodía-Pirineos
alert_15220,63994,2017-07-28 03:35:00,0.9999099901377778,1,Second Class,Northern Europe,Europe,Reino Unido,Inglaterra
alert_15401,64084,2017-07-29 11:07:00,0.9999099901377778,1,Second Class,Northern Europe,Europe,Reino Unido,Inglaterra
alert_15400,64084,2017-07-29 11:07:00,0.9999099901377778,1,Second Class,Northern Europe,Europe,Reino Unido,Inglaterra
alert_15402,64084,2017-07-29 11:07:00,0.9999099901377778,1,Second Class,Northern Europe,Europe,Reino Unido,Inglaterra
alert_15403,64084,2017-07-29 11:07:00,0.9999099901377778,1,Second Class,Northern Europe,Europe,Reino Unido,Inglaterra
alert_15404,64084,2017-07-29 11:07:00,0.9999099901377778,1,Second Class,Northern Europe,Europe,Reino Unido,Inglaterra
alert_28103,70300,2017-10-29 04:52:00,0.9999099632399346,1,Second Class,Western Europe,Europe,Francia,Languedoc-Rosellón-Mediodía-Pirineos
alert_34225,76759,2018-01-30 11:44:00,0.9999099523835153,1,Second Class,South Asia,Pacific Asia,India,Bihar
alert_14535,63934,2017-07-24 06:34:00,0.9999099482289924,1,First Class,Northern Europe,Europe,Reino Unido,Inglaterra
alert_13055,63311,2017-07-15 04:18:00,0.9999099465034083,1,First Class,Western Europe,Europe,Suiza,Zúrich
alert_13056,63311,2017-07-15 04:18:00,0.9999099465034083,1,First Class,Western Europe,Europe,Suiza,Zúrich
alert_15674,64406,2017-07-31 03:56:00,0.999909876201482,1,First Class,Western Europe,Europe,Francia,Isla de Francia
alert_29429,71680,2017-11-18 08:20:00,0.9999098528994385,1,Second Class,Southeast Asia,Pacific Asia,Indonesia,Yogyakarta
alert_32635,75099,2018-01-06 06:10:00,0.9999098432247275,1,Second Class,Oceania,Pacific Asia,Australia,Queensland
alert_32712,75100,2018-01-07 06:31:00,0.9999098432247275,1,Second Class,Oceania,Pacific Asia,Australia,Queensland
alert_28348,70555,2017-11-01 22:12:00,0.999909820475799,1,Second Class,Northern Europe,Europe,Irlanda,Cork
alert_14242,63550,2017-07-22 16:02:00,0.9999098170386539,1,Second Class,Southern Europe,Europe,España,Valenciana
alert_14241,63550,2017-07-22 16:02:00,0.9999098170386539,1,Second Class,Southern Europe,Europe,España,Valenciana
alert_14244,63550,2017-07-22 16:02:00,0.9999098170386539,1,Second Class,Southern Europe,Europe,España,Valenciana
alert_14243,63550,2017-07-22 16:02:00,0.9999098170386539,1,Second Class,Southern Europe,Europe,España,Valenciana
alert_12721,62895,2017-07-13 02:34:00,0.9999098157187134,1,Second Class,Northern Europe,Europe,Reino Unido,Inglaterra
alert_12718,62895,2017-07-13 02:34:00,0.9999098157187134,1,Second Class,Northern Europe,Europe,Reino Unido,Inglaterra
alert_12720,62895,2017-07-13 02:34:00,0.9999098157187134,1,Second Class,Northern Europe,Europe,Reino Unido,Inglaterra
alert_12719,62895,2017-07-13 02:34:00,0.9999098157187134,1,Second Class,Northern Europe,Europe,Reino Unido,Inglaterra
alert_29324,71565,2017-11-16 16:03:00,0.9999097768819729,1,Second Class,Northern Europe,Europe,Finlandia,Uusimaa
alert_15353,64064,2017-07-29 04:07:00,0.9999097725624726,1,Second Class,Southern Europe,Europe,España,País Vasco
alert_15354,64064,2017-07-29 04:07:00,0.9999097725624726,1,Second Class,Southern Europe,Europe,España,País Vasco
alert_14192,63599,2017-07-22 09:12:00,0.9999097626108815,1,Second Class,Western Europe,Europe,Alemania,Renania del Norte-Westfalia
alert_33990,76519,2018-01-26 23:39:00,0.9999097206336692,1,Second Class,Southeast Asia,Pacific Asia,Vietnam,Khánh Hòa
alert_17990,65105,2017-08-14 08:49:00,0.9999096983177796,1,Second Class,Western Europe,Europe,Alemania,Renania del Norte-Westfalia
alert_17989,65105,2017-08-14 08:49:00,0.9999096983177796,1,Second Class,Western Europe,Europe,Alemania,Renania del Norte-Westfalia
alert_34491,77015,2018-02-04 05:26:00,0.9999096876798622,1,Second Class,Oceania,Pacific Asia,Australia,Australia Occidental
alert_33341,75834,2018-01-16 23:40:00,0.9999096657604465,1,Second Class,South Asia,Pacific Asia,India,Guyarat
alert_32186,74570,2017-12-30 12:50:00,0.9999096463445863,1,Second Class,Eastern Asia,Pacific Asia,China,Anhui
alert_17935,65356,2017-08-14 00:46:00,0.9999095764813063,1,First Class,Northern Europe,Europe,Reino Unido,Inglaterra
alert_28196,70390,2017-10-30 12:24:00,0.9999095406754984,1,Second Class,Southern Europe,Europe,España,Valenciana
alert_4666,59725,2017-05-23 19:58:00,0.999909516277405,1,First Class,Central America,LATAM,México,Jalisco
alert_5886,59990,2017-05-31 16:49:00,0.9999094943563956,1,Second Class,South America,LATAM,Brasil,Piauí
alert_5884,59990,2017-05-31 16:49:00,0.9999094943563956,1,Second Class,South America,LATAM,Brasil,Piauí
alert_29122,71439,2017-11-13 19:54:00,0.9999094916163501,1,Second Class,Western Europe,Europe,Francia,Normandía
alert_16614,64634,2017-08-06 11:49:00,0.9999094223759896,1,Second Class,Western Europe,Europe,Alemania,Brandenburgo
alert_16616,64634,2017-08-06 11:49:00,0.9999094223759896,1,Second Class,Western Europe,Europe,Alemania,Brandenburgo
alert_16617,64634,2017-08-06 11:49:00,0.9999094223759896,1,Second Class,Western Europe,Europe,Alemania,Brandenburgo
alert_16615,64634,2017-08-06 11:49:00,0.9999094223759896,1,Second Class,Western Europe,Europe,Alemania,Brandenburgo
alert_16613,64634,2017-08-06 11:49:00,0.9999094223759896,1,Second Class,Western Europe,Europe,Alemania,Brandenburgo
alert_29112,71360,2017-11-13 16:14:00,0.9999094008450007,1,Second Class,Southern Europe,Europe,España,País Vasco
alert_26864,69044,2017-10-09 20:50:00,0.9999094008450007,1,Second Class,Southern Europe,Europe,Italia,Umbría
alert_33685,76214,2018-01-22 12:48:00,0.9999093929966111,1,Second Class,Oceania,Pacific Asia,Australia,Nueva Gales del Sur
alert_308,57650,2017-04-27 13:00:00,0.9999093886554984,1,Second Class,Central America,LATAM,México,Distrito Federal
alert_409,57759,2017-04-28 03:12:00,0.9999093886554984,1,Second Class,Central America,LATAM,México,Distrito Federal
alert_410,57759,2017-04-28 03:12:00,0.9999093886554984,1,Second Class,Central America,LATAM,México,Distrito Federal
alert_310,57650,2017-04-27 13:00:00,0.9999093886554984,1,Second Class,Central America,LATAM,México,Distrito Federal
alert_411,57759,2017-04-28 03:12:00,0.9999093886554984,1,Second Class,Central America,LATAM,México,Distrito Federal
alert_412,57759,2017-04-28 03:12:00,0.9999093886554984,1,Second Class,Central America,LATAM,México,Distrito Federal
alert_413,57759,2017-04-28 03:12:00,0.9999093886554984,1,Second Class,Central America,LATAM,México,Distrito Federal
alert_307,57650,2017-04-27 13:00:00,0.9999093886554984,1,Second Class,Central America,LATAM,México,Distrito Federal
alert_306,57650,2017-04-27 13:00:00,0.9999093886554984,1,Second Class,Central America,LATAM,México,Distrito Federal
alert_309,57650,2017-04-27 13:00:00,0.9999093886554984,1,Second Class,Central America,LATAM,México,Distrito Federal
alert_20839,66576,2017-08-31 20:11:00,0.9999093720449281,1,First Class,Western Europe,Europe,Bélgica,Flanders Oriental
alert_34501,77035,2018-02-04 12:26:00,0.9999093612767094,1,Second Class,South Asia,Pacific Asia,India,Tamil Nadu
alert_17195,64874,2017-08-09 23:54:00,0.999909349546716,1,Second Class,Western Europe,Europe,Alemania,Renania del Norte-Westfalia
alert_17196,64874,2017-08-09 23:54:00,0.999909349546716,1,Second Class,Western Europe,Europe,Alemania,Renania del Norte-Westfalia
alert_17193,64874,2017-08-09 23:54:00,0.999909349546716,1,Second Class,Western Europe,Europe,Alemania,Renania del Norte-Westfalia
alert_17194,64874,2017-08-09 23:54:00,0.999909349546716,1,Second Class,Western Europe,Europe,Alemania,Renania del Norte-Westfalia
alert_33934,76395,2018-01-26 04:13:00,0.999909334804702,1,Second Class,Oceania,Pacific Asia,Australia,Queensland
alert_844,57944,2017-04-30 20:00:00,0.9999093065759639,1,Second Class,Central America,LATAM,Nicaragua,León
alert_846,57944,2017-04-30 20:00:00,0.9999093065759639,1,Second Class,Central America,LATAM,Nicaragua,León
alert_773,57909,2017-04-30 07:45:00,0.9999093065759639,1,Second Class,Central America,LATAM,Nicaragua,Masaya
alert_775,57909,2017-04-30 07:45:00,0.9999093065759639,1,Second Class,Central America,LATAM,Nicaragua,Masaya
alert_845,57944,2017-04-30 20:00:00,0.9999093065759639,1,Second Class,Central America,LATAM,Nicaragua,León
alert_774,57909,2017-04-30 07:45:00,0.9999093065759639,1,Second Class,Central America,LATAM,Nicaragua,Masaya
alert_24760,67940,2017-09-24 18:03:00,0.9999092876400287,1,Second Class,Western Europe,Europe,Alemania,Renania del Norte-Westfalia
alert_20836,66576,2017-08-31 20:11:00,0.9999092860386689,1,First Class,Western Europe,Europe,Bélgica,Flanders Oriental
alert_20837,66576,2017-08-31 20:11:00,0.9999092860386689,1,First Class,Western Europe,Europe,Bélgica,Flanders Oriental
alert_32127,74569,2017-12-29 12:29:00,0.99990916125956,1,Second Class,Eastern Asia,Pacific Asia,China,Anhui
alert_33122,75604,2018-01-13 15:05:00,0.9999091432791233,1,Second Class,Oceania,Pacific Asia,Australia,Queensland
alert_29686,71960,2017-11-22 10:26:00,0.9999090651946542,1,Second Class,Eastern Asia,Pacific Asia,Japón,Saitama
alert_29867,72204,2017-11-24 23:55:00,0.9999090611251034,1,Second Class,South Asia,Pacific Asia,Pakistán,Punyab
alert_4857,59520,2017-05-24 20:09:00,0.9999090174345268,1,Second Class,Central America,LATAM,México,Chihuahua
alert_27427,69634,2017-10-18 11:32:00,0.9999090103729341,1,Second Class,Western Europe,Europe,Francia,Norte-Paso de Calais-Picardía
alert_22136,66919,2017-09-08 20:21:00,0.999908997930897,1,Second Class,Western Europe,Europe,Francia,Languedoc-Rosellón-Mediodía-Pirineos
alert_22134,66919,2017-09-08 20:21:00,0.999908997930897,1,Second Class,Western Europe,Europe,Francia,Languedoc-Rosellón-Mediodía-Pirineos
alert_22137,66919,2017-09-08 20:21:00,0.999908997930897,1,Second Class,Western Europe,Europe,Francia,Languedoc-Rosellón-Mediodía-Pirineos
alert_22135,66919,2017-09-08 20:21:00,0.999908997930897,1,Second Class,Western Europe,Europe,Francia,Languedoc-Rosellón-Mediodía-Pirineos
alert_22138,66919,2017-09-08 20:21:00,0.999908997930897,1,Second Class,Western Europe,Europe,Francia,Languedoc-Rosellón-Mediodía-Pirineos
alert_4642,59499,2017-05-23 12:47:00,0.9999089889954546,1,Second Class,Central America,LATAM,México,Querétaro
alert_22246,66910,2017-09-09 17:12:00,0.9999089664266803,1,Second Class,Western Europe,Europe,Francia,Isla de Francia
alert_22248,66910,2017-09-09 17:12:00,0.9999089664266803,1,Second Class,Western Europe,Europe,Francia,Isla de Francia
alert_22245,66910,2017-09-09 17:12:00,0.9999089664266803,1,Second Class,Western Europe,Europe,Francia,Isla de Francia
alert_22247,66910,2017-09-09 17:12:00,0.9999089664266803,1,Second Class,Western Europe,Europe,Francia,Isla de Francia
alert_22164,66934,2017-09-09 01:36:00,0.9999089664266803,1,Second Class,Western Europe,Europe,Francia,Isla de Francia
alert_32973,75375,2018-01-11 06:52:00,0.9999089374736794,1,Second Class,Oceania,Pacific Asia,Australia,Nueva Gales del Sur
alert_27443,69649,2017-10-18 16:47:00,0.9999089345466382,1,Second Class,Western Europe,Europe,Francia,Provenza-Alpes-Costa Azul
alert_17933,65356,2017-08-14 00:46:00,0.9999089219657857,1,First Class,Northern Europe,Europe,Reino Unido,Inglaterra
alert_17934,65356,2017-08-14 00:46:00,0.9999089219657857,1,First Class,Northern Europe,Europe,Reino Unido,Inglaterra
alert_17931,65355,2017-08-14 00:25:00,0.9999089219657857,1,First Class,Northern Europe,Europe,Reino Unido,Inglaterra
alert_17930,65355,2017-08-14 00:25:00,0.9999089219657857,1,First Class,Northern Europe,Europe,Reino Unido,Inglaterra
alert_1707,58274,2017-05-05 15:37:00,0.9999089048401045,1,Second Class,South America,LATAM,Argentina,Buenos Aires
alert_1705,58274,2017-05-05 15:37:00,0.9999089048401045,1,Second Class,South America,LATAM,Argentina,Buenos Aires
alert_1708,58274,2017-05-05 15:37:00,0.9999089048401045,1,Second Class,South America,LATAM,Argentina,Buenos Aires
alert_1706,58274,2017-05-05 15:37:00,0.9999089048401045,1,Second Class,South America,LATAM,Argentina,Buenos Aires
alert_32535,74999,2018-01-04 19:08:00,0.9999088929709676,1,Second Class,Southeast Asia,Pacific Asia,Indonesia,Java Occidental
alert_18652,65449,2017-08-18 09:20:00,0.9999088664205915,1,Second Class,Northern Europe,Europe,Reino Unido,Escocia
alert_18653,65449,2017-08-18 09:20:00,0.9999088664205915,1,Second Class,Northern Europe,Europe,Reino Unido,Escocia
alert_18651,65449,2017-08-18 09:20:00,0.9999088664205915,1,Second Class,Northern Europe,Europe,Reino Unido,Escocia
alert_18650,65449,2017-08-18 09:20:00,0.9999088664205915,1,Second Class,Northern Europe,Europe,Reino Unido,Escocia
alert_33017,75494,2018-01-12 00:33:00,0.999908864643178,1,Second Class,South Asia,Pacific Asia,India,Maharashtra
alert_22512,67010,2017-09-11 04:14:00,0.9999088491810296,1,Second Class,Western Europe,Europe,Alemania,Hamburgo
alert_21515,66595,2017-09-05 02:50:00,0.9999088491810296,1,Second Class,Western Europe,Europe,Alemania,Hamburgo
alert_22509,67010,2017-09-11 04:14:00,0.9999088491810296,1,Second Class,Western Europe,Europe,Alemania,Hamburgo
alert_22510,67010,2017-09-11 04:14:00,0.9999088491810296,1,Second Class,Western Europe,Europe,Alemania,Hamburgo
alert_22511,67010,2017-09-11 04:14:00,0.9999088491810296,1,Second Class,Western Europe,Europe,Alemania,Hamburgo
alert_21512,66595,2017-09-05 02:50:00,0.9999088491810296,1,Second Class,Western Europe,Europe,Alemania,Hamburgo
alert_21513,66595,2017-09-05 02:50:00,0.9999088491810296,1,Second Class,Western Europe,Europe,Alemania,Hamburgo
alert_21514,66595,2017-09-05 02:50:00,0.9999088491810296,1,Second Class,Western Europe,Europe,Alemania,Hamburgo
alert_22508,67010,2017-09-11 04:14:00,0.9999088491810296,1,Second Class,Western Europe,Europe,Alemania,Hamburgo
alert_22307,66935,2017-09-10 01:57:00,0.9999088009629529,1,Second Class,Southern Europe,Europe,Italia,Lombardía
alert_22306,66935,2017-09-10 01:57:00,0.9999088009629529,1,Second Class,Southern Europe,Europe,Italia,Lombardía
alert_22308,66935,2017-09-10 01:57:00,0.9999088009629529,1,Second Class,Southern Europe,Europe,Italia,Lombardía
alert_515,57750,2017-04-29 00:02:00,0.999908740259076,1,Second Class,Central America,LATAM,Nicaragua,Managua
alert_516,57750,2017-04-29 00:02:00,0.999908740259076,1,Second Class,Central America,LATAM,Nicaragua,Managua
alert_513,57750,2017-04-29 00:02:00,0.999908740259076,1,Second Class,Central America,LATAM,Nicaragua,Managua
alert_514,57750,2017-04-29 00:02:00,0.999908740259076,1,Second Class,Central America,LATAM,Nicaragua,Managua
alert_524,57755,2017-04-29 01:47:00,0.999908740259076,1,Second Class,Central America,LATAM,Nicaragua,Managua
alert_523,57755,2017-04-29 01:47:00,0.999908740259076,1,Second Class,Central America,LATAM,Nicaragua,Managua
alert_522,57755,2017-04-29 01:47:00,0.999908740259076,1,Second Class,Central America,LATAM,Nicaragua,Managua
alert_517,57750,2017-04-29 00:02:00,0.999908740259076,1,Second Class,Central America,LATAM,Nicaragua,Managua
alert_31628,73970,2017-12-21 18:38:00,0.9999087330575593,1,Second Class,Southeast Asia,Pacific Asia,Indonesia,Java Occidental
alert_31995,74365,2017-12-27 13:01:00,0.999908688995258,1,Second Class,Eastern Asia,Pacific Asia,Corea del Sur,Seúl
alert_31578,73984,2017-12-20 23:32:00,0.9999086134207616,1,Second Class,Southeast Asia,Pacific Asia,Tailandia,Bangkok
alert_8389,61109,2017-06-16 00:51:00,0.9999086118677856,1,Second Class,Central America,LATAM,México,Distrito Federal
alert_8556,61179,2017-06-17 01:22:00,0.9999086118677856,1,Second Class,Central America,LATAM,México,Colima
alert_8555,61179,2017-06-17 01:22:00,0.9999086118677856,1,Second Class,Central America,LATAM,México,Colima
alert_8553,61110,2017-06-17 01:12:00,0.9999086118677856,1,Second Class,Central America,LATAM,México,Distrito Federal
alert_8554,61110,2017-06-17 01:12:00,0.9999086118677856,1,Second Class,Central America,LATAM,México,Distrito Federal
alert_8551,61110,2017-06-17 01:12:00,0.9999086118677856,1,Second Class,Central America,LATAM,México,Distrito Federal
alert_8552,61110,2017-06-17 01:12:00,0.9999086118677856,1,Second Class,Central America,LATAM,México,Distrito Federal
alert_16890,64734,2017-08-07 22:51:00,0.9999085816529469,1,Second Class,Western Europe,Europe,Alemania,Renania del Norte-Westfalia
alert_16889,64734,2017-08-07 22:51:00,0.9999085816529469,1,Second Class,Western Europe,Europe,Alemania,Renania del Norte-Westfalia
alert_16888,64734,2017-08-07 22:51:00,0.9999085816529469,1,Second Class,Western Europe,Europe,Alemania,Renania del Norte-Westfalia
alert_16887,64734,2017-08-07 22:51:00,0.9999085816529469,1,Second Class,Western Europe,Europe,Alemania,Renania del Norte-Westfalia
alert_32223,74615,2017-12-31 04:36:00,0.9999085449398876,1,Second Class,South Asia,Pacific Asia,India,Odisha
alert_1836,58319,2017-05-06 07:23:00,0.9999085393135398,1,Second Class,Central America,LATAM,Guatemala,Guatemala
alert_1834,58319,2017-05-06 07:23:00,0.9999085393135398,1,Second Class,Central America,LATAM,Guatemala,Guatemala
alert_1833,58319,2017-05-06 07:23:00,0.9999085393135398,1,Second Class,Central America,LATAM,Guatemala,Guatemala
alert_1832,58319,2017-05-06 07:23:00,0.9999085393135398,1,Second Class,Central America,LATAM,Guatemala,Guatemala
alert_1835,58319,2017-05-06 07:23:00,0.9999085393135398,1,Second Class,Central America,LATAM,Guatemala,Guatemala
alert_12616,62845,2017-07-12 09:03:00,0.9999085088504572,1,Second Class,Western Europe,Europe,Alemania,Baden-Wurtemberg
alert_8743,61259,2017-06-18 05:24:00,0.9999084935343272,1,Second Class,Central America,LATAM,El Salvador,Sonsonate
alert_8741,61259,2017-06-18 05:24:00,0.9999084935343272,1,Second Class,Central America,LATAM,El Salvador,Sonsonate
alert_25035,68129,2017-09-26 12:16:00,0.9999084066958902,1,Second Class,Western Europe,Europe,Suiza,Vaud
alert_12353,62799,2017-07-10 16:56:00,0.9999083920421957,1,Second Class,Western Europe,Europe,Alemania,Renania del Norte-Westfalia
alert_12354,62799,2017-07-10 16:56:00,0.9999083920421957,1,Second Class,Western Europe,Europe,Alemania,Renania del Norte-Westfalia
alert_12351,62799,2017-07-10 16:56:00,0.9999083920421957,1,Second Class,Western Europe,Europe,Alemania,Renania del Norte-Westfalia
alert_12352,62799,2017-07-10 16:56:00,0.9999083920421957,1,Second Class,Western Europe,Europe,Alemania,Renania del Norte-Westfalia
alert_12355,62799,2017-07-10 16:56:00,0.9999083920421957,1,Second Class,Western Europe,Europe,Alemania,Renania del Norte-Westfalia
alert_6127,60159,2017-06-02 04:01:00,0.9999083851311477,1,Second Class,South America,LATAM,Brasil,São Paulo
alert_6128,60159,2017-06-02 04:01:00,0.9999083851311477,1,Second Class,South America,LATAM,Brasil,São Paulo
alert_1088,57975,2017-05-02 06:52:00,0.9999082767411558,1,Second Class,South America,LATAM,Chile,Magallanes y Antártica Chilena
alert_23538,67489,2017-09-17 04:03:00,0.9999082378269302,1,Second Class,Western Europe,Europe,Alemania,Renania-Palatinado
alert_23541,67489,2017-09-17 04:03:00,0.9999082378269302,1,Second Class,Western Europe,Europe,Alemania,Renania-Palatinado
alert_23540,67489,2017-09-17 04:03:00,0.9999082378269302,1,Second Class,Western Europe,Europe,Alemania,Renania-Palatinado
alert_23539,67489,2017-09-17 04:03:00,0.9999082378269302,1,Second Class,Western Europe,Europe,Alemania,Renania-Palatinado
alert_34258,76725,2018-01-30 23:50:00,0.999908199345679,1,Second Class,Eastern Asia,Pacific Asia,China,Heilongjiang
alert_7802,60775,2017-06-12 03:50:00,0.9999081990151382,1,Second Class,Central America,LATAM,Panamá,Panamá
alert_34296,77044,2018-01-31 15:35:00,0.999908193688533,1,First Class,Southeast Asia,Pacific Asia,Vietnam,Ciudad Ho Chi Minh
alert_3979,59209,2017-05-19 07:11:00,0.9999081753455134,1,Second Class,South America,LATAM,Chile,Santiago de Chile
alert_3978,59209,2017-05-19 07:11:00,0.9999081753455134,1,Second Class,South America,LATAM,Chile,Santiago de Chile
alert_3977,59209,2017-05-19 07:11:00,0.9999081753455134,1,Second Class,South America,LATAM,Chile,Santiago de Chile
alert_3980,59209,2017-05-19 07:11:00,0.9999081753455134,1,Second Class,South America,LATAM,Chile,Santiago de Chile
alert_7189,60510,2017-06-08 06:59:00,0.9999081753455134,1,Second Class,South America,LATAM,Chile,Santiago de Chile
alert_3189,58820,2017-05-14 14:54:00,0.9999081753455134,1,Second Class,Caribbean,LATAM,Cuba,Santiago de Cuba
alert_7191,60510,2017-06-08 06:59:00,0.9999081753455134,1,Second Class,South America,LATAM,Chile,Santiago de Chile
alert_7190,60510,2017-06-08 06:59:00,0.9999081753455134,1,Second Class,South America,LATAM,Chile,Santiago de Chile
alert_7192,60510,2017-06-08 06:59:00,0.9999081753455134,1,Second Class,South America,LATAM,Chile,Santiago de Chile
alert_3187,58820,2017-05-14 14:54:00,0.9999081753455134,1,Second Class,Caribbean,LATAM,Cuba,Santiago de Cuba
alert_3188,58820,2017-05-14 14:54:00,0.9999081753455134,1,Second Class,Caribbean,LATAM,Cuba,Santiago de Cuba
alert_145,57649,2017-04-26 12:39:00,0.9999080709620766,1,Second Class,Central America,LATAM,México,Distrito Federal
alert_4794,59505,2017-05-24 14:54:00,0.9999080709620766,1,Second Class,Central America,LATAM,México,Distrito Federal
alert_4830,59515,2017-05-24 18:24:00,0.9999080709620766,1,Second Class,Central America,LATAM,México,Distrito Federal
alert_4831,59515,2017-05-24 18:24:00,0.9999080709620766,1,Second Class,Central America,LATAM,México,Distrito Federal
alert_4793,59505,2017-05-24 14:54:00,0.9999080709620766,1,Second Class,Central America,LATAM,México,Distrito Federal
alert_4829,59515,2017-05-24 18:24:00,0.9999080709620766,1,Second Class,Central America,LATAM,México,Distrito Federal
alert_4832,59515,2017-05-24 18:24:00,0.9999080709620766,1,Second Class,Central America,LATAM,México,Distrito Federal
alert_142,57649,2017-04-26 12:39:00,0.9999080709620766,1,Second Class,Central America,LATAM,México,Distrito Federal
alert_141,57649,2017-04-26 12:39:00,0.9999080709620766,1,Second Class,Central America,LATAM,México,Distrito Federal
alert_144,57649,2017-04-26 12:39:00,0.9999080709620766,1,Second Class,Central America,LATAM,México,Distrito Federal
alert_6195,60115,2017-06-02 12:36:00,0.9999080311515824,1,Second Class,South America,LATAM,Brasil,Paraná
alert_6196,60115,2017-06-02 12:36:00,0.9999080311515824,1,Second Class,South America,LATAM,Brasil,Paraná
alert_21759,66754,2017-09-06 10:32:00,0.9999080142212966,1,Second Class,Northern Europe,Europe,Reino Unido,Inglaterra
alert_21760,66754,2017-09-06 10:32:00,0.9999080142212966,1,Second Class,Northern Europe,Europe,Reino Unido,Inglaterra
alert_30671,73044,2017-12-07 06:12:00,0.9999079981661249,1,Second Class,Southeast Asia,Pacific Asia,Indonesia,Java Occidental
alert_27483,69630,2017-10-19 10:08:00,0.9999079857608101,1,Second Class,Southern Europe,Europe,Italia,Piamonte
alert_32242,74902,2017-12-31 09:09:00,0.999907956326534,1,First Class,Oceania,Pacific Asia,Australia,Australia del Sur
alert_796,57850,2017-04-30 11:04:00,0.9999079237579532,1,Second Class,South America,LATAM,Perú,Lima (ciudad)
alert_794,57850,2017-04-30 11:04:00,0.9999079237579532,1,Second Class,South America,LATAM,Perú,Lima (ciudad)
alert_798,57850,2017-04-30 11:04:00,0.9999079237579532,1,Second Class,South America,LATAM,Perú,Lima (ciudad)
alert_797,57850,2017-04-30 11:04:00,0.9999079237579532,1,Second Class,South America,LATAM,Perú,Lima (ciudad)
alert_795,57850,2017-04-30 11:04:00,0.9999079237579532,1,Second Class,South America,LATAM,Perú,Lima (ciudad)
alert_28242,70711,2017-10-31 04:51:00,0.9999079108487205,1,First Class,Western Europe,Europe,Francia,Isla de Francia
alert_28243,70712,2017-10-31 05:12:00,0.9999079108487205,1,First Class,Western Europe,Europe,Francia,Isla de Francia
alert_28244,70713,2017-10-31 05:33:00,0.9999079108487205,1,First Class,Western Europe,Europe,Francia,Isla de Francia
alert_26806,68920,2017-10-09 01:23:00,0.9999078773351544,1,Second Class,Western Europe,Europe,Países Bajos,Holanda Septentrional
alert_28577,70770,2017-11-05 01:31:00,0.9999078457333462,1,Second Class,Western Europe,Europe,Francia,Languedoc-Rosellón-Mediodía-Pirineos
alert_28605,70800,2017-11-05 12:02:00,0.9999078457333462,1,Second Class,Western Europe,Europe,Francia,Norte-Paso de Calais-Picardía
alert_28613,70879,2017-11-05 15:43:00,0.9999078457333462,1,Second Class,Western Europe,Europe,Francia,Languedoc-Rosellón-Mediodía-Pirineos
alert_27087,69210,2017-10-13 06:59:00,0.9999078457333462,1,Second Class,Southern Europe,Europe,España,Murcia
alert_33789,76309,2018-01-23 22:05:00,0.999907844338789,1,Second Class,Eastern Asia,Pacific Asia,China,Jiangsu
alert_15692,64412,2017-07-31 06:02:00,0.9999078109555664,1,First Class,Western Europe,Europe,Francia,Isla de Francia
alert_28884,71179,2017-11-10 00:49:00,0.9999077950787602,1,Second Class,Western Europe,Europe,Austria,Viena
alert_28736,70960,2017-11-07 20:05:00,0.9999077906595316,1,Second Class,Western Europe,Europe,Francia,Norte-Paso de Calais-Picardía
alert_26987,69115,2017-10-11 21:42:00,0.9999077906595316,1,Second Class,Southern Europe,Europe,España,Madrid
alert_20838,66576,2017-08-31 20:11:00,0.9999077885888615,1,First Class,Western Europe,Europe,Bélgica,Flanders Oriental
alert_25036,68129,2017-09-26 12:16:00,0.9999077645870533,1,Second Class,Western Europe,Europe,Suiza,Vaud
alert_31371,73700,2017-12-17 20:02:00,0.999907763574851,1,Second Class,Oceania,Pacific Asia,Australia,Victoria
alert_19740,65860,2017-08-25 09:20:00,0.999907755491542,1,Second Class,Western Europe,Europe,Francia,Languedoc-Rosellón-Mediodía-Pirineos
alert_19739,65860,2017-08-25 09:20:00,0.999907755491542,1,Second Class,Western Europe,Europe,Francia,Languedoc-Rosellón-Mediodía-Pirineos
alert_19737,65860,2017-08-25 09:20:00,0.999907755491542,1,Second Class,Western Europe,Europe,Francia,Languedoc-Rosellón-Mediodía-Pirineos
alert_19738,65860,2017-08-25 09:20:00,0.999907755491542,1,Second Class,Western Europe,Europe,Francia,Languedoc-Rosellón-Mediodía-Pirineos
alert_29046,71359,2017-11-12 15:53:00,0.9999077533114841,1,Second Class,Southern Europe,Europe,España,País Vasco
alert_5150,59739,2017-05-27 00:52:00,0.9999077487148327,1,Second Class,Caribbean,LATAM,República Dominicana,Santo Domingo
alert_5149,59739,2017-05-27 00:52:00,0.9999077487148327,1,Second Class,Caribbean,LATAM,República Dominicana,Santo Domingo
alert_5309,59794,2017-05-27 20:09:00,0.9999077487148327,1,Second Class,Caribbean,LATAM,República Dominicana,Santo Domingo
alert_5289,59784,2017-05-27 16:38:00,0.9999077487148327,1,Second Class,Caribbean,LATAM,República Dominicana,Santo Domingo
alert_5310,59794,2017-05-27 20:09:00,0.9999077487148327,1,Second Class,Caribbean,LATAM,República Dominicana,Santo Domingo
alert_5311,59794,2017-05-27 20:09:00,0.9999077487148327,1,Second Class,Caribbean,LATAM,República Dominicana,Santo Domingo
alert_5148,59739,2017-05-27 00:52:00,0.9999077487148327,1,Second Class,Caribbean,LATAM,República Dominicana,Santo Domingo
alert_5287,59784,2017-05-27 16:38:00,0.9999077487148327,1,Second Class,Caribbean,LATAM,República Dominicana,Santo Domingo
alert_451,57784,2017-04-28 11:57:00,0.9999077487148327,1,Second Class,Caribbean,LATAM,República Dominicana,Santo Domingo
alert_5288,59784,2017-05-27 16:38:00,0.9999077487148327,1,Second Class,Caribbean,LATAM,República Dominicana,Santo Domingo
alert_5285,59784,2017-05-27 16:38:00,0.9999077487148327,1,Second Class,Caribbean,LATAM,República Dominicana,Santo Domingo
alert_5286,59784,2017-05-27 16:38:00,0.9999077487148327,1,Second Class,Caribbean,LATAM,República Dominicana,Santo Domingo
alert_32471,74865,2018-01-03 20:11:00,0.9999077427894284,1,Second Class,Eastern Asia,Pacific Asia,China,Sichuan
alert_20095,66089,2017-08-27 17:34:00,0.9999077410331898,1,Second Class,Western Europe,Europe,Francia,Provenza-Alpes-Costa Azul
alert_20096,66089,2017-08-27 17:34:00,0.9999077410331898,1,Second Class,Western Europe,Europe,Francia,Provenza-Alpes-Costa Azul
alert_20098,66089,2017-08-27 17:34:00,0.9999077410331898,1,Second Class,Western Europe,Europe,Francia,Provenza-Alpes-Costa Azul
alert_20094,66089,2017-08-27 17:34:00,0.9999077410331898,1,Second Class,Western Europe,Europe,Francia,Provenza-Alpes-Costa Azul
alert_20097,66089,2017-08-27 17:34:00,0.9999077410331898,1,Second Class,Western Europe,Europe,Francia,Provenza-Alpes-Costa Azul
alert_23391,67439,2017-09-16 10:32:00,0.9999077008900126,1,Second Class,Southern Europe,Europe,Italia,Apulia
alert_22251,66979,2017-09-09 17:22:00,0.9999077008900126,1,Second Class,Western Europe,Europe,Francia,Aquitania-Lemosín-Poitou-Charentes
alert_22252,66979,2017-09-09 17:22:00,0.9999077008900126,1,Second Class,Western Europe,Europe,Francia,Aquitania-Lemosín-Poitou-Charentes
alert_22250,66979,2017-09-09 17:22:00,0.9999077008900126,1,Second Class,Western Europe,Europe,Francia,Aquitania-Lemosín-Poitou-Charentes
alert_22249,66979,2017-09-09 17:22:00,0.9999077008900126,1,Second Class,Western Europe,Europe,Francia,Aquitania-Lemosín-Poitou-Charentes
alert_34084,76624,2018-01-28 12:26:00,0.9999076992982626,1,Second Class,Oceania,Pacific Asia,Australia,Queensland
alert_28775,71069,2017-11-08 10:17:00,0.9999076981824409,1,Second Class,Western Europe,Europe,Francia,Provenza-Alpes-Costa Azul
alert_26918,69045,2017-10-10 21:11:00,0.9999076981824409,1,Second Class,Southern Europe,Europe,Italia,Umbría
alert_28223,70484,2017-10-30 21:20:00,0.9999076553288524,1,Second Class,Western Europe,Europe,Francia,Isla de Francia
alert_22274,66920,2017-09-09 20:42:00,0.9999076124273228,1,Second Class,Western Europe,Europe,Francia,Isla de Francia
alert_22275,66920,2017-09-09 20:42:00,0.9999076124273228,1,Second Class,Western Europe,Europe,Francia,Isla de Francia
alert_22273,66920,2017-09-09 20:42:00,0.9999076124273228,1,Second Class,Western Europe,Europe,Francia,Isla de Francia
alert_22270,66920,2017-09-09 20:42:00,0.9999076124273228,1,Second Class,Western Europe,Europe,Francia,Isla de Francia
alert_22272,66920,2017-09-09 20:42:00,0.9999076124273228,1,Second Class,Western Europe,Europe,Francia,Isla de Francia
alert_16625,64639,2017-08-06 13:34:00,0.999907604203361,1,Second Class,Northern Europe,Europe,Reino Unido,Inglaterra
alert_21953,66775,2017-09-07 17:54:00,0.9999075924135306,1,Second Class,Western Europe,Europe,Alemania,Baden-Wurtemberg
alert_21949,66839,2017-09-07 16:19:00,0.9999075924135306,1,Second Class,Western Europe,Europe,Alemania,Baden-Wurtemberg
alert_21954,66775,2017-09-07 17:54:00,0.9999075924135306,1,Second Class,Western Europe,Europe,Alemania,Baden-Wurtemberg
alert_21957,66775,2017-09-07 17:54:00,0.9999075924135306,1,Second Class,Western Europe,Europe,Alemania,Baden-Wurtemberg
alert_21956,66775,2017-09-07 17:54:00,0.9999075924135306,1,Second Class,Western Europe,Europe,Alemania,Baden-Wurtemberg
alert_16801,64699,2017-08-07 10:35:00,0.9999075850578764,1,Second Class,Western Europe,Europe,Bélgica,Namur
alert_16800,64699,2017-08-07 10:35:00,0.9999075850578764,1,Second Class,Western Europe,Europe,Bélgica,Namur
alert_17924,65080,2017-08-14 00:04:00,0.9999075850578764,1,Second Class,Western Europe,Europe,Francia,Normandía
alert_17923,65080,2017-08-14 00:04:00,0.9999075850578764,1,Second Class,Western Europe,Europe,Francia,Normandía
alert_16803,64699,2017-08-07 10:35:00,0.9999075850578764,1,Second Class,Western Europe,Europe,Bélgica,Namur
alert_16802,64699,2017-08-07 10:35:00,0.9999075850578764,1,Second Class,Western Europe,Europe,Bélgica,Namur
alert_17922,65080,2017-08-14 00:04:00,0.9999075850578764,1,Second Class,Western Europe,Europe,Francia,Normandía
alert_28710,70925,2017-11-07 07:50:00,0.9999075586710384,1,Second Class,Western Europe,Europe,Alemania,Baja Sajonia
alert_28189,70449,2017-10-30 09:04:00,0.9999075420616554,1,Second Class,Southern Europe,Europe,Italia,Emilia-Romaña
alert_33219,75709,2018-01-15 03:53:00,0.9999074974660079,1,Second Class,Eastern Asia,Pacific Asia,China,Liaoning
alert_16752,64615,2017-08-07 05:09:00,0.999907492374606,1,Second Class,Western Europe,Europe,Francia,Provenza-Alpes-Costa Azul
alert_16751,64615,2017-08-07 05:09:00,0.999907492374606,1,Second Class,Western Europe,Europe,Francia,Provenza-Alpes-Costa Azul
alert_17558,65009,2017-08-11 23:11:00,0.9999074653833953,1,Second Class,Western Europe,Europe,Alemania,Baden-Wurtemberg
alert_17561,65009,2017-08-11 23:11:00,0.9999074653833953,1,Second Class,Western Europe,Europe,Alemania,Baden-Wurtemberg
alert_17539,65004,2017-08-11 21:26:00,0.9999074653833953,1,Second Class,Western Europe,Europe,Alemania,Bavaria
alert_17536,65004,2017-08-11 21:26:00,0.9999074653833953,1,Second Class,Western Europe,Europe,Alemania,Bavaria
alert_17538,65004,2017-08-11 21:26:00,0.9999074653833953,1,Second Class,Western Europe,Europe,Alemania,Bavaria
alert_17537,65004,2017-08-11 21:26:00,0.9999074653833953,1,Second Class,Western Europe,Europe,Alemania,Bavaria
alert_17535,65004,2017-08-11 21:26:00,0.9999074653833953,1,Second Class,Western Europe,Europe,Alemania,Bavaria
alert_17559,65009,2017-08-11 23:11:00,0.9999074653833953,1,Second Class,Western Europe,Europe,Alemania,Baden-Wurtemberg
alert_17560,65009,2017-08-11 23:11:00,0.9999074653833953,1,Second Class,Western Europe,Europe,Alemania,Baden-Wurtemberg
alert_24187,67710,2017-09-21 09:28:00,0.9999074045512798,1,Second Class,Southern Europe,Europe,Italia,Liguria
alert_24186,67710,2017-09-21 09:28:00,0.9999074045512798,1,Second Class,Southern Europe,Europe,Italia,Liguria
alert_24188,67710,2017-09-21 09:28:00,0.9999074045512798,1,Second Class,Southern Europe,Europe,Italia,Liguria
alert_24189,67710,2017-09-21 09:28:00,0.9999074045512798,1,Second Class,Southern Europe,Europe,Italia,Liguria
alert_33669,76130,2018-01-22 07:22:00,0.9999073986273731,1,Second Class,Eastern Asia,Pacific Asia,China,Guangdong
alert_32561,74960,2018-01-05 05:28:00,0.9999073310451713,1,Second Class,South Asia,Pacific Asia,India,Rajastán
alert_14222,63609,2017-07-22 12:42:00,0.9999072998342153,1,Second Class,Northern Europe,Europe,Reino Unido,Inglaterra
alert_14223,63609,2017-07-22 12:42:00,0.9999072998342153,1,Second Class,Northern Europe,Europe,Reino Unido,Inglaterra
alert_5866,60049,2017-05-31 13:29:00,0.9999072925738779,1,Second Class,South America,LATAM,Brasil,Bahía
alert_5865,60049,2017-05-31 13:29:00,0.9999072925738779,1,Second Class,South America,LATAM,Brasil,Bahía
alert_5867,60049,2017-05-31 13:29:00,0.9999072925738779,1,Second Class,South America,LATAM,Brasil,Bahía
alert_5868,60049,2017-05-31 13:29:00,0.9999072925738779,1,Second Class,South America,LATAM,Brasil,Bahía
alert_16412,64544,2017-08-05 04:17:00,0.9999072804189537,1,Second Class,Western Europe,Europe,Países Bajos,Limburgo
alert_2617,58600,2017-05-11 09:50:00,0.9999072363219591,1,Second Class,Central America,LATAM,Panamá,Panamá
alert_2618,58600,2017-05-11 09:50:00,0.9999072363219591,1,Second Class,Central America,LATAM,Panamá,Panamá
alert_2704,58630,2017-05-11 20:21:00,0.9999071942530581,1,Second Class,Central America,LATAM,México,Jalisco
alert_34449,77009,2018-02-03 03:19:00,0.9999071942530581,1,Second Class,Eastern Asia,Pacific Asia,China,Hainan
alert_32639,75035,2018-01-06 07:45:00,0.9999071942530581,1,Second Class,Eastern Asia,Pacific Asia,China,Guangdong
alert_28117,70315,2017-10-29 10:07:00,0.9999071011990637,1,Second Class,Southern Europe,Europe,Italia,Emilia-Romaña
alert_20026,66059,2017-08-27 07:03:00,0.9999070863372065,1,Second Class,Northern Europe,Europe,Reino Unido,Inglaterra
alert_20025,66059,2017-08-27 07:03:00,0.9999070863372065,1,Second Class,Northern Europe,Europe,Reino Unido,Inglaterra
alert_10620,62084,2017-06-30 06:26:00,0.9999070851511644,1,Second Class,Western Europe,Europe,Francia,Centro-Valle de Loira
alert_10619,62084,2017-06-30 06:26:00,0.9999070851511644,1,Second Class,Western Europe,Europe,Francia,Centro-Valle de Loira
alert_10621,62084,2017-06-30 06:26:00,0.9999070851511644,1,Second Class,Western Europe,Europe,Francia,Centro-Valle de Loira
alert_10622,62084,2017-06-30 06:26:00,0.9999070851511644,1,Second Class,Western Europe,Europe,Francia,Centro-Valle de Loira
alert_11368,62360,2017-07-05 07:08:00,0.9999070684430483,1,Second Class,Southern Europe,Europe,España,Valenciana
alert_11367,62360,2017-07-05 07:08:00,0.9999070684430483,1,Second Class,Southern Europe,Europe,España,Valenciana
alert_22334,67014,2017-09-10 05:38:00,0.9999070653949872,1,Second Class,Western Europe,Europe,Alemania,Renania del Norte-Westfalia
alert_31477,73805,2017-12-19 08:49:00,0.9999070610810354,1,Second Class,Oceania,Pacific Asia,Australia,Victoria
alert_20811,66568,2017-08-31 17:23:00,0.9999070448554499,1,First Class,Western Europe,Europe,Francia,Auvernia-Ródano-Alpes
alert_31867,74235,2017-12-25 15:28:00,0.9999070403762159,1,Second Class,South Asia,Pacific Asia,India,Maharashtra
alert_19587,65854,2017-08-24 07:14:00,0.9999070023726585,1,Second Class,Western Europe,Europe,Francia,Isla de Francia
alert_19586,65854,2017-08-24 07:14:00,0.9999070023726585,1,Second Class,Western Europe,Europe,Francia,Isla de Francia
alert_19589,65854,2017-08-24 07:14:00,0.9999070023726585,1,Second Class,Western Europe,Europe,Francia,Isla de Francia
alert_19588,65854,2017-08-24 07:14:00,0.9999070023726585,1,Second Class,Western Europe,Europe,Francia,Isla de Francia
alert_28717,71004,2017-11-07 11:30:00,0.9999069913776673,1,Second Class,Southern Europe,Europe,España,Murcia
alert_28777,71005,2017-11-08 11:51:00,0.9999069913776673,1,Second Class,Southern Europe,Europe,España,Murcia
alert_32608,75074,2018-01-05 21:24:00,0.9999069562743573,1,Second Class,Eastern Asia,Pacific Asia,China,Liaoning
alert_26584,68814,2017-10-06 12:15:00,0.9999069537059122,1,Second Class,Western Europe,Europe,Francia,Provenza-Alpes-Costa Azul
alert_26585,68814,2017-10-06 12:15:00,0.9999069537059122,1,Second Class,Western Europe,Europe,Francia,Provenza-Alpes-Costa Azul
alert_17790,65109,2017-08-13 10:13:00,0.999906912740729,1,Second Class,Western Europe,Europe,Alemania,Baja Sajonia
alert_17789,65109,2017-08-13 10:13:00,0.999906912740729,1,Second Class,Western Europe,Europe,Alemania,Baja Sajonia
alert_17791,65109,2017-08-13 10:13:00,0.999906912740729,1,Second Class,Western Europe,Europe,Alemania,Baja Sajonia
alert_17792,65109,2017-08-13 10:13:00,0.999906912740729,1,Second Class,Western Europe,Europe,Alemania,Baja Sajonia
alert_31341,73734,2017-12-17 07:57:00,0.999906883221328,1,Second Class,Eastern Asia,Pacific Asia,China,Liaoning
alert_14756,63809,2017-07-25 10:47:00,0.9999068680689825,1,Second Class,Western Europe,Europe,Francia,Isla de Francia
alert_14949,63810,2017-07-26 11:08:00,0.9999068680689825,1,Second Class,Western Europe,Europe,Francia,Isla de Francia
alert_14757,63809,2017-07-25 10:47:00,0.9999068680689825,1,Second Class,Western Europe,Europe,Francia,Isla de Francia
alert_14948,63810,2017-07-26 11:08:00,0.9999068680689825,1,Second Class,Western Europe,Europe,Francia,Isla de Francia
alert_14951,63810,2017-07-26 11:08:00,0.9999068680689825,1,Second Class,Western Europe,Europe,Francia,Isla de Francia
alert_19447,65720,2017-08-23 08:17:00,0.9999068680689825,1,Second Class,Western Europe,Europe,Francia,Isla de Francia
alert_19448,65720,2017-08-23 08:17:00,0.9999068680689825,1,Second Class,Western Europe,Europe,Francia,Isla de Francia
alert_14950,63810,2017-07-26 11:08:00,0.9999068680689825,1,Second Class,Western Europe,Europe,Francia,Isla de Francia
alert_19449,65720,2017-08-23 08:17:00,0.9999068680689825,1,Second Class,Western Europe,Europe,Francia,Isla de Francia
alert_21402,66550,2017-09-04 11:04:00,0.9999068609167543,1,Second Class,Western Europe,Europe,Alemania,Mecklemburgo-Pomerania Occidental
alert_21400,66550,2017-09-04 11:04:00,0.9999068609167543,1,Second Class,Western Europe,Europe,Alemania,Mecklemburgo-Pomerania Occidental
alert_21401,66550,2017-09-04 11:04:00,0.9999068609167543,1,Second Class,Western Europe,Europe,Alemania,Mecklemburgo-Pomerania Occidental
alert_7042,60509,2017-06-07 06:38:00,0.9999068400094702,1,Second Class,South America,LATAM,Chile,Santiago de Chile
alert_7043,60509,2017-06-07 06:38:00,0.9999068400094702,1,Second Class,South America,LATAM,Chile,Santiago de Chile
alert_34046,76584,2018-01-27 22:26:00,0.9999068325526878,1,Second Class,Oceania,Pacific Asia,Australia,Nueva Gales del Sur
alert_30638,73014,2017-12-06 19:42:00,0.9999068231383978,1,Second Class,South Asia,Pacific Asia,Bangladés,Sylhet
alert_20749,66536,2017-08-31 06:10:00,0.9999068205687494,1,First Class,Western Europe,Europe,Francia,Auvernia
alert_14796,63819,2017-07-25 14:17:00,0.9999068075145982,1,Second Class,Western Europe,Europe,Alemania,Renania del Norte-Westfalia
alert_14797,63819,2017-07-25 14:17:00,0.9999068075145982,1,Second Class,Western Europe,Europe,Alemania,Renania del Norte-Westfalia
alert_14795,63819,2017-07-25 14:17:00,0.9999068075145982,1,Second Class,Western Europe,Europe,Alemania,Renania del Norte-Westfalia
alert_26773,68885,2017-10-08 13:08:00,0.9999067801580045,1,Second Class,Western Europe,Europe,Francia,Auvernia-Ródano-Alpes
alert_29616,71880,2017-11-21 06:24:00,0.9999067733992385,1,Second Class,Eastern Asia,Pacific Asia,China,Anhui
alert_27898,70149,2017-10-25 23:58:00,0.9999067703116157,1,Second Class,Southern Europe,Europe,Italia,Véneto
alert_460,57789,2017-04-28 13:42:00,0.9999067549116724,1,Second Class,South America,LATAM,Brasil,Paraná
alert_605,57849,2017-04-29 10:43:00,0.9999067549116724,1,Second Class,South America,LATAM,Argentina,Salta
alert_459,57789,2017-04-28 13:42:00,0.9999067549116724,1,Second Class,South America,LATAM,Brasil,Paraná
alert_13506,63230,2017-07-17 23:56:00,0.9999067017201416,1,Second Class,Western Europe,Europe,Alemania,Renania del Norte-Westfalia
alert_13507,63230,2017-07-17 23:56:00,0.9999067017201416,1,Second Class,Western Europe,Europe,Alemania,Renania del Norte-Westfalia
alert_13505,63230,2017-07-17 23:56:00,0.9999067017201416,1,Second Class,Western Europe,Europe,Alemania,Renania del Norte-Westfalia
alert_26927,69055,2017-10-11 00:41:00,0.9999066965865816,1,Second Class,Southern Europe,Europe,Italia,Véneto
alert_34190,76931,2018-01-30 00:00:00,0.9999066505284541,1,First Class,Southeast Asia,Pacific Asia,Vietnam,Ciudad Ho Chi Minh
alert_3745,59065,2017-05-18 04:45:00,0.9999066338303522,1,Second Class,Central America,LATAM,Guatemala,Guatemala
alert_3746,59065,2017-05-18 04:45:00,0.9999066338303522,1,Second Class,Central America,LATAM,Guatemala,Guatemala
alert_3747,59065,2017-05-18 04:45:00,0.9999066338303522,1,Second Class,Central America,LATAM,Guatemala,Guatemala
alert_22384,66965,2017-09-10 12:28:00,0.9999066132988929,1,Second Class,Western Europe,Europe,Francia,Provenza-Alpes-Costa Azul
alert_22386,66965,2017-09-10 12:28:00,0.9999066132988929,1,Second Class,Western Europe,Europe,Francia,Provenza-Alpes-Costa Azul
alert_22385,66965,2017-09-10 12:28:00,0.9999066132988929,1,Second Class,Western Europe,Europe,Francia,Provenza-Alpes-Costa Azul
alert_32899,75374,2018-01-10 06:31:00,0.9999066108157909,1,Second Class,Oceania,Pacific Asia,Australia,Nueva Gales del Sur
alert_143,57649,2017-04-26 12:39:00,0.9999065829148279,1,Second Class,Central America,LATAM,México,Distrito Federal
alert_34027,76559,2018-01-27 13:40:00,0.9999065782150018,1,Second Class,Oceania,Pacific Asia,Australia,Australia Occidental
alert_34088,76560,2018-01-28 14:01:00,0.9999065782150018,1,Second Class,Oceania,Pacific Asia,Australia,Australia Occidental
alert_8729,61185,2017-06-18 03:28:00,0.999906557936711,1,Second Class,South America,LATAM,Brasil,Pernambuco
alert_8727,61185,2017-06-18 03:28:00,0.999906557936711,1,Second Class,South America,LATAM,Brasil,Pernambuco
alert_8726,61185,2017-06-18 03:28:00,0.999906557936711,1,Second Class,South America,LATAM,Brasil,Pernambuco
alert_8725,61185,2017-06-18 03:28:00,0.999906557936711,1,Second Class,South America,LATAM,Brasil,Pernambuco
alert_8728,61185,2017-06-18 03:28:00,0.999906557936711,1,Second Class,South America,LATAM,Brasil,Pernambuco
alert_19113,65644,2017-08-21 05:40:00,0.9999065573531554,1,Second Class,Southern Europe,Europe,España,Galicia
alert_19112,65644,2017-08-21 05:40:00,0.9999065573531554,1,Second Class,Southern Europe,Europe,España,Galicia
alert_29397,71645,2017-11-17 20:05:00,0.999906525996826,1,Second Class,Oceania,Pacific Asia,Australia,Australia del Sur
alert_12520,62864,2017-07-11 15:42:00,0.9999065129702956,1,Second Class,Western Europe,Europe,Francia,Provenza-Alpes-Costa Azul
alert_12519,62864,2017-07-11 15:42:00,0.9999065129702956,1,Second Class,Western Europe,Europe,Francia,Provenza-Alpes-Costa Azul
alert_12518,62864,2017-07-11 15:42:00,0.9999065129702956,1,Second Class,Western Europe,Europe,Francia,Provenza-Alpes-Costa Azul
alert_28720,70940,2017-11-07 13:05:00,0.9999064859521022,1,Second Class,Southern Europe,Europe,Italia,Campania
alert_32141,74515,2017-12-29 17:34:00,0.9999064844795303,1,Second Class,South Asia,Pacific Asia,India,Uttar Pradesh
alert_28029,70215,2017-10-27 23:05:00,0.999906477918364,1,Second Class,Western Europe,Europe,Francia,Languedoc-Rosellón-Mediodía-Pirineos
alert_28245,70714,2017-10-31 05:54:00,0.999906459239918,1,First Class,Western Europe,Europe,Francia,Isla de Francia
alert_27928,70110,2017-10-26 10:18:00,0.9999063841248436,1,Second Class,Southern Europe,Europe,Italia,Toscana
alert_8430,61129,2017-06-16 07:51:00,0.9999063808668138,1,Second Class,South America,LATAM,Brasil,Bahía
alert_33466,75915,2018-01-19 04:03:00,0.9999063808668138,1,Second Class,Oceania,Pacific Asia,Australia,Australia Occidental
alert_19126,65654,2017-08-21 09:10:00,0.9999063556670852,1,Second Class,Western Europe,Europe,Francia,Aquitania-Lemosín-Poitou-Charentes
alert_27866,70109,2017-10-25 09:57:00,0.999906328177615,1,Second Class,Southern Europe,Europe,Italia,Toscana
alert_13484,63284,2017-07-17 18:51:00,0.9999062605624112,1,Second Class,Northern Europe,Europe,Reino Unido,Inglaterra
alert_16842,64640,2017-08-07 13:55:00,0.9999062605624112,1,Second Class,Northern Europe,Europe,Reino Unido,Inglaterra
alert_16839,64640,2017-08-07 13:55:00,0.9999062605624112,1,Second Class,Northern Europe,Europe,Reino Unido,Inglaterra
alert_16841,64640,2017-08-07 13:55:00,0.9999062605624112,1,Second Class,Northern Europe,Europe,Reino Unido,Inglaterra
alert_13482,63284,2017-07-17 18:51:00,0.9999062605624112,1,Second Class,Northern Europe,Europe,Reino Unido,Inglaterra
alert_13485,63284,2017-07-17 18:51:00,0.9999062605624112,1,Second Class,Northern Europe,Europe,Reino Unido,Inglaterra
alert_18126,65224,2017-08-15 02:31:00,0.9999062605624112,1,Second Class,Northern Europe,Europe,Reino Unido,Inglaterra
alert_13483,63284,2017-07-17 18:51:00,0.9999062605624112,1,Second Class,Northern Europe,Europe,Reino Unido,Inglaterra
alert_12610,62909,2017-07-12 07:28:00,0.9999062605624112,1,Second Class,Northern Europe,Europe,Reino Unido,Inglaterra
alert_12609,62909,2017-07-12 07:28:00,0.9999062605624112,1,Second Class,Northern Europe,Europe,Reino Unido,Inglaterra
alert_16843,64640,2017-08-07 13:55:00,0.9999062605624112,1,Second Class,Northern Europe,Europe,Reino Unido,Inglaterra
alert_12476,62780,2017-07-11 10:16:00,0.9999062605624112,1,Second Class,Northern Europe,Europe,Reino Unido,Inglaterra
alert_12475,62780,2017-07-11 10:16:00,0.9999062605624112,1,Second Class,Northern Europe,Europe,Reino Unido,Inglaterra
alert_16840,64640,2017-08-07 13:55:00,0.9999062605624112,1,Second Class,Northern Europe,Europe,Reino Unido,Inglaterra
alert_14536,63660,2017-07-24 06:34:00,0.9999062462213075,1,Second Class,Southern Europe,Europe,Italia,Piamonte
alert_14534,63660,2017-07-24 06:34:00,0.9999062462213075,1,Second Class,Southern Europe,Europe,Italia,Piamonte
alert_31443,73765,2017-12-18 18:48:00,0.9999061624379167,1,Second Class,South Asia,Pacific Asia,India,Maharashtra
alert_31248,73654,2017-12-16 03:55:00,0.9999061596663007,1,Second Class,Southeast Asia,Pacific Asia,Myanmar (Birmania),Rangún
alert_26452,68670,2017-10-05 09:48:00,0.9999061328253469,1,Second Class,Western Europe,Europe,Austria,Viena
alert_26454,68670,2017-10-05 09:48:00,0.9999061328253469,1,Second Class,Western Europe,Europe,Austria,Viena
alert_26453,68670,2017-10-05 09:48:00,0.9999061328253469,1,Second Class,Western Europe,Europe,Austria,Viena
alert_26455,68670,2017-10-05 09:48:00,0.9999061328253469,1,Second Class,Western Europe,Europe,Austria,Viena
alert_26456,68670,2017-10-05 09:48:00,0.9999061328253469,1,Second Class,Western Europe,Europe,Austria,Viena
alert_31529,73934,2017-12-20 06:01:00,0.9999061299303362,1,Second Class,South Asia,Pacific Asia,India,Uttar Pradesh
alert_34292,76834,2018-01-31 14:01:00,0.9999060952038021,1,Second Class,Southeast Asia,Pacific Asia,Filipinas,Capital Nacional
alert_1020,57945,2017-05-01 20:21:00,0.9999060847360325,1,Second Class,Caribbean,LATAM,Cuba,Artemisa
alert_1021,57945,2017-05-01 20:21:00,0.9999060847360325,1,Second Class,Caribbean,LATAM,Cuba,Artemisa
alert_1018,57945,2017-05-01 20:21:00,0.9999060847360325,1,Second Class,Caribbean,LATAM,Cuba,Artemisa
alert_1017,57945,2017-05-01 20:21:00,0.9999060847360325,1,Second Class,Caribbean,LATAM,Cuba,Artemisa
alert_1019,57945,2017-05-01 20:21:00,0.9999060847360325,1,Second Class,Caribbean,LATAM,Cuba,Artemisa
alert_2392,58569,2017-05-09 22:58:00,0.9999060776272015,1,Second Class,Caribbean,LATAM,Martinica,Martinica
alert_2391,58569,2017-05-09 22:58:00,0.9999060776272015,1,Second Class,Caribbean,LATAM,Martinica,Martinica
alert_2390,58569,2017-05-09 22:58:00,0.9999060776272015,1,Second Class,Caribbean,LATAM,Martinica,Martinica
alert_2389,58569,2017-05-09 22:58:00,0.9999060776272015,1,Second Class,Caribbean,LATAM,Martinica,Martinica
alert_2393,58569,2017-05-09 22:58:00,0.9999060776272015,1,Second Class,Caribbean,LATAM,Martinica,Martinica
alert_30201,72490,2017-11-30 04:07:00,0.9999060322917507,1,Second Class,Southeast Asia,Pacific Asia,Singapur,Singapur
alert_30222,72579,2017-11-30 11:18:00,0.9999060322917507,1,Second Class,Southeast Asia,Pacific Asia,Singapur,Singapur
alert_30440,72794,2017-12-03 14:37:00,0.9999060166222118,1,Second Class,South Asia,Pacific Asia,India,Kerala
alert_20124,66035,2017-08-27 22:39:00,0.9999060159215079,1,Second Class,Northern Europe,Europe,Reino Unido,Inglaterra
alert_20121,66035,2017-08-27 22:39:00,0.9999060159215079,1,Second Class,Northern Europe,Europe,Reino Unido,Inglaterra
alert_20122,66035,2017-08-27 22:39:00,0.9999060159215079,1,Second Class,Northern Europe,Europe,Reino Unido,Inglaterra
alert_20123,66035,2017-08-27 22:39:00,0.9999060159215079,1,Second Class,Northern Europe,Europe,Reino Unido,Inglaterra
alert_34502,77104,2018-02-04 12:36:00,0.9999060147453576,1,Second Class,Southeast Asia,Pacific Asia,Myanmar (Birmania),Rangún
alert_33153,75639,2018-01-14 03:21:00,0.9999060147453576,1,Second Class,Southeast Asia,Pacific Asia,Myanmar (Birmania),Rangún
alert_21634,66704,2017-09-05 17:01:00,0.9999059823929225,1,Second Class,Southern Europe,Europe,Italia,Emilia-Romaña
alert_21632,66704,2017-09-05 17:01:00,0.9999059823929225,1,Second Class,Southern Europe,Europe,Italia,Emilia-Romaña
alert_21636,66704,2017-09-05 17:01:00,0.9999059823929225,1,Second Class,Southern Europe,Europe,Italia,Emilia-Romaña
alert_21633,66704,2017-09-05 17:01:00,0.9999059823929225,1,Second Class,Southern Europe,Europe,Italia,Emilia-Romaña
alert_21635,66704,2017-09-05 17:01:00,0.9999059823929225,1,Second Class,Southern Europe,Europe,Italia,Emilia-Romaña
alert_34520,77070,2018-02-05 00:42:00,0.9999059699700678,1,Second Class,Eastern Asia,Pacific Asia,Corea del Sur,Daejeon
alert_28075,70334,2017-10-28 16:46:00,0.9999059564729368,1,Second Class,Northern Europe,Europe,Reino Unido,Inglaterra
alert_17629,64975,2017-08-12 11:17:00,0.9999059045076211,1,Second Class,Western Europe,Europe,Francia,Languedoc-Rosellón-Mediodía-Pirineos
alert_34525,77154,2018-02-05 06:07:00,0.9999058905890084,1,Second Class,Southeast Asia,Pacific Asia,Indonesia,Java Occidental
alert_2457,58599,2017-05-10 09:29:00,0.9999058873316967,1,Second Class,Central America,LATAM,Panamá,Panamá
alert_2455,58599,2017-05-10 09:29:00,0.9999058873316967,1,Second Class,Central America,LATAM,Panamá,Panamá
alert_2458,58599,2017-05-10 09:29:00,0.9999058873316967,1,Second Class,Central America,LATAM,Panamá,Panamá
alert_2454,58599,2017-05-10 09:29:00,0.9999058873316967,1,Second Class,Central America,LATAM,Panamá,Panamá
alert_2456,58599,2017-05-10 09:29:00,0.9999058873316967,1,Second Class,Central America,LATAM,Panamá,Panamá
alert_17916,65144,2017-08-13 22:29:00,0.9999058527860987,1,Second Class,Western Europe,Europe,Austria,Viena
alert_17915,65144,2017-08-13 22:29:00,0.9999058527860987,1,Second Class,Western Europe,Europe,Austria,Viena
alert_18139,65229,2017-08-15 04:16:00,0.9999058482737881,1,Second Class,Southern Europe,Europe,Italia,Lombardía
alert_16965,64700,2017-08-08 10:56:00,0.9999058482737881,1,Second Class,Western Europe,Europe,Bélgica,Namur
alert_18138,65229,2017-08-15 04:16:00,0.9999058482737881,1,Second Class,Southern Europe,Europe,Italia,Lombardía
alert_18136,65229,2017-08-15 04:16:00,0.9999058482737881,1,Second Class,Southern Europe,Europe,Italia,Lombardía
alert_17191,64805,2017-08-09 23:43:00,0.9999058482737881,1,Second Class,Southern Europe,Europe,España,Madrid
alert_17192,64805,2017-08-09 23:43:00,0.9999058482737881,1,Second Class,Southern Europe,Europe,España,Madrid
alert_17189,64805,2017-08-09 23:43:00,0.9999058482737881,1,Second Class,Southern Europe,Europe,España,Madrid
alert_17190,64805,2017-08-09 23:43:00,0.9999058482737881,1,Second Class,Southern Europe,Europe,España,Madrid
alert_18140,65229,2017-08-15 04:16:00,0.9999058482737881,1,Second Class,Southern Europe,Europe,Italia,Lombardía
alert_16966,64700,2017-08-08 10:56:00,0.9999058482737881,1,Second Class,Western Europe,Europe,Bélgica,Namur
alert_16968,64700,2017-08-08 10:56:00,0.9999058482737881,1,Second Class,Western Europe,Europe,Bélgica,Namur
alert_18137,65229,2017-08-15 04:16:00,0.9999058482737881,1,Second Class,Southern Europe,Europe,Italia,Lombardía
alert_16967,64700,2017-08-08 10:56:00,0.9999058482737881,1,Second Class,Western Europe,Europe,Bélgica,Namur
alert_8356,61094,2017-06-15 19:35:00,0.9999058267589994,1,Second Class,Central America,LATAM,México,Coahuila
alert_8357,61094,2017-06-15 19:35:00,0.9999058267589994,1,Second Class,Central America,LATAM,México,Coahuila
alert_16600,64629,2017-08-06 10:04:00,0.9999058101390796,1,Second Class,Northern Europe,Europe,Noruega,Vest-Agder
alert_17757,65030,2017-08-13 06:33:00,0.9999058101390796,1,Second Class,Western Europe,Europe,Francia,Países del Loira
alert_17759,65030,2017-08-13 06:33:00,0.9999058101390796,1,Second Class,Western Europe,Europe,Francia,Países del Loira
alert_17760,65030,2017-08-13 06:33:00,0.9999058101390796,1,Second Class,Western Europe,Europe,Francia,Países del Loira
alert_17758,65030,2017-08-13 06:33:00,0.9999058101390796,1,Second Class,Western Europe,Europe,Francia,Países del Loira
alert_16601,64629,2017-08-06 10:04:00,0.9999058101390796,1,Second Class,Northern Europe,Europe,Noruega,Vest-Agder
alert_17377,64875,2017-08-11 00:15:00,0.9999058101390796,1,Second Class,Western Europe,Europe,Francia,Provenza-Alpes-Costa Azul
alert_17376,64875,2017-08-11 00:15:00,0.9999058101390796,1,Second Class,Western Europe,Europe,Francia,Provenza-Alpes-Costa Azul
alert_17379,64875,2017-08-11 00:15:00,0.9999058101390796,1,Second Class,Western Europe,Europe,Francia,Provenza-Alpes-Costa Azul
alert_17380,64875,2017-08-11 00:15:00,0.9999058101390796,1,Second Class,Western Europe,Europe,Francia,Provenza-Alpes-Costa Azul
alert_17378,64875,2017-08-11 00:15:00,0.9999058101390796,1,Second Class,Western Europe,Europe,Francia,Provenza-Alpes-Costa Azul
alert_12972,63084,2017-07-14 20:47:00,0.9999057725772122,1,Second Class,Western Europe,Europe,Alemania,Renania del Norte-Westfalia
alert_12971,63084,2017-07-14 20:47:00,0.9999057725772122,1,Second Class,Western Europe,Europe,Alemania,Renania del Norte-Westfalia
alert_12973,63084,2017-07-14 20:47:00,0.9999057725772122,1,Second Class,Western Europe,Europe,Alemania,Renania del Norte-Westfalia
alert_8872,61255,2017-06-19 04:00:00,0.9999057617467813,1,Second Class,South America,LATAM,Chile,Los Lagos
alert_8871,61255,2017-06-19 04:00:00,0.9999057617467813,1,Second Class,South America,LATAM,Chile,Los Lagos
alert_25699,68325,2017-09-30 08:56:00,0.9999057611139179,1,Second Class,Western Europe,Europe,Bélgica,Amberes
alert_6046,60119,2017-06-01 14:00:00,0.9999057142634965,1,Second Class,South America,LATAM,Brasil,Pará
alert_6047,60119,2017-06-01 14:00:00,0.9999057142634965,1,Second Class,South America,LATAM,Brasil,Pará
alert_6044,60119,2017-06-01 14:00:00,0.9999057142634965,1,Second Class,South America,LATAM,Brasil,Pará
alert_6045,60119,2017-06-01 14:00:00,0.9999057142634965,1,Second Class,South America,LATAM,Brasil,Pará
alert_6048,60119,2017-06-01 14:00:00,0.9999057142634965,1,Second Class,South America,LATAM,Brasil,Pará
alert_3264,58919,2017-05-15 01:35:00,0.9999056832134949,1,Second Class,Central America,LATAM,México,San Luis Potosí
alert_26874,69059,2017-10-10 02:05:00,0.999905675361941,1,Second Class,Southern Europe,Europe,España,Castilla y León
alert_26932,69060,2017-10-11 02:26:00,0.999905675361941,1,Second Class,Southern Europe,Europe,España,Castilla y León
alert_28401,70679,2017-11-02 17:39:00,0.9999056739258462,1,Second Class,Western Europe,Europe,Francia,Isla de Francia
alert_1035,58024,2017-05-02 00:02:00,0.999905615887495,1,Second Class,Central America,LATAM,Guatemala,Guatemala
alert_1034,58024,2017-05-02 00:02:00,0.999905615887495,1,Second Class,Central America,LATAM,Guatemala,Guatemala
alert_1036,58024,2017-05-02 00:02:00,0.999905615887495,1,Second Class,Central America,LATAM,Guatemala,Guatemala
alert_1208,58025,2017-05-03 00:23:00,0.999905615887495,1,Second Class,Central America,LATAM,Guatemala,Guatemala
alert_1205,58089,2017-05-02 22:48:00,0.999905615887495,1,Second Class,Central America,LATAM,Honduras,Francisco Morazán
alert_1206,58089,2017-05-02 22:48:00,0.999905615887495,1,Second Class,Central America,LATAM,Honduras,Francisco Morazán
alert_1207,58025,2017-05-03 00:23:00,0.999905615887495,1,Second Class,Central America,LATAM,Guatemala,Guatemala
alert_1038,58024,2017-05-02 00:02:00,0.999905615887495,1,Second Class,Central America,LATAM,Guatemala,Guatemala
alert_1202,58089,2017-05-02 22:48:00,0.999905615887495,1,Second Class,Central America,LATAM,Honduras,Francisco Morazán
alert_1203,58089,2017-05-02 22:48:00,0.999905615887495,1,Second Class,Central America,LATAM,Honduras,Francisco Morazán
alert_1209,58025,2017-05-03 00:23:00,0.999905615887495,1,Second Class,Central America,LATAM,Guatemala,Guatemala
alert_1037,58024,2017-05-02 00:02:00,0.999905615887495,1,Second Class,Central America,LATAM,Guatemala,Guatemala
alert_1211,58025,2017-05-03 00:23:00,0.999905615887495,1,Second Class,Central America,LATAM,Guatemala,Guatemala
alert_1204,58089,2017-05-02 22:48:00,0.999905615887495,1,Second Class,Central America,LATAM,Honduras,Francisco Morazán
alert_1210,58025,2017-05-03 00:23:00,0.999905615887495,1,Second Class,Central America,LATAM,Guatemala,Guatemala
alert_33221,75714,2018-01-15 05:38:00,0.999905548232999,1,Second Class,Southeast Asia,Pacific Asia,Indonesia,Sumatra Meridional
alert_32756,75150,2018-01-08 00:02:00,0.999905548232999,1,Second Class,South Asia,Pacific Asia,India,Telangana
alert_1113,57985,2017-05-02 10:22:00,0.9999055040446135,1,Second Class,South America,LATAM,Brasil,Santa Catarina
alert_24266,67750,2017-09-21 23:29:00,0.999905499524499,1,Second Class,Northern Europe,Europe,Finlandia,Uusimaa
alert_15049,63860,2017-07-27 04:39:00,0.9999054621880982,1,Second Class,Western Europe,Europe,Francia,Norte-Paso de Calais-Picardía
alert_15051,63860,2017-07-27 04:39:00,0.9999054621880982,1,Second Class,Western Europe,Europe,Francia,Norte-Paso de Calais-Picardía
alert_15050,63860,2017-07-27 04:39:00,0.9999054621880982,1,Second Class,Western Europe,Europe,Francia,Norte-Paso de Calais-Picardía
alert_15048,63860,2017-07-27 04:39:00,0.9999054621880982,1,Second Class,Western Europe,Europe,Francia,Norte-Paso de Calais-Picardía
alert_27804,70054,2017-10-24 14:41:00,0.999905448557811,1,Second Class,Western Europe,Europe,Francia,Languedoc-Rosellón-Mediodía-Pirineos
alert_27876,70055,2017-10-25 15:02:00,0.999905448557811,1,Second Class,Western Europe,Europe,Francia,Languedoc-Rosellón-Mediodía-Pirineos
alert_34338,76820,2018-02-01 09:07:00,0.999905434036712,1,Second Class,Oceania,Pacific Asia,Australia,Victoria
alert_28023,70279,2017-10-27 21:30:00,0.9999054102612189,1,Second Class,Western Europe,Europe,Francia,Provenza-Alpes-Costa Azul
alert_29727,72000,2017-11-23 00:27:00,0.9999054102612189,1,Second Class,Southeast Asia,Pacific Asia,Indonesia,Sumatra Septentrional
alert_33003,75479,2018-01-11 19:18:00,0.9999053985873098,1,Second Class,South Asia,Pacific Asia,India,Maharashtra
alert_34446,77004,2018-02-03 01:34:00,0.999905398142406,1,Second Class,Oceania,Pacific Asia,Australia,Tasmania
alert_19580,65849,2017-08-24 05:29:00,0.999905305950798,1,Second Class,Western Europe,Europe,Países Bajos,Overijssel
alert_19579,65849,2017-08-24 05:29:00,0.999905305950798,1,Second Class,Western Europe,Europe,Países Bajos,Overijssel
alert_19582,65849,2017-08-24 05:29:00,0.999905305950798,1,Second Class,Western Europe,Europe,Países Bajos,Overijssel
alert_19581,65849,2017-08-24 05:29:00,0.999905305950798,1,Second Class,Western Europe,Europe,Países Bajos,Overijssel
alert_19578,65849,2017-08-24 05:29:00,0.999905305950798,1,Second Class,Western Europe,Europe,Países Bajos,Overijssel
alert_5904,60064,2017-05-31 18:44:00,0.9999052833471329,1,Second Class,Central America,LATAM,México,Michoacán
alert_5905,60064,2017-05-31 18:44:00,0.9999052833471329,1,Second Class,Central America,LATAM,México,Michoacán
alert_5906,60064,2017-05-31 18:44:00,0.9999052833471329,1,Second Class,Central America,LATAM,México,Michoacán
alert_22809,67135,2017-09-13 00:01:00,0.9999052599279964,1,Second Class,Southern Europe,Europe,España,Madrid
alert_31934,74512,2017-12-26 16:31:00,0.999905253166262,1,Second Class,South Asia,Pacific Asia,Afganistán,Kabul
alert_10718,62124,2017-06-30 20:27:00,0.999905229704829,1,Second Class,Western Europe,Europe,Países Bajos,Holanda Septentrional
alert_10716,62124,2017-06-30 20:27:00,0.999905229704829,1,Second Class,Western Europe,Europe,Países Bajos,Holanda Septentrional
alert_10717,62124,2017-06-30 20:27:00,0.999905229704829,1,Second Class,Western Europe,Europe,Países Bajos,Holanda Septentrional
alert_21775,66759,2017-09-06 12:18:00,0.9999052221283509,1,Second Class,Western Europe,Europe,Francia,Provenza-Alpes-Costa Azul
alert_21774,66759,2017-09-06 12:18:00,0.9999052221283509,1,Second Class,Western Europe,Europe,Francia,Provenza-Alpes-Costa Azul
alert_32406,75080,2018-01-02 23:31:00,0.9999052135300367,1,First Class,Southeast Asia,Pacific Asia,Vietnam,Ciudad Ho Chi Minh
alert_7151,60490,2017-06-07 23:59:00,0.9999051926119744,1,Second Class,Central America,LATAM,El Salvador,San Salvador
alert_7152,60490,2017-06-07 23:59:00,0.9999051926119744,1,Second Class,Central America,LATAM,El Salvador,San Salvador
alert_7153,60490,2017-06-07 23:59:00,0.9999051926119744,1,Second Class,Central America,LATAM,El Salvador,San Salvador
alert_20617,66274,2017-08-30 10:23:00,0.9999051730677553,1,Second Class,Western Europe,Europe,Países Bajos,Holanda Meridional
alert_20618,66274,2017-08-30 10:23:00,0.9999051730677553,1,Second Class,Western Europe,Europe,Países Bajos,Holanda Meridional
alert_20616,66274,2017-08-30 10:23:00,0.9999051730677553,1,Second Class,Western Europe,Europe,Países Bajos,Holanda Meridional
alert_26835,68950,2017-10-09 11:54:00,0.9999050950625943,1,Second Class,Southern Europe,Europe,Italia,Emilia-Romaña
alert_17293,64840,2017-08-10 11:59:00,0.9999050888779125,1,Second Class,Western Europe,Europe,Francia,Norte-Paso de Calais-Picardía
alert_33393,75894,2018-01-17 20:41:00,0.9999050749735108,1,Second Class,South Asia,Pacific Asia,India,Karnataka
alert_187,57669,2017-04-26 19:40:00,0.9999050700254231,1,Second Class,Central America,LATAM,El Salvador,San Salvador
alert_185,57669,2017-04-26 19:40:00,0.9999050700254231,1,Second Class,Central America,LATAM,El Salvador,San Salvador
alert_184,57669,2017-04-26 19:40:00,0.9999050700254231,1,Second Class,Central America,LATAM,El Salvador,San Salvador
alert_186,57669,2017-04-26 19:40:00,0.9999050700254231,1,Second Class,Central America,LATAM,El Salvador,San Salvador
alert_29936,72279,2017-11-26 02:12:00,0.9999050592561284,1,Second Class,Eastern Asia,Pacific Asia,China,Henan
alert_16396,64539,2017-08-05 02:32:00,0.9999050560205401,1,Second Class,Western Europe,Europe,Francia,Auvernia-Ródano-Alpes
alert_17690,65064,2017-08-12 18:28:00,0.9999050560205401,1,Second Class,Western Europe,Europe,Francia,Isla de Francia
alert_11787,62579,2017-07-07 11:51:00,0.9999050560205401,1,Second Class,Western Europe,Europe,Francia,Auvernia-Ródano-Alpes
alert_11788,62579,2017-07-07 11:51:00,0.9999050560205401,1,Second Class,Western Europe,Europe,Francia,Auvernia-Ródano-Alpes
alert_11785,62579,2017-07-07 11:51:00,0.9999050560205401,1,Second Class,Western Europe,Europe,Francia,Auvernia-Ródano-Alpes
alert_11784,62579,2017-07-07 11:51:00,0.9999050560205401,1,Second Class,Western Europe,Europe,Francia,Auvernia-Ródano-Alpes
alert_17691,65064,2017-08-12 18:28:00,0.9999050560205401,1,Second Class,Western Europe,Europe,Francia,Isla de Francia
alert_11786,62579,2017-07-07 11:51:00,0.9999050560205401,1,Second Class,Western Europe,Europe,Francia,Auvernia-Ródano-Alpes
alert_17688,65064,2017-08-12 18:28:00,0.9999050560205401,1,Second Class,Western Europe,Europe,Francia,Isla de Francia
alert_12177,62729,2017-07-09 16:24:00,0.9999050560205401,1,Second Class,Southern Europe,Europe,Italia,Emilia-Romaña
alert_12178,62729,2017-07-09 16:24:00,0.9999050560205401,1,Second Class,Southern Europe,Europe,Italia,Emilia-Romaña
alert_17689,65064,2017-08-12 18:28:00,0.9999050560205401,1,Second Class,Western Europe,Europe,Francia,Isla de Francia
alert_30001,72354,2017-11-27 04:28:00,0.9999050542295363,1,Second Class,Southeast Asia,Pacific Asia,Filipinas,Visayas Occidental
alert_34316,76795,2018-02-01 00:21:00,0.9999050427646073,1,Second Class,South Asia,Pacific Asia,India,Andhra Pradesh
alert_17135,64844,2017-08-09 13:23:00,0.9999050321566851,1,Second Class,Western Europe,Europe,Francia,Norte-Paso de Calais-Picardía
alert_17132,64844,2017-08-09 13:23:00,0.9999050321566851,1,Second Class,Western Europe,Europe,Francia,Norte-Paso de Calais-Picardía
alert_17134,64844,2017-08-09 13:23:00,0.9999050321566851,1,Second Class,Western Europe,Europe,Francia,Norte-Paso de Calais-Picardía
alert_17136,64844,2017-08-09 13:23:00,0.9999050321566851,1,Second Class,Western Europe,Europe,Francia,Norte-Paso de Calais-Picardía
alert_17133,64844,2017-08-09 13:23:00,0.9999050321566851,1,Second Class,Western Europe,Europe,Francia,Norte-Paso de Calais-Picardía
alert_13562,63329,2017-07-18 10:37:00,0.9999050288034343,1,Second Class,Western Europe,Europe,Países Bajos,Overijssel
alert_13561,63329,2017-07-18 10:37:00,0.9999050288034343,1,Second Class,Western Europe,Europe,Países Bajos,Overijssel
alert_31636,73980,2017-12-21 22:08:00,0.999905023571129,1,Second Class,Eastern Asia,Pacific Asia,China,Hebei
alert_16978,64705,2017-08-08 12:41:00,0.9999049992796784,1,Second Class,Western Europe,Europe,Francia,Isla de Francia
alert_18279,65284,2017-08-15 23:32:00,0.9999049992796784,1,Second Class,Western Europe,Europe,Francia,Isla de Francia
alert_18276,65284,2017-08-15 23:32:00,0.9999049992796784,1,Second Class,Western Europe,Europe,Francia,Isla de Francia
alert_18122,65155,2017-08-15 02:20:00,0.9999049992796784,1,Second Class,Western Europe,Europe,Francia,Isla de Francia
alert_17143,64849,2017-08-09 15:08:00,0.9999049992796784,1,Second Class,Western Europe,Europe,Francia,Isla de Francia
alert_17940,65154,2017-08-14 01:59:00,0.9999049992796784,1,Second Class,Western Europe,Europe,Francia,Isla de Francia
alert_17939,65154,2017-08-14 01:59:00,0.9999049992796784,1,Second Class,Western Europe,Europe,Francia,Isla de Francia
alert_17941,65154,2017-08-14 01:59:00,0.9999049992796784,1,Second Class,Western Europe,Europe,Francia,Isla de Francia
alert_16975,64705,2017-08-08 12:41:00,0.9999049992796784,1,Second Class,Western Europe,Europe,Francia,Isla de Francia
alert_16977,64705,2017-08-08 12:41:00,0.9999049992796784,1,Second Class,Western Europe,Europe,Francia,Isla de Francia
alert_16974,64705,2017-08-08 12:41:00,0.9999049992796784,1,Second Class,Western Europe,Europe,Francia,Isla de Francia
alert_16976,64705,2017-08-08 12:41:00,0.9999049992796784,1,Second Class,Western Europe,Europe,Francia,Isla de Francia
alert_12585,62825,2017-07-12 02:02:00,0.9999049992796784,1,Second Class,Western Europe,Europe,Francia,Isla de Francia
alert_12586,62825,2017-07-12 02:02:00,0.9999049992796784,1,Second Class,Western Europe,Europe,Francia,Isla de Francia
alert_12411,62824,2017-07-11 01:41:00,0.9999049992796784,1,Second Class,Western Europe,Europe,Francia,Isla de Francia
alert_12588,62825,2017-07-12 02:02:00,0.9999049992796784,1,Second Class,Western Europe,Europe,Francia,Isla de Francia
alert_12587,62825,2017-07-12 02:02:00,0.9999049992796784,1,Second Class,Western Europe,Europe,Francia,Isla de Francia
alert_18278,65284,2017-08-15 23:32:00,0.9999049992796784,1,Second Class,Western Europe,Europe,Francia,Isla de Francia
alert_18123,65155,2017-08-15 02:20:00,0.9999049992796784,1,Second Class,Western Europe,Europe,Francia,Isla de Francia
alert_18280,65284,2017-08-15 23:32:00,0.9999049992796784,1,Second Class,Western Europe,Europe,Francia,Isla de Francia
alert_18277,65284,2017-08-15 23:32:00,0.9999049992796784,1,Second Class,Western Europe,Europe,Francia,Isla de Francia
alert_32438,74835,2018-01-03 09:41:00,0.9999049945867848,1,Second Class,Southeast Asia,Pacific Asia,Indonesia,Yakarta
alert_32467,74929,2018-01-03 18:36:00,0.9999049945867848,1,Second Class,Southeast Asia,Pacific Asia,Indonesia,Yakarta
alert_31356,73749,2017-12-17 13:12:00,0.9999049801421375,1,Second Class,South Asia,Pacific Asia,Pakistán,Punyab
alert_26973,69100,2017-10-11 16:27:00,0.9999049651951006,1,Second Class,Northern Europe,Europe,Suecia,Estocolmo
alert_245,57689,2017-04-27 02:40:00,0.9999049386631783,1,Second Class,Central America,LATAM,Guatemala,Guatemala
alert_29711,71985,2017-11-22 19:12:00,0.9999049375285148,1,Second Class,Oceania,Pacific Asia,Australia,Queensland
alert_33180,75600,2018-01-14 13:41:00,0.9999049337172224,1,Second Class,Eastern Asia,Pacific Asia,China,Jilin
alert_34168,76635,2018-01-29 16:18:00,0.9999049211830332,1,Second Class,Southeast Asia,Pacific Asia,Indonesia,Sumatra Meridional
alert_4949,59560,2017-05-25 10:10:00,0.9999049207118478,1,Second Class,Caribbean,LATAM,Cuba,Santiago de Cuba
alert_4950,59560,2017-05-25 10:10:00,0.9999049207118478,1,Second Class,Caribbean,LATAM,Cuba,Santiago de Cuba
alert_4952,59560,2017-05-25 10:10:00,0.9999049207118478,1,Second Class,Caribbean,LATAM,Cuba,Santiago de Cuba
alert_4951,59560,2017-05-25 10:10:00,0.9999049207118478,1,Second Class,Caribbean,LATAM,Cuba,Santiago de Cuba
alert_31924,74369,2017-12-26 14:25:00,0.9999049009722967,1,Second Class,South Asia,Pacific Asia,India,Punyab
alert_32000,74370,2017-12-27 14:46:00,0.9999049009722967,1,Second Class,South Asia,Pacific Asia,India,Punyab
alert_11426,62380,2017-07-05 14:08:00,0.9999048378418841,1,Second Class,Western Europe,Europe,Francia,Isla de Francia
alert_11429,62380,2017-07-05 14:08:00,0.9999048378418841,1,Second Class,Western Europe,Europe,Francia,Isla de Francia
alert_11430,62380,2017-07-05 14:08:00,0.9999048378418841,1,Second Class,Western Europe,Europe,Francia,Isla de Francia
alert_11427,62380,2017-07-05 14:08:00,0.9999048378418841,1,Second Class,Western Europe,Europe,Francia,Isla de Francia
alert_11428,62380,2017-07-05 14:08:00,0.9999048378418841,1,Second Class,Western Europe,Europe,Francia,Isla de Francia
alert_30914,73299,2017-12-10 23:33:00,0.999904824408888,1,Second Class,Oceania,Pacific Asia,Australia,Nueva Gales del Sur
alert_9916,61799,2017-06-26 02:35:00,0.9999048216791938,1,Second Class,Western Europe,Europe,Francia,Provenza-Alpes-Costa Azul
alert_9917,61799,2017-06-26 02:35:00,0.9999048216791938,1,Second Class,Western Europe,Europe,Francia,Provenza-Alpes-Costa Azul
alert_9914,61799,2017-06-26 02:35:00,0.9999048216791938,1,Second Class,Western Europe,Europe,Francia,Provenza-Alpes-Costa Azul
alert_9913,61799,2017-06-26 02:35:00,0.9999048216791938,1,Second Class,Western Europe,Europe,Francia,Provenza-Alpes-Costa Azul
alert_9915,61799,2017-06-26 02:35:00,0.9999048216791938,1,Second Class,Western Europe,Europe,Francia,Provenza-Alpes-Costa Azul
alert_20276,66085,2017-08-28 16:10:00,0.9999048045281708,1,Second Class,Southern Europe,Europe,España,Murcia
alert_4689,59529,2017-05-23 23:18:00,0.999904791815169,1,Second Class,Central America,LATAM,Honduras,Francisco Morazán
alert_4691,59529,2017-05-23 23:18:00,0.999904791815169,1,Second Class,Central America,LATAM,Honduras,Francisco Morazán
alert_4693,59529,2017-05-23 23:18:00,0.999904791815169,1,Second Class,Central America,LATAM,Honduras,Francisco Morazán
alert_4690,59529,2017-05-23 23:18:00,0.999904791815169,1,Second Class,Central America,LATAM,Honduras,Francisco Morazán
alert_4692,59529,2017-05-23 23:18:00,0.999904791815169,1,Second Class,Central America,LATAM,Honduras,Francisco Morazán
alert_28774,71000,2017-11-08 10:06:00,0.9999047839716153,1,Second Class,Western Europe,Europe,Alemania,Renania del Norte-Westfalia
alert_1855,58265,2017-05-06 12:28:00,0.9999047734970337,1,Second Class,Central America,LATAM,Nicaragua,León
alert_2926,58769,2017-05-12 21:02:00,0.9999047734970337,1,Second Class,Central America,LATAM,México,Michoacán
alert_2923,58769,2017-05-12 21:02:00,0.9999047734970337,1,Second Class,Central America,LATAM,México,Michoacán
alert_2924,58769,2017-05-12 21:02:00,0.9999047734970337,1,Second Class,Central America,LATAM,México,Michoacán
alert_32485,74880,2018-01-04 01:26:00,0.9999047734970337,1,Second Class,South Asia,Pacific Asia,India,Maharashtra
alert_2813,58734,2017-05-12 08:47:00,0.9999047734970337,1,Second Class,Central America,LATAM,Nicaragua,Managua
alert_2925,58769,2017-05-12 21:02:00,0.9999047734970337,1,Second Class,Central America,LATAM,México,Michoacán
alert_6062,60060,2017-06-01 17:20:00,0.9999047734970337,1,Second Class,Central America,LATAM,Nicaragua,Managua
alert_3069,58770,2017-05-13 21:23:00,0.9999047734970337,1,Second Class,Central America,LATAM,México,Michoacán
alert_3071,58770,2017-05-13 21:23:00,0.9999047734970337,1,Second Class,Central America,LATAM,México,Michoacán
alert_1858,58265,2017-05-06 12:28:00,0.9999047734970337,1,Second Class,Central America,LATAM,Nicaragua,León
alert_34484,77000,2018-02-04 00:10:00,0.9999047734970337,1,Second Class,South Asia,Pacific Asia,India,Maharashtra
alert_33893,76409,2018-01-25 09:07:00,0.9999047566751229,1,Second Class,Eastern Asia,Pacific Asia,Corea del Sur,Daejeon
alert_33957,76410,2018-01-26 09:28:00,0.9999047566751229,1,Second Class,Eastern Asia,Pacific Asia,Corea del Sur,Daejeon
alert_4916,59545,2017-05-25 04:54:00,0.9999047566751229,1,Second Class,Caribbean,LATAM,Cuba,Camagüey
alert_31671,74084,2017-12-22 10:34:00,0.9999047335744532,1,Second Class,Southeast Asia,Pacific Asia,Indonesia,Kalimantan Oriental
alert_8660,61229,2017-06-17 18:53:00,0.9999046779943076,1,Second Class,Central America,LATAM,México,Sinaloa
alert_8661,61229,2017-06-17 18:53:00,0.9999046779943076,1,Second Class,Central America,LATAM,México,Sinaloa
alert_1690,58264,2017-05-05 12:07:00,0.9999046779943076,1,Second Class,Central America,LATAM,México,Sonora
alert_1688,58264,2017-05-05 12:07:00,0.9999046779943076,1,Second Class,Central America,LATAM,México,Sonora
alert_1687,58264,2017-05-05 12:07:00,0.9999046779943076,1,Second Class,Central America,LATAM,México,Sonora
alert_1689,58264,2017-05-05 12:07:00,0.9999046779943076,1,Second Class,Central America,LATAM,México,Sonora
alert_32689,75144,2018-01-06 21:56:00,0.9999046779943076,1,Second Class,Eastern Asia,Pacific Asia,China,Shandong
alert_32751,75145,2018-01-07 22:17:00,0.9999046779943076,1,Second Class,Eastern Asia,Pacific Asia,China,Shandong
alert_18736,65499,2017-08-19 02:52:00,0.9999046733005864,1,Second Class,Western Europe,Europe,Alemania,Mecklemburgo-Pomerania Occidental
alert_18737,65499,2017-08-19 02:52:00,0.9999046733005864,1,Second Class,Western Europe,Europe,Alemania,Mecklemburgo-Pomerania Occidental
alert_13338,63219,2017-07-16 20:04:00,0.9999046655922854,1,Second Class,Southern Europe,Europe,Italia,Apulia
alert_13339,63219,2017-07-16 20:04:00,0.9999046655922854,1,Second Class,Southern Europe,Europe,Italia,Apulia
alert_15003,63840,2017-07-26 21:38:00,0.9999046491856002,1,Second Class,Northern Europe,Europe,Reino Unido,Inglaterra
alert_15004,63840,2017-07-26 21:38:00,0.9999046491856002,1,Second Class,Northern Europe,Europe,Reino Unido,Inglaterra
alert_34538,77125,2018-02-05 19:58:00,0.9999046411472622,1,Second Class,Southeast Asia,Pacific Asia,Indonesia,Yakarta
alert_29702,72044,2017-11-22 15:52:00,0.9999046211566911,1,Second Class,Eastern Asia,Pacific Asia,China,Jiangsu
alert_26555,68730,2017-10-06 06:49:00,0.9999046163007642,1,Second Class,Southern Europe,Europe,Portugal,Lisboa
alert_25569,68265,2017-09-29 11:55:00,0.9999045744990551,1,Second Class,Northern Europe,Europe,Reino Unido,Inglaterra
alert_25568,68265,2017-09-29 11:55:00,0.9999045744990551,1,Second Class,Northern Europe,Europe,Reino Unido,Inglaterra
alert_25567,68265,2017-09-29 11:55:00,0.9999045744990551,1,Second Class,Northern Europe,Europe,Reino Unido,Inglaterra
alert_25566,68265,2017-09-29 11:55:00,0.9999045744990551,1,Second Class,Northern Europe,Europe,Reino Unido,Inglaterra
alert_25565,68265,2017-09-29 11:55:00,0.9999045744990551,1,Second Class,Northern Europe,Europe,Reino Unido,Inglaterra
alert_33216,75635,2018-01-15 01:57:00,0.9999045486157919,1,Second Class,South Asia,Pacific Asia,Pakistán,Punyab
alert_8246,61044,2017-06-15 02:04:00,0.9999045297126864,1,Second Class,Central America,LATAM,Honduras,Cortés
alert_8245,61044,2017-06-15 02:04:00,0.9999045297126864,1,Second Class,Central America,LATAM,Honduras,Cortés
alert_8244,61044,2017-06-15 02:04:00,0.9999045297126864,1,Second Class,Central America,LATAM,Honduras,Cortés
alert_2784,58724,2017-05-12 05:16:00,0.9999045297126864,1,Second Class,Central America,LATAM,México,Chiapas
alert_2645,58610,2017-05-11 13:20:00,0.9999045297126864,1,Second Class,Central America,LATAM,Honduras,Cortés
alert_2644,58610,2017-05-11 13:20:00,0.9999045297126864,1,Second Class,Central America,LATAM,Honduras,Cortés
alert_2643,58610,2017-05-11 13:20:00,0.9999045297126864,1,Second Class,Central America,LATAM,Honduras,Cortés
alert_2642,58610,2017-05-11 13:20:00,0.9999045297126864,1,Second Class,Central America,LATAM,Honduras,Cortés
alert_2641,58610,2017-05-11 13:20:00,0.9999045297126864,1,Second Class,Central America,LATAM,Honduras,Cortés
alert_2785,58724,2017-05-12 05:16:00,0.9999045297126864,1,Second Class,Central America,LATAM,México,Chiapas
alert_2786,58724,2017-05-12 05:16:00,0.9999045297126864,1,Second Class,Central America,LATAM,México,Chiapas
alert_8247,61044,2017-06-15 02:04:00,0.9999045297126864,1,Second Class,Central America,LATAM,Honduras,Cortés
alert_8248,61044,2017-06-15 02:04:00,0.9999045297126864,1,Second Class,Central America,LATAM,Honduras,Cortés
alert_8388,61040,2017-06-16 00:40:00,0.9999045297126864,1,Second Class,Central America,LATAM,Honduras,Cortés
alert_33162,75649,2018-01-14 06:51:00,0.9999045135388714,1,Second Class,Southeast Asia,Pacific Asia,Filipinas,Capital Nacional
alert_33082,75564,2018-01-13 01:05:00,0.9999045135388714,1,Second Class,Eastern Asia,Pacific Asia,China,Henan
alert_2078,58360,2017-05-07 21:45:00,0.9999045135388714,1,Second Class,Caribbean,LATAM,Cuba,Granma
alert_2054,58419,2017-05-07 18:25:00,0.9999045135388714,1,Second Class,Central America,LATAM,México,Chihuahua
alert_2084,58429,2017-05-07 21:55:00,0.9999045135388714,1,Second Class,Central America,LATAM,Guatemala,Guatemala
alert_6072,60065,2017-06-01 19:05:00,0.9999045135388714,1,Second Class,Central America,LATAM,México,Baja California
alert_8839,61240,2017-06-18 22:44:00,0.9999045135388714,1,Second Class,Central America,LATAM,México,Chihuahua
alert_8840,61240,2017-06-18 22:44:00,0.9999045135388714,1,Second Class,Central America,LATAM,México,Chihuahua
alert_8841,61240,2017-06-18 22:44:00,0.9999045135388714,1,Second Class,Central America,LATAM,México,Chihuahua
alert_8838,61240,2017-06-18 22:44:00,0.9999045135388714,1,Second Class,Central America,LATAM,México,Chihuahua
alert_3213,58830,2017-05-14 18:25:00,0.9999045135388714,1,Second Class,Central America,LATAM,México,Distrito Federal
alert_3214,58830,2017-05-14 18:25:00,0.9999045135388714,1,Second Class,Central America,LATAM,México,Distrito Federal
alert_8822,61225,2017-06-18 17:29:00,0.9999045135388714,1,Second Class,Central America,LATAM,México,Guanajuato
alert_6074,60065,2017-06-01 19:05:00,0.9999045135388714,1,Second Class,Central America,LATAM,México,Baja California
alert_6073,60065,2017-06-01 19:05:00,0.9999045135388714,1,Second Class,Central America,LATAM,México,Baja California
alert_8691,61239,2017-06-17 22:23:00,0.9999045135388714,1,Second Class,Central America,LATAM,México,Chihuahua
alert_8329,61084,2017-06-15 16:05:00,0.9999045135388714,1,Second Class,Central America,LATAM,Honduras,Atlántida
alert_33421,75929,2018-01-18 08:57:00,0.9999045135388714,1,Second Class,Southeast Asia,Pacific Asia,Indonesia,Célebes Septentrional
alert_8689,61239,2017-06-17 22:23:00,0.9999045135388714,1,Second Class,Central America,LATAM,México,Chihuahua
alert_8690,61239,2017-06-17 22:23:00,0.9999045135388714,1,Second Class,Central America,LATAM,México,Chihuahua
alert_3215,58830,2017-05-14 18:25:00,0.9999045135388714,1,Second Class,Central America,LATAM,México,Distrito Federal
alert_2079,58360,2017-05-07 21:45:00,0.9999045135388714,1,Second Class,Caribbean,LATAM,Cuba,Granma
alert_2082,58429,2017-05-07 21:55:00,0.9999045135388714,1,Second Class,Central America,LATAM,Guatemala,Guatemala
alert_2081,58360,2017-05-07 21:45:00,0.9999045135388714,1,Second Class,Caribbean,LATAM,Cuba,Granma
alert_2080,58360,2017-05-07 21:45:00,0.9999045135388714,1,Second Class,Caribbean,LATAM,Cuba,Granma
alert_2083,58429,2017-05-07 21:55:00,0.9999045135388714,1,Second Class,Central America,LATAM,Guatemala,Guatemala
alert_8328,61084,2017-06-15 16:05:00,0.9999045135388714,1,Second Class,Central America,LATAM,Honduras,Atlántida
alert_6589,60270,2017-06-04 18:54:00,0.9999045135388714,1,Second Class,Central America,LATAM,México,Distrito Federal
alert_6590,60270,2017-06-04 18:54:00,0.9999045135388714,1,Second Class,Central America,LATAM,México,Distrito Federal
alert_1907,58359,2017-05-06 21:24:00,0.9999045135388714,1,Second Class,Caribbean,LATAM,Cuba,Granma
alert_32606,75005,2018-01-05 21:14:00,0.9999045135388714,1,Second Class,South Asia,Pacific Asia,India,Chhattisgarh
alert_1403,58169,2017-05-04 02:50:00,0.9999045135388714,1,Second Class,Central America,LATAM,Guatemala,Guatemala
alert_1404,58169,2017-05-04 02:50:00,0.9999045135388714,1,Second Class,Central America,LATAM,Guatemala,Guatemala
alert_1908,58359,2017-05-06 21:24:00,0.9999045135388714,1,Second Class,Caribbean,LATAM,Cuba,Granma
alert_1405,58169,2017-05-04 02:50:00,0.9999045135388714,1,Second Class,Central America,LATAM,Guatemala,Guatemala
alert_1909,58359,2017-05-06 21:24:00,0.9999045135388714,1,Second Class,Caribbean,LATAM,Cuba,Granma
alert_1906,58359,2017-05-06 21:24:00,0.9999045135388714,1,Second Class,Caribbean,LATAM,Cuba,Granma
alert_6591,60270,2017-06-04 18:54:00,0.9999045135388714,1,Second Class,Central America,LATAM,México,Distrito Federal
alert_6606,60275,2017-06-04 20:40:00,0.9999045135388714,1,Second Class,Central America,LATAM,Guatemala,Guatemala
alert_6607,60275,2017-06-04 20:40:00,0.9999045135388714,1,Second Class,Central America,LATAM,Guatemala,Guatemala
alert_6608,60275,2017-06-04 20:40:00,0.9999045135388714,1,Second Class,Central America,LATAM,Guatemala,Guatemala
alert_6610,60275,2017-06-04 20:40:00,0.9999045135388714,1,Second Class,Central America,LATAM,Guatemala,Guatemala
alert_6609,60275,2017-06-04 20:40:00,0.9999045135388714,1,Second Class,Central America,LATAM,Guatemala,Guatemala
alert_6378,60269,2017-06-03 18:33:00,0.9999045135388714,1,Second Class,Central America,LATAM,Guatemala,Guatemala
alert_6618,60280,2017-06-04 22:25:00,0.9999045135388714,1,Second Class,Central America,LATAM,Guatemala,Huehuetenango
alert_1483,58194,2017-05-04 11:36:00,0.9999045135388714,1,Second Class,Caribbean,LATAM,Cuba,Holguín
alert_6617,60280,2017-06-04 22:25:00,0.9999045135388714,1,Second Class,Central America,LATAM,Guatemala,Huehuetenango
alert_6620,60280,2017-06-04 22:25:00,0.9999045135388714,1,Second Class,Central America,LATAM,Guatemala,Huehuetenango
alert_6619,60280,2017-06-04 22:25:00,0.9999045135388714,1,Second Class,Central America,LATAM,Guatemala,Huehuetenango
alert_6380,60269,2017-06-03 18:33:00,0.9999045135388714,1,Second Class,Central America,LATAM,Guatemala,Guatemala
alert_6379,60269,2017-06-03 18:33:00,0.9999045135388714,1,Second Class,Central America,LATAM,Guatemala,Guatemala
alert_6382,60269,2017-06-03 18:33:00,0.9999045135388714,1,Second Class,Central America,LATAM,Guatemala,Guatemala
alert_6381,60269,2017-06-03 18:33:00,0.9999045135388714,1,Second Class,Central America,LATAM,Guatemala,Guatemala
alert_23101,67319,2017-09-14 16:29:00,0.9999044789069225,1,Second Class,Western Europe,Europe,Francia,Isla de Francia
alert_23283,67325,2017-09-15 18:35:00,0.9999044789069225,1,Second Class,Western Europe,Europe,Francia,Isla de Francia
alert_23117,67324,2017-09-14 18:14:00,0.9999044789069225,1,Second Class,Western Europe,Europe,Francia,Isla de Francia
alert_29435,71685,2017-11-18 10:05:00,0.999904473937146,1,Second Class,Eastern Asia,Pacific Asia,China,Shanghái
alert_33093,75505,2018-01-13 04:24:00,0.9999044450602855,1,Second Class,Southeast Asia,Pacific Asia,Indonesia,Yakarta
alert_31188,73530,2017-12-15 08:29:00,0.9999044224878506,1,Second Class,Southeast Asia,Pacific Asia,Filipinas,Capital Nacional
alert_31122,73529,2017-12-14 08:08:00,0.9999044224878506,1,Second Class,Southeast Asia,Pacific Asia,Filipinas,Capital Nacional
alert_31290,73684,2017-12-16 14:26:00,0.9999044224878506,1,Second Class,Southeast Asia,Pacific Asia,Filipinas,Capital Nacional
alert_14901,63790,2017-07-26 04:07:00,0.9999043517657231,1,Second Class,Western Europe,Europe,Francia,Norte-Paso de Calais-Picardía
alert_14902,63790,2017-07-26 04:07:00,0.9999043517657231,1,Second Class,Western Europe,Europe,Francia,Norte-Paso de Calais-Picardía
alert_14900,63790,2017-07-26 04:07:00,0.9999043517657231,1,Second Class,Western Europe,Europe,Francia,Norte-Paso de Calais-Picardía
alert_16031,64364,2017-08-02 13:13:00,0.9999043360441168,1,Second Class,Southern Europe,Europe,España,Cataluña
alert_16030,64364,2017-08-02 13:13:00,0.9999043360441168,1,Second Class,Southern Europe,Europe,España,Cataluña
alert_31460,73854,2017-12-19 01:59:00,0.9999043030422718,1,Second Class,Southeast Asia,Pacific Asia,Indonesia,Sumatra Septentrional
alert_31473,73869,2017-12-19 07:15:00,0.9999043030422718,1,Second Class,Southeast Asia,Pacific Asia,Indonesia,Sumatra Septentrional
alert_11534,62494,2017-07-06 06:04:00,0.9999042330367605,1,Second Class,Southern Europe,Europe,España,Ceuta
alert_16420,64549,2017-08-05 06:02:00,0.9999042330367605,1,Second Class,Western Europe,Europe,Francia,Isla de Francia
alert_16419,64549,2017-08-05 06:02:00,0.9999042330367605,1,Second Class,Western Europe,Europe,Francia,Isla de Francia
alert_11535,62494,2017-07-06 06:04:00,0.9999042330367605,1,Second Class,Southern Europe,Europe,España,Ceuta
alert_17229,64884,2017-08-10 03:24:00,0.9999042330367605,1,Second Class,Western Europe,Europe,Francia,Bretaña
alert_18951,65510,2017-08-20 06:43:00,0.9999042054998706,1,Second Class,Western Europe,Europe,Alemania,Baja Sajonia
alert_18950,65510,2017-08-20 06:43:00,0.9999042054998706,1,Second Class,Western Europe,Europe,Alemania,Baja Sajonia
alert_32157,74604,2017-12-30 00:45:00,0.9999041978312528,1,Second Class,Southeast Asia,Pacific Asia,Indonesia,Java Oriental
alert_5086,59645,2017-05-26 15:56:00,0.9999041114580666,1,Second Class,South America,LATAM,Brasil,São Paulo
alert_5887,59990,2017-05-31 16:49:00,0.9999041103716126,1,Second Class,South America,LATAM,Brasil,Piauí
alert_5885,59990,2017-05-31 16:49:00,0.9999041103716126,1,Second Class,South America,LATAM,Brasil,Piauí
alert_30132,72489,2017-11-29 03:46:00,0.9999040705013396,1,Second Class,Southeast Asia,Pacific Asia,Singapur,Singapur
alert_17708,65005,2017-08-12 21:47:00,0.9999040511945705,1,Second Class,Northern Europe,Europe,Reino Unido,Inglaterra
alert_17709,65005,2017-08-12 21:47:00,0.9999040511945705,1,Second Class,Northern Europe,Europe,Reino Unido,Inglaterra
alert_24280,67760,2017-09-22 02:59:00,0.9999040410520796,1,Second Class,Southern Europe,Europe,Italia,Lombardía
alert_24282,67760,2017-09-22 02:59:00,0.9999040410520796,1,Second Class,Southern Europe,Europe,Italia,Lombardía
alert_24283,67760,2017-09-22 02:59:00,0.9999040410520796,1,Second Class,Southern Europe,Europe,Italia,Lombardía
alert_24281,67760,2017-09-22 02:59:00,0.9999040410520796,1,Second Class,Southern Europe,Europe,Italia,Lombardía
alert_30141,72499,2017-11-29 07:16:00,0.9999040347185194,1,Second Class,Southeast Asia,Pacific Asia,Indonesia,Sumatra Meridional
alert_12487,62785,2017-07-11 12:01:00,0.9999040078847351,1,Second Class,Western Europe,Europe,Alemania,Renania del Norte-Westfalia
alert_12488,62785,2017-07-11 12:01:00,0.9999040078847351,1,Second Class,Western Europe,Europe,Alemania,Renania del Norte-Westfalia
alert_12489,62785,2017-07-11 12:01:00,0.9999040078847351,1,Second Class,Western Europe,Europe,Alemania,Renania del Norte-Westfalia
alert_12486,62785,2017-07-11 12:01:00,0.9999040078847351,1,Second Class,Western Europe,Europe,Alemania,Renania del Norte-Westfalia
alert_12485,62785,2017-07-11 12:01:00,0.9999040078847351,1,Second Class,Western Europe,Europe,Alemania,Renania del Norte-Westfalia
alert_32980,75385,2018-01-11 10:22:00,0.9999039984049708,1,Second Class,Eastern Asia,Pacific Asia,China,Guizhou
alert_28078,70270,2017-10-28 18:21:00,0.9999039926311608,1,Second Class,Western Europe,Europe,Francia,Isla de Francia
alert_12815,63019,2017-07-13 22:00:00,0.9999039655227946,1,Second Class,Southern Europe,Europe,Italia,Liguria
alert_12816,63019,2017-07-13 22:00:00,0.9999039655227946,1,Second Class,Southern Europe,Europe,Italia,Liguria
alert_34353,76904,2018-02-01 14:32:00,0.9999039644195497,1,Second Class,Southeast Asia,Pacific Asia,Indonesia,Yakarta
alert_466,57794,2017-04-28 15:27:00,0.9999039478985213,1,Second Class,Central America,LATAM,El Salvador,San Salvador
alert_33762,76284,2018-01-23 13:19:00,0.9999039413805973,1,Second Class,Southeast Asia,Pacific Asia,Indonesia,Java Central
alert_27881,70060,2017-10-25 16:47:00,0.9999039352548523,1,Second Class,Western Europe,Europe,Francia,Isla de Francia
alert_27809,70059,2017-10-24 16:26:00,0.9999039352548523,1,Second Class,Western Europe,Europe,Francia,Isla de Francia
alert_34528,77164,2018-02-05 09:38:00,0.9999039304472612,1,Second Class,South Asia,Pacific Asia,India,Maharashtra
alert_24562,67939,2017-09-23 17:42:00,0.9999038913593187,1,Second Class,Western Europe,Europe,Alemania,Renania del Norte-Westfalia
alert_27648,69810,2017-10-22 01:12:00,0.9999038608029425,1,Second Class,Western Europe,Europe,Alemania,Sajonia-Anhalt
alert_14145,63584,2017-07-22 03:57:00,0.9999038418382423,1,Second Class,Southern Europe,Europe,Italia,Trentino-Alto Adigio
alert_15271,63940,2017-07-28 08:40:00,0.9999038418382423,1,Second Class,Southern Europe,Europe,Italia,Véneto
alert_15270,63940,2017-07-28 08:40:00,0.9999038418382423,1,Second Class,Southern Europe,Europe,Italia,Véneto
alert_14146,63584,2017-07-22 03:57:00,0.9999038418382423,1,Second Class,Southern Europe,Europe,Italia,Trentino-Alto Adigio
alert_15269,63940,2017-07-28 08:40:00,0.9999038418382423,1,Second Class,Southern Europe,Europe,Italia,Véneto
alert_14143,63584,2017-07-22 03:57:00,0.9999038418382423,1,Second Class,Southern Europe,Europe,Italia,Trentino-Alto Adigio
alert_14144,63584,2017-07-22 03:57:00,0.9999038418382423,1,Second Class,Southern Europe,Europe,Italia,Trentino-Alto Adigio
alert_15272,63940,2017-07-28 08:40:00,0.9999038418382423,1,Second Class,Southern Europe,Europe,Italia,Véneto
alert_14142,63584,2017-07-22 03:57:00,0.9999038418382423,1,Second Class,Southern Europe,Europe,Italia,Trentino-Alto Adigio
alert_31515,73850,2017-12-20 00:35:00,0.9999038204424514,1,Second Class,Southeast Asia,Pacific Asia,Indonesia,Sumatra Septentrional
alert_18870,65485,2017-08-19 21:57:00,0.9999038149800367,1,Second Class,Northern Europe,Europe,Reino Unido,Escocia
alert_18869,65485,2017-08-19 21:57:00,0.9999038149800367,1,Second Class,Northern Europe,Europe,Reino Unido,Escocia
alert_18868,65485,2017-08-19 21:57:00,0.9999038149800367,1,Second Class,Northern Europe,Europe,Reino Unido,Escocia
alert_18867,65485,2017-08-19 21:57:00,0.9999038149800367,1,Second Class,Northern Europe,Europe,Reino Unido,Escocia
alert_28979,71215,2017-11-11 13:26:00,0.9999037848596833,1,Second Class,Western Europe,Europe,Alemania,Renania del Norte-Westfalia
alert_2098,58370,2017-05-08 01:15:00,0.9999037657246838,1,Second Class,Central America,LATAM,México,Guanajuato
alert_6406,60210,2017-06-03 21:53:00,0.9999037401675545,1,Second Class,Central America,LATAM,México,México
alert_6404,60210,2017-06-03 21:53:00,0.9999037401675545,1,Second Class,Central America,LATAM,México,México
alert_3733,59055,2017-05-18 01:14:00,0.9999037401675545,1,Second Class,Central America,LATAM,México,México
alert_6405,60210,2017-06-03 21:53:00,0.9999037401675545,1,Second Class,Central America,LATAM,México,México
alert_6403,60210,2017-06-03 21:53:00,0.9999037401675545,1,Second Class,Central America,LATAM,México,México
alert_28704,70920,2017-11-07 06:05:00,0.9999036988330946,1,Second Class,Southern Europe,Europe,Italia,Campania
alert_31697,74045,2017-12-22 20:54:00,0.9999036834974081,1,Second Class,Southeast Asia,Pacific Asia,Indonesia,Java Occidental
alert_33150,75634,2018-01-14 01:36:00,0.999903669167937,1,Second Class,South Asia,Pacific Asia,Pakistán,Punyab
alert_11837,62535,2017-07-07 20:26:00,0.9999036438648675,1,Second Class,Western Europe,Europe,Francia,Isla de Francia
alert_11836,62535,2017-07-07 20:26:00,0.9999036438648675,1,Second Class,Western Europe,Europe,Francia,Isla de Francia
alert_11838,62535,2017-07-07 20:26:00,0.9999036438648675,1,Second Class,Western Europe,Europe,Francia,Isla de Francia
alert_32557,75024,2018-01-05 03:53:00,0.9999036436286016,1,Second Class,Eastern Asia,Pacific Asia,Japón,Tokio
alert_32626,75025,2018-01-06 04:14:00,0.9999036436286016,1,Second Class,Eastern Asia,Pacific Asia,Japón,Tokio
alert_12615,62845,2017-07-12 09:03:00,0.9999036269392922,1,Second Class,Western Europe,Europe,Alemania,Baden-Wurtemberg
alert_7861,60805,2017-06-12 14:20:00,0.9999036180870892,1,Second Class,Caribbean,LATAM,República Dominicana,Santo Domingo
alert_3268,58924,2017-05-15 03:21:00,0.9999036180870892,1,Second Class,Caribbean,LATAM,República Dominicana,Santo Domingo
alert_7860,60805,2017-06-12 14:20:00,0.9999036180870892,1,Second Class,Caribbean,LATAM,República Dominicana,Santo Domingo
alert_18667,65390,2017-08-18 12:40:00,0.9999036083998383,1,Second Class,Northern Europe,Europe,Reino Unido,Inglaterra
alert_18668,65390,2017-08-18 12:40:00,0.9999036083998383,1,Second Class,Northern Europe,Europe,Reino Unido,Inglaterra
alert_17721,65079,2017-08-12 23:43:00,0.999903593595269,1,Second Class,Southern Europe,Europe,España,Andalucía
alert_16085,64384,2017-08-02 20:13:00,0.9999035873354551,1,Second Class,Western Europe,Europe,Alemania,Renania del Norte-Westfalia
alert_30684,72990,2017-12-07 11:17:00,0.9999035572587897,1,Second Class,Southeast Asia,Pacific Asia,Indonesia,Java Central
alert_11755,62569,2017-07-07 08:21:00,0.999903548161285,1,Second Class,Southern Europe,Europe,España,Castilla-La Mancha
alert_11753,62569,2017-07-07 08:21:00,0.999903548161285,1,Second Class,Southern Europe,Europe,España,Castilla-La Mancha
alert_11756,62569,2017-07-07 08:21:00,0.999903548161285,1,Second Class,Southern Europe,Europe,España,Castilla-La Mancha
alert_11752,62569,2017-07-07 08:21:00,0.999903548161285,1,Second Class,Southern Europe,Europe,España,Castilla-La Mancha
alert_11754,62569,2017-07-07 08:21:00,0.999903548161285,1,Second Class,Southern Europe,Europe,España,Castilla-La Mancha
alert_4754,59559,2017-05-24 09:49:00,0.999903538050711,1,Second Class,Caribbean,LATAM,Cuba,Santiago de Cuba
alert_4755,59559,2017-05-24 09:49:00,0.999903538050711,1,Second Class,Caribbean,LATAM,Cuba,Santiago de Cuba
alert_1374,58159,2017-05-03 23:20:00,0.9999035287302191,1,Second Class,Central America,LATAM,Panamá,Panamá
alert_1376,58159,2017-05-03 23:20:00,0.9999035287302191,1,Second Class,Central America,LATAM,Panamá,Panamá
alert_1375,58159,2017-05-03 23:20:00,0.9999035287302191,1,Second Class,Central America,LATAM,Panamá,Panamá
alert_23884,67644,2017-09-19 10:21:00,0.9999035078295118,1,Second Class,Northern Europe,Europe,Suecia,Estocolmo
alert_34233,76769,2018-01-30 15:14:00,0.9999034868410415,1,Second Class,Oceania,Pacific Asia,Australia,Tasmania
alert_2997,58735,2017-05-13 09:08:00,0.9999034773887858,1,Second Class,Central America,LATAM,México,Chiapas
alert_31992,74360,2017-12-27 11:16:00,0.9999034757101889,1,Second Class,South Asia,Pacific Asia,India,Haryana
alert_32905,75379,2018-01-10 08:16:00,0.9999034405048274,1,Second Class,Southeast Asia,Pacific Asia,Indonesia,Riau
alert_19320,65670,2017-08-22 14:46:00,0.9999034142657693,1,Second Class,Northern Europe,Europe,Reino Unido,Inglaterra
alert_14859,63839,2017-07-25 21:17:00,0.9999034142657693,1,Second Class,Northern Europe,Europe,Reino Unido,Inglaterra
alert_14860,63839,2017-07-25 21:17:00,0.9999034142657693,1,Second Class,Northern Europe,Europe,Reino Unido,Inglaterra
alert_19365,65754,2017-08-22 20:12:00,0.9999034142657693,1,Second Class,Northern Europe,Europe,Reino Unido,Inglaterra
alert_8145,60930,2017-06-14 10:08:00,0.9999033886952778,1,Second Class,Central America,LATAM,Nicaragua,Managua
alert_8143,60930,2017-06-14 10:08:00,0.9999033886952778,1,Second Class,Central America,LATAM,Nicaragua,Managua
alert_2268,58450,2017-05-09 05:17:00,0.9999033886952778,1,Second Class,Central America,LATAM,México,Morelos
alert_2267,58450,2017-05-09 05:17:00,0.9999033886952778,1,Second Class,Central America,LATAM,México,Morelos
alert_8144,60930,2017-06-14 10:08:00,0.9999033886952778,1,Second Class,Central America,LATAM,Nicaragua,Managua
alert_2264,58450,2017-05-09 05:17:00,0.9999033886952778,1,Second Class,Central America,LATAM,México,Morelos
alert_2265,58450,2017-05-09 05:17:00,0.9999033886952778,1,Second Class,Central America,LATAM,México,Morelos
alert_2266,58450,2017-05-09 05:17:00,0.9999033886952778,1,Second Class,Central America,LATAM,México,Morelos
alert_13761,63419,2017-07-19 18:09:00,0.999903351907986,1,Second Class,Western Europe,Europe,Francia,Languedoc-Rosellón-Mediodía-Pirineos
alert_13760,63419,2017-07-19 18:09:00,0.999903351907986,1,Second Class,Western Europe,Europe,Francia,Languedoc-Rosellón-Mediodía-Pirineos
alert_13762,63419,2017-07-19 18:09:00,0.999903351907986,1,Second Class,Western Europe,Europe,Francia,Languedoc-Rosellón-Mediodía-Pirineos
alert_13759,63419,2017-07-19 18:09:00,0.999903351907986,1,Second Class,Western Europe,Europe,Francia,Languedoc-Rosellón-Mediodía-Pirineos
alert_21810,66710,2017-09-06 19:08:00,0.9999033437688101,1,Second Class,Northern Europe,Europe,Reino Unido,Inglaterra
alert_21680,66724,2017-09-06 00:02:00,0.9999033437688101,1,Second Class,Northern Europe,Europe,Reino Unido,Inglaterra
alert_21678,66724,2017-09-06 00:02:00,0.9999033437688101,1,Second Class,Northern Europe,Europe,Reino Unido,Inglaterra
alert_21677,66724,2017-09-06 00:02:00,0.9999033437688101,1,Second Class,Northern Europe,Europe,Reino Unido,Inglaterra
alert_21681,66724,2017-09-06 00:02:00,0.9999033437688101,1,Second Class,Northern Europe,Europe,Reino Unido,Inglaterra
alert_21679,66724,2017-09-06 00:02:00,0.9999033437688101,1,Second Class,Northern Europe,Europe,Reino Unido,Inglaterra
alert_21811,66710,2017-09-06 19:08:00,0.9999033437688101,1,Second Class,Northern Europe,Europe,Reino Unido,Inglaterra
alert_14693,63789,2017-07-25 03:46:00,0.9999033280786238,1,Second Class,Southern Europe,Europe,Italia,Sicilia
alert_14692,63789,2017-07-25 03:46:00,0.9999033280786238,1,Second Class,Southern Europe,Europe,Italia,Sicilia
alert_15066,63870,2017-07-27 08:09:00,0.9999033251892445,1,Second Class,Northern Europe,Europe,Suecia,Estocolmo
alert_29009,71250,2017-11-12 01:41:00,0.9999033147363765,1,Second Class,Western Europe,Europe,Alemania,Hamburgo
alert_2495,58614,2017-05-10 14:44:00,0.9999032918038676,1,Second Class,Central America,LATAM,El Salvador,San Salvador
alert_2496,58614,2017-05-10 14:44:00,0.9999032918038676,1,Second Class,Central America,LATAM,El Salvador,San Salvador
alert_2497,58614,2017-05-10 14:44:00,0.9999032918038676,1,Second Class,Central America,LATAM,El Salvador,San Salvador
alert_7691,60804,2017-06-11 13:59:00,0.9999032602165805,1,Second Class,South America,LATAM,Colombia,Santander
alert_7690,60804,2017-06-11 13:59:00,0.9999032602165805,1,Second Class,South America,LATAM,Colombia,Santander
alert_1630,58175,2017-05-05 04:56:00,0.9999032332498501,1,Second Class,Caribbean,LATAM,Trinidad y Tobago,San Fernando
alert_1632,58175,2017-05-05 04:56:00,0.9999032332498501,1,Second Class,Caribbean,LATAM,Trinidad y Tobago,San Fernando
alert_1637,58175,2017-05-05 04:56:00,0.9999032332498501,1,Second Class,Caribbean,LATAM,Trinidad y Tobago,San Fernando
alert_1638,58175,2017-05-05 04:56:00,0.9999032332498501,1,Second Class,Caribbean,LATAM,Trinidad y Tobago,San Fernando
alert_1633,58175,2017-05-05 04:56:00,0.9999032332498501,1,Second Class,Caribbean,LATAM,Trinidad y Tobago,San Fernando
alert_19596,65859,2017-08-24 08:59:00,0.9999032063242919,1,Second Class,Southern Europe,Europe,España,Ceuta
alert_19597,65859,2017-08-24 08:59:00,0.9999032063242919,1,Second Class,Southern Europe,Europe,España,Ceuta
alert_19043,65609,2017-08-20 17:24:00,0.9999031994286238,1,Second Class,Western Europe,Europe,Países Bajos,Holanda Meridional
alert_19041,65609,2017-08-20 17:24:00,0.9999031994286238,1,Second Class,Western Europe,Europe,Países Bajos,Holanda Meridional
alert_19042,65609,2017-08-20 17:24:00,0.9999031994286238,1,Second Class,Western Europe,Europe,Países Bajos,Holanda Meridional
alert_19044,65609,2017-08-20 17:24:00,0.9999031994286238,1,Second Class,Western Europe,Europe,Países Bajos,Holanda Meridional
alert_30870,73249,2017-12-10 06:02:00,0.9999031935223318,1,Second Class,Oceania,Pacific Asia,Australia,Australia del Sur
alert_33291,75715,2018-01-16 05:59:00,0.9999031901836597,1,Second Class,Southeast Asia,Pacific Asia,Indonesia,Sumatra Meridional
alert_8485,61080,2017-06-16 14:41:00,0.9999031662367062,1,Second Class,South America,LATAM,Venezuela,Aragua
alert_8484,61080,2017-06-16 14:41:00,0.9999031662367062,1,Second Class,South America,LATAM,Venezuela,Aragua
alert_8483,61080,2017-06-16 14:41:00,0.9999031662367062,1,Second Class,South America,LATAM,Venezuela,Aragua
alert_7902,60899,2017-06-12 23:16:00,0.9999031413661162,1,Second Class,Central America,LATAM,Honduras,Cortés
alert_2364,58485,2017-05-09 17:33:00,0.9999031413661162,1,Second Class,Central America,LATAM,El Salvador,Cuscatlán
alert_2184,58479,2017-05-08 15:26:00,0.9999031413661162,1,Second Class,Central America,LATAM,Honduras,Cortés
alert_2185,58479,2017-05-08 15:26:00,0.9999031413661162,1,Second Class,Central America,LATAM,Honduras,Cortés
alert_7901,60899,2017-06-12 23:16:00,0.9999031413661162,1,Second Class,Central America,LATAM,Honduras,Cortés
alert_2363,58485,2017-05-09 17:33:00,0.9999031413661162,1,Second Class,Central America,LATAM,El Salvador,Cuscatlán
alert_7904,60899,2017-06-12 23:16:00,0.9999031413661162,1,Second Class,Central America,LATAM,Honduras,Cortés
alert_7903,60899,2017-06-12 23:16:00,0.9999031413661162,1,Second Class,Central America,LATAM,Honduras,Cortés
alert_2183,58479,2017-05-08 15:26:00,0.9999031413661162,1,Second Class,Central America,LATAM,Honduras,Cortés
alert_2255,58514,2017-05-09 03:42:00,0.9999031249571213,1,Second Class,Caribbean,LATAM,Cuba,Holguín
alert_3351,58885,2017-05-15 13:41:00,0.9999031249571213,1,Second Class,South America,LATAM,Colombia,Caldas
alert_3350,58885,2017-05-15 13:41:00,0.9999031249571213,1,Second Class,South America,LATAM,Colombia,Caldas
alert_2126,58454,2017-05-08 06:41:00,0.9999031249571213,1,Second Class,Central America,LATAM,México,Chihuahua
alert_3352,58885,2017-05-15 13:41:00,0.9999031249571213,1,Second Class,South America,LATAM,Colombia,Caldas
alert_2125,58454,2017-05-08 06:41:00,0.9999031249571213,1,Second Class,Central America,LATAM,México,Chihuahua
alert_2127,58454,2017-05-08 06:41:00,0.9999031249571213,1,Second Class,Central America,LATAM,México,Chihuahua
alert_3520,58955,2017-05-16 14:12:00,0.9999031249571213,1,Second Class,Central America,LATAM,México,Distrito Federal
alert_8928,61280,2017-06-19 12:45:00,0.9999031249571213,1,Second Class,Central America,LATAM,México,Distrito Federal
alert_8926,61280,2017-06-19 12:45:00,0.9999031249571213,1,Second Class,Central America,LATAM,México,Distrito Federal
alert_8927,61280,2017-06-19 12:45:00,0.9999031249571213,1,Second Class,Central America,LATAM,México,Distrito Federal
alert_8925,61280,2017-06-19 12:45:00,0.9999031249571213,1,Second Class,Central America,LATAM,México,Distrito Federal
alert_3349,58885,2017-05-15 13:41:00,0.9999031249571213,1,Second Class,South America,LATAM,Colombia,Caldas
alert_3348,58885,2017-05-15 13:41:00,0.9999031249571213,1,Second Class,South America,LATAM,Colombia,Caldas
alert_3521,58955,2017-05-16 14:12:00,0.9999031249571213,1,Second Class,Central America,LATAM,México,Distrito Federal
alert_3353,58954,2017-05-15 13:51:00,0.9999031249571213,1,Second Class,Central America,LATAM,México,Distrito Federal
alert_3522,58955,2017-05-16 14:12:00,0.9999031249571213,1,Second Class,Central America,LATAM,México,Distrito Federal
alert_8009,60875,2017-06-13 14:52:00,0.9999031249571213,1,Second Class,Central America,LATAM,México,Guanajuato
alert_8011,60875,2017-06-13 14:52:00,0.9999031249571213,1,Second Class,Central America,LATAM,México,Guanajuato
alert_8010,60875,2017-06-13 14:52:00,0.9999031249571213,1,Second Class,Central America,LATAM,México,Guanajuato
alert_8008,60875,2017-06-13 14:52:00,0.9999031249571213,1,Second Class,Central America,LATAM,México,Guanajuato
alert_5978,60025,2017-06-01 05:04:00,0.9999031125126044,1,Second Class,South America,LATAM,Brasil,São Paulo
alert_5980,60025,2017-06-01 05:04:00,0.9999031125126044,1,Second Class,South America,LATAM,Brasil,São Paulo
alert_5979,60025,2017-06-01 05:04:00,0.9999031125126044,1,Second Class,South America,LATAM,Brasil,São Paulo
alert_5977,60025,2017-06-01 05:04:00,0.9999031125126044,1,Second Class,South America,LATAM,Brasil,São Paulo
alert_5976,60025,2017-06-01 05:04:00,0.9999031125126044,1,Second Class,South America,LATAM,Brasil,São Paulo
alert_10312,61969,2017-06-28 14:09:00,0.9999031094491844,1,Second Class,Northern Europe,Europe,Suecia,Estocolmo
alert_29362,71674,2017-11-17 06:14:00,0.9999031093438631,1,Second Class,Oceania,Pacific Asia,Australia,Queensland
alert_34368,76924,2018-02-01 21:33:00,0.9999030927074992,1,Second Class,Oceania,Pacific Asia,Australia,Victoria
alert_12874,62975,2017-07-14 06:35:00,0.999903050801591,1,Second Class,Western Europe,Europe,Alemania,Renania del Norte-Westfalia
alert_12875,62975,2017-07-14 06:35:00,0.999903050801591,1,Second Class,Western Europe,Europe,Alemania,Renania del Norte-Westfalia
alert_12992,63020,2017-07-14 22:21:00,0.999903050801591,1,Second Class,Western Europe,Europe,Alemania,Renania del Norte-Westfalia
alert_12991,63020,2017-07-14 22:21:00,0.999903050801591,1,Second Class,Western Europe,Europe,Alemania,Renania del Norte-Westfalia
alert_12990,63020,2017-07-14 22:21:00,0.999903050801591,1,Second Class,Western Europe,Europe,Alemania,Renania del Norte-Westfalia
alert_12872,62975,2017-07-14 06:35:00,0.999903050801591,1,Second Class,Western Europe,Europe,Alemania,Renania del Norte-Westfalia
alert_19511,65819,2017-08-23 18:58:00,0.9999030329670666,1,Second Class,Southern Europe,Europe,Italia,Toscana
alert_19512,65819,2017-08-23 18:58:00,0.9999030329670666,1,Second Class,Southern Europe,Europe,Italia,Toscana
alert_22883,67170,2017-09-13 12:17:00,0.9999030087391773,1,Second Class,Northern Europe,Europe,Reino Unido,Inglaterra
alert_12516,62795,2017-07-11 15:32:00,0.9999030026742268,1,Second Class,Western Europe,Europe,Francia,Provenza-Alpes-Costa Azul
alert_12514,62795,2017-07-11 15:32:00,0.9999030026742268,1,Second Class,Western Europe,Europe,Francia,Provenza-Alpes-Costa Azul
alert_12517,62795,2017-07-11 15:32:00,0.9999030026742268,1,Second Class,Western Europe,Europe,Francia,Provenza-Alpes-Costa Azul
alert_12513,62795,2017-07-11 15:32:00,0.9999030026742268,1,Second Class,Western Europe,Europe,Francia,Provenza-Alpes-Costa Azul
alert_17875,65134,2017-08-13 18:59:00,0.9999029935967023,1,Second Class,Northern Europe,Europe,Reino Unido,Inglaterra
alert_17874,65134,2017-08-13 18:59:00,0.9999029935967023,1,Second Class,Northern Europe,Europe,Reino Unido,Inglaterra
alert_30071,72355,2017-11-28 04:49:00,0.9999029875825753,1,Second Class,Southeast Asia,Pacific Asia,Singapur,Singapur
alert_33500,75955,2018-01-19 18:04:00,0.9999029679135143,1,Second Class,Southeast Asia,Pacific Asia,Indonesia,Borneo Occidental
alert_5778,59999,2017-05-30 19:58:00,0.9999029462504031,1,Second Class,Central America,LATAM,México,Guanajuato
alert_5776,59999,2017-05-30 19:58:00,0.9999029462504031,1,Second Class,Central America,LATAM,México,Guanajuato
alert_5777,59999,2017-05-30 19:58:00,0.9999029462504031,1,Second Class,Central America,LATAM,México,Guanajuato
alert_5774,59999,2017-05-30 19:58:00,0.9999029462504031,1,Second Class,Central America,LATAM,México,Guanajuato
alert_5775,59999,2017-05-30 19:58:00,0.9999029462504031,1,Second Class,Central America,LATAM,México,Guanajuato
alert_23069,67309,2017-09-14 12:59:00,0.9999029378154188,1,Second Class,Western Europe,Europe,Países Bajos,Holanda Septentrional
alert_23068,67309,2017-09-14 12:59:00,0.9999029378154188,1,Second Class,Western Europe,Europe,Países Bajos,Holanda Septentrional
alert_23070,67309,2017-09-14 12:59:00,0.9999029378154188,1,Second Class,Western Europe,Europe,Países Bajos,Holanda Septentrional
alert_33263,75754,2018-01-15 19:39:00,0.9999029355688362,1,Second Class,Oceania,Pacific Asia,Australia,Queensland
alert_17354,64934,2017-08-10 20:55:00,0.9999029129347942,1,Second Class,Northern Europe,Europe,Reino Unido,Inglaterra
alert_17352,64934,2017-08-10 20:55:00,0.9999029129347942,1,Second Class,Northern Europe,Europe,Reino Unido,Inglaterra
alert_17356,64934,2017-08-10 20:55:00,0.9999029129347942,1,Second Class,Northern Europe,Europe,Reino Unido,Inglaterra
alert_17353,64934,2017-08-10 20:55:00,0.9999029129347942,1,Second Class,Northern Europe,Europe,Reino Unido,Inglaterra
alert_17517,64930,2017-08-11 19:31:00,0.9999029129347942,1,Second Class,Northern Europe,Europe,Reino Unido,Inglaterra
alert_17532,64935,2017-08-11 21:16:00,0.9999029129347942,1,Second Class,Northern Europe,Europe,Reino Unido,Inglaterra
alert_17533,64935,2017-08-11 21:16:00,0.9999029129347942,1,Second Class,Northern Europe,Europe,Reino Unido,Inglaterra
alert_17518,64930,2017-08-11 19:31:00,0.9999029129347942,1,Second Class,Northern Europe,Europe,Reino Unido,Inglaterra
alert_17534,64935,2017-08-11 21:16:00,0.9999029129347942,1,Second Class,Northern Europe,Europe,Reino Unido,Inglaterra
alert_17355,64934,2017-08-10 20:55:00,0.9999029129347942,1,Second Class,Northern Europe,Europe,Reino Unido,Inglaterra
alert_17418,64885,2017-08-11 03:45:00,0.9999029129347942,1,Second Class,Northern Europe,Europe,Reino Unido,Inglaterra
alert_31411,73804,2017-12-18 08:28:00,0.9999028688197754,1,Second Class,Southeast Asia,Pacific Asia,Filipinas,Capital Nacional
alert_24696,67915,2017-09-24 09:17:00,0.9999028393073598,1,Second Class,Western Europe,Europe,Alemania,Berlín
alert_24697,67915,2017-09-24 09:17:00,0.9999028393073598,1,Second Class,Western Europe,Europe,Alemania,Berlín
alert_24685,67910,2017-09-24 07:32:00,0.9999028393073598,1,Second Class,Western Europe,Europe,Alemania,Berlín
alert_34236,76705,2018-01-30 16:49:00,0.9999028288148063,1,Second Class,Southeast Asia,Pacific Asia,Filipinas,Capital Nacional
alert_27442,69580,2017-10-18 16:37:00,0.9999028275057075,1,Second Class,Western Europe,Europe,Alemania,Baden-Wurtemberg
alert_18914,65500,2017-08-20 03:13:00,0.9999027983584866,1,Second Class,Western Europe,Europe,Alemania,Renania del Norte-Westfalia
alert_18913,65500,2017-08-20 03:13:00,0.9999027983584866,1,Second Class,Western Europe,Europe,Alemania,Renania del Norte-Westfalia
alert_18912,65500,2017-08-20 03:13:00,0.9999027983584866,1,Second Class,Western Europe,Europe,Alemania,Renania del Norte-Westfalia
alert_18222,65264,2017-08-15 16:32:00,0.9999027805399546,1,Second Class,Western Europe,Europe,Alemania,Renania del Norte-Westfalia
alert_18223,65264,2017-08-15 16:32:00,0.9999027805399546,1,Second Class,Western Europe,Europe,Alemania,Renania del Norte-Westfalia
alert_29692,72034,2017-11-22 12:22:00,0.99990276337169,1,Second Class,Eastern Asia,Pacific Asia,China,Hebei
alert_29648,71920,2017-11-21 20:25:00,0.9999027508890753,1,Second Class,Southeast Asia,Pacific Asia,Indonesia,Borneo Occidental
alert_24936,68020,2017-09-25 22:05:00,0.9999026584452749,1,Second Class,Western Europe,Europe,Francia,Isla de Francia
alert_24937,68020,2017-09-25 22:05:00,0.9999026584452749,1,Second Class,Western Europe,Europe,Francia,Isla de Francia
alert_24935,68020,2017-09-25 22:05:00,0.9999026584452749,1,Second Class,Western Europe,Europe,Francia,Isla de Francia
alert_31444,73834,2017-12-18 18:59:00,0.9999026423627092,1,Second Class,Oceania,Pacific Asia,Australia,Queensland
alert_3902,59189,2017-05-19 00:11:00,0.9999026073595819,1,Second Class,Caribbean,LATAM,República Dominicana,Santo Domingo
alert_3903,59189,2017-05-19 00:11:00,0.9999026073595819,1,Second Class,Caribbean,LATAM,República Dominicana,Santo Domingo
alert_3904,59189,2017-05-19 00:11:00,0.9999026073595819,1,Second Class,Caribbean,LATAM,República Dominicana,Santo Domingo
alert_1527,58135,2017-05-04 14:55:00,0.9999026073595819,1,Second Class,Caribbean,LATAM,República Dominicana,Santo Domingo
alert_1525,58135,2017-05-04 14:55:00,0.9999026073595819,1,Second Class,Caribbean,LATAM,República Dominicana,Santo Domingo
alert_1617,58239,2017-05-05 03:21:00,0.9999026073595819,1,Second Class,Caribbean,LATAM,República Dominicana,Santo Domingo
alert_1620,58239,2017-05-05 03:21:00,0.9999026073595819,1,Second Class,Caribbean,LATAM,República Dominicana,Santo Domingo
alert_1621,58239,2017-05-05 03:21:00,0.9999026073595819,1,Second Class,Caribbean,LATAM,República Dominicana,Santo Domingo
alert_8487,61085,2017-06-16 16:26:00,0.9999026073595819,1,Second Class,Caribbean,LATAM,República Dominicana,Santo Domingo
alert_2830,58675,2017-05-12 12:06:00,0.9999026073595819,1,Second Class,Caribbean,LATAM,República Dominicana,Santo Domingo
alert_2834,58675,2017-05-12 12:06:00,0.9999026073595819,1,Second Class,Caribbean,LATAM,República Dominicana,Santo Domingo
alert_2833,58675,2017-05-12 12:06:00,0.9999026073595819,1,Second Class,Caribbean,LATAM,República Dominicana,Santo Domingo
alert_6502,60309,2017-06-04 08:34:00,0.9999026073595819,1,Second Class,Caribbean,LATAM,República Dominicana,Santo Domingo
alert_1618,58239,2017-05-05 03:21:00,0.9999026073595819,1,Second Class,Caribbean,LATAM,República Dominicana,Santo Domingo
alert_1619,58239,2017-05-05 03:21:00,0.9999026073595819,1,Second Class,Caribbean,LATAM,República Dominicana,Santo Domingo
alert_2832,58675,2017-05-12 12:06:00,0.9999026073595819,1,Second Class,Caribbean,LATAM,República Dominicana,Santo Domingo
alert_2831,58675,2017-05-12 12:06:00,0.9999026073595819,1,Second Class,Caribbean,LATAM,República Dominicana,Santo Domingo
alert_1523,58135,2017-05-04 14:55:00,0.9999026073595819,1,Second Class,Caribbean,LATAM,República Dominicana,Santo Domingo
alert_7846,60800,2017-06-12 12:35:00,0.9999025867601853,1,Second Class,Central America,LATAM,El Salvador,San Salvador
alert_27803,69985,2017-10-24 14:30:00,0.9999025766006276,1,Second Class,Western Europe,Europe,Alemania,Baden-Wurtemberg
alert_27740,69984,2017-10-23 14:09:00,0.9999025766006276,1,Second Class,Western Europe,Europe,Alemania,Baden-Wurtemberg
alert_4604,59415,2017-05-23 07:22:00,0.9999025510919265,1,Second Class,Central America,LATAM,El Salvador,San Salvador
alert_4606,59415,2017-05-23 07:22:00,0.9999025510919265,1,Second Class,Central America,LATAM,El Salvador,San Salvador
alert_4605,59415,2017-05-23 07:22:00,0.9999025510919265,1,Second Class,Central America,LATAM,El Salvador,San Salvador
alert_4603,59415,2017-05-23 07:22:00,0.9999025510919265,1,Second Class,Central America,LATAM,El Salvador,San Salvador
alert_28465,70734,2017-11-03 12:55:00,0.9999025344323038,1,Second Class,Northern Europe,Europe,Reino Unido,Inglaterra
alert_28553,70750,2017-11-04 18:31:00,0.9999025344323038,1,Second Class,Northern Europe,Europe,Reino Unido,Inglaterra
alert_28532,70794,2017-11-04 09:56:00,0.9999025344323038,1,Second Class,Northern Europe,Europe,Reino Unido,Inglaterra
alert_31810,74234,2017-12-24 15:07:00,0.9999025145365396,1,Second Class,South Asia,Pacific Asia,India,Maharashtra
alert_29953,72230,2017-11-26 09:02:00,0.9999024904507651,1,Second Class,South Asia,Pacific Asia,India,Bihar
alert_33273,75764,2018-01-15 23:09:00,0.9999024705846233,1,Second Class,Eastern Asia,Pacific Asia,China,Jiangsu
alert_24344,67849,2017-09-22 10:10:00,0.9999024677354296,1,Second Class,Southern Europe,Europe,España,Madrid
alert_31913,74359,2017-12-26 10:55:00,0.9999024628249932,1,Second Class,Southeast Asia,Pacific Asia,Filipinas,Capital Nacional
alert_32391,74859,2018-01-02 18:05:00,0.9999024618437704,1,Second Class,Eastern Asia,Pacific Asia,China,Sichuan
alert_30104,72459,2017-11-28 17:15:00,0.999902455042106,1,Second Class,South Asia,Pacific Asia,Nepal,Central
alert_30211,72500,2017-11-30 07:37:00,0.999902442531971,1,Second Class,South Asia,Pacific Asia,India,Maharashtra
alert_27771,70019,2017-10-24 02:25:00,0.9999024350650514,1,Second Class,Western Europe,Europe,Alemania,Hesse
alert_19956,65955,2017-08-26 18:37:00,0.9999024347031833,1,Second Class,Northern Europe,Europe,Reino Unido,Inglaterra
alert_19955,65955,2017-08-26 18:37:00,0.9999024347031833,1,Second Class,Northern Europe,Europe,Reino Unido,Inglaterra
alert_25665,68305,2017-09-30 01:56:00,0.9999024068832192,1,Second Class,Western Europe,Europe,Francia,Languedoc-Rosellón-Mediodía-Pirineos
alert_9803,61680,2017-06-25 08:54:00,0.9999024018425305,1,Second Class,Northern Europe,Europe,Reino Unido,Inglaterra
alert_9644,61679,2017-06-24 08:33:00,0.9999024018425305,1,Second Class,Northern Europe,Europe,Reino Unido,Inglaterra
alert_9643,61679,2017-06-24 08:33:00,0.9999024018425305,1,Second Class,Northern Europe,Europe,Reino Unido,Inglaterra
alert_9646,61679,2017-06-24 08:33:00,0.9999024018425305,1,Second Class,Northern Europe,Europe,Reino Unido,Inglaterra
alert_9804,61680,2017-06-25 08:54:00,0.9999024018425305,1,Second Class,Northern Europe,Europe,Reino Unido,Inglaterra
alert_9645,61679,2017-06-24 08:33:00,0.9999024018425305,1,Second Class,Northern Europe,Europe,Reino Unido,Inglaterra
alert_9647,61679,2017-06-24 08:33:00,0.9999024018425305,1,Second Class,Northern Europe,Europe,Reino Unido,Inglaterra
alert_9805,61680,2017-06-25 08:54:00,0.9999024018425305,1,Second Class,Northern Europe,Europe,Reino Unido,Inglaterra
alert_23099,67250,2017-09-14 16:19:00,0.9999023874140279,1,Second Class,Western Europe,Europe,Países Bajos,Holanda Septentrional
alert_23097,67250,2017-09-14 16:19:00,0.9999023874140279,1,Second Class,Western Europe,Europe,Países Bajos,Holanda Septentrional
alert_23098,67250,2017-09-14 16:19:00,0.9999023874140279,1,Second Class,Western Europe,Europe,Países Bajos,Holanda Septentrional
alert_23100,67250,2017-09-14 16:19:00,0.9999023874140279,1,Second Class,Western Europe,Europe,Países Bajos,Holanda Septentrional
alert_33542,76000,2018-01-20 09:50:00,0.9999023589076921,1,Second Class,Eastern Asia,Pacific Asia,Japón,Chiba
alert_22858,67160,2017-09-13 08:47:00,0.9999023290784966,1,Second Class,Western Europe,Europe,Países Bajos,Holanda Meridional
alert_22857,67160,2017-09-13 08:47:00,0.9999023290784966,1,Second Class,Western Europe,Europe,Países Bajos,Holanda Meridional
alert_22859,67160,2017-09-13 08:47:00,0.9999023290784966,1,Second Class,Western Europe,Europe,Países Bajos,Holanda Meridional
alert_22860,67160,2017-09-13 08:47:00,0.9999023290784966,1,Second Class,Western Europe,Europe,Países Bajos,Holanda Meridional
alert_30044,72399,2017-11-27 20:14:00,0.9999023280350345,1,Second Class,South Asia,Pacific Asia,India,Maharashtra
alert_15138,63895,2017-07-27 16:54:00,0.9999023149944506,1,Second Class,Western Europe,Europe,Francia,Isla de Francia
alert_15139,63895,2017-07-27 16:54:00,0.9999023149944506,1,Second Class,Western Europe,Europe,Francia,Isla de Francia
alert_15140,63895,2017-07-27 16:54:00,0.9999023149944506,1,Second Class,Western Europe,Europe,Francia,Isla de Francia
alert_10563,61990,2017-06-29 21:30:00,0.9999023149944506,1,Second Class,Western Europe,Europe,Francia,Isla de Francia
alert_10564,61990,2017-06-29 21:30:00,0.9999023149944506,1,Second Class,Western Europe,Europe,Francia,Isla de Francia
alert_15349,63990,2017-07-29 02:11:00,0.9999023149944506,1,Second Class,Western Europe,Europe,Francia,Isla de Francia
alert_15348,63990,2017-07-29 02:11:00,0.9999023149944506,1,Second Class,Western Europe,Europe,Francia,Isla de Francia
alert_30737,73040,2017-12-08 04:48:00,0.9999023065368198,1,Second Class,Southeast Asia,Pacific Asia,Indonesia,Java Occidental
alert_28650,70924,2017-11-06 07:29:00,0.9999022883996446,1,Second Class,Western Europe,Europe,Países Bajos,Güeldres
alert_25464,68215,2017-09-28 18:24:00,0.9999022589240573,1,Second Class,Western Europe,Europe,Francia,Languedoc-Rosellón-Mediodía-Pirineos
alert_25465,68215,2017-09-28 18:24:00,0.9999022589240573,1,Second Class,Western Europe,Europe,Francia,Languedoc-Rosellón-Mediodía-Pirineos
alert_25463,68215,2017-09-28 18:24:00,0.9999022589240573,1,Second Class,Western Europe,Europe,Francia,Languedoc-Rosellón-Mediodía-Pirineos
alert_19323,65739,2017-08-22 14:56:00,0.9999022566156442,1,Second Class,Western Europe,Europe,Francia,Isla de Francia
alert_19322,65739,2017-08-22 14:56:00,0.9999022566156442,1,Second Class,Western Europe,Europe,Francia,Isla de Francia
alert_10319,61905,2017-06-28 15:43:00,0.9999022566156442,1,Second Class,Western Europe,Europe,Francia,Isla de Francia
alert_10369,61989,2017-06-28 21:09:00,0.9999022566156442,1,Second Class,Western Europe,Europe,Francia,Isla de Francia
alert_20398,66199,2017-08-29 08:06:00,0.9999022566156442,1,Second Class,Western Europe,Europe,Francia,Isla de Francia
alert_20397,66199,2017-08-29 08:06:00,0.9999022566156442,1,Second Class,Western Europe,Europe,Francia,Isla de Francia
alert_10320,61905,2017-06-28 15:43:00,0.9999022566156442,1,Second Class,Western Europe,Europe,Francia,Isla de Francia
alert_20396,66199,2017-08-29 08:06:00,0.9999022566156442,1,Second Class,Western Europe,Europe,Francia,Isla de Francia
alert_20395,66199,2017-08-29 08:06:00,0.9999022566156442,1,Second Class,Western Europe,Europe,Francia,Isla de Francia
alert_20394,66199,2017-08-29 08:06:00,0.9999022566156442,1,Second Class,Western Europe,Europe,Francia,Isla de Francia
alert_19325,65739,2017-08-22 14:56:00,0.9999022566156442,1,Second Class,Western Europe,Europe,Francia,Isla de Francia
alert_19324,65739,2017-08-22 14:56:00,0.9999022566156442,1,Second Class,Western Europe,Europe,Francia,Isla de Francia
alert_10321,61905,2017-06-28 15:43:00,0.9999022566156442,1,Second Class,Western Europe,Europe,Francia,Isla de Francia
alert_10322,61905,2017-06-28 15:43:00,0.9999022566156442,1,Second Class,Western Europe,Europe,Francia,Isla de Francia
alert_19485,65740,2017-08-23 15:17:00,0.9999022566156442,1,Second Class,Western Europe,Europe,Francia,Isla de Francia
alert_19321,65739,2017-08-22 14:56:00,0.9999022566156442,1,Second Class,Western Europe,Europe,Francia,Isla de Francia
alert_6782,60340,2017-06-05 19:26:00,0.9999022538347779,1,Second Class,Central America,LATAM,México,San Luis Potosí
alert_6783,60340,2017-06-05 19:26:00,0.9999022538347779,1,Second Class,Central America,LATAM,México,San Luis Potosí
alert_8132,60925,2017-06-14 08:23:00,0.9999022423976925,1,Second Class,Central America,LATAM,México,Tamaulipas
alert_32772,75234,2018-01-08 05:28:00,0.9999022382952237,1,Second Class,South Asia,Pacific Asia,Pakistán,Punyab
alert_10491,61965,2017-06-29 12:44:00,0.9999021994059994,1,Second Class,Southern Europe,Europe,España,Islas Baleares
alert_10495,61965,2017-06-29 12:44:00,0.9999021994059994,1,Second Class,Southern Europe,Europe,España,Islas Baleares
alert_10494,61965,2017-06-29 12:44:00,0.9999021994059994,1,Second Class,Southern Europe,Europe,España,Islas Baleares
alert_10492,61965,2017-06-29 12:44:00,0.9999021994059994,1,Second Class,Southern Europe,Europe,España,Islas Baleares
alert_10493,61965,2017-06-29 12:44:00,0.9999021994059994,1,Second Class,Southern Europe,Europe,España,Islas Baleares
alert_19239,65645,2017-08-22 06:01:00,0.9999021409581214,1,Second Class,Southern Europe,Europe,España,Galicia
alert_19240,65645,2017-08-22 06:01:00,0.9999021409581214,1,Second Class,Southern Europe,Europe,España,Galicia
alert_19238,65645,2017-08-22 06:01:00,0.9999021409581214,1,Second Class,Southern Europe,Europe,España,Galicia
alert_19237,65645,2017-08-22 06:01:00,0.9999021409581214,1,Second Class,Southern Europe,Europe,España,Galicia
alert_31733,74080,2017-12-23 09:10:00,0.9999021106401598,1,Second Class,South Asia,Pacific Asia,India,Punyab
alert_27137,69270,2017-10-14 04:00:00,0.999902021401264,1,Second Class,Northern Europe,Europe,Reino Unido,Inglaterra
alert_12533,62800,2017-07-11 17:17:00,0.9999020202023133,1,Second Class,Western Europe,Europe,Alemania,Renania del Norte-Westfalia
alert_12534,62800,2017-07-11 17:17:00,0.9999020202023133,1,Second Class,Western Europe,Europe,Alemania,Renania del Norte-Westfalia
alert_12532,62800,2017-07-11 17:17:00,0.9999020202023133,1,Second Class,Western Europe,Europe,Alemania,Renania del Norte-Westfalia
alert_11493,62405,2017-07-05 22:54:00,0.9999019932393072,1,Second Class,Southern Europe,Europe,Italia,Sicilia
alert_11492,62405,2017-07-05 22:54:00,0.9999019932393072,1,Second Class,Southern Europe,Europe,Italia,Sicilia
alert_11643,62534,2017-07-06 20:05:00,0.9999019683574469,1,Second Class,Northern Europe,Europe,Suecia,Estocolmo
alert_11644,62534,2017-07-06 20:05:00,0.9999019683574469,1,Second Class,Northern Europe,Europe,Suecia,Estocolmo
alert_11642,62534,2017-07-06 20:05:00,0.9999019683574469,1,Second Class,Northern Europe,Europe,Suecia,Estocolmo
alert_11646,62534,2017-07-06 20:05:00,0.9999019683574469,1,Second Class,Northern Europe,Europe,Suecia,Estocolmo
alert_11645,62534,2017-07-06 20:05:00,0.9999019683574469,1,Second Class,Northern Europe,Europe,Suecia,Estocolmo
alert_29891,72229,2017-11-25 08:41:00,0.9999019187753616,1,Second Class,South Asia,Pacific Asia,India,Maharashtra
alert_29874,72145,2017-11-25 03:15:00,0.9999019187753616,1,Second Class,South Asia,Pacific Asia,India,Madhya Pradesh
alert_8218,60965,2017-06-14 22:24:00,0.9999019156551882,1,Second Class,Caribbean,LATAM,República Dominicana,La Vega
alert_34516,77129,2018-02-04 21:22:00,0.9999019068413697,1,Second Class,Southeast Asia,Pacific Asia,Indonesia,Java Occidental
alert_33949,76405,2018-01-26 07:43:00,0.9999018941762995,1,Second Class,South Asia,Pacific Asia,India,Tamil Nadu
alert_25760,68360,2017-09-30 21:12:00,0.9999018556600064,1,Second Class,Western Europe,Europe,Francia,Auvernia-Ródano-Alpes
alert_25759,68360,2017-09-30 21:12:00,0.9999018556600064,1,Second Class,Western Europe,Europe,Francia,Auvernia-Ródano-Alpes
alert_29639,71979,2017-11-21 17:05:00,0.9999017627089143,1,Second Class,Oceania,Pacific Asia,Australia,Australia Occidental
alert_25741,68350,2017-09-30 17:41:00,0.9999017228097679,1,Second Class,Northern Europe,Europe,Reino Unido,Inglaterra
alert_25740,68350,2017-09-30 17:41:00,0.9999017228097679,1,Second Class,Northern Europe,Europe,Reino Unido,Inglaterra
alert_25739,68350,2017-09-30 17:41:00,0.9999017228097679,1,Second Class,Northern Europe,Europe,Reino Unido,Inglaterra
alert_24506,67850,2017-09-23 10:31:00,0.9999017045716799,1,Second Class,Western Europe,Europe,Francia,Isla de Francia
alert_24499,67850,2017-09-23 10:31:00,0.9999017045716799,1,Second Class,Western Europe,Europe,Francia,Isla de Francia
alert_24498,67850,2017-09-23 10:31:00,0.9999017045716799,1,Second Class,Western Europe,Europe,Francia,Isla de Francia
alert_24500,67850,2017-09-23 10:31:00,0.9999017045716799,1,Second Class,Western Europe,Europe,Francia,Isla de Francia
alert_24501,67850,2017-09-23 10:31:00,0.9999017045716799,1,Second Class,Western Europe,Europe,Francia,Isla de Francia
alert_10755,62070,2017-07-01 01:32:00,0.9999016958092237,1,Second Class,Western Europe,Europe,Francia,Alsacia-Champaña-Ardenas-Lorena
alert_29244,71564,2017-11-15 15:42:00,0.9999016956357929,1,Second Class,Western Europe,Europe,Países Bajos,Utrecht
alert_9564,61570,2017-06-23 18:21:00,0.9999016906785954,1,Second Class,South America,LATAM,Brasil,Pernambuco
alert_9563,61570,2017-06-23 18:21:00,0.9999016906785954,1,Second Class,South America,LATAM,Brasil,Pernambuco
alert_31438,73824,2017-12-18 15:29:00,0.9999016619812654,1,Second Class,Southeast Asia,Pacific Asia,Singapur,Singapur
alert_24855,68044,2017-09-25 06:29:00,0.9999016458281066,1,Second Class,Western Europe,Europe,Francia,Isla de Francia
alert_24856,68044,2017-09-25 06:29:00,0.9999016458281066,1,Second Class,Western Europe,Europe,Francia,Isla de Francia
alert_24857,68044,2017-09-25 06:29:00,0.9999016458281066,1,Second Class,Western Europe,Europe,Francia,Isla de Francia
alert_17094,64755,2017-08-09 06:12:00,0.999901582913848,1,Second Class,Northern Europe,Europe,Reino Unido,Inglaterra
alert_16745,64610,2017-08-07 03:24:00,0.999901582913848,1,Second Class,Northern Europe,Europe,Reino Unido,Inglaterra
alert_16741,64610,2017-08-07 03:24:00,0.999901582913848,1,Second Class,Northern Europe,Europe,Reino Unido,Inglaterra
alert_16742,64610,2017-08-07 03:24:00,0.999901582913848,1,Second Class,Northern Europe,Europe,Reino Unido,Inglaterra
alert_16744,64610,2017-08-07 03:24:00,0.999901582913848,1,Second Class,Northern Europe,Europe,Reino Unido,Inglaterra
alert_16743,64610,2017-08-07 03:24:00,0.999901582913848,1,Second Class,Northern Europe,Europe,Reino Unido,Inglaterra
alert_17095,64755,2017-08-09 06:12:00,0.999901582913848,1,Second Class,Northern Europe,Europe,Reino Unido,Inglaterra
alert_17096,64755,2017-08-09 06:12:00,0.999901582913848,1,Second Class,Northern Europe,Europe,Reino Unido,Inglaterra
alert_8742,61259,2017-06-18 05:24:00,0.9999015652185341,1,Second Class,Central America,LATAM,El Salvador,Sonsonate
alert_8739,61259,2017-06-18 05:24:00,0.9999015652185341,1,Second Class,Central America,LATAM,El Salvador,Sonsonate
alert_8740,61259,2017-06-18 05:24:00,0.9999015652185341,1,Second Class,Central America,LATAM,El Salvador,Sonsonate
alert_34546,77165,2018-02-06 09:59:00,0.9999015604419139,1,Second Class,Eastern Asia,Pacific Asia,China,Heilongjiang
alert_29133,71449,2017-11-13 23:25:00,0.9999015180776821,1,Second Class,Northern Europe,Europe,Irlanda,Dublín
alert_27467,69610,2017-10-19 03:08:00,0.9999014859848474,1,Second Class,Southern Europe,Europe,Italia,Campania
alert_2716,58635,2017-05-11 22:06:00,0.9999014702812129,1,Second Class,Central America,LATAM,Honduras,Francisco Morazán
alert_2974,58725,2017-05-13 05:37:00,0.9999014702812129,1,Second Class,Central America,LATAM,Honduras,Francisco Morazán
alert_2717,58635,2017-05-11 22:06:00,0.9999014702812129,1,Second Class,Central America,LATAM,Honduras,Francisco Morazán
alert_33242,75734,2018-01-15 12:38:00,0.9999014528517899,1,Second Class,Eastern Asia,Pacific Asia,China,Shanxi
alert_31978,74414,2017-12-27 06:11:00,0.9999014481730419,1,Second Class,Southeast Asia,Pacific Asia,Indonesia,Célebes Suroriental
alert_7252,60545,2017-06-08 19:15:00,0.9999014329427499,1,Second Class,South America,LATAM,Venezuela,Anzoátegui
alert_27406,69609,2017-10-18 02:46:00,0.9999014271106544,1,Second Class,Southern Europe,Europe,Italia,Campania
alert_16221,64375,2017-08-03 17:04:00,0.9999013900106498,1,Second Class,Southern Europe,Europe,Italia,Liguria
alert_16219,64375,2017-08-03 17:04:00,0.9999013900106498,1,Second Class,Southern Europe,Europe,Italia,Liguria
alert_16170,64419,2017-08-03 08:29:00,0.9999013900106498,1,Second Class,Southern Europe,Europe,España,Madrid
alert_16169,64419,2017-08-03 08:29:00,0.9999013900106498,1,Second Class,Southern Europe,Europe,España,Madrid
alert_16222,64375,2017-08-03 17:04:00,0.9999013900106498,1,Second Class,Southern Europe,Europe,Italia,Liguria
alert_16220,64375,2017-08-03 17:04:00,0.9999013900106498,1,Second Class,Southern Europe,Europe,Italia,Liguria
alert_504,57745,2017-04-28 22:17:00,0.9999013750768325,1,Second Class,South America,LATAM,Brasil,Río de Janeiro
alert_505,57745,2017-04-28 22:17:00,0.9999013750768325,1,Second Class,South America,LATAM,Brasil,Río de Janeiro
alert_506,57745,2017-04-28 22:17:00,0.9999013750768325,1,Second Class,South America,LATAM,Brasil,Río de Janeiro
alert_34477,76990,2018-02-03 20:40:00,0.9999013375631728,1,Second Class,South Asia,Pacific Asia,Pakistán,Punyab
alert_34481,76995,2018-02-03 22:25:00,0.9999013375631728,1,Second Class,South Asia,Pacific Asia,Pakistán,Punyab
alert_34430,76989,2018-02-02 20:19:00,0.9999013375631728,1,Second Class,South Asia,Pacific Asia,Pakistán,Punyab
alert_32601,75000,2018-01-05 19:29:00,0.9999013375631728,1,Second Class,South Asia,Pacific Asia,Pakistán,Territorio de la Capital Federal
alert_19446,65720,2017-08-23 08:17:00,0.999901327867465,1,Second Class,Western Europe,Europe,Francia,Isla de Francia
alert_14758,63809,2017-07-25 10:47:00,0.999901327867465,1,Second Class,Western Europe,Europe,Francia,Isla de Francia
alert_14947,63810,2017-07-26 11:08:00,0.999901327867465,1,Second Class,Western Europe,Europe,Francia,Isla de Francia
alert_26909,69104,2017-10-10 17:51:00,0.9999013273236184,1,Second Class,Western Europe,Europe,Francia,Isla de Francia
alert_20081,66084,2017-08-27 15:49:00,0.9999013260664363,1,Second Class,Northern Europe,Europe,Reino Unido,Inglaterra
alert_14478,63704,2017-07-23 21:59:00,0.9999013260664363,1,Second Class,Northern Europe,Europe,Reino Unido,Gales
alert_14477,63704,2017-07-23 21:59:00,0.9999013260664363,1,Second Class,Northern Europe,Europe,Reino Unido,Gales
alert_20084,66084,2017-08-27 15:49:00,0.9999013260664363,1,Second Class,Northern Europe,Europe,Reino Unido,Inglaterra
alert_20083,66084,2017-08-27 15:49:00,0.9999013260664363,1,Second Class,Northern Europe,Europe,Reino Unido,Inglaterra
alert_20082,66084,2017-08-27 15:49:00,0.9999013260664363,1,Second Class,Northern Europe,Europe,Reino Unido,Inglaterra
alert_31682,74094,2017-12-22 14:04:00,0.9999012618087226,1,Second Class,Southeast Asia,Pacific Asia,Indonesia,Yakarta
alert_27753,69930,2017-10-23 19:14:00,0.9999012520561293,1,Second Class,Western Europe,Europe,Francia,Aquitania-Lemosín-Poitou-Charentes
alert_12878,63044,2017-07-14 06:46:00,0.9999012328610571,1,Second Class,Western Europe,Europe,Francia,Normandía
alert_12877,63044,2017-07-14 06:46:00,0.9999012328610571,1,Second Class,Western Europe,Europe,Francia,Normandía
alert_12879,63044,2017-07-14 06:46:00,0.9999012328610571,1,Second Class,Western Europe,Europe,Francia,Normandía
alert_13070,63045,2017-07-15 07:07:00,0.9999012328610571,1,Second Class,Western Europe,Europe,Francia,Normandía
alert_12752,62915,2017-07-13 09:34:00,0.9999012328610571,1,Second Class,Western Europe,Europe,Francia,Norte-Paso de Calais-Picardía
alert_13074,63045,2017-07-15 07:07:00,0.9999012328610571,1,Second Class,Western Europe,Europe,Francia,Normandía
alert_12749,62915,2017-07-13 09:34:00,0.9999012328610571,1,Second Class,Western Europe,Europe,Francia,Norte-Paso de Calais-Picardía
alert_12751,62915,2017-07-13 09:34:00,0.9999012328610571,1,Second Class,Western Europe,Europe,Francia,Norte-Paso de Calais-Picardía
alert_13071,63045,2017-07-15 07:07:00,0.9999012328610571,1,Second Class,Western Europe,Europe,Francia,Normandía
alert_13072,63045,2017-07-15 07:07:00,0.9999012328610571,1,Second Class,Western Europe,Europe,Francia,Normandía
alert_12750,62915,2017-07-13 09:34:00,0.9999012328610571,1,Second Class,Western Europe,Europe,Francia,Norte-Paso de Calais-Picardía
alert_13073,63045,2017-07-15 07:07:00,0.9999012328610571,1,Second Class,Western Europe,Europe,Francia,Normandía
alert_11941,62585,2017-07-08 13:57:00,0.9999012161287711,1,Second Class,Western Europe,Europe,Francia,Norte-Paso de Calais-Picardía
alert_12892,62980,2017-07-14 08:20:00,0.9999012161287711,1,Second Class,Southern Europe,Europe,España,Madrid
alert_11940,62585,2017-07-08 13:57:00,0.9999012161287711,1,Second Class,Western Europe,Europe,Francia,Norte-Paso de Calais-Picardía
alert_12891,62980,2017-07-14 08:20:00,0.9999012161287711,1,Second Class,Southern Europe,Europe,España,Madrid
alert_12890,62980,2017-07-14 08:20:00,0.9999012161287711,1,Second Class,Southern Europe,Europe,España,Madrid
alert_12889,62980,2017-07-14 08:20:00,0.9999012161287711,1,Second Class,Southern Europe,Europe,España,Madrid
alert_12893,62980,2017-07-14 08:20:00,0.9999012161287711,1,Second Class,Southern Europe,Europe,España,Madrid
alert_29415,71670,2017-11-18 04:50:00,0.9999012031129333,1,Second Class,South Asia,Pacific Asia,India,Uttar Pradesh
alert_10553,61985,2017-06-29 19:45:00,0.9999011789728375,1,Second Class,Western Europe,Europe,Alemania,Hamburgo
alert_10554,61985,2017-06-29 19:45:00,0.9999011789728375,1,Second Class,Western Europe,Europe,Alemania,Hamburgo
alert_15095,63880,2017-07-27 11:39:00,0.9999011789728375,1,Second Class,Western Europe,Europe,Alemania,Baden-Wurtemberg
alert_15094,63880,2017-07-27 11:39:00,0.9999011789728375,1,Second Class,Western Europe,Europe,Alemania,Baden-Wurtemberg
alert_15093,63880,2017-07-27 11:39:00,0.9999011789728375,1,Second Class,Western Europe,Europe,Alemania,Baden-Wurtemberg
alert_10556,61985,2017-06-29 19:45:00,0.9999011789728375,1,Second Class,Western Europe,Europe,Alemania,Hamburgo
alert_15096,63880,2017-07-27 11:39:00,0.9999011789728375,1,Second Class,Western Europe,Europe,Alemania,Baden-Wurtemberg
alert_10555,61985,2017-06-29 19:45:00,0.9999011789728375,1,Second Class,Western Europe,Europe,Alemania,Hamburgo
alert_13434,63195,2017-07-17 11:40:00,0.9999011756393952,1,Second Class,Northern Europe,Europe,Reino Unido,Inglaterra
alert_12617,62914,2017-07-12 09:13:00,0.9999011738356067,1,Second Class,Western Europe,Europe,Francia,Norte-Paso de Calais-Picardía
alert_12618,62914,2017-07-12 09:13:00,0.9999011738356067,1,Second Class,Western Europe,Europe,Francia,Norte-Paso de Calais-Picardía
alert_20656,66289,2017-08-30 15:38:00,0.9999011428886607,1,Second Class,Northern Europe,Europe,Reino Unido,Inglaterra
alert_20660,66289,2017-08-30 15:38:00,0.9999011428886607,1,Second Class,Northern Europe,Europe,Reino Unido,Inglaterra
alert_20658,66289,2017-08-30 15:38:00,0.9999011428886607,1,Second Class,Northern Europe,Europe,Reino Unido,Inglaterra
alert_20659,66289,2017-08-30 15:38:00,0.9999011428886607,1,Second Class,Northern Europe,Europe,Reino Unido,Inglaterra
alert_20657,66289,2017-08-30 15:38:00,0.9999011428886607,1,Second Class,Northern Europe,Europe,Reino Unido,Inglaterra
alert_21423,66565,2017-09-04 16:20:00,0.9999011174081113,1,Second Class,Western Europe,Europe,Alemania,Sarre
alert_30523,72815,2017-12-04 21:59:00,0.9999011148090918,1,Second Class,Southeast Asia,Pacific Asia,Vietnam,Th? Dô Hà N?i
alert_27943,70125,2017-10-26 15:33:00,0.9999010995182529,1,Second Class,Western Europe,Europe,Alemania,Bremen
alert_24415,67879,2017-09-22 20:41:00,0.9999010870075205,1,Second Class,Northern Europe,Europe,Suecia,Västra Götaland
alert_13508,63299,2017-07-18 00:06:00,0.9999010747231352,1,Second Class,Western Europe,Europe,Francia,Provenza-Alpes-Costa Azul
alert_13509,63299,2017-07-18 00:06:00,0.9999010747231352,1,Second Class,Western Europe,Europe,Francia,Provenza-Alpes-Costa Azul
alert_13510,63299,2017-07-18 00:06:00,0.9999010747231352,1,Second Class,Western Europe,Europe,Francia,Provenza-Alpes-Costa Azul
alert_28331,70540,2017-11-01 16:57:00,0.9999010623552295,1,Second Class,Western Europe,Europe,Francia,Isla de Francia
alert_13756,63350,2017-07-19 17:58:00,0.9999010579640614,1,Second Class,Western Europe,Europe,Francia,Países del Loira
alert_13755,63350,2017-07-19 17:58:00,0.9999010579640614,1,Second Class,Western Europe,Europe,Francia,Países del Loira
alert_13757,63350,2017-07-19 17:58:00,0.9999010579640614,1,Second Class,Western Europe,Europe,Francia,Países del Loira
alert_13758,63350,2017-07-19 17:58:00,0.9999010579640614,1,Second Class,Western Europe,Europe,Francia,Países del Loira
alert_33911,76434,2018-01-25 17:53:00,0.9999009831023308,1,Second Class,South Asia,Pacific Asia,Bangladés,Daca
alert_14996,63830,2017-07-26 18:08:00,0.9999009657804565,1,Second Class,Northern Europe,Europe,Reino Unido,Inglaterra
alert_14993,63830,2017-07-26 18:08:00,0.9999009657804565,1,Second Class,Northern Europe,Europe,Reino Unido,Inglaterra
alert_14994,63830,2017-07-26 18:08:00,0.9999009657804565,1,Second Class,Northern Europe,Europe,Reino Unido,Inglaterra
alert_14995,63830,2017-07-26 18:08:00,0.9999009657804565,1,Second Class,Northern Europe,Europe,Reino Unido,Inglaterra
alert_34452,77014,2018-02-03 05:05:00,0.999900961588072,1,Second Class,South Asia,Pacific Asia,India,Odisha
alert_31503,73904,2017-12-19 19:30:00,0.9999009486930983,1,Second Class,Eastern Asia,Pacific Asia,China,Tianjin
alert_31367,73695,2017-12-17 18:17:00,0.9999009379100916,1,Second Class,Eastern Asia,Pacific Asia,China,Guangdong
alert_11641,62465,2017-07-06 19:55:00,0.9999008770142338,1,Second Class,Northern Europe,Europe,Reino Unido,Inglaterra
alert_11640,62465,2017-07-06 19:55:00,0.9999008770142338,1,Second Class,Northern Europe,Europe,Reino Unido,Inglaterra
alert_11639,62465,2017-07-06 19:55:00,0.9999008770142338,1,Second Class,Northern Europe,Europe,Reino Unido,Inglaterra
alert_19028,65604,2017-08-20 15:39:00,0.9999008662802642,1,Second Class,Southern Europe,Europe,España,Andalucía
alert_19030,65604,2017-08-20 15:39:00,0.9999008662802642,1,Second Class,Southern Europe,Europe,España,Andalucía
alert_19031,65604,2017-08-20 15:39:00,0.9999008662802642,1,Second Class,Southern Europe,Europe,España,Andalucía
alert_19032,65604,2017-08-20 15:39:00,0.9999008662802642,1,Second Class,Southern Europe,Europe,España,Andalucía
alert_19029,65604,2017-08-20 15:39:00,0.9999008662802642,1,Second Class,Southern Europe,Europe,España,Andalucía
alert_34408,76964,2018-02-02 11:34:00,0.9999007990922818,1,Second Class,Oceania,Pacific Asia,Australia,Nueva Gales del Sur
alert_19283,65660,2017-08-22 11:16:00,0.9999007827443616,1,Second Class,Southern Europe,Europe,Portugal,Porto
alert_19281,65660,2017-08-22 11:16:00,0.9999007827443616,1,Second Class,Southern Europe,Europe,Portugal,Porto
alert_19285,65660,2017-08-22 11:16:00,0.9999007827443616,1,Second Class,Southern Europe,Europe,Portugal,Porto
alert_19282,65660,2017-08-22 11:16:00,0.9999007827443616,1,Second Class,Southern Europe,Europe,Portugal,Porto
alert_19284,65660,2017-08-22 11:16:00,0.9999007827443616,1,Second Class,Southern Europe,Europe,Portugal,Porto
alert_8946,61295,2017-06-19 18:01:00,0.9999007775981823,1,Second Class,South America,LATAM,Brasil,Santa Catarina
alert_8947,61295,2017-06-19 18:01:00,0.9999007775981823,1,Second Class,South America,LATAM,Brasil,Santa Catarina
alert_8948,61295,2017-06-19 18:01:00,0.9999007775981823,1,Second Class,South America,LATAM,Brasil,Santa Catarina
alert_19531,65760,2017-08-23 22:18:00,0.9999007302140689,1,Second Class,Western Europe,Europe,Alemania,Hamburgo
alert_19532,65760,2017-08-23 22:18:00,0.9999007302140689,1,Second Class,Western Europe,Europe,Alemania,Hamburgo
alert_19533,65760,2017-08-23 22:18:00,0.9999007302140689,1,Second Class,Western Europe,Europe,Alemania,Hamburgo
alert_6796,60414,2017-06-05 21:21:00,0.9999006971333614,1,Second Class,Central America,LATAM,México,Guanajuato
alert_27313,69519,2017-10-16 19:15:00,0.9999006909580164,1,Second Class,Western Europe,Europe,Francia,Languedoc-Rosellón-Mediodía-Pirineos
alert_27319,69524,2017-10-16 21:00:00,0.9999006909580164,1,Second Class,Western Europe,Europe,Francia,Languedoc-Rosellón-Mediodía-Pirineos
alert_18294,65220,2017-08-16 01:07:00,0.9999006857320062,1,Second Class,Western Europe,Europe,Alemania,Renania del Norte-Westfalia
alert_18295,65220,2017-08-16 01:07:00,0.9999006857320062,1,Second Class,Western Europe,Europe,Alemania,Renania del Norte-Westfalia
alert_18293,65220,2017-08-16 01:07:00,0.9999006857320062,1,Second Class,Western Europe,Europe,Alemania,Renania del Norte-Westfalia
alert_22529,67015,2017-09-11 05:59:00,0.9999006846906137,1,Second Class,Northern Europe,Europe,Reino Unido,Inglaterra
alert_34437,76925,2018-02-02 21:54:00,0.9999006755678298,1,Second Class,Southeast Asia,Pacific Asia,Malasia,Kuala Lumpur
alert_4176,59210,2017-05-20 07:33:00,0.9999006712086838,1,Second Class,South America,LATAM,Chile,Santiago de Chile
alert_4175,59210,2017-05-20 07:33:00,0.9999006712086838,1,Second Class,South America,LATAM,Chile,Santiago de Chile
alert_4174,59210,2017-05-20 07:33:00,0.9999006712086838,1,Second Class,South America,LATAM,Chile,Santiago de Chile
alert_31608,73945,2017-12-21 09:52:00,0.9999006393839874,1,Second Class,Eastern Asia,Pacific Asia,China,Hebei
alert_1286,58050,2017-05-03 09:09:00,0.9999006370410886,1,Second Class,South America,LATAM,Brasil,São Paulo
alert_32915,75384,2018-01-10 10:01:00,0.9999006167300141,1,Second Class,Oceania,Pacific Asia,Australia,Victoria
alert_33332,75760,2018-01-16 21:45:00,0.9999006167300141,1,Second Class,Oceania,Pacific Asia,Australia,Queensland
alert_32504,74905,2018-01-04 10:12:00,0.9999005520732239,1,Second Class,Southeast Asia,Pacific Asia,Indonesia,Riau
alert_10966,62234,2017-07-02 10:59:00,0.9999005176724914,1,Second Class,Southern Europe,Europe,Italia,Emilia-Romaña
alert_10965,62234,2017-07-02 10:59:00,0.9999005176724914,1,Second Class,Southern Europe,Europe,Italia,Emilia-Romaña
alert_12465,62844,2017-07-11 08:42:00,0.999900459219506,1,Second Class,Western Europe,Europe,Alemania,Baden-Wurtemberg
alert_12468,62844,2017-07-11 08:42:00,0.999900459219506,1,Second Class,Western Europe,Europe,Alemania,Baden-Wurtemberg
alert_12467,62844,2017-07-11 08:42:00,0.999900459219506,1,Second Class,Western Europe,Europe,Alemania,Baden-Wurtemberg
alert_12466,62844,2017-07-11 08:42:00,0.999900459219506,1,Second Class,Western Europe,Europe,Alemania,Baden-Wurtemberg
alert_34537,77189,2018-02-05 18:23:00,0.9999004452685303,1,Second Class,Oceania,Pacific Asia,Australia,Australia Occidental
alert_33287,75779,2018-01-16 04:24:00,0.9999004452685303,1,Second Class,Oceania,Pacific Asia,Australia,Australia Occidental
alert_33768,76220,2018-01-23 14:54:00,0.9999004243475658,1,Second Class,Oceania,Pacific Asia,Australia,Queensland
alert_33118,75599,2018-01-13 13:20:00,0.9999004178547358,1,Second Class,Oceania,Pacific Asia,Australia,Nueva Gales del Sur
alert_25350,68165,2017-09-28 00:53:00,0.9999004157087009,1,Second Class,Northern Europe,Europe,Reino Unido,Inglaterra
alert_25351,68165,2017-09-28 00:53:00,0.9999004157087009,1,Second Class,Northern Europe,Europe,Reino Unido,Inglaterra
alert_25353,68165,2017-09-28 00:53:00,0.9999004157087009,1,Second Class,Northern Europe,Europe,Reino Unido,Inglaterra
alert_25352,68165,2017-09-28 00:53:00,0.9999004157087009,1,Second Class,Northern Europe,Europe,Reino Unido,Inglaterra
alert_1859,58334,2017-05-06 12:38:00,0.9999004095673616,1,Second Class,Central America,LATAM,México,Nuevo León
alert_7241,60540,2017-06-08 17:30:00,0.9999004095673616,1,Second Class,Central America,LATAM,México,Nuevo León
alert_7243,60540,2017-06-08 17:30:00,0.9999004095673616,1,Second Class,Central America,LATAM,México,Nuevo León
alert_7242,60540,2017-06-08 17:30:00,0.9999004095673616,1,Second Class,Central America,LATAM,México,Nuevo León
alert_28781,71079,2017-11-08 13:47:00,0.9999004038434981,1,Second Class,Western Europe,Europe,Alemania,Baja Sajonia
alert_34031,76495,2018-01-27 15:15:00,0.9999004035136093,1,Second Class,South Asia,Pacific Asia,India,Rajastán
alert_32004,74375,2017-12-27 16:31:00,0.9999003761255516,1,Second Class,Southeast Asia,Pacific Asia,Indonesia,Java Oriental
alert_31897,74339,2017-12-26 03:54:00,0.9999003761255516,1,Second Class,Southeast Asia,Pacific Asia,Indonesia,Java Oriental
alert_12938,63000,2017-07-14 15:21:00,0.9999003737443353,1,Second Class,Western Europe,Europe,Francia,Provenza-Alpes-Costa Azul
alert_12939,63000,2017-07-14 15:21:00,0.9999003737443353,1,Second Class,Western Europe,Europe,Francia,Provenza-Alpes-Costa Azul
alert_5130,59660,2017-05-26 21:12:00,0.999900356497223,1,Second Class,South America,LATAM,Bolivia,Chuquisaca
alert_5127,59660,2017-05-26 21:12:00,0.999900356497223,1,Second Class,South America,LATAM,Bolivia,Chuquisaca
alert_5131,59660,2017-05-26 21:12:00,0.999900356497223,1,Second Class,South America,LATAM,Bolivia,Chuquisaca
alert_5128,59660,2017-05-26 21:12:00,0.999900356497223,1,Second Class,South America,LATAM,Bolivia,Chuquisaca
alert_5129,59660,2017-05-26 21:12:00,0.999900356497223,1,Second Class,South America,LATAM,Bolivia,Chuquisaca
alert_18092,65145,2017-08-14 22:50:00,0.999900310751858,1,Second Class,Southern Europe,Europe,España,Murcia
alert_18090,65145,2017-08-14 22:50:00,0.999900310751858,1,Second Class,Southern Europe,Europe,España,Murcia
alert_18091,65145,2017-08-14 22:50:00,0.999900310751858,1,Second Class,Southern Europe,Europe,España,Murcia
alert_16940,64759,2017-08-08 07:36:00,0.9999002997621402,1,Second Class,Northern Europe,Europe,Reino Unido,Inglaterra
alert_12315,62784,2017-07-10 11:40:00,0.9999002997621402,1,Second Class,Northern Europe,Europe,Reino Unido,Inglaterra
alert_16941,64759,2017-08-08 07:36:00,0.9999002997621402,1,Second Class,Northern Europe,Europe,Reino Unido,Inglaterra
alert_19502,65814,2017-08-23 17:13:00,0.9999002681095704,1,Second Class,Northern Europe,Europe,Suecia,Estocolmo
alert_19503,65814,2017-08-23 17:13:00,0.9999002681095704,1,Second Class,Northern Europe,Europe,Suecia,Estocolmo
alert_19504,65814,2017-08-23 17:13:00,0.9999002681095704,1,Second Class,Northern Europe,Europe,Suecia,Estocolmo
alert_19505,65814,2017-08-23 17:13:00,0.9999002681095704,1,Second Class,Northern Europe,Europe,Suecia,Estocolmo
