shipment_id,duration_seconds,distance_meters
SHP_1,52586.7,1254448.9
SHP_4,91357.8,2241886.3
SHP_7,1252.3,19122.0
SHP_9,84115.5,1992559.5
SHP_10,67001.4,1563828.0
SHP_13,172020.8,4367875.0
SHP_15,67428.0,1570137.3
SHP_17,173803.7,4419081.0
SHP_18,863.4,13484.4
SHP_19,1517.9,21515.9
SHP_20,65899.4,1581248.8
SHP_21,87607.5,2077512.8
SHP_23,87904.1,2022149.5
SHP_24,19498.4,463420.7
SHP_25,16113.9,378027.2
SHP_30,77331.8,1828251.4
SHP_34,173399.3,4408596.0
SHP_35,87909.4,2132194.3
SHP_37,67434.6,1563181.8
SHP_38,56383.7,1386262.5
SHP_39,174457.4,4434390.5
SHP_41,81020.6,1966173.8
SHP_42,92006.2,2179316.3
SHP_46,209036.3,5262367.0
SHP_48,88050.2,2076538.5
SHP_50,104011.6,2423308.3
SHP_51,186036.0,4690983.0
SHP_52,77941.4,1848892.1
SHP_57,100025.7,2454280.0
SHP_58,79498.9,1894582.1
SHP_61,1011.5,14813.2
SHP_63,41196.6,971770.0
SHP_64,94232.1,2223476.5
SHP_65,59454.3,1447293.3
SHP_66,86123.5,2048434.8
SHP_69,172332.6,4376352.0
SHP_70,86313.6,2052039.8
SHP_71,84984.9,2022892.9
SHP_72,164106.1,4097328.0
SHP_73,64940.8,1552583.1
SHP_83,197026.8,4896959.0
SHP_84,2944.1,55402.8
SHP_88,84581.4,2011573.0
SHP_92,87390.9,2064551.3
SHP_93,193826.8,4821049.0
SHP_94,212283.1,5315632.0
SHP_96,102169.1,2387835.5
SHP_97,75571.1,1819517.9
SHP_100,213351.8,5344928.0
SHP_101,103016.9,2398663.8
SHP_103,39246.8,928655.6
SHP_104,172163.8,4375336.0
SHP_105,16240.9,381644.7
SHP_107,77364.9,1849717.8
SHP_110,91430.7,2196804.0
SHP_111,196991.3,4894309.0
SHP_112,173573.4,4408762.5
SHP_113,74403.4,1796650.3
SHP_114,100783.6,2351770.5
SHP_116,166708.1,4250005.0
SHP_119,149787.3,3812706.5
SHP_122,173326.0,4403960.5
SHP_123,209122.2,5264171.0
SHP_129,171690.3,4369662.0
SHP_130,86962.4,2058770.5
SHP_131,134256.4,3322435.5
SHP_133,49028.3,1189000.0
SHP_134,1868.2,30477.0
SHP_135,101586.0,2466076.5
SHP_136,44860.2,1091896.3
SHP_139,91866.1,2178121.8
SHP_142,2944.1,55402.8
SHP_146,149086.3,3802294.3
SHP_148,85319.7,2029749.8
SHP_149,195966.0,4872931.0
SHP_154,91503.1,2201372.5
SHP_156,70827.0,1706951.0
SHP_159,81064.3,1926838.1
SHP_162,92377.9,2185889.8
SHP_164,91930.3,2167545.5
SHP_166,164106.1,4097328.0
SHP_167,195164.6,4857697.0
SHP_168,87126.6,2060921.3
SHP_170,87419.6,2064113.5
SHP_171,163264.3,4078517.0
SHP_172,172906.2,4389556.0
SHP_355,171879.9,4372447.0
SHP_357,109748.2,2641785.0
SHP_362,89229.9,2189894.8
SHP_363,92563.9,2174903.3
SHP_367,194812.1,4851714.0
SHP_368,77856.3,1860708.5
SHP_370,1011.5,14813.2
SHP_375,100588.7,2444662.5
SHP_378,81008.9,1926911.8
SHP_381,48812.6,1174470.5
SHP_383,78829.7,1855841.8
SHP_384,197224.9,4914708.0
SHP_385,104115.3,2432383.5
SHP_388,173279.1,4404924.5
SHP_389,91018.5,2127008.0
SHP_391,91817.8,2176293.8
SHP_392,86858.2,2057529.9
SHP_395,95208.2,2255594.3
SHP_396,72891.1,1752600.8
SHP_397,87126.6,2060921.3
SHP_398,87860.2,2070680.4
SHP_401,99531.2,2412613.0
SHP_402,173958.8,4408568.5
SHP_403,829.0,12040.9
SHP_404,99304.8,2319118.5
SHP_405,83735.6,1987803.5
SHP_407,95238.8,2289572.0
SHP_408,87517.0,2073776.8
SHP_411,177152.3,4494380.0
SHP_413,142700.7,3630084.5
SHP_415,87373.1,2065933.9
SHP_416,88107.2,2139925.5
SHP_417,65485.7,1561498.9
SHP_419,91885.0,2177483.3
SHP_421,92107.6,2210788.3
SHP_422,86874.1,2061619.3
SHP_425,93803.1,2179640.0
SHP_428,84997.2,2044331.0
SHP_429,93162.2,2206093.3
SHP_430,97658.9,2303500.0
SHP_431,174393.9,4432570.5
SHP_432,78233.0,1904511.6
SHP_436,194726.0,4840398.0
SHP_437,83638.2,1990711.9
SHP_438,149086.3,3802294.3
SHP_441,167634.2,4273490.0
SHP_444,96597.3,2332888.0
SHP_447,172582.3,4384413.0
SHP_455,2944.1,55402.8
SHP_456,167524.6,4273296.0
SHP_458,174105.5,4426637.5
SHP_459,80239.9,1909812.8
SHP_462,163447.8,4077846.5
SHP_465,87162.2,2069134.5
SHP_466,87755.4,2130976.5
SHP_467,193123.4,4816885.0
SHP_468,87177.4,2061284.1
SHP_470,101339.3,2394117.8
SHP_472,87605.6,2124796.8
SHP_473,72253.4,1746346.0
SHP_474,172869.9,4388552.5
SHP_478,180436.8,4569876.5
SHP_479,163248.1,4062800.0
SHP_480,75571.1,1819517.9
SHP_482,91537.9,2170741.5
SHP_483,44335.4,1083420.0
SHP_484,90712.9,2154108.3
SHP_486,92436.0,2217564.3
SHP_487,195205.8,4850724.0
SHP_488,96073.1,2254668.0
SHP_490,163460.2,4067234.5
SHP_491,209122.2,5264171.0
SHP_493,91088.7,2186005.3
SHP_494,208683.9,5253990.0
SHP_495,83577.0,1988152.5
SHP_498,86123.5,2048434.8
SHP_499,93089.5,2236122.8
SHP_504,92206.9,2213339.8
SHP_508,83273.9,1987586.6
SHP_509,136835.7,3385916.0
SHP_512,169852.2,4310962.0
SHP_517,2436.2,46215.1
SHP_518,83096.4,2031381.0
SHP_520,83360.1,2034890.8
SHP_522,45448.1,1103897.9
SHP_525,172134.7,4381295.5
SHP_526,58487.3,1406357.3
SHP_527,195026.2,4847341.0
SHP_531,102560.3,2390187.5
SHP_534,172416.4,4380671.0
SHP_536,169436.2,4304029.0
SHP_537,196650.7,4892347.0
SHP_539,91882.7,2178535.3
SHP_546,148614.5,3790311.8
SHP_547,82146.6,1949055.8
SHP_548,183379.5,4575739.0
SHP_550,83346.9,2034871.4
SHP_551,174293.8,4426932.5
SHP_552,167128.6,4261510.0
SHP_554,91885.0,2177483.3
SHP_557,193560.8,4813864.0
SHP_562,86704.4,2107340.8
SHP_563,91571.0,2158449.0
SHP_565,120998.1,3079142.3
SHP_567,198025.0,4923556.0
SHP_571,85225.3,2024002.5
SHP_572,850.7,13301.5
SHP_579,141468.0,3605951.3
SHP_581,84581.4,2011573.0
SHP_582,93803.1,2179640.0
SHP_584,170202.7,4335461.5
SHP_589,86785.5,2061830.3
SHP_591,171882.3,4366468.5
SHP_592,193303.4,4820903.0
SHP_595,133682.7,3310257.3
SHP_596,167128.6,4261510.0
SHP_599,87104.4,2060725.8
SHP_600,149667.0,3816064.5
SHP_601,83549.1,1986415.1
SHP_607,95257.2,2244398.0
SHP_608,2543.7,45369.9
SHP_614,73089.7,1756062.1
SHP_616,80371.0,1908570.3
SHP_619,92212.2,2189399.8
SHP_621,80667.7,1911123.1
SHP_622,94271.1,2230195.0
SHP_623,173067.3,4390322.0
SHP_624,79332.3,1866274.6
SHP_627,171483.3,4367100.0
SHP_630,194497.5,4836513.0
SHP_631,75712.1,1818076.0
SHP_633,1599.6,23234.9
SHP_634,20157.2,473578.3
SHP_636,93107.2,2204778.8
SHP_637,87763.4,2077294.1
SHP_638,169527.4,4314905.5
SHP_639,56424.6,1385903.3
SHP_640,87860.2,2070680.4
SHP_641,174064.2,4416706.0
SHP_644,170618.8,4343961.5
SHP_649,134729.2,3334373.3
SHP_650,110248.8,2694137.3
SHP_652,44563.2,1087079.3
SHP_656,1750.9,27104.0
SHP_659,79335.5,1886956.6
SHP_660,87828.9,2129325.0
SHP_662,80419.0,1908853.0
SHP_663,133682.7,3310257.3
SHP_665,67001.4,1563828.0
SHP_668,19508.1,462855.3
SHP_671,88723.2,2095116.3
SHP_672,65349.7,1583555.1
SHP_673,172030.1,4371287.0
SHP_674,174629.4,4436830.5
SHP_676,46260.6,1111911.0
SHP_678,172671.0,4386968.5
SHP_680,86177.7,2046732.6
SHP_681,95750.4,2258631.0
SHP_682,89236.1,2165258.0
SHP_684,170209.1,4330604.0
SHP_687,48812.6,1174470.5
SHP_688,195872.2,4878562.0
SHP_690,79339.4,1892750.5
SHP_693,167329.1,4267590.0
SHP_695,80494.1,1909335.8
SHP_697,172692.4,4386647.0
SHP_698,168524.4,4285750.0
SHP_699,103708.9,2408143.0
SHP_701,86523.4,2053822.9
SHP_705,81646.2,1981588.0
SHP_706,80728.8,1922264.3
SHP_707,88631.3,2136589.0
SHP_709,148614.5,3790311.8
SHP_710,87313.2,2071368.5
SHP_711,171529.5,4364872.5
SHP_716,90771.7,2150526.0
SHP_717,55123.0,1303479.4
SHP_721,99704.0,2415080.5
SHP_722,172738.5,4391909.0
SHP_725,133630.9,3309231.0
SHP_730,44179.2,1076833.6
SHP_731,86665.1,2058746.3
SHP_736,83760.9,1983018.5
SHP_738,175320.7,4450920.0
SHP_740,86858.2,2057529.9
SHP_746,71514.5,1703075.8
SHP_753,87110.7,2060647.9
SHP_755,99304.8,2319118.5
SHP_756,173646.6,4414863.0
SHP_757,173377.4,4398717.0
SHP_758,101901.3,2409683.0
SHP_759,91444.0,2167953.8
SHP_761,19508.1,462855.3
SHP_765,173501.5,4408681.5
SHP_766,148761.3,3789963.8
SHP_768,167284.8,4266330.0
SHP_769,96948.7,2292251.0
SHP_770,78071.6,1912238.1
SHP_771,195966.0,4872931.0
SHP_772,87786.3,2097026.4
SHP_773,215154.6,5329868.0
SHP_774,56398.3,1385960.4
SHP_776,169190.5,4308427.0
SHP_782,95177.4,2254742.3
SHP_783,79523.3,1943867.4
SHP_786,135977.7,3369447.8
SHP_787,162983.2,4071929.5
SHP_788,180436.8,4569876.5
SHP_791,173611.9,4407207.0
SHP_792,82684.7,1986729.0
SHP_794,90771.7,2150526.0
SHP_795,92436.0,2217564.3
SHP_797,193962.3,4823309.0
SHP_800,175217.3,4452261.0
SHP_802,65349.7,1583555.1
SHP_803,197224.9,4914708.0
SHP_806,87097.7,2060679.5
SHP_808,78829.7,1855841.8
SHP_809,42215.8,1022092.8
SHP_810,53406.8,1268465.0
SHP_812,100025.7,2454280.0
SHP_813,172432.8,4379968.5
SHP_814,122832.2,3118366.8
SHP_815,92452.6,2164136.5
SHP_817,98360.6,2300644.5
SHP_821,1331.8,21074.2
SHP_822,172519.1,4384323.5
SHP_825,77897.8,1899777.9
SHP_826,170413.6,4336483.5
SHP_827,86826.9,2058821.4
SHP_840,149086.3,3802294.3
SHP_841,763.6,11584.6
SHP_842,94271.1,2230195.0
SHP_843,103601.1,2414016.8
SHP_846,71199.4,1723389.5
SHP_849,92194.2,2183366.0
SHP_850,91598.1,2172676.5
SHP_855,173991.6,4415232.0
SHP_858,148696.0,3789227.0
SHP_859,87664.9,2070154.8
SHP_860,82737.6,2006483.8
SHP_861,100783.6,2351770.5
SHP_863,91521.8,2169613.3
SHP_865,213537.3,5362817.0
SHP_866,172184.3,4375481.5
SHP_867,173727.0,4414553.0
SHP_868,212909.4,5337524.0
SHP_869,45216.2,1103576.8
SHP_870,125212.4,3176548.5
SHP_871,594.7,7916.0
SHP_875,95715.5,2251729.3
SHP_877,87419.6,2064113.5
SHP_879,87013.8,2059099.3
SHP_880,96824.6,2268463.5
SHP_883,173540.5,4407187.0
SHP_884,149360.4,3808708.0
SHP_886,84754.0,1999330.8
SHP_887,87913.3,2077666.8
SHP_888,94465.2,2231311.5
SHP_891,86785.5,2061830.3
SHP_893,125210.2,3177198.5
SHP_895,92951.0,2230044.8
SHP_898,174457.4,4434390.5
SHP_899,87276.4,2062161.0
SHP_900,172347.8,4376207.0
SHP_904,172350.7,4378045.5
SHP_905,78106.2,1911858.5
SHP_906,195915.6,4873406.0
SHP_907,194197.6,4826764.0
SHP_908,70770.9,1688059.1
SHP_910,83425.9,1978743.0
SHP_915,212052.4,5327247.0
SHP_917,88066.9,2072551.5
SHP_920,174010.9,4416459.0
SHP_923,92436.0,2217564.3
SHP_924,98782.0,2383364.3
SHP_926,170523.0,4336624.0
SHP_927,100783.6,2351770.5
SHP_928,125065.1,3176216.5
SHP_929,149086.3,3802294.3
SHP_931,176946.8,4485554.5
SHP_934,89360.3,2191560.0
SHP_935,90673.6,2157262.0
SHP_939,117957.6,2830471.0
SHP_943,86074.3,2092030.6
SHP_946,171271.7,4342834.5
SHP_947,64963.8,1549998.3
SHP_948,87167.9,2069278.4
SHP_952,87167.9,2069278.4
SHP_956,45174.0,1097778.1
SHP_958,87709.3,2076782.3
SHP_959,177777.5,4442544.5
SHP_966,63833.3,1543604.8
SHP_968,170557.3,4343279.0
SHP_969,90712.9,2154108.3
SHP_970,91355.5,2241849.5
SHP_977,84067.0,1996991.8
SHP_978,85985.8,2013776.0
SHP_979,182661.0,4561742.0
SHP_981,133729.2,3312231.0
SHP_983,172129.3,4375230.0
SHP_984,91800.3,2177622.3
SHP_986,2436.2,46215.1
SHP_988,172598.9,4389538.0
SHP_993,86023.2,2043619.4
SHP_995,90027.8,2145906.3
SHP_1000,76755.0,1882879.8
SHP_1001,16208.5,379319.8
SHP_1002,173332.2,4406048.5
SHP_1003,79811.4,1949166.8
SHP_1005,850.7,13300.6
SHP_1006,16208.5,379319.8
SHP_1009,212111.7,5332340.0
SHP_1011,67489.4,1571522.8
SHP_1013,60982.0,1444603.0
SHP_1016,208895.2,5260896.0
SHP_1017,92107.6,2210788.3
SHP_1019,149982.6,3815138.5
SHP_1020,173350.7,4401299.5
SHP_1021,83863.0,1986706.1
SHP_1024,86123.5,2048434.8
SHP_1025,103659.2,2423056.0
SHP_1028,1680.4,23401.0
SHP_1029,92206.9,2213339.8
SHP_1030,208393.5,5253315.5
SHP_1033,181231.2,4519624.5
SHP_1035,19297.1,459716.3
SHP_1038,45397.0,1104077.1
SHP_1044,95209.9,2300222.3
SHP_1045,174990.6,4429739.0
SHP_1049,84101.7,1989199.0
SHP_1051,208895.2,5260896.0
SHP_1053,56238.0,1348214.0
SHP_1054,192072.0,4765440.0
SHP_1059,148378.2,3781990.5
SHP_1060,163184.6,4060905.3
SHP_1062,1517.9,21515.9
SHP_1063,88487.9,2154792.3
SHP_1066,197105.8,4994674.5
SHP_1067,53526.8,1277554.3
SHP_1068,87909.4,2132194.3
SHP_1069,173286.6,4402059.0
SHP_1071,102169.1,2387835.5
SHP_1072,209335.5,5268576.5
SHP_1074,95096.0,2295771.3
SHP_1076,108242.6,2638298.0
SHP_1078,87506.2,2127632.3
SHP_1080,166892.7,4256029.0
SHP_1083,77770.1,1822772.1
SHP_1086,89586.4,2162263.3
SHP_1087,93638.1,2215225.3
SHP_1090,167851.8,4269894.5
SHP_1092,64599.2,1548719.8
SHP_1093,87909.4,2132194.3
SHP_1094,148761.3,3789963.8
SHP_1098,90618.1,2153724.3
SHP_1099,43637.8,1065627.0
SHP_1100,87529.1,2066038.9
SHP_1106,133729.2,3312231.0
SHP_1108,43048.8,1056362.3
SHP_1109,87605.6,2124796.8
SHP_1112,92448.8,2186890.5
SHP_1114,194257.2,4924571.0
SHP_1116,95447.1,2240486.0
SHP_1118,91819.6,2207933.3
SHP_1119,150509.2,3833237.3
SHP_1123,172347.8,4376207.0
SHP_1124,171839.6,4371806.5
SHP_1127,42162.1,1036085.4
SHP_1128,79749.0,1945408.1
SHP_1134,177190.8,4497453.5
SHP_1135,72253.4,1746346.0
SHP_1139,87909.4,2132194.3
SHP_1145,208315.9,5250027.5
SHP_1146,87679.4,2129949.5
SHP_1149,72945.9,1751162.6
SHP_1150,194384.8,4845698.0
SHP_1151,79794.6,1895190.3
SHP_1152,170573.0,4337416.0
SHP_1154,173535.8,4411756.5
SHP_1156,45054.1,1099022.0
SHP_1157,214878.6,5328847.5
SHP_1158,86282.3,2050475.4
SHP_1160,79749.0,1945408.1
SHP_1162,86023.2,2043619.4
SHP_1166,173191.2,4401193.5
SHP_1167,91725.5,2175611.8
SHP_1169,72012.2,1683790.8
SHP_1172,177402.6,4497889.5
SHP_1173,177402.6,4497889.5
SHP_1174,172685.5,4385817.0
SHP_1179,92212.2,2189399.8
SHP_1182,75579.3,1818584.6
SHP_1184,168735.5,4297887.5
SHP_1186,91816.9,2177727.5
SHP_1191,193113.4,4818169.0
SHP_1192,86289.4,2097445.8
SHP_1194,156446.4,3998090.0
SHP_1195,196625.8,4883347.0
SHP_1197,171943.5,4365970.0
SHP_1200,100847.7,2425252.5
SHP_1205,85851.5,2044507.3
SHP_1209,103113.9,2402942.3
SHP_1210,141468.0,3605951.3
SHP_1211,197224.9,4914708.0
SHP_1213,92340.6,2218156.5
SHP_1220,192228.0,4782271.0
SHP_1229,87560.5,2069568.8
SHP_1230,80625.6,1921959.5
SHP_1233,91503.1,2201372.5
SHP_1234,78874.2,1853391.9
SHP_1235,99640.0,2413399.5
SHP_1236,94567.2,2232467.0
SHP_1242,169436.2,4304029.0
SHP_1244,91308.6,2167523.3
SHP_1246,78956.8,1872088.4
SHP_1250,173483.4,4409680.0
SHP_1257,81008.9,1926911.8
SHP_1258,850.7,13300.6
SHP_1259,149057.0,3783990.0
SHP_1261,64615.2,1543861.3
SHP_1262,67736.2,1574746.8
SHP_1263,67408.3,1571160.8
SHP_1265,194678.0,4838234.0
SHP_1267,87074.6,2059087.6
SHP_1270,81502.0,1977156.5
SHP_1271,86401.0,2052489.8
SHP_1273,102002.5,2502043.0
SHP_1276,73149.5,1766718.0
SHP_1277,192371.8,4796295.0
SHP_1280,147977.3,3775727.5
SHP_1281,173311.8,4403766.5
SHP_1282,1832.8,30080.7
SHP_1284,166824.6,4256392.0
SHP_1285,148696.0,3789227.0
SHP_1286,84699.6,2019221.1
SHP_1287,171448.9,4358688.5
SHP_1288,149086.3,3802294.3
SHP_1292,86994.5,2058872.3
SHP_1302,117029.4,2829456.5
SHP_1305,64963.8,1549998.3
SHP_1308,39246.8,928655.6
SHP_1309,78482.7,1844593.3
SHP_1313,102505.4,2389492.0
SHP_1314,172176.2,4373438.5
SHP_1317,16612.6,386713.4
SHP_1318,184888.8,4616622.0
SHP_1319,87174.7,2059860.6
SHP_1323,193533.9,4814051.0
SHP_1325,86353.4,2052444.9
SHP_1328,56238.0,1348214.0
SHP_1330,99477.7,2423219.0
SHP_1331,173052.2,4396506.5
SHP_1336,23122.6,552947.3
SHP_1339,67572.5,1572158.3
SHP_1340,84636.5,2039809.0
SHP_1343,168476.3,4284710.0
SHP_1345,163385.9,4064302.5
SHP_1347,87373.1,2065933.9
SHP_1348,80906.8,1921214.3
SHP_1349,87126.6,2060921.3
SHP_1350,69640.8,1688414.0
SHP_1351,87025.1,2060122.9
SHP_1352,79979.5,1899247.6
SHP_1353,88066.9,2072551.5
SHP_1354,163649.5,4069183.5
SHP_1355,58679.2,1410451.5
SHP_1357,169852.2,4310962.0
SHP_1358,100847.7,2425252.5
SHP_1359,91018.5,2127008.0
SHP_1363,173727.0,4414553.0
SHP_1365,80371.0,1908570.3
SHP_1368,172197.5,4373946.0
SHP_1369,70669.5,1708064.4
SHP_1373,101805.5,2369641.5
SHP_1374,53406.8,1268465.0
SHP_1376,53533.0,1296744.0
SHP_1377,45397.0,1104077.1
SHP_1382,69674.6,1690553.5
SHP_1383,88904.5,2141009.5
SHP_1384,84211.2,2001906.8
SHP_1385,16150.9,371510.9
SHP_1388,159071.1,4055039.3
SHP_1389,93107.2,2204778.8
SHP_1390,70770.9,1688059.1
SHP_1392,85652.8,2033507.0
SHP_1393,73149.5,1766718.0
SHP_1397,18167.4,404931.7
SHP_1398,174325.6,4424960.5
SHP_1399,177692.7,4435482.0
SHP_1405,482.6,4907.0
SHP_1407,2039.4,32855.0
SHP_1408,53640.1,1281710.5
SHP_1409,91415.2,2169622.0
SHP_1410,177402.6,4497889.5
SHP_1411,57282.3,1404087.5
SHP_1412,80473.5,1909402.5
SHP_1413,110246.4,2694053.8
SHP_1416,64456.5,1543598.8
SHP_1417,93115.0,2228636.8
SHP_1418,78992.0,1873243.1
SHP_1419,171163.3,4288561.0
SHP_1420,110169.6,2692460.5
SHP_1421,174105.5,4426637.5
SHP_1422,160284.3,4093800.0
SHP_1423,84439.7,2001579.4
SHP_1424,185066.5,4615304.5
SHP_1425,116073.0,2785204.0
SHP_1426,215154.6,5329868.0
SHP_1427,133074.1,3221484.0
SHP_1428,87828.9,2129325.0
SHP_1429,193902.1,4822433.0
SHP_1430,71439.1,1729771.0
SHP_1431,164255.5,4101964.3
SHP_1437,175238.3,4450556.5
SHP_1438,174325.6,4424960.5
SHP_1439,91333.0,2168859.3
SHP_1441,75830.0,1792176.4
SHP_1443,166688.2,4253839.5
SHP_1445,195382.1,4874077.5
SHP_1447,31454.0,769440.4
SHP_1450,69674.6,1690553.5
SHP_1451,150115.8,3821025.5
SHP_1453,93050.6,2231724.3
SHP_1456,99304.8,2319118.5
SHP_1458,133960.9,3316628.5
SHP_1459,56897.1,1394985.0
SHP_1460,52920.3,1284154.5
SHP_1462,67128.2,1619066.5
SHP_1464,127769.0,3151731.0
SHP_1465,103561.3,2510848.8
SHP_1467,45054.1,1099022.0
SHP_1469,44141.8,1079292.0
SHP_1470,83545.1,1981291.8
SHP_1475,84211.2,2001906.8
SHP_1476,86479.5,2054301.5
SHP_1477,168976.5,4307509.0
SHP_1478,172683.9,4388490.5
SHP_1480,84071.5,1990579.6
SHP_1481,78992.0,1873243.1
SHP_1483,45440.5,1108184.8
SHP_1484,172692.1,4383696.5
SHP_1485,64726.0,1545750.0
SHP_1487,177914.7,4441874.0
SHP_1488,169852.2,4310962.0
SHP_1490,163447.8,4077846.5
SHP_1496,91885.0,2177483.3
SHP_1498,75775.7,1813747.4
SHP_1499,95715.5,2251729.3
SHP_1501,86785.5,2061830.3
SHP_1502,90960.0,2159799.8
SHP_1504,173114.1,4390415.0
SHP_1506,86715.4,2055850.3
SHP_1507,169584.0,4307031.0
SHP_1508,170707.6,4346546.5
SHP_1509,195915.6,4873406.0
SHP_1510,1599.6,23234.9
SHP_1513,212027.1,5312352.0
SHP_1515,194622.0,4836245.0
SHP_1516,82013.9,1951721.8
SHP_1517,56733.8,1392515.0
SHP_1519,94723.0,2219034.3
SHP_1520,91444.0,2167953.8
SHP_1523,149086.3,3802294.3
SHP_1527,87865.5,2077176.8
SHP_1532,85985.8,2013776.0
SHP_1533,53450.1,1266362.3
SHP_1534,102252.3,2483861.0
SHP_1536,134735.3,3330798.3
SHP_1538,133682.7,3310257.3
SHP_1543,92423.5,2186677.8
SHP_1544,167128.6,4261510.0
SHP_1547,173191.2,4401193.5
SHP_1548,163302.8,4064653.0
SHP_1549,168714.6,4295998.5
SHP_1553,91576.9,2199942.5
SHP_1555,73116.8,1757434.8
SHP_1557,94232.1,2223476.5
SHP_1558,168478.9,4279977.0
SHP_1560,94730.4,2236911.3
SHP_1564,43571.0,1053395.0
SHP_1565,70372.7,1703840.0
SHP_1567,193529.1,4811730.0
SHP_1569,95209.9,2300222.3
SHP_1570,87347.8,2063855.0
SHP_1571,193941.3,4823044.0
SHP_1576,169629.4,4317559.5
SHP_1577,103257.0,2504870.8
SHP_1579,200351.6,4964060.0
SHP_1580,92304.5,2194288.8
SHP_1581,173116.8,4401529.0
SHP_1584,46899.9,1121550.1
SHP_1585,167915.4,4282205.0
SHP_1587,77914.2,1863958.4
SHP_1591,172347.8,4376207.0
SHP_1596,87167.9,2069278.4
SHP_1597,197062.8,4903091.5
SHP_1598,75571.1,1819517.9
SHP_1599,88107.2,2139925.5
SHP_1606,85319.7,2029749.8
SHP_1607,167299.6,4266985.0
SHP_1608,44563.2,1087079.3
SHP_1610,172289.1,4379866.0
SHP_1611,149798.0,3814636.5
SHP_1612,83312.4,1991370.0
SHP_1613,87110.7,2060647.9
SHP_1614,172165.3,4377828.0
SHP_1616,169190.5,4308427.0
SHP_1617,1517.9,21515.9
SHP_1618,196697.9,4892069.0
SHP_1621,86785.5,2061830.3
SHP_1623,87419.6,2064113.5
SHP_1627,87473.0,2126157.5
SHP_1628,209284.8,5262091.5
SHP_1630,86826.9,2058821.4
SHP_1631,101983.0,2477619.8
SHP_1639,73592.0,1763829.1
SHP_1648,97206.7,2332682.3
SHP_1649,94232.1,2223476.5
SHP_1652,87679.4,2076486.6
SHP_1655,87390.9,2064551.3
SHP_1658,86374.9,2097640.3
SHP_1659,87079.5,2059857.1
SHP_1665,173240.9,4405033.0
SHP_1668,83312.4,1991370.0
SHP_1669,174178.4,4419982.0
SHP_1671,91161.7,2163680.5
SHP_1672,67459.4,1571730.5
SHP_1673,196624.9,4885531.0
SHP_1674,173162.8,4396578.5
SHP_1675,84434.8,2007548.4
SHP_1676,100856.8,2352601.0
SHP_1677,197105.8,4994674.5
SHP_1678,87414.3,2067688.1
SHP_1679,127998.4,3158328.5
SHP_1681,87632.7,2068359.5
SHP_1683,194257.2,4924571.0
SHP_1685,93083.8,2201877.3
SHP_1689,79252.9,1864135.5
SHP_1690,170916.2,4283878.0
SHP_1691,193874.5,4871251.5
SHP_1693,195033.8,4850309.0
SHP_1694,166824.6,4256392.0
SHP_1696,174694.7,4437785.0
SHP_1700,117798.5,2829781.0
SHP_1701,92985.1,2174990.3
SHP_1702,93404.6,2236958.3
SHP_1706,80256.9,1912248.0
SHP_1707,87240.0,2116422.0
SHP_1709,86570.5,2054442.1
SHP_1710,208802.1,5252780.5
SHP_1711,68705.7,1666645.1
SHP_1715,86177.7,2046732.6
SHP_1718,73592.0,1763829.1
SHP_1720,173483.4,4409680.0
SHP_1721,20157.2,473578.3
SHP_1722,120897.7,2928318.0
SHP_1723,91816.6,2177799.8
SHP_1724,195026.2,4847341.0
SHP_1725,97550.5,2346601.0
SHP_1727,195870.7,4870670.5
SHP_1729,86175.9,2025547.9
SHP_1730,110168.0,2692475.3
SHP_1731,170289.3,4337121.5
SHP_1733,93404.6,2236958.3
SHP_1735,133682.7,3310257.3
SHP_1736,53413.5,1267495.3
SHP_1738,84806.8,2020027.4
SHP_1741,2944.1,55402.8
SHP_1742,172544.2,4383247.5
SHP_1743,186208.1,4647440.0
SHP_1744,193780.8,4820274.0
SHP_1746,196815.7,4888356.0
SHP_1747,88850.0,2139641.3
SHP_1748,87828.9,2129325.0
SHP_1750,175238.3,4450556.5
SHP_1752,93083.8,2201877.3
SHP_1754,87473.0,2126157.5
SHP_1756,86177.7,2046732.6
SHP_1758,173210.2,4402371.5
SHP_1764,67736.2,1574746.8
SHP_1765,41339.1,974062.2
SHP_1766,87247.5,2060901.5
SHP_1767,97415.8,2293805.0
SHP_1768,87276.4,2062161.0
SHP_1772,88050.2,2076538.5
SHP_1773,104115.3,2432383.5
SHP_1776,86826.9,2058821.4
SHP_1777,184852.0,4614781.0
SHP_1779,82778.7,1942466.8
SHP_1781,193113.4,4818169.0
SHP_1782,91576.9,2199942.5
SHP_1784,74250.3,1753187.5
SHP_1788,173573.4,4408762.5
SHP_1793,78530.9,1846842.8
SHP_1794,87909.5,2080129.9
SHP_1795,167262.7,4266827.5
SHP_1798,127442.2,3142658.5
SHP_1799,174044.9,4418694.0
SHP_1801,163305.7,4064699.8
SHP_1803,2746.7,49360.3
SHP_1804,94567.2,2232467.0
SHP_1807,95184.9,2244034.8
SHP_1809,95756.5,2259945.3
SHP_1811,87341.8,2071180.6
SHP_1814,86289.4,2097445.8
SHP_1818,149733.7,3814382.0
SHP_1821,185128.1,4621693.0
SHP_1822,212191.6,5314128.0
SHP_1824,149360.4,3808708.0
SHP_1826,181947.3,4542639.0
SHP_1838,97206.7,2332682.3
SHP_1840,71606.9,1703274.0
SHP_1843,99304.8,2319118.5
SHP_1845,89064.9,2119535.3
SHP_1848,91434.8,2170945.3
SHP_1849,172138.0,4382120.5
SHP_1850,172416.4,4380671.0
SHP_1852,209284.8,5262091.5
SHP_1855,89236.1,2165258.0
SHP_1857,167592.0,4273510.0
SHP_1858,185064.0,4620417.0
SHP_1859,173163.8,4402602.0
SHP_1861,136835.7,3385916.0
SHP_1863,92950.7,2230600.0
SHP_1866,193962.3,4823309.0
SHP_1870,133403.3,3270040.0
SHP_1871,127998.4,3158328.5
SHP_1872,92376.9,2165579.5
SHP_1873,80524.0,1921058.5
SHP_1878,172453.7,4381539.0
SHP_1882,16113.9,378027.2
SHP_1884,87713.6,2071479.0
SHP_1885,195135.1,4855540.0
SHP_1886,80256.9,1912248.0
SHP_1890,79539.8,1941902.6
SHP_1892,2543.7,45369.9
SHP_1893,87126.6,2060921.3
SHP_1895,91413.3,2200634.8
SHP_1898,173747.8,4411242.0
SHP_1899,94924.3,2293699.5
SHP_1902,70534.5,1682932.1
SHP_1905,97671.9,2308358.0
SHP_1908,95074.4,2253513.0
SHP_1911,196459.5,4894466.0
SHP_1914,16208.5,379319.8
SHP_1918,194507.7,4829928.0
SHP_1919,173410.1,4402571.0
SHP_1922,170523.0,4336624.0
SHP_1923,80728.8,1922264.3
SHP_1924,49028.3,1189000.0
SHP_1925,102169.1,2387835.5
SHP_1926,84112.4,1998291.0
SHP_1929,81927.7,1955180.0
SHP_1930,80371.0,1908570.3
SHP_1932,91576.9,2199942.5
SHP_1935,90878.6,2190665.3
SHP_1936,168418.4,4283145.0
SHP_1940,148834.4,3793906.0
SHP_1941,80475.6,1965258.0
SHP_1942,87510.8,2073489.5
SHP_1943,91579.2,2200682.5
SHP_1945,87341.8,2071180.6
SHP_1946,86023.2,2043619.4
SHP_1949,90353.8,2180014.0
SHP_1950,65184.1,1552303.9
SHP_1954,181749.2,4538848.5
SHP_1955,71514.5,1703075.8
SHP_1956,78755.6,1925393.0
SHP_1961,88996.2,2163935.5
SHP_1963,102079.4,2477516.5
SHP_1965,56535.2,1386083.3
SHP_1966,65057.2,1552896.3
SHP_1967,102169.1,2387835.5
SHP_1970,1599.6,23234.9
SHP_1971,181231.2,4519624.5
SHP_1972,184535.4,4654095.0
SHP_1977,150158.7,3817379.3
SHP_1980,94232.1,2223476.5
SHP_1981,91789.0,2175739.3
SHP_1985,150115.8,3821025.5
SHP_1988,169749.3,4315168.5
SHP_1990,174197.6,4425868.0
SHP_1992,1750.9,27104.0
SHP_2000,141807.9,3613208.5
SHP_2004,92376.9,2165579.5
SHP_2005,168665.4,4296115.0
SHP_2006,170413.6,4336483.5
SHP_2007,141692.0,3613018.8
SHP_2009,93632.8,2210228.0
SHP_2010,92095.3,2208243.0
SHP_2011,173134.4,4397875.5
SHP_2013,80239.9,1909812.8
SHP_2014,80371.0,1908570.3
SHP_2016,173565.0,4405845.5
SHP_2019,87464.8,2074904.9
SHP_2024,62484.6,1515588.6
SHP_2025,89677.6,2114827.5
SHP_2032,78829.7,1855841.8
SHP_2035,102965.7,2399060.0
SHP_2036,173204.4,4401019.5
SHP_2042,171448.9,4358688.5
SHP_2043,78482.7,1844593.3
SHP_2044,174833.7,4425420.0
SHP_2045,78922.7,1927550.9
SHP_2047,93083.8,2201877.3
SHP_2048,74250.3,1753187.5
SHP_2049,167851.8,4269894.5
SHP_2050,62484.6,1515588.6
SHP_2051,61569.1,1490556.1
SHP_2052,195257.8,4853474.5
SHP_2058,83425.9,1978743.0
SHP_2061,53082.1,1273046.4
SHP_2065,93143.3,2247304.8
SHP_2071,67001.4,1563828.0
SHP_2073,127809.8,3152424.5
SHP_2076,218954.4,5395635.5
SHP_2080,79743.4,1895613.0
SHP_2081,193786.8,4815130.0
SHP_2086,99704.0,2415080.5
SHP_2087,92951.0,2230044.8
SHP_2088,92340.6,2218156.5
SHP_2089,168735.5,4297887.5
SHP_2090,167623.5,4271424.0
SHP_2094,177834.5,4439926.0
SHP_2097,180859.2,4575992.0
SHP_2099,59633.8,1451971.9
SHP_2104,172183.5,4375343.0
SHP_2106,170641.9,4339496.0
SHP_2107,84728.8,2040834.0
SHP_2108,92384.6,2192034.8
SHP_2111,103030.2,2402320.3
SHP_2116,86824.4,2060104.0
SHP_2120,95004.9,2287042.3
SHP_2124,5271.9,97042.6
SHP_2127,168652.3,4286894.0
SHP_2129,87864.7,2078411.5
SHP_2130,90771.7,2150526.0
SHP_2138,87021.5,2059923.3
SHP_2139,53450.1,1266362.3
SHP_2140,86824.4,2060104.0
SHP_2147,178112.9,4444991.5
SHP_2149,122546.3,3113873.5
SHP_2155,180746.4,4575104.0
SHP_2156,169497.7,4311918.5
SHP_2157,173067.3,4390322.0
SHP_2158,99570.1,2451326.5
SHP_2159,171692.7,4369806.0
SHP_2162,171805.4,4373278.5
SHP_2169,85457.0,2031283.8
SHP_2170,78956.6,1894687.8
SHP_2171,84439.7,2001579.4
SHP_2178,44439.3,1085172.9
SHP_2181,172980.7,4399605.0
SHP_2182,172030.1,4371287.0
SHP_2183,196624.9,4885531.0
SHP_2184,91660.1,2174851.5
SHP_2185,72891.1,1752600.8
SHP_2191,170413.6,4336483.5
SHP_2193,599.9,8037.3
SHP_2197,183433.1,4637129.0
SHP_2200,75955.2,1815917.0
SHP_2206,168418.4,4283145.0
SHP_2208,194644.4,4840329.0
SHP_2210,109463.6,2639067.3
SHP_2213,86479.5,2054301.5
SHP_2214,82737.6,2006483.8
SHP_2223,92729.5,2192842.8
SHP_2226,169130.0,4310027.0
SHP_2228,181.9,1735.3
SHP_2230,148197.2,3770485.5
SHP_2233,83007.4,1977817.5
SHP_2236,173540.5,4407187.0
SHP_2241,83950.1,1997277.3
SHP_2242,170209.1,4330604.0
SHP_2244,85457.0,2031283.8
SHP_2247,142654.0,3629128.3
SHP_2248,69452.7,1658347.3
SHP_2250,87052.4,2111484.0
SHP_2251,65071.9,1555960.5
SHP_2253,192089.1,4776976.5
SHP_2254,92377.3,2216660.0
SHP_2258,77161.2,1891946.1
SHP_2259,72253.4,1746346.0
SHP_2260,170629.4,4347895.5
SHP_2262,177568.4,4436464.5
SHP_2264,61569.1,1490556.1
SHP_2265,87390.9,2064551.3
SHP_2267,110177.4,2691348.8
SHP_2269,88067.0,2072552.3
SHP_2270,53164.2,1268924.6
SHP_2274,192692.0,4796262.0
SHP_2275,170239.6,4334889.0
SHP_2277,19498.4,463420.7
SHP_2278,78138.7,1863219.5
SHP_2280,91579.2,2200682.5
SHP_2282,80418.9,1913647.0
SHP_2284,173474.0,4407951.0
SHP_2287,43436.6,1065542.4
SHP_2293,167546.5,4270888.0
SHP_2294,133074.1,3221484.0
SHP_2296,166971.3,4227484.0
SHP_2301,208895.2,5260896.0
SHP_2302,45348.6,1102088.4
SHP_2305,150115.8,3821025.5
SHP_2312,172183.5,4375343.0
SHP_2313,167390.5,4263457.0
SHP_2315,149798.0,3814636.5
SHP_2317,91309.6,2167662.8
SHP_2320,204324.8,5102045.0
SHP_2323,87909.5,2080129.9
SHP_2325,173326.0,4403960.5
SHP_2327,173483.4,4409680.0
SHP_2330,879.1,9943.6
SHP_2332,87173.2,2059849.8
SHP_2333,169303.9,4313920.0
SHP_2335,97207.5,2341803.0
SHP_2336,87126.6,2060921.3
SHP_2337,94232.1,2223476.5
SHP_2339,208701.0,5257902.5
SHP_2340,80354.0,1919152.6
SHP_2341,197062.8,4903091.5
SHP_2343,65278.0,1562072.1
SHP_2347,185464.2,4618703.5
SHP_2348,167380.9,4269839.0
SHP_2350,92412.0,2215828.8
SHP_2351,148614.5,3790311.8
SHP_2352,196650.7,4892347.0
SHP_2355,213386.5,5360722.5
SHP_2360,168835.9,4291650.0
SHP_2364,86357.7,2051206.0
SHP_2365,173274.4,4399948.0
SHP_2366,75753.6,1818573.1
SHP_2370,70134.4,1699484.0
SHP_2373,81873.0,1944926.5
SHP_2375,148614.5,3790311.8
SHP_2386,103659.2,2423056.0
SHP_2387,91355.5,2241849.5
SHP_2389,101477.9,2466295.0
SHP_2395,67468.5,1563657.3
SHP_2396,91649.2,2200289.0
SHP_2399,80469.6,1914628.6
SHP_2401,91997.0,2162333.8
SHP_2403,81008.9,1926911.8
SHP_2404,89511.5,2175120.0
SHP_2407,180746.4,4575104.0
SHP_2412,99615.3,2413838.5
SHP_2413,194507.7,4829928.0
SHP_2415,52786.2,1254170.9
SHP_2416,99665.1,2472511.0
SHP_2418,73597.3,1764077.0
SHP_2419,81502.0,1977156.5
SHP_2420,47316.7,1130918.8
SHP_2422,173573.4,4408762.5
SHP_2425,174457.4,4434390.5
SHP_2426,78336.8,1839919.8
SHP_2427,148213.5,3781467.8
SHP_2429,181554.9,4529207.0
SHP_2430,91993.1,2184841.0
SHP_2431,171495.7,4367236.0
SHP_2433,117029.4,2829456.5
SHP_2434,170916.2,4283878.0
SHP_2436,81962.2,1989162.0
SHP_2437,172340.8,4379230.5
SHP_2439,79518.2,1895920.1
SHP_2440,93060.7,2228260.3
SHP_2441,92800.9,2231153.5
SHP_2442,79555.7,1942599.9
SHP_2443,94465.2,2231311.5
SHP_2444,212327.0,5324911.0
SHP_2447,163447.8,4077846.5
SHP_2449,87679.4,2076486.6
SHP_2450,87128.9,2059317.1
SHP_2451,110177.4,2691348.8
SHP_2452,92772.3,2195220.5
SHP_2454,195026.2,4847341.0
SHP_2455,86289.4,2097445.8
SHP_2457,184983.0,4602544.0
SHP_2458,90429.2,2225724.8
SHP_2468,172326.4,4378835.5
SHP_2469,173191.7,4398801.0
SHP_2471,134729.2,3334373.3
SHP_2473,92950.7,2230600.0
SHP_2474,172432.8,4379968.5
SHP_2475,88685.0,2152120.3
SHP_2476,108242.6,2638298.0
SHP_2477,92259.7,2189667.8
SHP_2478,1832.8,30080.7
SHP_2479,96617.7,2228150.8
SHP_2480,18348.5,438012.2
SHP_2481,56535.2,1386083.3
SHP_2484,56535.2,1386083.3
SHP_2486,90462.1,2131602.0
SHP_2488,87162.2,2069134.5
SHP_2489,85911.5,2040973.0
SHP_2493,194360.4,4845181.5
SHP_2497,172544.2,4383247.5
SHP_2499,87909.4,2132194.3
SHP_2500,67710.0,1575436.3
SHP_2503,86123.5,2048434.8
SHP_2504,92169.8,2180533.3
SHP_2507,173350.7,4401299.5
SHP_2508,19508.1,462855.3
SHP_2509,171109.5,4349867.0
SHP_2510,79701.6,1945978.5
SHP_2511,87666.9,2078007.4
SHP_2514,136960.5,3385167.3
SHP_2519,171896.7,4370185.5
SHP_2521,91521.8,2171902.0
SHP_2685,1860.4,31658.4
SHP_2686,142171.7,3621428.0
SHP_2690,211267.4,5314960.5
SHP_2691,87632.7,2068359.5
SHP_2692,92070.6,2179359.0
SHP_2700,83549.1,1986415.1
SHP_2701,41339.1,974062.2
SHP_2704,100564.1,2349125.8
SHP_2707,102138.2,2479354.8
SHP_2710,43637.8,1065627.0
SHP_2711,94567.2,2232467.0
SHP_2712,169346.4,4307721.0
SHP_2714,195026.2,4847341.0
SHP_2718,149653.9,3812662.8
SHP_2719,149733.7,3814382.0
SHP_2721,173958.8,4408568.5
SHP_2722,87079.5,2059857.1
SHP_2723,75217.3,1778408.4
SHP_2724,172838.9,4388607.5
SHP_2725,172808.1,4397528.0
SHP_2730,172685.5,4385817.0
SHP_2731,69865.5,1693958.4
SHP_2732,86177.7,2046732.6
SHP_2736,172163.8,4375336.0
SHP_2741,87473.0,2126157.5
SHP_2743,170209.1,4330604.0
SHP_2746,88686.8,2159722.0
SHP_2747,88286.4,2083867.8
SHP_2749,89045.1,2167150.8
SHP_2750,208596.9,5254175.5
SHP_2751,92225.8,2181558.0
SHP_2752,96274.7,2278461.8
SHP_2765,172347.8,4376207.0
SHP_2767,72253.4,1746346.0
SHP_2769,92249.8,2183960.5
SHP_2770,163473.8,4087180.0
SHP_2771,101477.9,2466295.0
SHP_2773,82705.5,1958151.8
SHP_2774,2543.7,45369.9
SHP_2781,93341.6,2191753.0
SHP_2783,172478.7,4382278.5
SHP_2784,168863.1,4295618.0
SHP_2785,64599.2,1548719.8
SHP_2786,177692.7,4435482.0
SHP_2787,16934.5,396719.6
SHP_2788,170707.6,4346546.5
SHP_2792,171812.7,4370761.5
SHP_2796,162983.2,4071929.5
SHP_2797,83312.4,1991370.0
SHP_2798,184722.6,4612863.0
SHP_2799,122546.3,3113873.5
SHP_2800,89120.0,2166255.0
SHP_2801,83888.0,1995359.0
SHP_2805,91713.5,2174906.0
SHP_2806,87051.7,2061272.5
SHP_2807,31454.0,769440.4
SHP_2811,172003.5,4372249.0
SHP_2814,87861.9,2104506.0
SHP_2817,116073.0,2785204.0
SHP_2819,167585.8,4273222.0
SHP_2820,88050.2,2076538.5
SHP_2824,133421.7,3305351.8
SHP_2826,94682.4,2234207.5
SHP_2828,173735.2,4402221.0
SHP_2832,73185.0,1765881.0
SHP_2835,86123.5,2048434.8
SHP_2841,163104.5,4058752.8
SHP_2845,97207.5,2341803.0
SHP_2847,195026.2,4847341.0
SHP_2848,121895.2,3099665.0
SHP_2850,174833.7,4425420.0
SHP_2851,84581.4,2011573.0
SHP_2852,90724.4,2184743.3
SHP_2853,80660.2,1923981.5
SHP_2854,87786.3,2097026.4
SHP_2857,133362.5,3304139.0
SHP_2858,177591.4,4431879.5
SHP_2859,101499.9,2500471.0
SHP_2860,173641.3,4402024.5
SHP_2861,80239.9,1909812.8
SHP_2862,193465.1,4824378.0
SHP_2865,171529.5,4364872.5
SHP_2866,93728.5,2216817.5
SHP_2867,133852.3,3290604.0
SHP_2869,86994.5,2058872.3
SHP_2871,134735.3,3330798.3
SHP_2876,161018.6,4004106.5
SHP_2879,70134.4,1699484.0
SHP_2880,83550.6,1988066.1
SHP_2882,77401.4,1816048.0
SHP_2884,80625.6,1921959.5
SHP_2886,78138.7,1863219.5
SHP_2887,174797.9,4423970.0
SHP_2888,168384.8,4283905.5
SHP_2892,167284.8,4266330.0
SHP_2895,171936.5,4365378.5
SHP_2896,45216.2,1103576.8
SHP_2900,60982.0,1444603.0
SHP_2902,148213.5,3781467.8
SHP_2904,163680.3,4089718.0
SHP_2906,86824.4,2060104.0
SHP_2907,95184.9,2244034.8
SHP_2910,69452.7,1658347.3
SHP_2911,83021.0,1970465.6
SHP_2912,171938.2,4371256.5
SHP_2914,169708.0,4320546.5
SHP_2915,56535.2,1386083.3
SHP_2916,87414.3,2067688.1
SHP_2920,96362.4,2315514.8
SHP_2921,209284.8,5262091.5
SHP_2923,87805.1,2131346.0
SHP_2927,87517.0,2073776.8
SHP_2928,195118.2,4801697.5
SHP_2930,174457.4,4434390.5
SHP_2932,173689.0,4416071.0
SHP_2933,212027.1,5312352.0
SHP_2934,92063.0,2180912.0
SHP_2937,177316.1,4500009.5
SHP_2942,91860.1,2178097.0
SHP_2947,65119.6,1554186.0
SHP_2948,98782.0,2383364.3
SHP_2950,172138.0,4382120.5
SHP_2951,170557.3,4343279.0
SHP_2960,211498.1,5319951.5
SHP_2962,86479.5,2054301.5
SHP_2964,77161.2,1891946.1
SHP_2965,144212.5,3532201.8
SHP_2966,53634.6,1276957.3
SHP_2970,195026.2,4847341.0
SHP_2973,91889.1,2177153.0
SHP_2977,87909.4,2132194.3
SHP_2978,193923.5,4820841.0
SHP_2979,45285.4,1100672.1
SHP_2980,1495.4,19088.7
SHP_2981,185128.1,4621693.0
SHP_2982,194168.0,4842777.0
SHP_2983,87013.8,2059099.3
SHP_2984,92436.0,2217564.3
SHP_2986,294.2,2765.0
SHP_2987,69802.7,1693326.4
SHP_2989,70437.7,1682547.5
SHP_2990,172307.5,4378695.0
SHP_2991,40873.2,967869.8
SHP_2992,184888.8,4616622.0
SHP_2993,199141.9,4913641.0
SHP_2994,92412.0,2215828.8
SHP_2997,65071.9,1555960.5
SHP_2998,81837.7,1944309.9
SHP_3000,194729.7,4839620.0
SHP_3003,63662.4,1543365.4
SHP_3007,92006.2,2179316.3
SHP_3010,163017.4,4074518.5
SHP_3015,77331.8,1828251.4
SHP_3016,23114.2,552892.8
SHP_3017,85006.6,2023396.0
SHP_3018,163460.2,4067234.5
SHP_3019,91320.9,2167633.0
SHP_3020,87913.3,2077666.8
SHP_3023,67434.6,1563181.8
SHP_3024,56020.9,1352369.4
SHP_3025,90282.1,2178777.3
SHP_3026,170413.6,4336483.5
SHP_3027,65578.7,1588698.3
SHP_3033,83523.6,1987512.0
SHP_3047,67434.6,1563181.8
SHP_3048,116073.0,2785204.0
SHP_3049,74239.0,1750091.0
SHP_3055,100483.9,2415215.0
SHP_3056,74250.3,1753187.5
SHP_3057,94110.0,2201408.3
SHP_3059,209284.8,5262091.5
SHP_3060,67880.3,1578476.8
SHP_3061,88383.1,2078028.1
SHP_3062,18219.2,405252.7
SHP_3066,177176.2,4498155.5
SHP_3067,81502.0,1977156.5
SHP_3072,78874.2,1853391.9
SHP_3073,45718.5,1099837.0
SHP_3074,148696.0,3789227.0
SHP_3076,67501.7,1577238.1
SHP_3077,87341.8,2071180.6
SHP_3078,168735.5,4297887.5
SHP_3080,194223.0,4827710.0
SHP_3081,70681.8,1704502.5
SHP_3091,174044.9,4418694.0
SHP_3093,65578.6,1588790.6
SHP_3096,16570.4,385895.6
SHP_3099,46260.6,1111911.0
SHP_3101,172980.7,4399605.0
SHP_3102,173735.2,4402221.0
SHP_3103,82314.4,1969936.5
SHP_3104,87913.3,2077666.8
SHP_3105,80120.9,1900197.4
SHP_3106,93083.8,2201877.3
SHP_3107,166467.3,4247641.5
SHP_3108,168270.8,4274234.0
SHP_3109,169511.6,4314193.5
SHP_3113,91882.7,2178535.3
SHP_3116,91790.6,2177446.8
SHP_3119,183356.1,4575577.0
SHP_3120,88686.8,2159722.0
SHP_3123,67098.2,1565423.0
SHP_3124,43048.8,1056362.3
SHP_3127,64645.0,1545684.0
SHP_3134,78956.6,1894687.8
SHP_3139,81962.2,1989162.0
SHP_3142,116073.0,2785204.0
SHP_3144,103658.9,2422493.0
SHP_3146,91871.2,2178194.5
SHP_3150,91708.8,2179308.5
SHP_3152,86826.9,2058821.4
SHP_3154,90696.6,2138345.3
SHP_3159,196952.9,4898266.0
SHP_3160,41339.1,974062.2
SHP_3161,172304.8,4378859.0
SHP_3166,195205.8,4850724.0
SHP_3167,91889.1,2177153.0
SHP_3169,91588.3,2172811.3
SHP_3171,56039.7,1311418.5
SHP_3172,43540.5,1052845.8
SHP_3173,122908.7,3119603.8
SHP_3174,75301.5,1800502.0
SHP_3175,212909.4,5337524.0
SHP_3176,193529.1,4811730.0
SHP_3177,91588.3,2172811.3
SHP_3179,86939.5,2059669.3
SHP_3182,184698.1,4611875.0
SHP_3183,87473.0,2126157.5
SHP_3184,86777.6,2109936.5
SHP_3368,167561.7,4272803.5
SHP_3369,149667.0,3816064.5
SHP_3370,121399.8,3087854.5
SHP_3373,40321.9,943334.7
SHP_3376,195915.6,4873406.0
SHP_3379,196676.1,4899223.0
SHP_3380,91470.7,2243681.0
SHP_3381,85851.5,2044507.3
SHP_3383,174325.6,4424960.5
SHP_3390,87419.6,2064113.5
SHP_3395,80473.5,1909402.5
SHP_3396,174044.9,4418694.0
SHP_3397,87861.9,2104506.0
SHP_3400,63662.4,1543365.4
SHP_3403,208895.2,5260896.0
SHP_3405,144152.7,3530555.3
SHP_3406,160237.7,4092678.5
SHP_3407,173573.4,4408762.5
SHP_3408,168665.4,4296115.0
SHP_3409,95756.5,2259945.3
SHP_3411,90771.7,2150526.0
SHP_3416,169200.6,4297327.0
SHP_3419,77279.4,1849980.9
SHP_3423,91732.4,2176460.3
SHP_3424,45052.2,1099103.4
SHP_3425,163171.9,4059178.5
SHP_3427,46111.7,1125228.4
SHP_3428,847.4,12770.5
SHP_3429,2259.2,42982.5
SHP_3430,16208.5,379319.8
SHP_3432,174681.9,4438292.5
SHP_3434,173577.3,4402245.0
SHP_3435,78055.5,1911990.5
SHP_3436,42602.2,1040049.8
SHP_3443,80618.8,1959726.6
SHP_3444,1759.1,32541.8
SHP_3451,171108.6,4352487.0
SHP_3455,171365.1,4357761.0
SHP_3458,133074.1,3221484.0
SHP_3459,80239.9,1909812.8
SHP_3462,169110.8,4304160.0
SHP_3463,88066.9,2072551.5
SHP_3464,174010.9,4416459.0
SHP_3465,93632.8,2252247.8
SHP_3467,87605.6,2124796.8
SHP_3468,91693.5,2174712.5
SHP_3470,171532.8,4367818.0
SHP_3471,127972.9,3157826.8
SHP_3474,170952.1,4348403.5
SHP_3476,166467.3,4247641.5
SHP_3479,99805.2,2331070.3
SHP_3480,211494.0,5319902.5
SHP_3483,86405.2,2051871.4
SHP_3486,170209.1,4330604.0
SHP_3487,177587.3,4504096.5
SHP_3491,173067.3,4390322.0
SHP_3494,177568.4,4436464.5
SHP_3496,212191.6,5314128.0
SHP_3497,85851.5,2044507.3
SHP_3499,173116.8,4401529.0
SHP_3502,212225.7,5331509.5
SHP_3504,92376.9,2165579.5
SHP_3505,193514.7,4819240.0
SHP_3507,102252.3,2483861.0
SHP_3510,16113.9,378027.2
SHP_3514,78206.7,1900221.1
SHP_3516,88996.2,2163935.5
SHP_3520,77170.4,1841568.4
SHP_3522,91384.1,2169516.3
SHP_3534,212676.3,5327736.5
SHP_3537,173191.7,4398801.0
SHP_3538,93404.6,2236958.3
SHP_3539,76625.2,1876725.8
SHP_3540,59633.8,1451971.9
SHP_3545,90144.1,2146178.5
SHP_3547,89511.5,2175120.0
SHP_3549,65278.0,1562072.1
SHP_3551,92717.2,2170901.8
SHP_3553,172658.4,4385144.5
SHP_3555,173252.4,4405728.0
SHP_3556,197105.8,4994674.5
SHP_3557,84211.2,2001906.8
SHP_3558,167128.6,4261510.0
SHP_3560,67137.1,1566115.3
SHP_3565,167350.1,4267530.0
SHP_3566,185425.4,4618855.0
SHP_3568,73132.9,1753101.3
SHP_3570,80898.2,1967056.0
SHP_3571,88387.4,2078108.1
SHP_3575,90987.7,2185855.0
SHP_3576,182622.1,4553748.0
SHP_3579,77897.8,1899777.9
SHP_3581,81502.0,1977156.5
SHP_3582,172582.3,4384413.0
SHP_3583,45174.0,1097778.1
SHP_3584,93089.5,2236122.8
SHP_3586,193826.8,4821049.0
SHP_3587,74339.4,1778100.0
SHP_3593,168654.0,4300125.0
SHP_3596,80898.2,1967056.0
SHP_3597,95096.0,2295771.3
SHP_3602,87905.2,2072260.6
SHP_3603,70707.4,1714619.4
SHP_3605,183140.8,4631605.5
SHP_3607,172183.5,4375343.0
SHP_3609,173370.9,4398669.5
SHP_3610,174750.0,4438428.5
SHP_3611,73529.7,1760416.8
SHP_3612,86570.5,2054442.1
SHP_3615,172238.0,4379691.5
SHP_3616,56491.7,1386453.0
SHP_3618,133407.9,3267798.5
SHP_3622,83096.4,2031381.0
SHP_3623,120641.0,2924179.0
SHP_3627,86289.4,2097445.8
SHP_3628,90712.9,2154108.3
SHP_3629,173114.1,4390415.0
SHP_3632,67109.0,1565910.9
SHP_3634,110177.4,2691348.8
SHP_3636,197063.9,4895227.0
SHP_3639,219078.8,5427412.0
SHP_3640,167546.5,4270888.0
SHP_3642,70723.1,1687977.3
SHP_3643,2944.1,55402.8
SHP_3650,63038.1,1537412.5
SHP_3655,52586.7,1254448.9
SHP_3657,87511.9,2072632.4
SHP_3661,116073.0,2785204.0
SHP_3663,90932.1,2162128.0
SHP_3664,87341.8,2071180.6
SHP_3667,95184.9,2244034.8
SHP_3668,99304.8,2319118.5
SHP_3671,133729.2,3312231.0
SHP_3673,79332.3,1866274.6
SHP_3678,173727.0,4414553.0
SHP_3679,76390.4,1833908.4
SHP_3682,92935.8,2198156.3
SHP_3684,87026.4,2060128.8
SHP_3686,84586.1,2012991.8
SHP_3687,142426.4,3624870.0
SHP_3688,87276.4,2062161.0
SHP_3692,65349.7,1583555.1
SHP_3700,87751.7,2070180.5
SHP_3702,197130.7,4891644.0
SHP_3703,198323.7,4926129.0
SHP_3704,90515.8,2153873.3
SHP_3705,163899.8,4091302.5
SHP_3706,65626.8,1593714.0
SHP_3708,194644.4,4840329.0
SHP_3710,62600.5,1465854.3
SHP_3711,53082.1,1273046.4
SHP_3714,170641.9,4339496.0
SHP_3715,87247.5,2060901.5
SHP_3716,87510.8,2073489.5
SHP_3717,78860.8,1849589.9
SHP_3718,51790.2,1241352.3
SHP_3720,49028.3,1189000.0
SHP_3721,91885.0,2177483.3
SHP_3723,163371.9,4084275.0
SHP_3724,93083.8,2201877.3
SHP_3725,196333.7,4877019.0
SHP_3727,91645.0,2174091.3
SHP_3729,16259.8,382068.9
SHP_3730,91521.8,2171902.0
SHP_3731,94984.1,2239560.3
SHP_3732,93107.2,2204778.8
SHP_3735,86990.0,2059624.3
SHP_3737,71010.9,1709281.5
SHP_3738,92950.7,2230600.0
SHP_3743,172432.8,4379968.5
SHP_3744,77431.4,1850508.1
SHP_3749,184890.8,4616653.5
SHP_3751,142171.7,3621428.0
SHP_3752,96049.5,2249824.0
SHP_3757,56398.3,1385960.4
SHP_3759,95273.2,2243992.8
SHP_3760,110177.4,2691348.8
SHP_3761,196650.7,4892347.0
SHP_3762,194812.1,4851714.0
SHP_3766,64963.8,1549998.3
SHP_3769,182622.1,4553748.0
SHP_3770,69156.0,1676445.9
SHP_3771,78106.2,1911858.5
SHP_3773,91503.1,2201372.5
SHP_3775,80898.2,1967056.0
SHP_3777,171208.8,4352098.5
SHP_3778,172183.5,4375343.0
SHP_3779,173350.7,4401299.5
SHP_3783,31454.0,769440.4
SHP_3784,75777.3,1804264.1
SHP_3789,208895.2,5260896.0
SHP_3792,78650.3,1924442.3
SHP_3794,89207.9,2167255.3
SHP_3796,142619.1,3625615.5
SHP_3800,136835.7,3385916.0
SHP_3802,91655.8,2174766.5
SHP_3804,94038.2,2218668.5
SHP_3806,103659.2,2423056.0
SHP_3808,94692.4,2267777.8
SHP_3809,169190.5,4308427.0
SHP_3810,91147.1,2165706.0
SHP_3811,177089.2,4493955.5
SHP_3814,173483.4,4409680.0
SHP_3815,92436.0,2217564.3
SHP_3818,172453.7,4381539.0
SHP_3820,92006.2,2179316.3
SHP_3822,87052.4,2111484.0
SHP_3829,195026.2,4847341.0
SHP_3833,65278.0,1562072.1
SHP_3838,92480.9,2192203.8
SHP_3839,173399.3,4408596.0
SHP_3842,94723.0,2219034.3
SHP_3844,80468.3,1913374.9
SHP_3847,89504.4,2114582.0
SHP_3849,87707.7,2096081.3
SHP_3850,1868.2,30477.0
SHP_3854,170413.6,4336483.5
SHP_3856,87861.9,2104506.0
SHP_3858,81502.0,1977156.5
SHP_3859,167808.0,4278053.5
SHP_3862,173552.0,4409172.5
SHP_3863,92340.6,2218156.5
SHP_3864,81855.2,1944467.4
SHP_3866,71325.8,1669378.8
SHP_3867,194155.8,4827827.0
SHP_3868,53306.7,1271360.1
SHP_3872,173740.0,4412645.5
SHP_3874,85120.5,2019493.3
SHP_3875,173540.5,4407187.0
SHP_3876,87069.0,2059680.9
SHP_3880,83312.4,1991370.0
SHP_3885,163379.2,4064338.0
SHP_3886,87013.8,2059099.3
SHP_3887,92442.4,2185930.8
SHP_3888,196386.2,4892615.0
SHP_3889,72253.4,1746346.0
SHP_3890,93478.5,2213355.3
SHP_3893,163104.5,4058752.8
SHP_3898,173589.6,4411153.0
SHP_3903,77689.1,1858974.1
SHP_3904,85985.8,2013776.0
SHP_3905,23114.2,552892.8
SHP_3906,87829.0,2077752.5
SHP_3907,177914.7,4441874.0
SHP_3908,172978.6,4399849.5
SHP_3914,92377.9,2185889.8
SHP_3915,166871.9,4257046.0
SHP_3916,31914.2,778349.2
SHP_3917,55123.0,1303479.4
SHP_3918,120998.1,3079142.3
SHP_3920,92729.5,2192842.8
SHP_3932,87511.9,2072632.4
SHP_3933,180436.8,4569876.5
SHP_3934,91357.8,2241886.3
SHP_3935,133407.9,3267798.5
SHP_3936,193747.0,4818324.0
SHP_3937,57516.5,1406530.3
SHP_3939,91752.5,2175192.0
SHP_3940,95209.9,2300222.3
SHP_3942,195966.0,4872931.0
SHP_3943,135977.7,3369447.8
SHP_3947,194507.7,4829928.0
SHP_3950,56429.3,1387331.8
SHP_3953,16612.6,386713.4
SHP_3954,83676.9,1984034.5
SHP_3955,170035.8,4330429.0
SHP_3956,196339.7,4877095.0
SHP_3959,167826.8,4279158.0
SHP_3960,70518.3,1683742.0
SHP_3961,170617.9,4344627.0
SHP_3962,192072.0,4765440.0
SHP_3963,80613.2,1961693.8
SHP_3964,172453.7,4381539.0
SHP_3965,163853.8,4091384.5
SHP_3972,164136.5,4095117.0
SHP_3973,97207.5,2341803.0
SHP_3977,181497.2,4515299.0
SHP_3978,90500.4,2116533.3
SHP_3980,117476.2,2837807.5
SHP_3982,57516.5,1406530.3
SHP_3984,149086.3,3802294.3
SHP_3985,171693.9,4368010.0
SHP_3988,53640.1,1281710.5
SHP_3990,71617.9,1676236.8
SHP_3991,194678.0,4838234.0
SHP_3993,1868.2,30477.0
SHP_3994,168665.4,4296115.0
SHP_3995,97671.9,2308358.0
SHP_3997,122908.7,3119603.8
SHP_3998,52908.6,1284171.8
SHP_3999,101363.9,2463164.3
SHP_4005,12597.8,283525.9
SHP_4006,148936.7,3795404.8
SHP_4008,90137.2,2168569.5
SHP_4009,98782.0,2383364.3
SHP_4010,90393.0,2150675.0
SHP_4012,117957.6,2830471.0
SHP_4013,195990.7,4879869.0
SHP_4017,117952.0,2828967.5
SHP_4019,169330.0,4312990.5
SHP_4020,90618.1,2153724.3
SHP_4022,1592.9,23646.3
SHP_4025,56535.2,1386083.3
SHP_4028,215154.6,5329868.0
SHP_4029,65278.0,1562072.1
SHP_4030,89360.3,2191560.0
SHP_4031,76291.8,1820828.6
SHP_4033,109748.2,2641785.0
SHP_4034,200351.6,4964060.0
SHP_4036,81646.2,1981588.0
SHP_4039,173991.6,4415232.0
SHP_4040,125222.3,3176709.8
SHP_4043,163825.5,4092804.0
SHP_4044,133772.0,3277613.8
SHP_4047,74339.4,1778100.0
SHP_4049,1324.0,18758.9
SHP_4051,87294.7,2061185.3
SHP_4054,92376.6,2185866.5
SHP_4055,81008.9,1926911.8
SHP_4059,163473.8,4087180.0
SHP_4060,3212.5,64917.1
SHP_4064,70134.4,1699484.0
SHP_4066,170539.0,4342436.5
SHP_4067,171936.5,4365378.5
SHP_4068,163170.4,4061587.0
SHP_4069,173116.5,4400014.5
SHP_4072,67685.5,1576297.6
SHP_4073,81646.2,1981588.0
SHP_4074,83888.0,1995359.0
SHP_4079,195966.0,4872931.0
SHP_4080,101954.1,2477901.5
SHP_4081,87332.3,2064598.5
SHP_4082,78055.5,1911990.5
SHP_4084,170289.3,4337121.5
SHP_4086,83995.8,2004396.4
SHP_4089,88544.8,2149842.5
SHP_4090,110177.4,2691348.8
SHP_4092,168360.1,4282233.0
SHP_4095,81646.2,1981588.0
SHP_4096,42674.4,1031555.0
SHP_4098,87848.8,2072516.0
SHP_4102,79353.5,1868830.0
SHP_4103,1620.0,26614.9
SHP_4104,148936.7,3795404.8
SHP_4105,92088.6,2211702.5
SHP_4107,89504.4,2114582.0
SHP_4109,87110.7,2060647.9
SHP_4113,63833.3,1543604.8
SHP_4114,197130.7,4891644.0
SHP_4117,73950.0,1772901.8
SHP_4118,45174.0,1097778.1
SHP_4119,86821.9,2057249.5
SHP_4122,102972.0,2496998.0
SHP_4124,172416.4,4380671.0
SHP_4125,92197.5,2183338.8
SHP_4127,103659.2,2423056.0
SHP_4128,101509.8,2461738.0
SHP_4129,75724.5,1782462.5
SHP_4130,87276.4,2062161.0
SHP_4131,86773.1,2058313.1
SHP_4134,80667.7,1911123.1
SHP_4139,87341.8,2071180.6
SHP_4141,135977.7,3369447.8
SHP_4142,90942.6,2162185.3
SHP_4143,101834.2,2472888.0
SHP_4145,172864.3,4397623.5
SHP_4146,91419.0,2169759.3
SHP_4148,91889.1,2177153.0
SHP_4149,50709.9,1239862.5
SHP_4150,67459.4,1571730.5
SHP_4154,87091.1,2115973.5
SHP_4155,193948.6,4821900.0
SHP_4165,194497.5,4836513.0
SHP_4168,18336.3,406290.6
SHP_4171,173618.1,4414464.0
SHP_4173,74512.5,1794377.6
SHP_4175,43544.5,1067442.1
SHP_4176,65184.1,1552303.9
SHP_4177,87613.5,2077565.9
SHP_4179,167915.4,4282205.0
SHP_4183,83312.4,1991370.0
SHP_4184,149086.3,3802294.3
SHP_4186,91997.0,2162333.8
SHP_4188,80888.5,1966989.0
SHP_4190,92005.0,2209536.0
SHP_4191,197173.8,4897973.0
SHP_4193,79332.3,1866274.6
SHP_4195,183524.0,4638457.0
SHP_4196,91520.9,2171888.0
SHP_4198,163184.6,4060905.3
SHP_4199,42162.1,1036085.4
SHP_4200,93051.9,2200129.3
SHP_4203,67133.1,1566347.5
SHP_4205,194622.0,4836245.0
SHP_4209,87904.7,2081680.8
SHP_4210,87762.0,2078197.4
SHP_4212,67001.4,1563828.0
SHP_4213,171448.9,4358688.5
SHP_4214,91490.4,2171545.8
SHP_4215,87199.8,2060641.0
SHP_4216,172528.3,4389065.5
SHP_4217,91415.2,2169622.0
SHP_4222,94271.1,2230195.0
SHP_4227,172738.5,4391909.0
SHP_4230,101048.0,2387479.3
SHP_4233,83549.1,1986415.1
SHP_4234,57574.6,1400991.5
SHP_4236,172163.8,4375336.0
SHP_4237,148834.4,3793906.0
SHP_4238,167851.8,4269894.5
SHP_4241,93089.5,2236122.8
SHP_4242,45449.7,1098911.8
SHP_4245,173958.8,4408568.5
SHP_4246,149798.0,3814636.5
SHP_4252,86785.5,2061830.3
SHP_4255,163899.8,4091302.5
SHP_4257,99088.0,2315961.0
SHP_4265,70649.0,1685117.4
SHP_4266,87511.9,2072632.4
SHP_4268,55123.0,1303479.4
SHP_4271,79811.4,1949166.8
SHP_4272,163264.3,4078517.0
SHP_4273,87751.7,2070180.5
SHP_4274,43637.8,1065627.0
SHP_4277,135977.7,3369447.8
SHP_4278,87359.0,2072734.9
SHP_4280,94682.4,2234207.5
SHP_4281,167436.3,4268839.0
SHP_4282,56847.0,1394164.3
SHP_4285,75713.7,1818021.6
SHP_4287,148761.3,3789963.8
SHP_4290,142171.7,3621428.0
SHP_4291,197758.6,4924174.0
SHP_4293,80825.3,1966835.8
SHP_4294,87390.9,2064551.3
SHP_4297,86177.7,2046732.6
SHP_4304,109748.2,2641785.0
SHP_4308,90757.1,2156301.3
SHP_4309,41403.7,976818.1
SHP_4312,167128.6,4261510.0
SHP_4313,87762.0,2077355.0
SHP_4314,52915.7,1284080.4
SHP_4315,117940.9,2849643.5
SHP_4316,80371.0,1908570.3
SHP_4318,171448.9,4358688.5
SHP_4320,86430.4,2053376.0
SHP_4321,90285.8,2224226.3
SHP_4322,149086.3,3802294.3
SHP_4323,44505.9,1082689.3
SHP_4326,44968.4,1098476.0
SHP_4328,86939.5,2059669.3
SHP_4330,763.6,11584.6
SHP_4332,88789.6,2175470.0
SHP_4333,172727.8,4391429.5
SHP_4334,196386.2,4892615.0
SHP_4341,208895.2,5260896.0
SHP_4342,92042.6,2154119.5
SHP_4343,80728.8,1922264.3
SHP_4344,1958.6,28092.8
SHP_4347,170915.5,4347770.5
SHP_4350,103257.0,2504870.8
SHP_4351,172383.7,4385537.5
SHP_4352,1495.4,19088.7
SHP_4354,197224.9,4914708.0
SHP_4356,167553.8,4271975.0
SHP_4358,167934.6,4261265.5
SHP_4359,181554.9,4529207.0
SHP_4361,81798.8,1943752.3
SHP_4362,195938.5,4869927.0
SHP_4365,79743.4,1895613.0
SHP_4366,77941.4,1848892.1
SHP_4371,173191.2,4401193.5
SHP_4374,197062.8,4903091.5
SHP_4375,85459.1,2050469.3
SHP_4376,163176.9,4060632.0
SHP_4377,134826.8,3334359.5
SHP_4381,77161.2,1891946.1
SHP_4383,174457.4,4434390.5
SHP_4386,62484.6,1515588.6
SHP_4388,173547.6,4413451.0
SHP_4389,177776.8,4437685.0
SHP_4391,174330.9,4429425.0
SHP_4392,79003.6,1927697.3
SHP_4396,91384.1,2169711.0
SHP_4397,88713.6,2093924.5
SHP_4399,208895.2,5260896.0
SHP_4400,193941.3,4823044.0
SHP_4402,44542.2,1086642.5
SHP_4404,3212.5,64917.1
SHP_4405,16240.9,381644.7
SHP_4406,101499.9,2500471.0
SHP_4409,16208.5,379319.8
SHP_4410,212283.1,5315632.0
SHP_4412,170466.3,4338043.0
SHP_4417,197062.8,4903091.5
SHP_4419,49028.3,1189000.0
SHP_4422,23122.6,552947.3
SHP_4425,87510.8,2073489.5
SHP_4426,31454.0,769440.4
SHP_4428,96948.7,2292251.0
SHP_4430,52908.6,1284171.8
SHP_4431,78180.2,1903737.5
SHP_4434,87094.7,2117296.8
SHP_4437,86824.4,2060104.0
SHP_4439,92951.0,2230044.8
SHP_4447,118141.4,2851879.3
SHP_4449,173243.0,4398558.0
SHP_4450,213281.7,5344454.0
SHP_4451,21313.7,500404.8
SHP_4455,91088.7,2186005.3
SHP_4457,172519.1,4384323.5
SHP_4458,65278.0,1562072.1
SHP_4460,1832.8,30080.7
SHP_4464,69996.8,1697505.1
SHP_4466,171935.8,4375727.0
SHP_4467,16150.9,371510.9
SHP_4468,194384.8,4845698.0
SHP_4471,87786.3,2097026.4
SHP_4473,86858.2,2057529.9
SHP_4476,167128.6,4261510.0
SHP_4480,133074.1,3221484.0
SHP_4481,90719.1,2187048.5
SHP_4484,43024.2,1053970.9
SHP_4486,169346.4,4307721.0
SHP_4487,41812.4,991304.9
SHP_4488,95209.9,2300222.3
SHP_4490,87235.0,2062587.0
SHP_4491,98535.3,2325330.8
SHP_4495,90878.6,2190665.3
SHP_4496,91215.5,2158301.0
SHP_4499,52920.3,1284154.5
SHP_4502,91885.0,2177483.3
SHP_4505,44505.9,1082689.3
SHP_4508,83549.1,1986415.1
SHP_4514,117952.0,2828967.5
SHP_4516,195205.8,4850724.0
SHP_4518,173641.3,4402024.5
SHP_4519,86755.3,2060650.5
SHP_4526,78829.7,1855841.8
SHP_4528,173138.6,4400550.0
SHP_4529,173264.9,4405272.5
SHP_4530,197006.9,4892896.0
SHP_4533,133362.5,3304139.0
SHP_4535,89349.8,2104610.5
SHP_4543,70134.4,1699484.0
SHP_4545,86538.9,2041227.5
SHP_4548,81462.8,1934267.5
SHP_4552,2603.1,46998.7
SHP_4558,122908.7,3119603.8
SHP_4561,86819.0,2058796.5
SHP_4564,172478.7,4382278.5
SHP_4567,80468.3,1913374.9
SHP_4569,194644.4,4840329.0
SHP_4570,185425.4,4618855.0
SHP_4571,90461.4,2116244.5
SHP_4573,171938.2,4371256.5
SHP_4576,99304.8,2319118.5
SHP_4577,87390.8,2067306.0
SHP_4578,173435.9,4406942.5
SHP_4580,96824.6,2268463.5
SHP_4583,86430.4,2053376.0
SHP_4584,44179.2,1076833.6
SHP_4587,47323.5,1135195.1
SHP_4588,78755.6,1925393.0
SHP_4589,172651.8,4382966.0
SHP_4592,163473.8,4087180.0
SHP_4593,91419.0,2169759.3
SHP_4594,1750.9,27104.0
SHP_4597,177692.7,4435482.0
SHP_4598,90699.0,2180305.5
SHP_4601,171569.6,4368520.5
SHP_4604,167325.3,4267762.0
SHP_4605,86939.5,2059669.3
SHP_4607,173335.3,4405406.0
SHP_4610,103257.0,2504870.8
SHP_4616,167851.8,4269894.5
SHP_4618,79979.5,1899247.6
SHP_4624,133682.7,3310257.3
SHP_4625,173207.3,4403836.0
SHP_4626,86773.1,2058313.1
SHP_4628,193948.6,4821900.0
SHP_4630,86123.5,2048434.8
SHP_4631,2543.7,45369.9
SHP_4632,93478.5,2213355.3
SHP_4635,184973.3,4618316.5
SHP_4638,173204.4,4401019.5
SHP_4640,184935.8,4617310.0
SHP_4641,78482.7,1844593.3
SHP_4642,173991.6,4415232.0
SHP_4647,193902.1,4822433.0
SHP_4648,92377.9,2185889.8
SHP_4649,109748.2,2641785.0
SHP_4650,81154.5,1929470.1
SHP_4651,100783.6,2351770.5
SHP_4652,59540.2,1450323.6
SHP_4653,86773.1,2058313.1
SHP_4659,174044.9,4418694.0
SHP_4660,84657.0,2013475.4
SHP_4662,48812.6,1174470.5
SHP_4664,149787.3,3812706.5
SHP_4665,88107.2,2139925.5
SHP_4666,45340.7,1099687.0
SHP_4667,173204.4,4401019.5
SHP_4675,136965.7,3385241.8
SHP_4676,120998.1,3079142.3
SHP_4677,44652.2,1091999.4
SHP_4678,81013.3,1923764.6
SHP_4680,173740.0,4412645.5
SHP_4681,86874.1,2061619.3
SHP_4682,193809.1,4818567.0
SHP_4685,67001.4,1563828.0
SHP_4686,167851.8,4269894.5
SHP_4688,212111.7,5332340.0
SHP_4695,92197.5,2183338.8
SHP_4696,107963.9,2630098.3
SHP_4706,195870.7,4870670.5
SHP_4712,100847.7,2425252.5
SHP_4713,103030.2,2402320.3
SHP_4714,63205.0,1527393.4
SHP_4717,87605.6,2124796.8
SHP_4720,171448.9,4358688.5
SHP_4723,191688.9,4765850.0
SHP_4724,90462.1,2131602.0
SHP_4726,149667.0,3816064.5
SHP_4727,174457.4,4434390.5
SHP_4734,172129.3,4375230.0
SHP_4736,62484.6,1515588.6
SHP_4737,17982.9,401355.7
SHP_4740,17982.9,401355.7
SHP_4743,90472.7,2154337.8
SHP_4744,81027.1,1968301.6
SHP_4747,94135.2,2253402.5
SHP_4748,84434.8,2007548.4
SHP_4753,163176.9,4060632.0
SHP_4756,149798.0,3814636.5
SHP_4758,194678.0,4838234.0
SHP_4759,84356.6,2009980.8
SHP_4761,172738.5,4391909.0
SHP_4769,169629.4,4317559.5
SHP_4771,79727.3,1894710.1
SHP_4773,65278.0,1562072.1
SHP_4775,87052.4,2111484.0
SHP_4784,208895.2,5260896.0
SHP_4785,212283.1,5315632.0
SHP_4786,191688.9,4765850.0
SHP_4788,120641.0,2924179.0
SHP_4789,87096.5,2059125.6
SHP_4791,92206.9,2213339.8
SHP_4794,92417.4,2186569.3
SHP_4796,85242.1,2006841.9
SHP_4798,90916.8,2234383.5
SHP_4800,172466.6,4380811.5
SHP_4801,610.1,8144.5
SHP_4802,173958.8,4408568.5
SHP_4803,185450.0,4625795.5
SHP_4805,173061.2,4400829.5
SHP_4808,87560.5,2069568.8
SHP_4812,81480.6,1932136.3
SHP_4814,141954.0,3612206.0
SHP_4815,163649.5,4069183.5
SHP_4817,71439.1,1729771.0
SHP_4818,72771.3,1750220.9
SHP_4824,163460.2,4067234.5
SHP_4825,94567.2,2232467.0
SHP_4826,102651.9,2399056.8
SHP_4829,99665.1,2472511.0
SHP_4830,77551.0,1887160.8
SHP_4831,167524.6,4273296.0
SHP_4832,85242.1,2006841.9
SHP_4835,16612.6,386713.4
SHP_4836,79811.4,1949166.8
SHP_4837,106645.9,2596131.0
SHP_4839,172416.4,4380671.0
SHP_4840,89677.6,2114827.5
SHP_4842,87786.3,2097026.4
SHP_4843,80256.9,1912248.0
SHP_4845,64706.4,1565412.3
SHP_4846,70668.3,1684765.9
SHP_4849,99237.4,2398315.8
SHP_4852,91810.0,2202635.0
SHP_4853,185220.6,4623372.0
SHP_4854,92950.7,2230600.0
SHP_4855,78992.0,1873243.1
SHP_4858,80618.8,1959726.6
SHP_4862,88107.2,2139925.5
SHP_4863,103659.2,2423056.0
SHP_4864,54388.3,1279911.0
SHP_4866,163649.5,4069183.5
SHP_4867,77401.4,1816048.0
SHP_4868,90771.7,2150526.0
SHP_4870,91692.9,2174706.5
SHP_4873,78087.7,1912832.1
SHP_4874,95091.6,2295968.0
SHP_4875,171658.5,4371498.0
SHP_4876,85652.8,2033507.0
SHP_4877,169303.9,4313920.0
SHP_4878,88723.2,2095116.3
SHP_4879,171573.0,4361264.0
SHP_4880,172176.2,4373438.5
SHP_4881,84997.2,2044331.0
SHP_4885,196650.7,4892347.0
SHP_4886,87763.4,2077294.1
SHP_4887,53082.1,1273046.4
SHP_4890,87276.4,2062161.0
SHP_4893,173718.6,4410880.0
SHP_4898,89236.1,2165258.0
SHP_4901,42650.6,1032980.1
SHP_4906,79811.4,1949166.8
SHP_4912,173501.5,4408681.5
SHP_4916,16688.6,387642.5
SHP_4920,1000.2,16975.6
SHP_4924,67529.4,1573626.0
SHP_4925,73950.0,1772901.8
SHP_4926,76625.2,1876725.8
SHP_4929,71106.5,1694314.3
SHP_4932,78233.0,1904511.6
SHP_4939,94271.1,2230195.0
SHP_4940,172751.5,4393148.5
SHP_4941,86282.3,2050475.4
SHP_4943,196685.3,4891982.0
SHP_4946,16612.6,386713.4
SHP_4947,87050.0,2060118.8
SHP_4948,92088.6,2211702.5
SHP_4949,95184.6,2254858.3
SHP_4952,95184.6,2254858.3
SHP_4955,193533.9,4814051.0
SHP_4957,195424.7,4859533.0
SHP_4958,213553.3,5363742.0
SHP_4959,97144.7,2341030.3
SHP_4960,79811.4,1949166.8
SHP_4961,83523.6,1987512.0
SHP_4966,192089.1,4776976.5
SHP_4967,92727.7,2194722.3
SHP_4968,88685.0,2152120.3
SHP_4969,172307.5,4378695.0
SHP_4970,172751.5,4393148.5
SHP_4975,102247.1,2483145.5
SHP_4976,197105.8,4994674.5
SHP_4980,86020.3,2089559.8
SHP_4981,81080.4,1930738.5
SHP_4984,148761.3,3789963.8
SHP_4985,101586.0,2466076.5
SHP_4986,43048.8,1056362.3
SHP_4987,99570.1,2451326.5
SHP_4988,92088.6,2211702.5
SHP_4989,65205.5,1550628.6
SHP_4990,72945.9,1751162.6
SHP_4992,78829.7,1855841.8
SHP_4993,174010.9,4416459.0
SHP_4996,76735.4,1839994.6
SHP_4997,78034.4,1911679.5
SHP_4999,172003.5,4372249.0
SHP_5000,90084.5,2146632.3
SHP_5003,92950.7,2230600.0
SHP_5004,148696.0,3789227.0
SHP_5007,76625.2,1876725.8
SHP_5008,170557.3,4343279.0
SHP_5009,218954.4,5395635.5
SHP_5011,78842.7,1882099.4
SHP_5017,193802.9,4821730.0
SHP_5018,86824.4,2060104.0
SHP_5021,193747.0,4818324.0
SHP_5022,87709.3,2076782.3
SHP_5024,164106.1,4097328.0
SHP_5025,92340.6,2218156.5
SHP_5028,172582.3,4384413.0
SHP_5029,88653.5,2174084.8
SHP_5032,178858.5,4463524.0
SHP_5034,94271.1,2230195.0
SHP_5035,84434.8,2007548.4
SHP_5036,133362.5,3304139.0
SHP_5037,80987.5,1969087.3
SHP_5038,78992.0,1873243.1
SHP_5044,83312.4,1991370.0
SHP_5049,89036.9,2143331.0
SHP_5050,103207.8,2480113.5
SHP_5051,78262.6,1863664.5
SHP_5053,167546.5,4270888.0
SHP_5054,174044.9,4418694.0
SHP_5059,172163.8,4375336.0
SHP_5060,177568.4,4436464.5
SHP_5062,86778.9,2057073.6
SHP_5063,101901.3,2409683.0
SHP_5067,67819.8,1577418.5
SHP_5072,87414.3,2067688.1
SHP_5076,87827.4,2078222.3
SHP_5080,193780.8,4820274.0
SHP_5083,169621.4,4318248.5
SHP_5084,195565.3,4863634.0
SHP_5085,162847.3,4052841.0
SHP_5090,85886.2,2087428.0
SHP_5095,1252.3,19122.0
SHP_5097,69835.3,1686211.9
SHP_5100,173641.3,4402024.5
SHP_5102,110248.8,2694137.3
SHP_5103,81646.2,1981588.0
SHP_5105,1592.9,23646.3
SHP_5107,81502.0,1977156.5
SHP_5109,80807.1,1966822.3
SHP_5110,79811.4,1949166.8
SHP_5111,171348.3,4357489.0
SHP_5116,156446.4,3998090.0
SHP_5120,90771.7,2150526.0
SHP_5122,193923.5,4820841.0
SHP_5123,192119.7,4781054.0
SHP_5124,78874.2,1853391.9
SHP_5125,90916.8,2234383.5
SHP_5128,85851.5,2044507.3
SHP_5130,212676.3,5327736.5
SHP_5132,91171.8,2165874.0
SHP_5135,118089.3,2835856.3
SHP_5138,91902.4,2177570.3
SHP_5139,40873.2,967869.8
SHP_5143,148378.2,3781990.5
SHP_5144,56424.6,1385903.3
SHP_5146,191444.0,4768251.0
SHP_5148,171812.7,4370761.5
SHP_5151,87052.4,2111484.0
SHP_5152,87169.2,2060439.9
SHP_5153,80618.8,1959726.6
SHP_5157,196443.2,4892748.0
SHP_5159,87167.9,2069278.4
SHP_5160,73149.5,1766718.0
SHP_5162,195966.0,4872931.0
SHP_5163,172020.8,4367875.0
SHP_5164,86911.0,2063022.8
SHP_5165,167419.8,4264143.0
SHP_5166,90712.9,2154108.3
SHP_5167,173540.5,4407187.0
SHP_5169,169417.6,4313209.0
SHP_5171,168665.4,4296115.0
SHP_5174,778.7,8752.2
SHP_5175,172416.4,4380671.0
SHP_5177,65071.9,1555960.5
SHP_5179,78073.0,1902095.3
SHP_5182,69168.9,1676286.4
SHP_5183,86824.4,2060104.0
SHP_5184,50709.9,1239862.5
SHP_5185,14040.5,310875.2
SHP_5187,77689.1,1858974.1
SHP_5193,74328.6,1768283.6
SHP_5194,150115.8,3821025.5
SHP_5195,701.5,9062.4
SHP_5196,195536.7,4862808.0
SHP_5198,81747.1,1943413.3
SHP_5200,92259.7,2189667.8
SHP_5201,94039.9,2221127.0
SHP_5203,148817.7,3793737.5
SHP_5205,46111.7,1125228.4
SHP_5206,88066.9,2072551.5
SHP_5208,173740.0,4412645.5
SHP_5214,88050.2,2076538.5
SHP_5215,94089.1,2219801.0
SHP_5216,103083.2,2405555.8
SHP_5217,93638.1,2215225.3
SHP_5221,88752.2,2094678.8
SHP_5222,181231.2,4519624.5
SHP_5223,101957.5,2478507.0
SHP_5233,173871.3,4418561.5
SHP_5234,53510.9,1270429.8
SHP_5237,171972.1,4369907.5
SHP_5238,172808.1,4397528.0
SHP_5239,83425.9,1978743.0
SHP_5241,85960.7,2042263.9
SHP_5242,87913.3,2077666.8
SHP_5243,61569.1,1490556.1
SHP_5246,91309.6,2167662.8
SHP_5250,86349.0,2051045.4
SHP_5254,82870.5,1963963.3
SHP_5255,172938.1,4389179.5
SHP_5258,79330.0,1892615.3
SHP_5261,172878.2,4397909.0
SHP_5262,77551.0,1887160.8
SHP_5263,80431.4,1918091.5
SHP_5266,91816.9,2177727.5
SHP_5267,97305.5,2342405.0
SHP_5268,89236.1,2165258.0
SHP_5272,91816.6,2177799.8
SHP_5273,88896.6,2145732.8
SHP_5275,91088.7,2186005.3
SHP_5278,86050.6,2045929.0
SHP_5279,78874.2,1853391.9
SHP_5284,62484.6,1515588.6
SHP_5285,136835.7,3385916.0
SHP_5287,196652.4,4883519.0
SHP_5289,85886.2,2087428.0
SHP_5290,173494.5,4407303.5
SHP_5292,89197.3,2105349.3
SHP_5295,127118.8,3137193.3
SHP_5296,167851.8,4269894.5
SHP_5298,2944.1,55402.8
SHP_5309,101951.9,2475877.5
SHP_5310,148103.8,3777448.0
SHP_5311,87144.3,2060282.1
SHP_5312,169113.7,4306483.0
SHP_5314,2798.7,57113.3
SHP_5315,16208.5,379319.8
SHP_5316,217881.7,5451239.0
SHP_5319,92712.5,2229801.8
SHP_5320,168151.4,4283460.5
SHP_5321,195872.2,4878562.0
SHP_5322,99648.5,2414069.0
SHP_5324,163853.8,4091384.5
SHP_5325,163232.0,4065406.0
SHP_5331,167284.8,4266330.0
SHP_5332,2436.2,46215.1
SHP_5335,164122.6,4095973.8
SHP_5339,56548.6,1388900.8
SHP_5340,169626.1,4311825.5
SHP_5341,87530.8,2072707.8
SHP_5342,102505.4,2389492.0
SHP_5343,170413.6,4336483.5
SHP_5347,86436.4,2055290.5
SHP_5348,103708.9,2408143.0
SHP_5349,86704.4,2107340.8
SHP_5356,174197.6,4425868.0
SHP_5359,84363.0,2010343.6
SHP_5360,86824.4,2060104.0
SHP_5368,88685.0,2152120.3
SHP_5369,87861.9,2104506.0
SHP_5372,16101.4,368251.5
SHP_5374,86289.4,2097445.8
SHP_5376,86177.7,2046732.6
SHP_5381,168652.3,4286894.0
SHP_5382,63662.4,1543365.4
SHP_5384,73922.8,1773843.9
SHP_5385,167294.8,4267258.0
SHP_5386,87167.9,2069278.4
SHP_5388,52908.6,1284171.8
SHP_5390,63833.3,1543604.8
SHP_5391,90712.9,2154108.3
SHP_5394,86374.9,2097640.3
SHP_5396,23114.2,552892.8
SHP_5400,77689.1,1858974.1
SHP_5406,193560.8,4813864.0
SHP_5409,170915.5,4347770.5
SHP_5410,172310.3,4384136.5
SHP_5415,167299.6,4266985.0
SHP_5418,92212.2,2189399.8
SHP_5419,87865.5,2077176.8
SHP_5421,61634.2,1490291.5
SHP_5422,55123.0,1303479.4
SHP_5423,87453.4,2075206.6
SHP_5424,80935.0,1945969.4
SHP_5426,101996.2,2477948.0
SHP_5428,87909.4,2132194.3
SHP_5429,86570.5,2054442.1
SHP_5432,85652.8,2033507.0
SHP_5434,80272.9,1915237.6
SHP_5436,95962.3,2267270.0
SHP_5440,79342.4,1892792.9
SHP_5441,77179.0,1847672.9
SHP_5442,53406.8,1268465.0
SHP_5443,88050.2,2076538.5
SHP_5445,141692.0,3613018.8
SHP_5446,91520.2,2171877.3
SHP_5447,87056.6,2059108.5
SHP_5448,93083.8,2201877.3
SHP_5449,67408.3,1571160.8
SHP_5450,41196.6,971770.0
SHP_5454,90499.6,2153443.0
SHP_5455,78180.2,1903737.5
SHP_5457,86374.9,2097640.3
SHP_5458,212327.0,5324911.0
SHP_5459,170413.6,4336483.5
SHP_5466,87414.3,2067688.1
SHP_5468,209335.5,5268576.5
SHP_5470,102169.1,2387835.5
SHP_5472,87917.7,2079243.8
SHP_5475,194812.1,4851714.0
SHP_5478,46260.6,1111911.0
SHP_5479,70036.1,1698114.8
SHP_5481,171109.5,4349867.0
SHP_5483,95238.8,2289572.0
SHP_5488,149787.3,3812706.5
SHP_5489,93089.5,2236122.8
SHP_5491,86473.7,2099183.0
SHP_5492,87713.6,2071479.0
SHP_5495,1592.9,23646.3
SHP_5497,169110.8,4304160.0
SHP_5498,148696.0,3789227.0
SHP_5501,141468.0,3605951.3
SHP_5503,97707.1,2308550.3
SHP_5505,117741.1,2827603.0
SHP_5507,77791.5,1836784.8
SHP_5509,168652.3,4286894.0
SHP_5510,193529.1,4811730.0
SHP_5511,52877.2,1283755.3
SHP_5514,53164.2,1268924.6
SHP_5518,84439.7,2001579.4
SHP_5521,43048.8,1056362.3
SHP_5524,172163.8,4375336.0
SHP_5526,172163.8,4375336.0
SHP_5528,87341.8,2071180.6
SHP_5529,194836.4,4841846.0
SHP_5531,2543.7,45369.9
SHP_5532,87490.0,2073130.8
SHP_5535,148761.3,3789963.8
SHP_5537,95238.8,2289572.0
SHP_5542,144212.5,3532201.8
SHP_5543,99531.2,2412613.0
SHP_5545,173191.2,4401193.5
SHP_5546,202982.0,5035913.0
SHP_5548,117747.1,2827632.5
SHP_5552,67297.5,1568506.9
SHP_5553,116073.0,2785204.0
SHP_5554,78060.4,1901902.6
SHP_5555,134735.3,3330798.3
SHP_5557,195135.1,4855540.0
SHP_5559,117743.8,2827766.8
SHP_5560,173116.8,4401529.0
SHP_5561,175908.0,4467186.0
SHP_5562,128777.3,3165820.0
SHP_5566,91965.7,2210372.0
SHP_5569,1868.2,30477.0
SHP_5572,73597.3,1764077.0
SHP_5573,65349.7,1583555.1
SHP_5575,90818.3,2157118.5
SHP_5576,86353.4,2052444.9
SHP_5578,172651.8,4382966.0
SHP_5583,86777.6,2109936.5
SHP_5585,91588.3,2172811.3
SHP_5586,70388.8,1700962.1
SHP_5587,173008.7,4398423.0
SHP_5592,109748.2,2641785.0
SHP_5593,53306.7,1271360.1
SHP_5594,173435.9,4406942.5
SHP_5596,87110.7,2060647.9
SHP_5599,84921.1,2022085.5
SHP_5601,102676.6,2491363.8
SHP_5603,133682.7,3310257.3
SHP_5605,134725.6,3315278.5
SHP_5609,123053.1,3119638.5
SHP_5610,64963.8,1549998.3
SHP_5612,74250.3,1753187.5
SHP_5613,213537.3,5362817.0
SHP_5616,172416.4,4380671.0
SHP_5618,1620.0,26614.9
SHP_5620,54388.3,1279911.0
SHP_5624,91384.0,2169710.8
SHP_5633,163970.4,4092595.5
SHP_5634,87928.9,2133483.3
SHP_5635,86374.9,2097640.3
SHP_5636,90144.1,2146178.5
SHP_5638,171690.3,4369662.0
SHP_5639,91693.8,2174888.0
SHP_5643,194507.7,4829928.0
SHP_5644,78829.7,1855841.8
SHP_5645,91713.5,2174906.0
SHP_5651,212909.4,5337524.0
SHP_5653,91692.9,2174706.5
SHP_5656,81927.7,1955180.0
SHP_5657,90757.1,2156301.3
SHP_5659,101499.9,2500471.0
SHP_5662,91576.9,2199942.5
SHP_5665,81238.3,1929682.3
SHP_5666,193941.3,4823044.0
SHP_5667,173573.4,4408762.5
SHP_5669,78811.3,1868435.6
SHP_5672,15838.6,370882.0
SHP_5677,172134.7,4381295.5
SHP_5679,117940.9,2849643.5
SHP_5680,174318.1,4427466.0
SHP_5681,3212.5,64917.1
SHP_5689,117476.2,2837807.5
SHP_5690,174820.3,4439284.0
SHP_5694,174312.9,4427407.0
SHP_5696,134725.6,3315278.5
SHP_5704,69452.7,1658347.3
SHP_5706,172687.9,4383395.5
SHP_5712,1187.9,19531.7
SHP_5714,80730.4,1965913.5
SHP_5715,99304.8,2319118.5
SHP_5716,87280.8,2060997.8
SHP_5719,86430.4,2053376.0
SHP_5721,94682.4,2234207.5
SHP_5724,64456.5,1543598.8
SHP_5725,16013.7,377174.0
SHP_5727,84973.6,2021887.3
SHP_5728,73393.9,1759204.5
SHP_5732,169398.8,4312645.5
SHP_5736,45174.0,1097778.1
SHP_5738,172003.5,4372249.0
SHP_5741,99359.3,2393344.5
SHP_5742,52915.7,1284080.4
SHP_5745,69536.4,1688635.9
SHP_5746,195870.7,4870670.5
SHP_5747,160763.1,4105864.5
SHP_5757,133362.5,3304139.0
SHP_5758,77876.3,1899538.9
SHP_5760,94723.0,2219034.3
SHP_5761,79523.3,1943867.4
SHP_5767,196459.5,4894466.0
SHP_5768,62600.5,1465854.3
SHP_5769,79642.8,1946090.0
SHP_5771,204324.8,5102045.0
SHP_5772,208393.5,5253315.5
SHP_5773,1868.2,30477.0
SHP_5774,171693.9,4368010.0
SHP_5775,171805.1,4367542.5
SHP_5776,95184.9,2244034.8
SHP_5777,194223.0,4827710.0
SHP_5781,61569.1,1490556.1
SHP_5782,211767.9,5308135.0
SHP_5785,168815.1,4302639.5
SHP_5787,133362.5,3304139.0
SHP_5788,78530.9,1846842.8
SHP_5793,18160.9,403821.6
SHP_5796,128777.3,3165820.0
SHP_5797,69996.8,1697505.1
SHP_5802,170239.6,4334889.0
SHP_5803,44096.0,1075920.4
SHP_5806,16612.6,386713.4
SHP_5807,117029.4,2829456.5
SHP_5809,174671.6,4435796.5
SHP_5815,135977.7,3369447.8
SHP_5820,16208.5,379319.8
SHP_5824,117476.2,2837807.5
SHP_5826,163189.6,4061895.0
SHP_5828,192371.8,4796295.0
SHP_5829,65278.0,1562072.1
SHP_5830,172808.1,4397528.0
SHP_5831,173138.6,4400550.0
SHP_5834,193902.1,4822433.0
SHP_5835,116073.0,2785204.0
SHP_5837,92340.6,2218156.5
SHP_5838,91610.9,2202970.3
SHP_5839,77873.0,1905763.3
SHP_5841,87065.3,2060373.6
SHP_5842,53510.9,1270429.8
SHP_5843,193529.1,4811730.0
SHP_5846,170573.0,4337416.0
SHP_5848,195990.7,4879869.0
SHP_5849,196939.3,4893510.0
SHP_5853,166467.3,4247641.5
SHP_5855,69628.1,1691599.1
SHP_5860,39246.8,928655.6
SHP_5861,170413.6,4336483.5
SHP_5862,92169.8,2180533.3
SHP_5863,87127.0,2059571.5
SHP_5864,97707.1,2308550.3
SHP_5867,171972.1,4369907.5
SHP_5870,170289.3,4337121.5
SHP_5872,174671.6,4435796.5
SHP_5873,91660.1,2174851.5
SHP_5876,92412.0,2215828.8
SHP_5877,87318.0,2071927.5
SHP_5882,87585.0,2075817.0
SHP_5883,81502.0,1977156.5
SHP_5884,169979.3,4318523.5
SHP_5885,87909.4,2132194.3
SHP_5886,52908.6,1284171.8
SHP_5889,173772.5,4417168.5
SHP_5890,125231.1,3178342.5
SHP_5893,79539.8,1941902.6
SHP_5894,90771.7,2150526.0
SHP_5896,92304.5,2194288.8
SHP_5897,87913.3,2077666.8
SHP_5899,142641.5,3487666.5
SHP_5901,142833.8,3633031.0
SHP_5902,87511.9,2072632.4
SHP_5903,78992.0,1873243.1
SHP_5911,49028.3,1189000.0
SHP_5913,79794.6,1895190.3
SHP_5914,93050.6,2231724.3
SHP_5915,45397.0,1104077.1
SHP_5924,93404.6,2236958.3
SHP_5927,141692.0,3613018.8
SHP_5929,85911.5,2040973.0
SHP_5930,44542.2,1086642.5
SHP_5931,70590.5,1712778.0
SHP_5932,87905.2,2072260.6
SHP_5934,96362.4,2315514.8
SHP_5935,87390.9,2064551.3
SHP_5936,173061.2,4400829.5
SHP_5937,57282.3,1404087.5
SHP_5939,83425.9,1978743.0
SHP_5940,192332.6,4788876.0
SHP_5943,86826.9,2058821.4
SHP_5944,91816.6,2177799.8
SHP_5945,2798.7,57113.3
SHP_5947,172598.9,4389538.0
SHP_5950,86997.1,2109822.5
SHP_5951,149360.4,3808708.0
SHP_5952,103101.3,2410915.0
SHP_5954,69348.7,1684057.8
SHP_5958,90942.6,2162185.3
SHP_5959,103659.2,2423056.0
SHP_5960,173122.9,4396868.0
SHP_5961,169783.3,4323807.5
SHP_5962,2543.7,45369.9
SHP_5963,69628.1,1691599.1
SHP_5964,103083.2,2405555.8
SHP_5967,78887.9,1928722.0
SHP_5969,65291.0,1561731.8
SHP_5976,95209.9,2300222.3
SHP_5977,86570.5,2054442.1
SHP_5981,88107.2,2139925.5
SHP_5983,88572.4,2156837.5
SHP_5984,173384.3,4403986.0
SHP_5985,56238.0,1348214.0
SHP_5987,79254.3,1936385.4
SHP_5988,177914.7,4441874.0
SHP_5989,20157.2,473578.3
SHP_5995,150282.9,3820609.0
SHP_5998,92340.6,2218156.5
SHP_5999,193948.6,4821900.0
SHP_6002,52786.2,1254170.9
SHP_6003,77379.7,1849329.9
SHP_6004,91693.8,2174888.0
SHP_6005,91693.8,2201157.8
SHP_6008,172738.5,4391909.0
SHP_6011,212283.1,5315632.0
SHP_6013,173483.4,4409680.0
SHP_6014,84350.6,2010184.3
SHP_6015,81313.6,1976304.0
SHP_6016,208315.9,5250027.5
SHP_6017,42674.4,1031555.0
SHP_6018,15838.6,370882.0
SHP_6019,83981.0,1995442.4
SHP_6021,148696.0,3789227.0
SHP_6022,174908.6,4440504.5
SHP_6023,166824.6,4256392.0
SHP_6025,94643.5,2221305.0
SHP_6026,1868.2,30477.0
SHP_6028,87052.4,2111484.0
SHP_6031,97305.5,2342405.0
SHP_6032,86665.1,2058746.3
SHP_6035,92088.6,2211702.5
SHP_6036,101586.0,2466076.5
SHP_6037,90564.5,2154303.8
SHP_6038,92212.2,2189399.8
SHP_6041,101234.8,2456585.3
SHP_6042,164112.9,4098720.5
SHP_6049,173803.7,4419081.0
SHP_6050,103903.3,2421252.0
SHP_6052,169346.4,4307721.0
SHP_6053,172751.5,4393148.5
SHP_6055,87467.2,2065584.3
SHP_6058,44860.2,1091896.3
SHP_6059,93083.8,2201877.3
SHP_6062,89218.3,2105430.5
SHP_6064,94733.0,2237044.8
SHP_6065,174044.9,4418694.0
SHP_6068,66600.8,1557070.4
SHP_6071,92212.2,2189399.8
SHP_6072,75571.1,1819517.9
SHP_6075,74328.6,1768283.6
SHP_6077,109748.2,2641785.0
SHP_6079,175320.7,4450920.0
SHP_6081,168652.3,4286894.0
SHP_6082,147977.3,3775727.5
SHP_6084,177190.8,4497453.5
SHP_6086,195565.3,4863634.0
SHP_6093,173871.3,4418561.5
SHP_6094,49028.3,1189000.0
SHP_6095,78842.7,1882099.4
SHP_6098,171984.0,4370959.5
SHP_6099,93107.2,2204778.8
SHP_6100,84728.8,2040834.0
SHP_6107,170445.6,4331925.0
SHP_6109,136835.7,3385916.0
SHP_6115,195424.7,4859533.0
SHP_6117,79794.6,1895190.3
SHP_6121,59540.2,1450323.6
SHP_6125,169749.3,4315168.5
SHP_6126,83735.6,1987803.5
SHP_6129,804.7,11969.9
SHP_6130,92532.9,2220075.3
SHP_6131,103659.2,2423056.0
SHP_6133,95096.0,2295771.3
SHP_6134,92862.1,2195611.0
SHP_6137,171936.5,4365378.5
SHP_6139,172288.7,4383075.5
SHP_6140,87318.0,2071927.5
SHP_6142,86562.8,2054667.5
SHP_6143,184695.7,4611942.0
SHP_6144,95313.9,2241521.3
SHP_6153,19305.6,459967.9
SHP_6155,88904.5,2141009.5
SHP_6158,65899.4,1581248.8
SHP_6161,82737.6,2006483.8
SHP_6163,31513.5,769889.0
SHP_6164,101078.9,2461513.0
SHP_6165,197142.0,4895479.5
SHP_6166,59827.5,1455823.4
SHP_6167,2543.7,45369.9
SHP_6168,197758.6,4924174.0
SHP_6170,142700.7,3630084.5
SHP_6172,73950.0,1772901.8
SHP_6173,88286.4,2083867.8
SHP_6175,799.0,11908.1
SHP_6177,90144.1,2146178.5
SHP_6178,92436.0,2217564.3
SHP_6180,99570.1,2451326.5
SHP_6183,80618.8,1959726.6
SHP_6188,43541.8,1062889.6
SHP_6189,209335.5,5268576.5
SHP_6193,79248.3,1886003.0
SHP_6194,91317.7,2168717.0
SHP_6195,166708.1,4250005.0
SHP_6196,52920.3,1284154.5
SHP_6197,89677.6,2114827.5
SHP_6200,173501.5,4408681.5
SHP_6201,149798.0,3814636.5
SHP_6202,65278.0,1562072.1
SHP_6203,77436.6,1848252.8
SHP_6205,71872.1,1682121.8
SHP_6208,215101.6,5331622.0
SHP_6209,20157.2,473578.3
SHP_6211,67529.4,1573626.0
SHP_6217,80371.0,1908570.3
SHP_6218,150354.6,3831387.3
SHP_6220,83096.4,2031381.0
SHP_6225,93612.1,2216903.0
SHP_6226,197758.6,4924174.0
SHP_6227,77770.1,1822772.1
SHP_6228,166892.7,4256029.0
SHP_6231,197006.9,4892896.0
SHP_6232,163460.2,4067234.5
SHP_6233,94232.1,2223476.5
SHP_6236,45174.0,1097778.1
SHP_6238,86570.5,2054442.1
SHP_6239,92176.6,2162934.5
SHP_6241,87751.7,2070180.5
SHP_6242,70714.5,1704805.8
SHP_6248,1680.4,23401.0
SHP_6249,79105.3,1932845.0
SHP_6250,87280.8,2060997.8
SHP_6256,91660.2,2174119.3
SHP_6257,180848.8,4577112.0
SHP_6258,70590.5,1712778.0
SHP_6261,91161.7,2163680.5
SHP_6262,74322.1,1797787.6
SHP_6263,81013.3,1923764.6
SHP_6264,87891.8,2079064.1
SHP_6265,59414.4,1436694.5
SHP_6267,95209.9,2300222.3
SHP_6269,94567.2,2232467.0
SHP_6271,87313.2,2071368.5
SHP_6273,87079.5,2059857.1
SHP_6274,135977.7,3369447.8
SHP_6277,92729.5,2192842.8
SHP_6279,148817.7,3793737.5
SHP_6280,173681.0,4402228.5
SHP_6281,90712.9,2154108.3
SHP_6285,150282.9,3820609.0
SHP_6288,23189.0,552793.2
SHP_6291,167826.8,4279158.0
SHP_6293,133960.9,3316628.5
SHP_6295,2603.1,46998.7
SHP_6298,95257.2,2244398.0
SHP_6299,133682.7,3310257.3
SHP_6300,87084.0,2060627.0
SHP_6303,83577.0,1988152.5
SHP_6304,87605.6,2124796.8
SHP_6307,87177.4,2061284.1
SHP_6309,83550.6,1988066.1
SHP_6311,117743.8,2827766.8
SHP_6312,161638.1,4013840.8
SHP_6316,167546.5,4270888.0
SHP_6317,170333.8,4302886.0
SHP_6318,178112.9,4444991.5
SHP_6322,92249.5,2210390.0
SHP_6324,91965.7,2210372.0
SHP_6330,77551.0,1887160.8
SHP_6331,80104.4,1888309.9
SHP_6333,2798.7,57113.3
SHP_6334,70465.8,1703089.9
SHP_6335,91333.0,2168859.3
SHP_6342,92442.4,2185930.8
SHP_6343,46596.9,1128268.3
SHP_6344,91719.5,2174941.3
SHP_6345,173772.5,4417168.5
SHP_6346,85225.3,2024002.5
SHP_6347,177353.0,4412126.0
SHP_6348,78336.8,1839919.8
SHP_6351,56127.2,1379303.8
SHP_6356,174750.0,4438428.5
SHP_6357,164142.7,4100079.5
SHP_6364,90285.8,2224226.3
SHP_6365,16259.8,382068.9
SHP_6369,87698.5,2130222.5
SHP_6371,149086.3,3802294.3
SHP_6372,169140.2,4310171.5
SHP_6375,79353.5,1868830.0
SHP_6376,23122.6,552947.3
SHP_6381,170793.9,4348994.5
SHP_6383,92563.9,2174903.3
SHP_6385,56394.6,1385923.8
SHP_6388,79811.4,1949166.8
SHP_6396,175015.2,4442384.5
SHP_6398,170916.2,4283878.0
SHP_6403,56847.0,1394164.3
SHP_6406,88304.5,2084077.8
SHP_6414,90499.6,2153443.0
SHP_6415,167851.8,4269894.5
SHP_6416,93803.1,2179640.0
SHP_6418,81252.1,1927636.6
SHP_6420,101477.9,2466295.0
SHP_6421,69996.8,1697505.1
SHP_6424,172267.4,4377629.0
SHP_6425,49028.3,1189000.0
SHP_6434,163163.0,4059122.0
SHP_6435,86858.2,2057529.9
SHP_6437,195915.6,4873406.0
SHP_6438,91790.6,2177446.8
SHP_6442,195966.0,4872931.0
SHP_6443,133729.2,3312231.0
SHP_6444,97415.8,2293805.0
SHP_6446,193529.1,4811730.0
SHP_6448,167408.5,4268148.0
SHP_6449,174436.5,4432637.5
SHP_6450,87605.6,2124796.8
SHP_6452,150509.2,3833237.3
SHP_6453,172332.6,4376352.0
SHP_6454,90960.0,2159799.8
SHP_6458,103658.9,2422493.0
SHP_6462,166708.1,4250005.0
SHP_6465,91018.5,2127008.0
SHP_6467,54388.3,1279911.0
SHP_6470,168704.5,4288663.0
SHP_6472,67572.5,1572158.3
SHP_6474,87240.0,2116422.0
SHP_6477,87051.7,2061272.5
SHP_6478,95756.5,2259945.3
SHP_6480,175636.9,4460058.0
SHP_6483,94232.1,2223476.5
SHP_6486,87238.7,2060849.0
SHP_6494,78992.0,1873243.1
SHP_6495,91503.1,2201372.5
SHP_6497,177568.4,4436464.5
SHP_6499,181231.2,4519624.5
SHP_6503,194383.4,4832908.0
SHP_6507,99665.1,2472511.0
SHP_6510,173991.6,4415232.0
SHP_6514,122159.4,3106040.0
SHP_6519,86612.6,2052361.3
SHP_6523,65899.4,1581248.8
SHP_6525,45340.7,1099687.0
SHP_6526,71510.6,1730180.4
SHP_6527,127998.4,3158328.5
SHP_6528,75659.5,1789570.0
SHP_6532,86715.4,2055850.3
SHP_6535,194507.7,4829928.0
SHP_6537,103433.0,2400438.5
SHP_6539,90328.4,2227893.3
SHP_6541,86997.1,2109822.5
SHP_6543,177176.2,4498155.5
SHP_6550,56238.0,1348214.0
SHP_6551,44652.2,1091999.4
SHP_6554,79356.4,1940187.8
SHP_6558,90515.8,2153873.3
SHP_6559,54759.7,1292742.3
SHP_6561,87763.4,2077294.1
SHP_6562,173409.8,4403738.5
SHP_6563,93083.8,2201877.3
SHP_6566,81837.7,1944309.9
SHP_6568,173589.6,4411153.0
SHP_6572,78811.3,1868435.6
SHP_6576,77161.2,1891946.1
SHP_6581,116073.0,2785204.0
SHP_6583,67001.4,1563828.0
SHP_6585,80239.9,1909812.8
SHP_6588,2543.7,45369.9
SHP_6589,82684.7,1986729.0
SHP_6590,87793.9,2133625.0
SHP_6592,90960.0,2159799.8
SHP_6594,93478.5,2213355.3
SHP_6597,163244.5,4062755.0
SHP_6603,65899.4,1581248.8
SHP_6604,79749.0,1945408.1
SHP_6605,44096.0,1075920.4
SHP_6606,218954.4,5395635.5
SHP_6609,172460.0,4378207.0
SHP_6611,55123.0,1303479.4
SHP_6613,98638.9,2306310.3
SHP_6615,92412.0,2215828.8
SHP_6616,56398.3,1385960.4
SHP_6617,173958.8,4408568.5
SHP_6619,64726.0,1545750.0
SHP_6624,2151.1,35148.1
SHP_6625,64621.2,1548845.5
SHP_6626,2496.9,47454.9
SHP_6627,53285.4,1263904.9
SHP_6635,197062.8,4903091.5
SHP_6638,86915.3,2109606.5
SHP_6640,87620.6,2077662.1
SHP_6642,68061.5,1586563.8
SHP_6643,2436.2,46215.1
SHP_6645,169210.4,4307420.0
SHP_6648,87414.3,2067688.1
SHP_6654,84921.1,2022085.5
SHP_6656,86051.1,2030885.3
SHP_6659,86994.5,2058872.3
SHP_6660,64636.3,1544012.0
SHP_6662,91531.4,2197277.0
SHP_6664,171935.8,4375727.0
SHP_6668,52915.7,1284080.4
SHP_6669,74250.3,1753187.5
SHP_6671,86612.6,2052361.3
SHP_6672,91300.7,2167531.0
SHP_6674,150115.8,3821025.5
SHP_6675,58440.5,1414431.8
SHP_6676,42665.9,1041188.6
SHP_6677,86939.5,2059669.3
SHP_6678,91816.3,2177796.0
SHP_6679,80898.2,1967056.0
SHP_6680,1079.1,15777.1
SHP_6683,31454.0,769440.4
SHP_6685,93083.8,2201877.3
SHP_6686,99237.4,2398315.8
SHP_6687,78106.2,1911858.5
SHP_6689,101586.0,2466076.5
SHP_6690,85961.6,2036359.0
SHP_6691,148614.5,3790311.8
SHP_6693,19498.4,463420.7
SHP_6696,16259.8,382068.9
SHP_6697,173163.8,4402602.0
SHP_6700,78336.8,1839919.8
SHP_6701,168415.7,4289949.0
SHP_6704,166467.3,4247641.5
SHP_6706,81502.0,1977156.5
SHP_6707,212283.1,5315632.0
SHP_6713,87511.9,2072632.4
SHP_6716,1571.7,23542.7
SHP_6717,98782.0,2383364.3
SHP_6720,170618.8,4343961.5
SHP_6721,92665.9,2170148.8
SHP_6723,91463.9,2170427.0
SHP_6724,77976.5,1866490.6
SHP_6725,167851.8,4269894.5
SHP_6726,89850.8,2143317.8
SHP_6733,173772.5,4417168.5
SHP_6734,181899.5,4541792.5
SHP_6739,172138.0,4382120.5
SHP_6741,67747.9,1576116.0
SHP_6742,16723.4,377684.6
SHP_6744,69536.4,1688635.9
SHP_6745,16113.9,378027.2
SHP_6746,91161.7,2163680.5
SHP_6747,173589.6,4411153.0
SHP_6749,168652.3,4286894.0
SHP_6752,87607.8,2077514.9
SHP_6753,102560.3,2390187.5
SHP_6754,91799.9,2177545.8
SHP_6755,167585.8,4273222.0
SHP_6756,67001.4,1563828.0
SHP_6759,195164.6,4857697.0
SHP_6761,171586.8,4362990.5
SHP_6762,86349.0,2051045.4
SHP_6764,166871.9,4257046.0
SHP_6766,86826.9,2058821.4
SHP_6767,51900.7,1228223.8
SHP_6769,93310.2,2242805.0
SHP_6770,194622.0,4836245.0
SHP_6772,77035.3,1850483.0
SHP_6774,83978.7,1989657.8
SHP_6776,93761.0,2219384.8
SHP_6790,83577.0,1988152.5
SHP_6791,92423.5,2186677.8
SHP_6794,43541.8,1062889.6
SHP_6795,79539.8,1941902.6
SHP_6796,86663.0,2057755.0
SHP_6798,81301.1,1973582.5
SHP_6799,120641.0,2924179.0
SHP_6800,79727.3,1894710.1
SHP_6803,67572.5,1572158.3
SHP_6805,1958.6,28092.8
SHP_6807,169546.7,4305824.0
SHP_6808,117029.4,2829456.5
SHP_6811,92212.2,2189399.8
SHP_6812,51358.1,1231952.9
SHP_6813,168835.9,4291650.0
SHP_6814,134725.6,3315278.5
SHP_6815,173162.8,4396578.5
SHP_6816,173577.3,4402245.0
SHP_6817,91732.4,2176460.3
SHP_6818,162055.7,4020219.3
SHP_6823,194812.1,4851714.0
SHP_6825,91579.2,2200682.5
SHP_6829,74250.3,1753187.5
SHP_6831,184535.4,4654095.0
SHP_6832,172544.5,4383218.0
SHP_6834,87751.7,2070180.5
SHP_6839,79405.3,1890717.3
SHP_6842,208895.2,5260896.0
SHP_6846,167553.8,4271975.0
SHP_6849,173399.3,4408596.0
SHP_6851,163473.8,4087180.0
SHP_6852,217881.7,5451239.0
SHP_6853,173416.9,4403954.0
SHP_6856,91413.5,2170081.3
SHP_6858,167436.3,4268839.0
SHP_6859,172980.7,4395057.0
SHP_6860,163310.2,4063653.5
SHP_6861,72285.8,1775375.6
SHP_6862,192228.0,4782271.0
SHP_6871,70827.0,1706951.0
SHP_6875,172521.1,4381632.0
SHP_6877,2543.7,45369.9
SHP_6884,56548.6,1388900.8
SHP_6894,45174.0,1097778.1
SHP_6898,778.7,8752.2
SHP_6899,170837.2,4345370.5
SHP_6901,93478.5,2213355.3
SHP_6903,77401.4,1816048.0
SHP_6904,149360.4,3808708.0
SHP_6907,88336.8,2096159.3
SHP_6909,195966.0,4872931.0
SHP_6910,174312.9,4427407.0
SHP_6911,93571.6,2216523.5
SHP_6914,85319.7,2029749.8
SHP_6916,121854.4,3096169.0
SHP_6917,122925.7,3121835.8
SHP_6918,133729.2,3312231.0
SHP_6923,91708.8,2179308.5
SHP_6925,206898.5,5155107.0
SHP_6926,49028.3,1189000.0
SHP_6927,215154.6,5329868.0
SHP_6928,117894.6,2788672.5
SHP_6933,87904.7,2081680.8
SHP_6938,194050.3,4840453.0
SHP_6943,193626.8,4819203.0
SHP_6945,99570.1,2451326.5
SHP_6947,99665.1,2472511.0
SHP_6949,89763.2,2128986.0
SHP_6952,134088.3,3317882.5
SHP_6955,90150.4,2120308.3
SHP_6963,195026.2,4847341.0
SHP_6967,51900.7,1228223.8
SHP_6968,54388.3,1279911.0
SHP_6970,98360.6,2300644.5
SHP_6972,177568.4,4436464.5
SHP_6980,64963.8,1549998.3
SHP_6983,89197.3,2105349.3
SHP_6984,181749.2,4538848.5
SHP_6985,89120.0,2166255.0
SHP_6987,57858.7,1413262.5
SHP_6990,88723.2,2095116.3
SHP_6991,73421.8,1772109.3
SHP_6993,69156.0,1676445.9
SHP_6996,20157.2,473578.3
SHP_6998,94981.6,2286405.3
SHP_6999,166871.9,4257046.0
SHP_7000,74239.0,1750091.0
SHP_7007,77976.5,1866490.6
SHP_7008,171611.4,4361466.0
SHP_7009,92563.9,2174903.3
SHP_7010,172651.8,4382966.0
SHP_7011,185384.5,4625626.5
SHP_7013,87240.0,2116422.0
SHP_7015,87759.8,2069667.6
SHP_7020,148696.0,3789227.0
SHP_7022,87805.1,2131346.0
SHP_7026,86177.7,2046732.6
SHP_7031,88850.0,2139641.3
SHP_7035,174105.5,4426637.5
SHP_7037,79248.3,1886003.0
SHP_7040,99359.3,2393344.5
SHP_7041,196815.7,4888356.0
SHP_7043,69907.1,1692869.0
SHP_7044,91573.9,2172402.3
SHP_7052,177152.3,4494380.0
SHP_7053,81238.3,1929682.3
SHP_7054,2944.1,55402.8
SHP_7055,78650.3,1924442.3
SHP_7058,93679.8,2209909.3
SHP_7059,77941.4,1848892.1
SHP_7060,76443.8,1841396.4
SHP_7061,87131.8,2059568.6
SHP_7062,80256.9,1912248.0
SHP_7066,172906.2,4389556.0
SHP_7068,167436.3,4268839.0
SHP_7071,184799.1,4613456.0
SHP_7073,197224.9,4914708.0
SHP_7077,93728.5,2216817.5
SHP_7079,167546.5,4270888.0
SHP_7082,85911.5,2040973.0
SHP_7083,101363.9,2463164.3
SHP_7084,80381.9,1957410.3
SHP_7085,77914.2,1863958.4
SHP_7086,194257.2,4924571.0
SHP_7088,87763.4,2077294.1
SHP_7093,117952.0,2828967.5
SHP_7094,79330.0,1892615.3
SHP_7096,81238.3,1929682.3
SHP_7101,85851.5,2044507.3
SHP_7102,2944.1,55402.8
SHP_7103,95407.6,2297253.0
SHP_7104,67551.0,1572633.8
SHP_7107,174915.4,4436894.0
SHP_7108,167915.4,4282205.0
SHP_7109,109748.2,2641785.0
SHP_7110,172453.7,4381539.0
SHP_7112,149360.4,3808708.0
SHP_7114,185425.4,4618855.0
SHP_7116,85457.0,2031283.8
SHP_7117,77551.0,1887160.8
SHP_7122,49028.3,1189000.0
SHP_7123,99742.2,2415866.0
SHP_7125,193886.0,4821466.0
SHP_7127,95004.9,2287042.3
SHP_7131,90359.6,2126937.8
SHP_7139,167934.6,4261265.5
SHP_7140,86896.8,2058014.1
SHP_7141,87419.6,2064113.5
SHP_7144,617.1,8219.7
SHP_7145,171586.8,4362990.5
SHP_7146,85652.8,2033507.0
SHP_7147,84754.0,1999330.8
SHP_7148,90107.8,2146128.3
SHP_7149,83491.2,1980058.8
SHP_7150,1727.0,31561.0
SHP_7155,91693.8,2201157.8
SHP_7159,172030.1,4371287.0
SHP_7161,96611.1,2263436.3
SHP_7162,53406.8,1268465.0
SHP_7163,77401.4,1816048.0
SHP_7166,87097.3,2060779.3
SHP_7167,173360.7,4406308.0
SHP_7168,850.7,13301.5
SHP_7169,142625.0,3625655.5
SHP_7170,57348.0,1402750.3
SHP_7171,198165.9,4917248.5
SHP_7173,87414.3,2067688.1
SHP_7174,173410.1,4402571.0
SHP_7175,91470.7,2243681.0
SHP_7178,91902.4,2177570.3
SHP_7182,77161.2,1891946.1
SHP_7183,195915.6,4873406.0
SHP_7185,43637.8,1065627.0
SHP_7188,196650.7,4892347.0
SHP_7189,54048.4,1285990.5
SHP_7191,204324.8,5102045.0
SHP_7194,86962.4,2058770.5
SHP_7195,87909.5,2080129.9
SHP_7198,150509.2,3833237.3
SHP_7199,16208.5,379319.8
SHP_7200,45397.0,1104077.1
SHP_7201,80618.8,1959726.6
SHP_7204,87373.1,2065933.9
SHP_7205,172288.7,4383075.5
SHP_7206,92212.2,2189399.8
SHP_7211,86353.4,2052444.9
SHP_7213,88938.0,2183129.0
SHP_7215,110177.4,2691348.8
SHP_7219,87167.9,2069278.4
SHP_7221,125200.6,3169937.0
SHP_7222,55123.0,1303479.4
SHP_7226,44335.4,1083420.0
SHP_7227,81843.4,1944389.3
SHP_7229,81902.4,1964181.8
SHP_7232,142832.8,3633008.0
SHP_7233,168524.4,4285750.0
SHP_7235,90878.6,2190665.3
SHP_7236,92042.0,2185977.0
SHP_7239,134580.5,3313574.5
SHP_7240,173494.5,4407303.5
SHP_7241,91965.7,2210372.0
SHP_7242,1684.8,24216.8
SHP_7243,67468.5,1563657.3
SHP_7244,87848.8,2072516.0
SHP_7247,108363.6,2634033.3
SHP_7248,100483.9,2415215.0
SHP_7251,78042.0,1911796.8
SHP_7253,127442.2,3142658.5
SHP_7257,64599.2,1548719.8
SHP_7259,45348.6,1102088.4
SHP_7260,95003.6,2294906.5
SHP_7263,117476.2,2837807.5
SHP_7264,1252.3,19122.0
SHP_7265,84921.1,2022085.5
SHP_7267,134729.2,3334373.3
SHP_7268,193902.1,4822433.0
SHP_7269,121678.4,3091783.5
SHP_7270,101513.8,2466702.5
SHP_7271,101509.8,2461738.0
SHP_7272,163899.8,4091302.5
SHP_7276,93831.9,2220471.0
SHP_7283,148761.3,3789963.8
SHP_7288,174915.4,4436894.0
SHP_7290,149798.0,3814636.5
SHP_7291,168735.5,4297887.5
SHP_7292,170209.1,4330604.0
SHP_7293,195870.7,4870670.5
SHP_7294,169346.4,4307721.0
SHP_7296,87280.8,2060997.8
SHP_7299,144212.5,3532201.8
SHP_7303,81902.4,1964181.8
SHP_7304,148243.2,3778249.0
SHP_7307,73468.4,1765937.0
SHP_7308,93040.4,2200174.8
SHP_7310,173589.6,4411153.0
SHP_7312,171208.8,4352098.5
SHP_7314,23122.6,552947.3
SHP_7316,163309.5,4064760.0
SHP_7318,169852.2,4310962.0
SHP_7319,87707.7,2096081.3
SHP_7320,87466.3,2074869.6
SHP_7321,72253.4,1746346.0
SHP_7322,87751.7,2070180.5
SHP_7327,167284.8,4266330.0
SHP_7329,73746.6,1766381.6
SHP_7331,69970.7,1672033.5
SHP_7332,87707.7,2096081.3
SHP_7333,163767.8,4072429.5
SHP_7341,87860.2,2070680.4
SHP_7345,100358.8,2437151.0
SHP_7346,103113.9,2402942.3
SHP_7347,167826.8,4279158.0
SHP_7348,103101.6,2395488.8
SHP_7349,98855.2,2325344.0
SHP_7352,87052.4,2111484.0
SHP_7353,69996.8,1697505.1
SHP_7354,88473.0,2079035.1
SHP_7356,81313.6,1976304.0
SHP_7362,84132.4,2001065.9
SHP_7366,212909.4,5337524.0
SHP_7371,98360.6,2300644.5
SHP_7373,16259.8,382068.9
SHP_7375,44179.2,1076833.6
SHP_7377,177190.8,4497453.5
SHP_7379,88938.0,2183129.0
SHP_7380,79252.9,1864135.5
SHP_7385,79055.5,1932574.6
SHP_7386,1324.0,18758.9
SHP_7387,193529.1,4811730.0
SHP_7388,45397.0,1104077.1
SHP_7392,149733.7,3814382.0
SHP_7393,87751.7,2070180.5
SHP_7394,87094.7,2117296.8
SHP_7397,173740.0,4412645.5
SHP_7400,194497.5,4836513.0
SHP_7401,174144.0,4412959.0
SHP_7402,88066.9,2072551.5
SHP_7409,195870.7,4870670.5
SHP_7410,90771.7,2150526.0
SHP_7411,89511.5,2175120.0
SHP_7412,44505.9,1082689.3
SHP_7414,173114.1,4390415.0
SHP_7415,167428.6,4264255.5
SHP_7416,86826.9,2058821.4
SHP_7417,163248.1,4062800.0
SHP_7418,173974.6,4409249.0
SHP_7420,87532.7,2128734.5
SHP_7421,196443.2,4892748.0
SHP_7424,171586.8,4362990.5
SHP_7428,172651.8,4382966.0
SHP_7430,91885.0,2177483.3
SHP_7433,45448.8,1106285.8
SHP_7436,23189.0,552793.2
SHP_7440,167078.7,4261610.0
SHP_7441,163473.8,4087180.0
SHP_7442,82507.6,1999341.0
SHP_7443,173991.6,4415232.0
SHP_7444,86430.4,2053376.0
SHP_7445,171690.3,4369662.0
SHP_7448,182622.1,4553748.0
SHP_7449,86280.6,2026302.1
SHP_7451,83273.9,1987586.6
SHP_7454,69628.1,1691599.1
SHP_7455,88487.9,2154792.3
SHP_7456,86704.4,2107340.8
SHP_7457,91588.3,2172811.3
SHP_7460,67501.7,1577238.1
SHP_7462,144084.5,3529373.5
SHP_7468,173431.3,4405374.0
SHP_7469,209284.8,5262091.5
SHP_7472,134005.9,3317771.5
SHP_7479,75153.7,1778501.6
SHP_7480,78233.0,1904511.6
SHP_7484,91618.0,2172888.8
SHP_7486,95184.9,2244034.8
SHP_7487,103658.9,2422493.0
SHP_7488,194061.8,4825438.0
SHP_7489,56889.0,1394927.3
SHP_7490,91600.8,2255657.0
SHP_7491,178112.9,4444991.5
SHP_7492,118089.3,2835856.3
SHP_7493,41403.7,976818.1
SHP_7496,95096.0,2295771.3
SHP_7497,93679.8,2209909.3
SHP_7500,193292.5,4820723.0
SHP_7502,194507.7,4829928.0
SHP_7503,78650.2,1854525.3
SHP_7505,81902.4,1964181.8
SHP_7506,86430.4,2053376.0
SHP_7509,192692.0,4796262.0
SHP_7510,99648.5,2414069.0
SHP_7512,163104.5,4058752.8
SHP_7513,81080.4,1930738.5
SHP_7514,194223.0,4827710.0
SHP_7516,90603.5,2232861.5
SHP_7517,88723.2,2095116.3
SHP_7519,79811.4,1949166.8
SHP_7521,78482.7,1844593.3
SHP_7522,177295.7,4498089.0
SHP_7523,127706.8,3153351.0
SHP_7524,163899.8,4091302.5
SHP_7528,89349.8,2104610.5
SHP_7531,211330.6,5315863.5
SHP_7534,80445.7,1958489.9
SHP_7535,103016.9,2398663.8
SHP_7538,80728.8,1922264.3
SHP_7539,103658.9,2422493.0
SHP_7544,91482.6,2171016.8
SHP_7546,94567.2,2232467.0
SHP_7551,75217.3,1778408.4
SHP_7553,103113.9,2402942.3
SHP_7554,79539.8,1941902.6
SHP_7569,173565.7,4405991.5
SHP_7571,71143.2,1723629.8
SHP_7572,194472.1,4834689.5
SHP_7573,94723.0,2219034.3
SHP_7575,87865.5,2077176.8
SHP_7576,12655.8,284073.3
SHP_7577,100847.7,2425252.5
SHP_7578,90393.0,2150675.0
SHP_7581,177278.4,4497451.0
SHP_7587,163189.6,4061895.0
SHP_7591,133403.3,3270040.0
SHP_7593,65807.7,1596977.5
SHP_7595,101996.2,2477948.0
SHP_7596,121678.4,3091783.5
SHP_7599,71199.4,1723389.5
SHP_7602,599.9,8037.3
SHP_7603,193874.4,4821900.0
SHP_7605,171081.9,4354467.0
SHP_7606,193741.2,4918560.5
SHP_7607,76487.6,1803193.3
SHP_7608,196443.2,4892748.0
SHP_7611,173999.1,4423353.0
SHP_7613,80468.3,1913374.9
SHP_7614,168524.4,4285750.0
SHP_7615,86282.3,2050475.4
SHP_7617,173326.0,4403960.5
SHP_7618,122190.1,3106381.5
SHP_7620,83096.4,2031381.0
SHP_7621,194497.5,4836513.0
SHP_7623,170413.6,4336483.5
SHP_7628,163820.9,4073287.5
SHP_7630,163309.5,4064760.0
SHP_7631,88066.9,2072551.5
SHP_7636,172670.7,4385392.0
SHP_7637,171529.5,4364872.5
SHP_7639,103708.9,2408143.0
SHP_7641,83523.6,1987512.0
SHP_7642,193594.6,4827588.0
SHP_7643,116073.0,2785204.0
SHP_7648,23114.2,552892.8
SHP_7649,173740.0,4412645.5
SHP_7654,83978.7,1989657.8
SHP_7657,88686.8,2159722.0
SHP_7662,171950.0,4369617.0
SHP_7664,804.7,11969.9
SHP_7672,116073.0,2785204.0
SHP_7673,86074.3,2092030.6
SHP_7676,79243.4,1885120.6
SHP_7678,64963.8,1549998.3
SHP_7679,110169.6,2692460.5
SHP_7689,215154.6,5329868.0
SHP_7691,212327.0,5324911.0
SHP_7692,167325.3,4267762.0
SHP_7694,87615.4,2122925.8
SHP_7699,2798.7,57113.3
SHP_7701,169511.0,4314872.5
SHP_7702,46596.9,1128268.3
SHP_7704,193902.1,4822433.0
SHP_7705,168704.5,4288663.0
SHP_7706,195205.8,4850724.0
SHP_7712,148696.0,3789227.0
SHP_7713,170916.2,4283878.0
SHP_7715,87341.8,2071180.6
SHP_7719,167808.0,4278053.5
SHP_7721,87238.7,2060849.0
SHP_7722,67582.0,1573198.0
SHP_7723,87768.2,2134300.8
SHP_7727,103101.6,2395488.8
SHP_7728,172649.3,4385496.0
SHP_7729,174331.2,4425062.0
SHP_7730,78918.4,1881828.1
SHP_7731,172658.4,4385144.5
SHP_7732,84973.6,2021887.3
SHP_7734,172163.8,4375336.0
SHP_7735,1750.9,27104.0
SHP_7736,163306.6,4064513.8
SHP_7738,99570.1,2451326.5
SHP_7740,92412.0,2215828.8
SHP_7741,56535.2,1386083.3
SHP_7745,122780.1,3118002.8
SHP_7746,71304.0,1726289.8
SHP_7748,86123.5,2048434.8
SHP_7749,125231.1,3178342.5
SHP_7750,77161.2,1891946.1
SHP_7752,87828.9,2129325.0
SHP_7754,176598.9,4482273.5
SHP_7755,172129.3,4375230.0
SHP_7758,148069.3,3769179.0
SHP_7762,172604.6,4390796.0
SHP_7764,172521.1,4381632.0
SHP_7765,167585.8,4273222.0
SHP_7767,77941.4,1848892.1
SHP_7770,86282.3,2050475.4
SHP_7774,169722.0,4323658.0
SHP_7776,195872.2,4878562.0
SHP_7777,56424.6,1385903.3
SHP_7778,180436.8,4569876.5
SHP_7782,90771.7,2150526.0
SHP_7784,100783.6,2351770.5
SHP_7785,64636.3,1544012.0
SHP_7786,172326.4,4378835.5
SHP_7788,87126.6,2060921.3
SHP_7789,98782.0,2383364.3
SHP_7791,99256.6,2399184.8
SHP_7793,87628.2,2083800.1
SHP_7794,2496.9,47454.9
SHP_7796,149086.3,3802294.3
SHP_7799,98638.9,2306310.3
SHP_7811,86289.4,2097445.8
SHP_7813,82951.5,1970182.8
SHP_7816,163125.3,4061570.5
SHP_7818,89349.8,2104610.5
SHP_7820,87560.5,2069568.8
SHP_7822,174105.4,4424890.0
SHP_7825,91965.7,2210372.0
SHP_7827,172687.9,4383395.5
SHP_7828,94271.1,2230195.0
SHP_7829,56238.0,1348214.0
SHP_7831,101363.9,2463164.3
SHP_7834,88752.2,2094678.8
SHP_7836,172519.6,4388104.0
SHP_7838,99304.8,2319118.5
SHP_7839,173243.7,4399601.5
SHP_7841,103101.6,2395488.8
SHP_7843,87585.0,2075817.0
SHP_7845,209504.2,5270222.5
SHP_7849,87763.4,2077294.1
SHP_7853,133729.2,3312231.0
SHP_7854,86430.4,2053376.0
SHP_7857,73529.7,1760416.8
SHP_7858,90393.0,2150675.0
SHP_7861,133074.1,3221484.0
SHP_7862,173061.2,4400829.5
SHP_7863,77261.1,1849717.6
SHP_7864,127809.8,3152424.5
SHP_7865,89349.8,2104610.5
SHP_7866,1592.9,23646.3
SHP_7870,194384.8,4845698.0
SHP_7872,172923.1,4396645.5
SHP_7873,94089.1,2219801.0
SHP_7875,829.0,12040.9
SHP_7877,196764.6,4888707.5
SHP_7878,92487.4,2192302.8
SHP_7880,86990.0,2059624.3
SHP_7882,87746.9,2129264.0
SHP_7883,56238.0,1348214.0
SHP_7885,67613.8,1564632.6
SHP_7887,48812.6,1174470.5
SHP_7890,93083.8,2201877.3
SHP_7891,64599.2,1548719.8
SHP_7894,148696.0,3789227.0
SHP_7895,212676.3,5327736.5
SHP_7897,173061.2,4400829.5
SHP_7898,87560.5,2069568.8
SHP_7899,196386.2,4892615.0
SHP_7906,103708.9,2408143.0
SHP_7907,177692.7,4435482.0
SHP_7910,69715.3,1692180.5
SHP_7911,88487.9,2154792.3
SHP_7912,3212.5,64917.1
SHP_7915,90331.8,2149335.0
SHP_7916,87473.0,2126157.5
SHP_7920,63662.4,1543365.4
SHP_7922,91674.5,2174508.8
SHP_7924,79896.7,1863649.9
SHP_7925,173416.9,4403954.0
SHP_7926,195966.0,4872931.0
SHP_7927,94038.2,2218668.5
SHP_7933,168735.5,4297887.5
SHP_7934,171483.3,4367100.0
SHP_7937,142171.7,3621428.0
SHP_7943,192072.0,4765440.0
SHP_7946,81080.4,1930738.5
SHP_7947,79896.7,1863649.9
SHP_7950,92376.9,2165579.5
SHP_7951,85269.5,2027750.4
SHP_7952,53549.0,1296089.8
SHP_7960,171260.8,4357058.0
SHP_7962,163341.7,4063895.0
SHP_7965,87664.9,2070154.8
SHP_7966,1684.8,24216.8
SHP_7967,101339.3,2394117.8
SHP_7968,57348.0,1402750.3
SHP_7971,86704.4,2107340.8
SHP_7973,594.7,7916.0
SHP_7977,94232.1,2223476.5
SHP_7978,80253.4,1917410.6
SHP_7979,103126.4,2406769.5
SHP_7981,76550.3,1879539.8
SHP_7984,56535.2,1386083.3
SHP_7986,86440.7,2053061.1
SHP_7987,101983.0,2477619.8
SHP_7989,94232.1,2223476.5
SHP_7990,85457.0,2031283.8
SHP_7991,84581.4,2011573.0
SHP_7994,87162.2,2069134.5
SHP_7996,94232.1,2223476.5
SHP_8000,79412.1,1890218.3
SHP_8002,193190.5,4803508.0
SHP_8005,87280.8,2060997.8
SHP_8007,173381.0,4408221.5
SHP_8008,177089.2,4493955.5
SHP_8010,171586.8,4362990.5
SHP_8014,163473.8,4087180.0
SHP_8015,94038.2,2218668.5
SHP_8016,78079.4,1911483.3
SHP_8017,23075.3,550604.9
SHP_8019,149798.0,3814636.5
SHP_8022,56535.2,1386083.3
SHP_8025,101837.7,2471727.5
SHP_8026,175008.5,4427531.0
SHP_8027,85319.7,2029749.8
SHP_8029,173105.9,4399768.0
SHP_8030,167546.5,4270888.0
SHP_8031,172163.8,4375336.0
SHP_8037,87094.7,2117296.8
SHP_8038,79642.8,1946090.0
SHP_8041,74512.5,1794377.6
SHP_8047,93089.5,2236122.8
SHP_8048,167811.2,4276968.5
SHP_8049,87026.4,2060128.8
SHP_8051,65277.8,1549232.3
SHP_8053,87811.7,2131681.5
SHP_8060,149360.4,3808708.0
SHP_8065,19297.1,459716.3
SHP_8068,195536.7,4862808.0
SHP_8070,92212.2,2189399.8
SHP_8073,49027.0,1191993.3
SHP_8074,87632.7,2068359.5
SHP_8076,148761.3,3789963.8
SHP_8077,102756.6,2386652.0
SHP_8079,96611.1,2263436.3
SHP_8086,75715.8,1807861.3
SHP_8087,88286.4,2083867.8
SHP_8090,195872.2,4878562.0
SHP_8092,103561.3,2510848.8
SHP_8095,90501.6,2116541.5
SHP_8096,45397.0,1104077.1
SHP_8100,67468.5,1563657.3
SHP_8102,84581.4,2011573.0
SHP_8105,93632.8,2252247.8
SHP_8108,167428.6,4264255.5
SHP_8110,77179.0,1847672.9
SHP_8111,45174.0,1097778.1
SHP_8115,170413.6,4336483.5
SHP_8116,92903.9,2230460.8
SHP_8119,81008.9,1926911.8
SHP_8120,73132.9,1753101.3
SHP_8121,93225.6,2206749.0
SHP_8124,79642.8,1946090.0
SHP_8126,150845.2,3843032.3
SHP_8128,19498.4,463420.7
SHP_8132,100358.8,2437151.0
SHP_8133,173116.5,4400014.5
SHP_8135,197224.9,4914708.0
SHP_8137,173501.5,4408681.5
SHP_8138,91132.1,2157703.5
SHP_8140,87110.7,2060647.9
SHP_8141,138.3,1270.2
SHP_8144,90461.4,2116244.5
SHP_8146,63662.4,1543365.4
SHP_8149,64963.8,1549998.3
SHP_8150,86826.9,2058821.4
SHP_8151,192062.4,4771713.0
SHP_8155,148863.4,3794117.5
SHP_8156,173540.5,4407187.0
SHP_8159,197240.1,4911337.0
SHP_8161,172738.5,4391909.0
SHP_8165,96948.7,2292251.0
SHP_8167,171808.4,4371074.0
SHP_8168,134735.3,3330798.3
SHP_8170,88050.2,2076538.5
SHP_8173,85652.8,2033507.0
SHP_8174,77873.1,1905764.9
SHP_8175,55592.3,1317528.8
SHP_8176,43024.2,1053970.9
SHP_8177,209284.8,5262091.5
SHP_8179,87568.5,2068261.5
SHP_8183,215154.6,5329868.0
SHP_8188,70203.5,1700286.4
SHP_8189,169408.1,4305028.0
SHP_8190,93478.5,2213355.3
SHP_8191,94038.2,2218668.5
SHP_8192,63662.4,1543365.4
SHP_8193,87996.5,2072017.9
SHP_8194,169139.5,4310200.0
SHP_8196,77873.1,1905764.9
SHP_8197,1727.0,31561.0
SHP_8198,79335.5,1886956.6
SHP_8200,169852.2,4310962.0
SHP_8201,88387.4,2078108.1
SHP_8203,92070.6,2179359.0
SHP_8204,120641.0,2924179.0
SHP_8205,171839.6,4371806.5
SHP_8210,87736.3,2077561.9
SHP_8211,177591.4,4431879.5
SHP_8212,136835.7,3385916.0
SHP_8215,175320.1,4376757.0
SHP_8219,163473.8,4087180.0
SHP_8220,171649.3,4296455.5
SHP_8222,87891.8,2079064.1
SHP_8223,97658.9,2303500.0
SHP_8225,79815.7,1899082.3
SHP_8226,172923.1,4396645.5
SHP_8227,171984.0,4370959.5
SHP_8228,80371.0,1908570.3
SHP_8234,92661.9,2170086.8
SHP_8236,65899.4,1581248.8
SHP_8240,167561.7,4272803.5
SHP_8245,53306.7,1271360.1
SHP_8246,211612.2,5321361.0
SHP_8249,94723.0,2219034.3
SHP_8253,83735.6,1987803.5
SHP_8259,90739.7,2159113.0
SHP_8260,166892.7,4256029.0
SHP_8262,149821.3,3813245.0
SHP_8263,55123.0,1303479.4
SHP_8264,80253.4,1917410.6
SHP_8267,73180.4,1766620.8
SHP_8271,172460.0,4378207.0
SHP_8278,195560.8,4870634.0
SHP_8279,91528.6,2172999.3
SHP_8282,116073.0,2785204.0
SHP_8283,93083.8,2201877.3
SHP_8287,172416.4,4380671.0
SHP_8290,94038.2,2218668.5
SHP_8291,78650.3,1924442.3
SHP_8294,70030.7,1686535.1
SHP_8295,1860.4,31658.4
SHP_8296,170209.1,4330604.0
SHP_8297,89349.8,2104610.5
SHP_8298,77179.0,1847672.9
SHP_8299,91579.2,2200682.5
SHP_8307,90027.8,2145906.3
SHP_8314,87373.1,2065933.9
SHP_8315,65578.7,1588698.3
SHP_8317,104011.6,2423308.3
SHP_8319,90618.1,2153724.3
SHP_8322,78811.3,1868435.6
SHP_8323,71199.4,1723389.5
SHP_8325,178112.9,4444991.5
SHP_8327,117957.6,2830471.0
SHP_8332,87079.5,2059857.1
SHP_8334,80728.8,1922264.3
SHP_8335,185064.0,4620417.0
SHP_8336,90771.7,2150526.0
SHP_8341,77442.7,1843995.9
SHP_8342,90658.8,2157382.3
SHP_8343,74322.1,1797787.6
SHP_8346,170862.9,4349850.0
SHP_8347,100588.7,2444662.5
SHP_8348,171569.6,4368520.5
SHP_8352,80256.9,1912248.0
SHP_8355,80728.8,1922264.3
SHP_8357,163853.8,4091384.5
SHP_8359,167524.6,4273296.0
SHP_8363,93612.1,2216903.0
SHP_8364,108363.6,2634033.3
SHP_8367,142700.7,3630084.5
SHP_8370,163473.8,4087180.0
SHP_8375,90096.4,2146815.3
SHP_8377,86479.5,2054301.5
SHP_8379,83863.0,1986706.1
SHP_8383,117894.6,2788672.5
SHP_8384,75753.6,1818573.1
SHP_8385,84984.9,2022892.9
SHP_8386,167128.6,4261510.0
SHP_8388,88723.2,2095116.3
SHP_8389,169621.4,4318248.5
SHP_8391,91477.1,2170697.0
SHP_8392,56535.2,1386083.3
SHP_8393,173993.8,4409287.0
SHP_8396,186036.0,4690983.0
SHP_8397,78829.7,1855841.8
SHP_8399,88598.7,2171409.0
SHP_8404,86858.2,2057529.9
SHP_8408,18348.5,438012.2
SHP_8412,87762.0,2077355.0
SHP_8413,168333.2,4278504.0
SHP_8414,90642.6,2228088.0
SHP_8415,561.0,6197.2
SHP_8418,57516.5,1406530.3
SHP_8424,103253.5,2433975.3
SHP_8425,75153.7,1778501.6
SHP_8428,90298.8,2227775.3
SHP_8430,67001.4,1563828.0
SHP_8433,91993.1,2184841.0
SHP_8434,142426.4,3624870.0
SHP_8435,173399.3,4408596.0
SHP_8438,91521.8,2169613.3
SHP_8439,161252.1,4003040.0
SHP_8440,86020.3,2089559.8
SHP_8441,84211.2,2001906.8
SHP_8442,168524.4,4285750.0
SHP_8443,127442.2,3142658.5
SHP_8445,170837.2,4345370.5
SHP_8450,2543.7,45369.9
SHP_8453,174457.4,4434390.5
SHP_8461,174609.8,4421224.5
SHP_8464,93478.5,2213355.3
SHP_8465,79387.0,1870682.0
SHP_8466,108363.6,2634033.3
SHP_8468,85006.6,2023396.0
SHP_8470,194168.0,4842777.0
SHP_8473,79815.7,1899082.3
SHP_8474,75571.1,1819517.9
SHP_8477,86858.2,2057529.9
SHP_8478,76061.7,1808201.6
SHP_8480,87126.6,2060921.3
SHP_8483,92095.3,2208243.0
SHP_8485,166971.3,4227484.0
SHP_8487,193080.5,4794258.0
SHP_8488,92340.6,2218156.5
SHP_8489,211330.6,5315863.5
SHP_8491,183401.2,4636707.0
SHP_8492,91965.7,2210372.0
SHP_8493,163366.5,4066964.8
SHP_8495,166708.1,4250005.0
SHP_8498,173283.1,4405797.0
SHP_8499,69715.3,1692180.5
SHP_8504,88487.9,2154792.3
SHP_8505,89236.1,2165258.0
SHP_8508,172528.3,4389065.5
SHP_8509,879.1,9943.6
SHP_8511,178112.9,4444991.5
SHP_8512,170618.8,4343961.5
SHP_8516,148354.0,3773307.5
SHP_8517,80381.9,1957410.3
SHP_8518,93632.8,2210228.0
SHP_8519,172066.7,4371408.5
SHP_8521,167524.4,4270140.0
SHP_8522,64218.2,1544307.0
SHP_8525,77401.4,1816048.0
SHP_8527,213527.5,5363280.5
SHP_8531,116073.0,2785204.0
SHP_8532,173474.0,4407951.0
SHP_8535,91930.8,2208945.8
SHP_8539,67556.3,1633267.3
SHP_8540,44439.3,1085172.9
SHP_8542,170035.8,4330429.0
SHP_8546,167561.7,4272803.5
SHP_8548,53548.7,1296088.0
SHP_8550,1684.8,24216.8
SHP_8552,103601.1,2414016.8
SHP_8554,169284.8,4311103.5
SHP_8556,59437.0,1436488.1
SHP_8557,149667.0,3816064.5
SHP_8558,76181.5,1833698.3
SHP_8559,85920.1,2032943.5
SHP_8562,101499.9,2500471.0
SHP_8569,85134.1,2041873.1
SHP_8570,181749.2,4538848.5
SHP_8571,80468.3,1913374.9
SHP_8572,196590.3,4891064.0
SHP_8573,80468.3,1913374.9
SHP_8582,102965.7,2399060.0
SHP_8583,192332.6,4788876.0
SHP_8584,93040.4,2200174.8
SHP_8585,79794.6,1895190.3
SHP_8588,197062.8,4903091.5
SHP_8593,102560.3,2390187.5
SHP_8594,87882.9,2137175.8
SHP_8595,90916.8,2234383.5
SHP_8601,87865.5,2077176.8
SHP_8604,149798.0,3814636.5
SHP_8605,86479.5,2054301.5
SHP_8606,87605.6,2124796.8
SHP_8609,177316.1,4500009.5
SHP_8614,78956.6,1894687.8
SHP_8616,78978.1,1927533.3
SHP_8617,170413.6,4336483.5
SHP_8619,73149.5,1766718.0
SHP_8622,185346.6,4625208.0
SHP_8624,1680.4,23401.0
SHP_8627,163406.2,4064903.0
SHP_8628,2039.4,32855.0
SHP_8630,73393.9,1759204.5
SHP_8631,88557.8,2171559.3
SHP_8634,90724.4,2184743.3
SHP_8639,168500.9,4284715.5
SHP_8643,91333.0,2168859.3
SHP_8644,101363.9,2463164.3
SHP_8645,2746.7,49360.3
SHP_8650,70164.8,1697741.0
SHP_8653,83549.1,1986415.1
SHP_8656,55592.3,1317528.8
SHP_8658,164106.1,4097328.0
SHP_8660,43024.2,1053970.9
SHP_8663,193747.0,4818324.0
SHP_8667,195026.2,4847341.0
SHP_8668,172383.7,4385537.5
SHP_8669,168665.4,4296115.0
SHP_8673,76756.1,1882887.5
SHP_8675,148696.0,3789227.0
SHP_8676,163232.0,4065406.0
SHP_8677,87032.8,2059724.8
SHP_8679,172163.8,4375336.0
SHP_8680,192397.6,4784992.0
SHP_8681,44563.2,1087079.3
SHP_8684,195966.0,4872931.0
SHP_8692,57294.5,1404174.8
SHP_8694,133682.7,3310257.3
SHP_8697,97305.5,2342405.0
SHP_8698,87560.5,2069568.8
SHP_8700,59540.2,1450323.6
SHP_8701,87529.1,2066038.9
SHP_8704,87341.8,2071180.6
SHP_8707,87792.7,2077428.6
SHP_8712,81252.1,1927636.6
SHP_8713,209753.2,5289437.5
SHP_8714,83312.4,1991370.0
SHP_8717,172129.3,4375230.0
SHP_8722,44179.2,1076833.6
SHP_8725,89719.2,2128097.5
SHP_8727,93089.5,2236122.8
SHP_8729,46889.4,1125838.0
SHP_8730,79356.4,1940187.8
SHP_8731,1825.4,32692.2
SHP_8735,149667.0,3816064.5
SHP_8736,125065.1,3176216.5
SHP_8737,169457.4,4315731.0
SHP_8738,196783.3,4884733.0
SHP_8739,169498.0,4311923.0
SHP_8741,172738.5,4391909.0
SHP_8742,2543.7,45369.9
SHP_8743,214878.6,5328847.5
SHP_8744,90128.9,2147280.5
SHP_8747,169934.3,4323424.5
SHP_8748,45718.5,1099837.0
SHP_8751,89236.1,2165258.0
SHP_8752,148865.8,3794637.0
SHP_8753,166467.3,4247641.5
SHP_8755,86175.9,2025547.9
SHP_8756,172582.3,4384413.0
SHP_8757,149798.0,3814636.5
SHP_8758,168735.5,4297887.5
SHP_8759,213077.5,5336590.5
SHP_8760,64726.0,1545750.0
SHP_8761,80239.9,1909812.8
SHP_8762,57858.7,1413262.5
SHP_8764,42162.1,1036085.4
SHP_8771,56548.6,1388900.8
SHP_8772,144084.5,3529373.5
SHP_8774,215154.6,5329868.0
SHP_8778,91768.8,2175547.3
SHP_8780,78992.0,1873243.1
SHP_8781,168976.5,4307509.0
SHP_8785,197224.9,4914708.0
SHP_8787,90878.6,2190665.3
SHP_8789,168665.4,4296115.0
SHP_8791,163581.6,4088914.5
SHP_8796,39951.8,939579.7
SHP_8801,103411.2,2509169.5
SHP_8805,89236.1,2165258.0
SHP_8808,185220.6,4623372.0
SHP_8812,80256.9,1912248.0
SHP_8813,212027.1,5312352.0
SHP_8815,65278.0,1562072.1
SHP_8816,89511.5,2175120.0
SHP_8818,91698.7,2176696.0
SHP_8819,86538.9,2041227.5
SHP_8820,77914.2,1863958.4
SHP_8823,116073.0,2785204.0
SHP_8827,102972.0,2496998.0
SHP_8828,92088.6,2211702.5
SHP_8830,127809.8,3152424.5
SHP_8832,78482.7,1844593.3
SHP_8835,86473.7,2099183.0
SHP_8836,170289.3,4337121.5
SHP_8837,133729.2,3312231.0
SHP_8839,103257.0,2504870.8
SHP_8840,91392.8,2169529.5
SHP_8841,62484.6,1515588.6
SHP_8842,168835.9,4291650.0
SHP_8844,99570.1,2451326.5
SHP_8846,87796.1,2070194.5
SHP_8848,144212.5,3532201.8
SHP_8851,53615.3,1269754.0
SHP_8855,169450.3,4313207.0
SHP_8856,75571.1,1819517.9
SHP_8858,173116.8,4401529.0
SHP_8859,135977.7,3369447.8
SHP_8861,174915.4,4436894.0
SHP_8862,87253.9,2061245.4
SHP_8864,65183.7,1585716.8
SHP_8867,77431.4,1850508.1
SHP_8874,84434.8,2007548.4
SHP_8875,83523.6,1987512.0
SHP_8878,156446.4,3998090.0
SHP_8880,92819.3,2225108.0
SHP_8882,169626.1,4311825.5
SHP_8883,44505.9,1082689.3
SHP_8887,88826.8,2140140.8
SHP_8888,194183.9,4828086.0
SHP_8891,82276.4,1952657.6
SHP_8893,173565.0,4405845.5
SHP_8895,163192.0,4059660.5
SHP_8901,172183.5,4375343.0
SHP_8902,103658.9,2422493.0
SHP_8908,77903.4,1899878.8
SHP_8909,86282.3,2050475.4
SHP_8911,103101.3,2410915.0
SHP_8912,78992.0,1873243.1
SHP_8916,73149.5,1766718.0
SHP_8918,102560.3,2390187.5
SHP_8921,87359.0,2072734.9
SHP_8922,195424.7,4859533.0
SHP_8925,81328.8,1976402.4
SHP_8929,97415.8,2293805.0
SHP_8931,148069.3,3769179.0
SHP_8932,51724.2,1225380.8
SHP_8933,90461.4,2116244.5
SHP_8935,91719.9,2176088.8
SHP_8936,182622.1,4553748.0
SHP_8937,89373.5,2157278.5
SHP_8940,173540.5,4407187.0
SHP_8942,89623.2,2115960.3
SHP_8944,86436.4,2055290.5
SHP_8946,101339.3,2394117.8
SHP_8948,93989.6,2245551.5
SHP_8949,82870.5,1963963.3
SHP_8951,79523.3,1943867.4
SHP_8952,174609.8,4421224.5
SHP_8953,83984.6,1988526.5
SHP_8957,90313.6,2148606.0
SHP_8963,102372.4,2391937.0
SHP_8965,60982.0,1444603.0
SHP_8967,79378.7,1893282.6
SHP_8968,163473.8,4087180.0
SHP_8969,163473.8,4087180.0
SHP_8974,84211.2,2001906.8
SHP_8975,87097.3,2060779.3
SHP_8977,103708.9,2408143.0
SHP_8979,172483.8,4380033.5
SHP_8981,87707.7,2096081.3
SHP_8982,172737.3,4394355.0
SHP_8984,172288.7,4383075.5
SHP_8991,69208.6,1681516.6
SHP_8994,196685.5,4899393.5
SHP_8996,102560.3,2390187.5
SHP_8998,1832.8,30080.7
SHP_9005,63833.3,1543604.8
SHP_9008,87359.0,2072734.9
SHP_9009,80473.5,1909402.5
SHP_9010,78978.1,1927533.3
SHP_9012,191964.1,4777458.5
SHP_9014,45718.5,1099837.0
SHP_9017,194507.7,4829928.0
SHP_9019,92100.5,2180980.5
SHP_9022,148378.2,3781990.5
SHP_9024,194644.4,4840329.0
SHP_9025,144212.5,3532201.8
SHP_9026,122832.2,3118366.8
SHP_9027,172003.5,4372249.0
SHP_9028,172950.0,4399406.5
SHP_9031,16612.6,386713.4
SHP_9032,166708.1,4250005.0
SHP_9033,80371.0,1908570.3
SHP_9034,173204.4,4401019.5
SHP_9036,80256.9,1912248.0
SHP_9038,65278.0,1562072.1
SHP_9043,86911.0,2063022.8
SHP_9045,53526.8,1277554.3
SHP_9047,177284.1,4497850.0
SHP_9051,76806.8,1826330.1
SHP_9052,54388.3,1279911.0
SHP_9056,149798.0,3814636.5
SHP_9057,48812.6,1174470.5
SHP_9061,90927.6,2160136.5
SHP_9065,86826.9,2058821.4
SHP_9066,103257.0,2504870.8
SHP_9069,59540.2,1450323.6
SHP_9070,1832.8,30080.7
SHP_9072,78060.4,1901902.6
SHP_9079,89677.6,2114827.5
SHP_9081,77179.0,1847672.9
SHP_9083,3212.5,64917.1
SHP_9084,75638.9,1821936.1
SHP_9088,195870.7,4870670.5
SHP_9091,84657.0,2013475.4
SHP_9092,92304.5,2194288.8
SHP_9093,212327.0,5324911.0
SHP_9094,166892.7,4256029.0
SHP_9095,91503.1,2201372.5
SHP_9097,1517.9,21515.9
SHP_9099,79378.7,1893282.6
SHP_9103,208577.1,5254064.5
SHP_9104,91725.8,2175009.0
SHP_9105,92249.5,2210390.0
SHP_9111,67551.0,1572633.8
SHP_9112,92107.6,2210788.3
SHP_9114,82737.6,2006483.8
SHP_9116,89236.1,2165258.0
SHP_9121,173311.8,4403766.5
SHP_9123,16208.5,379319.8
SHP_9125,167128.6,4261510.0
SHP_9130,45069.4,1096665.0
SHP_9135,2151.1,35148.1
SHP_9137,79811.4,1949166.8
SHP_9146,172738.5,4391909.0
SHP_9147,67685.5,1576297.6
SHP_9153,172347.8,4376207.0
SHP_9156,163379.2,4064338.0
SHP_9157,194812.1,4851714.0
SHP_9158,56535.2,1386083.3
SHP_9160,63833.3,1543604.8
SHP_9164,75934.9,1811826.4
SHP_9165,86682.4,2059640.0
SHP_9167,172687.9,4383395.5
SHP_9169,93245.4,2239423.5
SHP_9171,197240.1,4911337.0
SHP_9173,133852.3,3290604.0
SHP_9176,31454.0,769440.4
SHP_9178,64631.4,1574633.3
SHP_9181,171125.2,4356727.5
SHP_9186,170629.4,4347895.5
SHP_9188,194812.1,4851714.0
SHP_9190,93630.1,2210209.5
SHP_9191,67459.4,1571730.5
SHP_9192,194497.5,4836513.0
SHP_9193,63662.4,1543365.4
SHP_9196,196650.7,4892347.0
SHP_9197,172923.1,4396645.5
SHP_9198,197026.8,4896959.0
SHP_9203,163306.6,4064513.8
SHP_9205,101234.8,2456585.3
SHP_9207,88723.2,2095116.3
SHP_9211,173136.4,4396009.0
SHP_9213,94643.5,2221305.0
SHP_9214,42746.8,1034448.6
SHP_9216,172165.3,4377828.0
SHP_9218,90999.2,2126874.0
SHP_9222,92398.1,2186221.0
SHP_9223,173223.2,4307807.5
SHP_9228,173377.4,4398717.0
SHP_9230,88904.5,2141009.5
SHP_9231,92206.9,2213339.8
SHP_9234,87904.7,2081680.8
SHP_9235,91725.8,2175009.0
SHP_9236,88250.9,2026733.8
SHP_9238,167585.8,4273222.0
SHP_9239,109748.2,2641785.0
SHP_9240,209753.2,5289437.5
SHP_9244,148256.6,3771807.8
SHP_9247,173146.6,4397167.5
SHP_9248,684.6,10086.5
SHP_9249,87419.6,2064113.5
SHP_9252,95750.4,2258631.0
SHP_9253,91490.4,2171545.8
SHP_9255,173163.8,4402602.0
SHP_9259,19498.4,463420.7
SHP_9261,88653.5,2174084.8
SHP_9262,192072.0,4765440.0
SHP_9272,168735.5,4297887.5
SHP_9274,77914.2,1863958.4
SHP_9279,71227.4,1687416.5
SHP_9280,88826.8,2140140.8
SHP_9282,219098.4,5398229.5
SHP_9286,90642.6,2228088.0
SHP_9287,195915.6,4873406.0
SHP_9289,87607.5,2077512.8
SHP_9292,86819.0,2058796.5
SHP_9294,23122.6,552947.3
SHP_9296,82826.4,2006342.4
SHP_9297,93115.0,2228636.8
SHP_9300,168665.4,4296115.0
SHP_9302,96049.5,2249824.0
SHP_9303,65278.0,1562072.1
SHP_9304,136960.5,3385167.3
SHP_9306,87489.4,2065877.5
SHP_9309,117798.5,2829781.0
SHP_9310,174802.8,4424763.5
SHP_9314,177325.4,4425355.0
SHP_9315,87313.2,2071368.5
SHP_9316,80935.0,1945969.4
SHP_9317,96288.2,2327691.5
SHP_9320,77401.4,1816048.0
SHP_9322,211612.2,5321361.0
SHP_9323,88723.2,2095116.3
SHP_9324,87341.8,2071180.6
SHP_9325,87762.0,2078197.4
SHP_9328,197023.6,4892883.5
SHP_9329,182731.6,4563338.0
SHP_9333,177463.9,4432738.0
SHP_9334,120998.1,3079142.3
SHP_9335,65278.0,1562072.1
SHP_9338,86969.7,2059126.0
SHP_9339,64588.7,1545096.5
SHP_9341,20157.2,473578.3
SHP_9342,148614.5,3790311.8
SHP_9348,78071.6,1912238.1
SHP_9352,174044.9,4418694.0
SHP_9355,79794.6,1895190.3
SHP_9361,209284.8,5262091.5
SHP_9363,69970.7,1672033.5
SHP_9370,1868.2,30477.0
SHP_9371,109748.2,2641785.0
SHP_9380,134256.4,3322435.5
SHP_9381,67710.0,1575436.3
SHP_9382,86430.4,2053376.0
SHP_9385,171586.8,4362990.5
SHP_9388,53549.0,1296089.8
SHP_9389,88066.9,2072551.5
SHP_9392,90144.1,2146178.5
SHP_9394,80728.8,1922264.3
SHP_9395,16240.9,381644.7
SHP_9397,79794.6,1895190.3
SHP_9402,86020.3,2089559.8
SHP_9408,133997.1,3312204.0
SHP_9412,67572.5,1572158.3
SHP_9413,101499.9,2500471.0
SHP_9415,171448.9,4358688.5
SHP_9417,79353.5,1868830.0
SHP_9418,70388.8,1700962.1
SHP_9419,102965.7,2399060.0
SHP_9421,172692.1,4383696.5
SHP_9423,73445.3,1767912.0
SHP_9424,80468.3,1913374.9
SHP_9426,86430.4,2053376.0
SHP_9431,49028.3,1189000.0
SHP_9434,192936.3,4801501.0
SHP_9436,90313.6,2148606.0
SHP_9438,45412.8,1107617.9
SHP_9439,90771.7,2150526.0
SHP_9440,56889.0,1394927.3
SHP_9445,45397.0,1104077.1
SHP_9449,53533.0,1296744.0
SHP_9450,91645.1,2172881.0
SHP_9451,165107.6,4214483.0
SHP_9452,90627.1,2183058.8
SHP_9454,168932.1,4300549.0
SHP_9455,184799.1,4613456.0
SHP_9456,208796.2,5252757.0
SHP_9460,177402.6,4497889.5
SHP_9461,185984.1,4689647.0
SHP_9462,84921.1,2022085.5
SHP_9463,57112.2,1363462.1
SHP_9466,103257.0,2504870.8
SHP_9468,192435.5,4784565.0
SHP_9470,173501.5,4408681.5
SHP_9471,64456.5,1543598.8
SHP_9473,110177.4,2691348.8
SHP_9476,78956.6,1894687.8
SHP_9479,87517.0,2073776.8
SHP_9482,19508.1,462855.3
SHP_9485,167436.3,4268839.0
SHP_9486,172950.0,4399406.5
SHP_9489,127706.8,3153351.0
SHP_9490,19498.4,463420.7
SHP_9491,86773.1,2058313.1
SHP_9492,178808.1,4462614.5
SHP_9496,43540.5,1052845.8
SHP_9497,103016.9,2398663.8
SHP_9498,90927.6,2160136.5
SHP_9499,212204.0,5329877.0
SHP_9500,87850.3,2072840.3
SHP_9502,97144.7,2341030.3
SHP_9504,173399.3,4408596.0
SHP_9506,84921.1,2022085.5
SHP_9507,49028.3,1189000.0
SHP_9508,142426.4,3624870.0
SHP_9510,91179.6,2194958.8
SHP_9512,186208.1,4647440.0
SHP_9513,92169.8,2180533.3
SHP_9515,67264.4,1620801.4
SHP_9516,142788.7,3631729.5
SHP_9521,80349.3,1957403.0
SHP_9523,173540.5,4407187.0
SHP_9524,86562.8,2054667.5
SHP_9526,78992.0,1873243.1
SHP_9528,172999.2,4400358.0
SHP_9530,175238.3,4450556.5
SHP_9532,87128.9,2059317.1
SHP_9534,87414.3,2067688.1
SHP_9535,177777.5,4442544.5
SHP_9537,173838.6,4417571.5
SHP_9538,91576.9,2199942.5
SHP_9541,99088.0,2315961.0
SHP_9542,57270.6,1377276.3
SHP_9543,169584.0,4307031.0
SHP_9544,86426.5,2055272.0
SHP_9546,175015.2,4442384.5
SHP_9547,83584.8,1979107.8
SHP_9550,91465.6,2171577.3
SHP_9551,148761.3,3789963.8
SHP_9552,77404.3,1848942.9
SHP_9553,154385.4,3617755.0
SHP_9556,167826.8,4279158.0
SHP_9559,80418.9,1913647.0
SHP_9560,68274.7,1657044.8
SHP_9566,169498.0,4311923.0
SHP_9568,177353.0,4412126.0
SHP_9574,82066.6,1949136.3
SHP_9575,92653.6,2187949.0
SHP_9576,76750.4,1840229.3
SHP_9577,91889.1,2177153.0
SHP_9578,170486.4,4340423.5
SHP_9583,65899.4,1581248.8
SHP_9584,83096.4,2031381.0
SHP_9585,91018.5,2127008.0
SHP_9586,172020.8,4367875.0
SHP_9588,79815.7,1899082.3
SHP_9589,194497.5,4836513.0
SHP_9591,167808.0,4278053.5
SHP_9592,87615.4,2122925.8
SHP_9596,87466.3,2074869.6
SHP_9597,180436.8,4569876.5
SHP_9603,193923.5,4820841.0
SHP_9606,73078.1,1756064.1
SHP_9613,138.3,1270.2
SHP_9614,177463.9,4432738.0
SHP_9616,2847.0,55449.0
SHP_9619,52586.7,1254448.9
SHP_9620,195382.1,4874077.5
SHP_9621,117882.3,2788172.0
SHP_9623,45174.0,1097778.1
SHP_9628,136620.1,3383269.0
SHP_9631,2436.2,46215.1
SHP_9632,83610.6,1980664.4
SHP_9633,92532.9,2220075.3
SHP_9635,172667.4,4385908.0
SHP_9636,90501.6,2116541.5
SHP_9638,173346.3,4401012.0
SHP_9639,86967.9,2058368.5
SHP_9640,117029.4,2829456.5
SHP_9643,167436.3,4268839.0
SHP_9644,177402.6,4497889.5
SHP_9645,195870.7,4870670.5
SHP_9646,701.5,9062.4
SHP_9648,166824.6,4256392.0
SHP_9651,68190.6,1657612.0
SHP_9652,63833.3,1543604.8
SHP_9657,173573.4,4408762.5
SHP_9658,172432.8,4379968.5
SHP_9659,76735.4,1839994.6
SHP_9660,87473.0,2126157.5
SHP_9662,197063.9,4895227.0
SHP_9663,76224.9,1825548.1
SHP_9666,80727.9,1928720.5
SHP_9670,193080.5,4794258.0
SHP_9673,172082.3,4371717.0
SHP_9674,87679.4,2076486.6
SHP_9678,101586.0,2466076.5
SHP_9680,86704.4,2107340.8
SHP_9682,77876.3,1899538.9
SHP_9683,89805.9,2178880.0
SHP_9684,173565.0,4405845.5
SHP_9686,41339.1,974062.2
SHP_9689,172519.1,4384323.5
SHP_9691,68365.7,1663063.9
SHP_9692,71143.2,1723629.8
SHP_9697,78482.7,1844593.3
SHP_9701,92412.0,2215828.8
SHP_9702,195966.0,4872931.0
SHP_9703,174609.8,4421224.5
SHP_9705,78062.9,1912319.9
SHP_9706,195033.8,4850309.0
SHP_9707,2039.4,32855.0
SHP_9713,79105.3,1932845.0
SHP_9715,100588.7,2444662.5
SHP_9717,185234.1,4623395.0
SHP_9719,91362.2,2169040.5
SHP_9720,86858.2,2057529.9
SHP_9722,79701.6,1945978.5
SHP_9726,170793.9,4348994.5
SHP_9727,169284.8,4311103.5
SHP_9728,173399.3,4408596.0
SHP_9729,116073.0,2785204.0
SHP_9732,87864.7,2078411.5
SHP_9735,16113.9,378027.2
SHP_9736,75965.1,1823663.1
SHP_9741,168524.4,4285750.0
SHP_9745,172129.3,4375230.0
SHP_9746,67468.5,1563657.3
SHP_9747,93563.0,2208423.3
SHP_9748,92212.2,2189399.8
SHP_9752,59414.4,1436694.5
SHP_9757,804.7,11969.9
SHP_9758,65825.6,1597295.0
SHP_9759,90771.7,2150526.0
SHP_9760,200351.6,4964060.0
SHP_9762,195560.8,4870634.0
SHP_9763,100358.8,2437151.0
SHP_9766,88685.0,2152120.3
SHP_9767,94271.1,2230195.0
SHP_9768,87460.8,2123040.5
SHP_9770,136835.7,3385916.0
SHP_9771,104011.6,2423308.3
SHP_9774,2543.7,45369.9
SHP_9775,57677.0,1402924.1
SHP_9778,86023.2,2043619.4
SHP_9782,173483.4,4409680.0
SHP_9783,1865.8,30734.0
SHP_9784,167128.6,4261510.0
SHP_9785,84795.4,2034979.9
SHP_9787,16612.6,386713.4
SHP_9788,90762.8,2189299.0
SHP_9789,56429.3,1387331.8
SHP_9790,194507.7,4829928.0
SHP_9793,74180.2,1776785.3
SHP_9794,1571.9,23544.2
SHP_9796,193747.0,4818324.0
SHP_9798,52531.4,1212172.1
SHP_9799,76625.2,1876725.8
SHP_9800,84350.6,2010184.3
SHP_9801,195966.0,4872931.0
SHP_9802,71439.1,1729771.0
SHP_9806,204324.8,5102045.0
SHP_9807,83425.9,1978743.0
SHP_9808,150115.8,3821025.5
SHP_9811,78102.8,1862004.6
SHP_9812,99049.2,2396656.8
SHP_9815,63662.4,1543365.4
SHP_9818,67685.5,1576297.6
SHP_9823,90878.6,2190665.3
SHP_9824,173727.0,4414553.0
SHP_9825,42602.2,1040049.8
SHP_9829,173274.4,4399948.0
SHP_9831,92951.0,2230044.8
SHP_9834,70950.5,1715432.6
SHP_9836,93040.4,2200174.8
SHP_9837,86123.5,2048434.8
SHP_9838,177190.8,4497453.5
SHP_9839,39928.1,937387.4
SHP_9840,172980.7,4399605.0
SHP_9843,57011.5,1369534.0
SHP_9844,196685.5,4899393.5
SHP_9846,101499.9,2500471.0
SHP_9850,87373.1,2065933.9
SHP_9852,173146.6,4397167.5
SHP_9853,172544.2,4383247.5
SHP_9856,171812.7,4370761.5
SHP_9860,56424.6,1385903.3
SHP_9862,92225.8,2181558.0
SHP_9863,118089.3,2835856.3
SHP_9869,21313.7,500404.8
SHP_9870,170289.3,4337121.5
SHP_9871,173122.9,4396868.0
SHP_9872,172635.1,4384707.0
SHP_9873,173772.5,4417168.5
SHP_9877,69970.7,1672033.5
SHP_9878,167128.6,4261510.0
SHP_9879,44141.8,1079292.0
SHP_9880,78235.5,1904550.0
SHP_9881,561.0,6197.2
SHP_9883,196624.9,4885531.0
SHP_9884,174044.9,4418694.0
SHP_9886,90771.7,2150526.0
SHP_9887,173470.9,4404023.0
SHP_9888,163613.1,4088460.5
SHP_9889,93083.8,2201877.3
SHP_9891,70669.5,1708064.4
SHP_9892,183433.1,4637129.0
SHP_9893,89236.1,2165258.0
SHP_9895,87560.5,2069568.8
SHP_9896,90771.7,2150526.0
SHP_9898,16113.9,378027.2
SHP_9900,166467.3,4247641.5
SHP_9903,86023.2,2043619.4
SHP_9905,149256.9,3787900.0
SHP_9906,101267.1,2455231.5
SHP_9917,2944.1,55402.8
SHP_9918,169330.0,4312990.5
SHP_9919,168524.4,4285750.0
SHP_9920,80468.3,1913374.9
SHP_9921,87167.9,2069278.4
SHP_9924,81027.5,1945883.0
SHP_9926,83549.1,1986415.1
SHP_9927,117733.7,2827577.5
SHP_9928,173589.6,4411153.0
SHP_9931,64599.2,1548719.8
SHP_9932,77704.8,1859256.9
SHP_9933,208546.8,5253826.0
SHP_9934,73981.7,1771523.6
SHP_9935,87909.4,2132194.3
SHP_9936,149903.9,3814212.5
SHP_9937,170629.4,4347895.5
SHP_9938,79539.8,1941902.6
SHP_9939,135977.7,3369447.8
SHP_9941,83550.6,1988066.1
SHP_9945,98638.9,2306310.3
SHP_9946,173641.3,4402024.5
SHP_9947,79539.8,1941902.6
SHP_9949,99237.4,2398315.8
SHP_9951,149057.0,3783990.0
SHP_9952,178112.9,4444991.5
SHP_9956,94038.2,2218668.5
SHP_9958,172381.9,4378223.0
SHP_9959,47251.7,1138139.4
SHP_9962,182622.1,4553748.0
SHP_9963,204324.8,5102045.0
SHP_9964,164030.1,4077403.0
SHP_9966,169476.6,4311308.0
SHP_9970,86858.2,2057529.9
SHP_9971,70649.0,1685117.4
SHP_9973,96274.7,2278461.8
SHP_9975,172808.1,4397528.0
SHP_9979,193100.1,4816724.0
SHP_9981,71514.5,1703075.8
SHP_9983,194263.6,4828919.0
SHP_9984,133074.1,3221484.0
SHP_9985,91384.1,2169516.3
SHP_9986,20157.2,473578.3
SHP_9987,134005.9,3317771.5
SHP_9988,171879.9,4372447.0
SHP_9989,80272.9,1915237.6
SHP_9990,150115.8,3821025.5
SHP_9993,95512.4,2247879.0
SHP_9995,65071.9,1555960.5
SHP_9997,102505.4,2389492.0
SHP_9998,87419.6,2064113.5
SHP_9999,118141.4,2851879.3
SHP_10000,88580.3,2135884.8
SHP_10003,87097.3,2060779.3
SHP_10004,174661.1,4437413.5
SHP_10006,212327.0,5324911.0
SHP_10008,94465.2,2231311.5
SHP_10012,217881.7,5451239.0
SHP_10014,87125.4,2060884.8
SHP_10018,91790.6,2177446.8
SHP_10019,81252.1,1927636.6
SHP_10021,82314.4,1969936.5
SHP_10023,2436.2,46215.1
SHP_10024,164106.1,4097328.0
SHP_10025,87248.8,2060910.6
SHP_10026,169629.4,4317559.5
SHP_10027,90515.8,2153873.3
SHP_10030,86777.6,2109936.5
SHP_10034,96288.2,2327691.5
SHP_10038,87861.9,2104506.0
SHP_10040,133572.9,3271830.0
SHP_10041,212204.0,5329877.0
SHP_10045,87110.7,2060647.9
SHP_10049,84211.2,2001906.8
SHP_10051,169783.3,4323807.5
SHP_10055,79330.0,1892615.3
SHP_10056,87084.0,2060627.0
SHP_10057,83491.2,1980058.8
SHP_10058,91579.2,2200682.5
SHP_10059,98782.0,2383364.3
SHP_10060,88685.0,2152120.3
SHP_10062,81238.3,1929682.3
SHP_10063,73085.3,1755859.6
SHP_10064,91479.5,2174586.3
SHP_10065,44542.2,1086642.5
SHP_10066,175217.3,4452261.0
SHP_10067,122780.1,3118002.8
SHP_10070,183433.1,4637129.0
SHP_10071,79979.5,1899247.6
SHP_10074,86727.4,2059633.0
SHP_10075,258.0,2501.3
SHP_10076,196952.9,4898266.0
SHP_10078,88092.2,2081914.0
SHP_10079,150295.1,3830847.0
SHP_10080,69907.1,1692869.0
SHP_10083,86773.1,2058313.1
SHP_10084,167808.0,4278053.5
SHP_10088,177692.7,4435482.0
SHP_10092,101477.9,2466295.0
SHP_10094,88672.8,2106762.5
SHP_10095,93083.8,2201877.3
SHP_10096,87556.3,2128423.0
SHP_10097,96948.7,2292251.0
SHP_10099,76468.4,1834769.8
SHP_10100,84754.0,1999330.8
SHP_10101,86430.4,2053376.0
SHP_10105,86969.7,2059126.0
SHP_10107,195026.2,4847341.0
SHP_10108,173116.5,4400014.5
SHP_10109,209753.2,5289437.5
SHP_10110,121399.8,3087854.5
SHP_10111,78829.7,1855841.8
SHP_10112,87530.8,2072707.8
SHP_10116,91088.7,2186005.3
SHP_10119,87177.4,2061284.1
SHP_10120,55123.0,1303479.4
SHP_10126,17982.9,401355.7
SHP_10127,92950.7,2230600.0
SHP_10131,170445.6,4331925.0
SHP_10134,172274.8,4380714.5
SHP_10135,120998.1,3079142.3
SHP_10137,92950.7,2230600.0
SHP_10141,73149.5,1766718.0
SHP_10142,45076.6,1100061.5
SHP_10143,195870.7,4870670.5
SHP_10144,90313.6,2148606.0
SHP_10145,172654.6,4385211.0
SHP_10147,196652.4,4883519.0
SHP_10149,173217.8,4307792.5
SHP_10151,2746.7,49360.3
SHP_10153,1750.9,27104.0
SHP_10159,78055.5,1911990.5
SHP_10161,91179.6,2194958.8
SHP_10162,87709.3,2076782.3
SHP_10165,83735.6,1987803.5
SHP_10168,175006.8,4429453.0
SHP_10169,85911.5,2040973.0
SHP_10170,171984.0,4370959.5
SHP_10171,169303.9,4313920.0
SHP_10172,23075.3,550604.9
SHP_10175,45397.0,1104077.1
SHP_10178,87909.5,2080129.9
SHP_10179,147822.5,3773432.0
SHP_10183,79642.8,1946090.0
SHP_10185,142426.4,3624870.0
SHP_10186,92532.9,2220075.3
SHP_10192,87244.7,2071051.4
SHP_10194,200351.6,4964060.0
SHP_10196,196650.7,4892347.0
SHP_10198,87414.3,2067688.1
SHP_10199,92800.9,2231153.5
SHP_10202,174918.6,4440670.0
SHP_10204,67459.4,1571730.5
SHP_10206,64768.2,1577468.5
SHP_10208,174144.0,4412959.0
SHP_10209,168500.9,4284715.5
SHP_10211,65183.7,1585716.8
SHP_10213,100358.8,2437151.0
SHP_10215,91660.2,2174119.3
SHP_10218,149057.0,3783990.0
SHP_10219,86778.9,2057073.6
SHP_10222,167915.4,4282205.0
SHP_10224,81502.0,1977156.5
SHP_10226,2543.7,45369.9
SHP_10228,98360.6,2300644.5
SHP_10230,2944.1,55402.8
SHP_10231,97551.0,2306906.8
SHP_10233,93568.2,2212239.8
SHP_10235,101477.9,2466295.0
SHP_10238,67310.7,1570122.0
SHP_10239,163439.6,4064228.0
SHP_10245,173200.3,4399153.5
SHP_10246,193826.8,4821049.0
SHP_10248,62484.6,1515588.6
SHP_10249,71325.8,1669378.8
SHP_10251,53406.8,1268465.0
SHP_10252,195954.3,4886026.0
SHP_10254,167851.8,4269894.5
SHP_10255,180848.8,4577112.0
SHP_10258,82276.4,1952657.6
SHP_10261,73962.5,1764703.9
SHP_10262,91600.8,2255657.0
SHP_10264,89677.6,2114827.5
SHP_10265,78218.3,1869910.8
SHP_10266,45174.0,1097778.1
SHP_10267,58679.2,1410451.5
SHP_10269,148614.5,3790311.8
SHP_10271,20157.2,473578.3
SHP_10272,134256.4,3322435.5
SHP_10273,169511.0,4314872.5
SHP_10275,173641.3,4402024.5
SHP_10276,75753.6,1818573.1
SHP_10278,81008.9,1926911.8
SHP_10279,91816.3,2177796.0
SHP_10282,91876.5,2178481.3
SHP_10283,186019.2,4688369.5
SHP_10287,16934.5,396719.6
SHP_10289,65578.7,1588698.3
SHP_10290,86665.1,2058746.3
SHP_10291,86374.9,2097640.3
SHP_10293,193962.3,4823309.0
SHP_10294,164142.7,4100079.5
SHP_10296,180746.4,4575104.0
SHP_10297,172595.1,4382973.0
SHP_10298,86440.7,2053061.1
SHP_10299,101954.1,2477901.5
SHP_10301,167915.4,4282205.0
SHP_10304,90564.5,2154303.8
SHP_10305,81252.1,1927636.6
SHP_10310,90739.7,2159113.0
SHP_10311,101586.0,2466076.5
SHP_10312,163386.4,4064886.0
SHP_10314,134725.6,3315278.5
SHP_10315,93188.3,2206076.5
SHP_10316,136835.7,3385916.0
SHP_10320,81008.9,1926911.8
SHP_10322,170557.3,4343279.0
SHP_10326,87514.8,2149658.8
SHP_10327,87917.7,2079243.8
SHP_10329,46899.9,1121550.1
SHP_10330,86426.5,2055272.0
SHP_10335,92340.6,2218156.5
SHP_10336,2746.7,49360.3
SHP_10337,86777.6,2109936.5
SHP_10339,87276.1,2062157.6
SHP_10343,197142.0,4895479.5
SHP_10347,90328.4,2227893.3
SHP_10348,169580.0,4307171.5
SHP_10349,91725.5,2175611.8
SHP_10352,197063.9,4895227.0
SHP_10353,90353.8,2180014.0
SHP_10354,64806.0,1546431.4
SHP_10355,47316.7,1130918.8
SHP_10356,91708.8,2179308.5
SHP_10357,197224.9,4914708.0
SHP_10359,2259.2,42982.5
SHP_10361,78650.3,1924442.3
SHP_10364,156446.4,3998090.0
SHP_10369,80888.5,1966989.0
SHP_10370,89623.2,2115960.3
SHP_10372,88387.4,2078108.1
SHP_10374,87664.9,2070154.8
SHP_10378,86538.9,2041227.5
SHP_10379,86289.4,2097445.8
SHP_10381,77161.2,1891946.1
SHP_10382,172003.5,4372249.0
SHP_10386,173727.0,4414553.0
SHP_10388,16570.4,385895.6
SHP_10390,87097.3,2060779.3
SHP_10391,172692.4,4386647.0
SHP_10393,92950.7,2230600.0
SHP_10395,78842.7,1882099.4
SHP_10397,89349.8,2104610.5
SHP_10399,73553.7,1765237.5
SHP_10401,196558.9,4895454.0
SHP_10402,122748.1,3117632.5
SHP_10404,211767.9,5308135.0
SHP_10409,173274.4,4399948.0
SHP_10410,86282.3,2050475.4
SHP_10411,45174.0,1097778.1
SHP_10413,100527.2,2350292.5
SHP_10414,87864.7,2078411.5
SHP_10415,215154.6,5329868.0
SHP_10417,99304.8,2319118.5
SHP_10422,185487.0,4627258.0
SHP_10424,46899.9,1121550.1
SHP_10426,77856.3,1860708.5
SHP_10427,117476.2,2837807.5
SHP_10429,53406.8,1268465.0
SHP_10430,44141.8,1079292.0
SHP_10432,86682.4,2059640.0
SHP_10433,2798.7,57113.3
SHP_10434,141468.0,3605951.3
SHP_10435,171586.8,4362990.5
SHP_10437,93630.1,2210209.5
SHP_10439,100572.8,2347239.0
SHP_10448,87390.9,2064551.3
SHP_10451,193941.3,4823044.0
SHP_10453,44563.2,1087079.3
SHP_10455,196764.6,4888707.5
SHP_10459,99304.8,2319118.5
SHP_10460,77941.4,1848892.1
SHP_10461,194507.7,4829928.0
SHP_10463,86939.5,2059669.3
SHP_10465,81021.8,1970368.9
SHP_10468,80660.2,1923981.5
SHP_10469,102078.1,2477533.3
SHP_10470,84356.6,2009980.8
SHP_10471,87276.4,2062161.0
SHP_10472,88685.0,2152120.3
SHP_10475,90352.6,2151780.0
SHP_10478,173360.7,4406308.0
SHP_10480,88723.2,2095116.3
SHP_10481,173740.0,4412645.5
SHP_10482,67487.0,1616945.8
SHP_10485,128777.3,3165820.0
SHP_10487,86430.4,2053376.0
SHP_10491,168665.4,4296115.0
SHP_10493,2798.7,57113.3
SHP_10494,87169.2,2060439.9
SHP_10495,82022.9,1948763.3
SHP_10496,44157.4,1078666.9
SHP_10499,173733.4,4402464.5
SHP_10500,70134.4,1699484.0
SHP_10501,3212.5,64917.1
SHP_10502,173381.0,4408221.5
SHP_10503,65800.3,1596844.5
SHP_10504,71606.9,1703274.0
SHP_10505,87928.9,2133483.3
SHP_10508,194836.4,4841846.0
SHP_10509,99665.1,2472511.0
SHP_10511,80935.0,1945969.4
SHP_10512,83312.4,1991370.0
SHP_10515,172635.1,4384707.0
SHP_10517,87585.0,2075817.0
SHP_10519,173083.1,4391980.5
SHP_10521,80660.2,1923981.5
SHP_10530,87904.7,2081680.8
SHP_10532,169330.0,4312990.5
SHP_10535,87792.7,2077428.6
SHP_10538,173399.3,4408596.0
SHP_10539,91866.1,2178121.8
SHP_10540,92249.5,2210390.0
SHP_10542,195915.6,4873406.0
SHP_10545,94723.0,2219034.3
SHP_10550,174671.6,4435796.5
SHP_10552,65416.3,1560842.0
SHP_10558,87605.6,2124796.8
SHP_10560,87079.5,2059857.1
SHP_10562,57233.3,1379081.1
SHP_10563,166467.3,4247641.5
SHP_10564,173113.6,4397279.0
SHP_10571,80728.8,1922264.3
SHP_10572,80477.1,1959435.0
SHP_10573,122925.7,3121835.8
SHP_10574,172751.5,4393148.5
SHP_10575,57574.6,1400991.5
SHP_10576,172826.4,4395997.0
SHP_10581,173535.8,4411756.5
SHP_10582,87864.7,2078411.5
SHP_10584,177587.3,4504096.5
SHP_10586,80728.8,1922264.3
SHP_10587,133502.1,3306715.5
SHP_10588,86280.6,2026302.1
SHP_10590,170289.3,4337121.5
SHP_10596,91654.3,2174511.0
SHP_10600,92951.0,2230044.8
SHP_10602,195536.7,4862808.0
SHP_10603,98782.0,2383364.3
SHP_10606,99742.2,2415866.0
SHP_10609,83142.4,1967422.0
SHP_10611,79335.5,1886956.6
SHP_10612,87679.4,2076486.6
SHP_10613,168478.9,4279977.0
SHP_10614,212025.6,5312336.0
SHP_10615,171972.1,4369907.5
SHP_10616,73132.9,1753101.3
SHP_10617,173467.4,4410870.0
SHP_10627,142162.2,3615541.5
SHP_10629,194384.8,4845698.0
SHP_10630,87779.0,2134708.5
SHP_10631,178266.3,4450991.0
SHP_10634,180436.8,4569876.5
SHP_10639,80354.0,1919152.6
SHP_10642,39246.8,928655.6
SHP_10643,70518.3,1683742.0
SHP_10644,79332.3,1866274.6
SHP_10645,90429.2,2225724.8
SHP_10646,87467.2,2065584.3
SHP_10648,102169.1,2387835.5
SHP_10649,90313.6,2148606.0
SHP_10651,173573.4,4408762.5
SHP_10655,177568.4,4436464.5
SHP_10656,166708.1,4250005.0
SHP_10658,175238.3,4450556.5
SHP_10659,80256.9,1912248.0
SHP_10660,173326.0,4403960.5
SHP_10661,763.6,11584.6
SHP_10663,41749.8,982624.7
SHP_10665,193560.8,4813864.0
SHP_10666,168665.4,4296115.0
SHP_10667,168932.1,4300549.0
SHP_10671,90027.8,2145906.3
SHP_10673,86612.6,2052361.3
SHP_10676,92088.6,2211702.5
SHP_10677,44141.8,1079292.0
SHP_10679,80807.1,1966822.3
SHP_10681,166824.6,4256392.0
SHP_10688,212191.6,5314128.0
SHP_10689,82737.6,2006483.8
SHP_10690,93162.2,2206093.3
SHP_10691,174661.1,4437413.5
SHP_10693,133672.3,3276073.5
SHP_10697,86353.4,2052444.9
SHP_10700,81064.3,1926838.1
SHP_10703,42162.1,1036085.4
SHP_10709,92417.4,2186569.3
SHP_10711,83096.4,2031381.0
SHP_10713,209122.2,5264171.0
SHP_10715,163385.9,4064302.5
SHP_10720,79815.7,1899082.3
SHP_10721,121399.8,3087854.5
SHP_10725,86704.4,2107340.8
SHP_10727,172003.5,4372249.0
SHP_10728,2422.2,45632.9
SHP_10731,1252.3,19122.0
SHP_10732,52987.2,1284928.9
SHP_10738,67582.0,1573198.0
SHP_10740,87605.6,2124796.8
SHP_10745,175636.9,4460058.0
SHP_10751,83555.6,1976799.5
SHP_10752,169516.9,4314308.0
SHP_10754,87467.2,2065584.3
SHP_10755,1832.8,30080.7
SHP_10760,102866.2,2398041.5
SHP_10761,186208.1,4647440.0
SHP_10768,71143.2,1723629.8
SHP_10769,166971.3,4227484.0
SHP_10770,172020.8,4367875.0
SHP_10772,80728.8,1922264.3
SHP_10774,86177.7,2046732.6
SHP_10786,91816.9,2177727.5
SHP_10787,86771.0,2057062.5
SHP_10789,173116.5,4400014.5
SHP_10792,166824.6,4256392.0
SHP_10799,90627.1,2183058.8
SHP_10801,98360.6,2300644.5
SHP_10804,149256.9,3787900.0
SHP_10805,850.7,13300.6
SHP_10808,122908.7,3119603.8
SHP_10809,196443.2,4892748.0
SHP_10813,172347.8,4376207.0
SHP_10814,169783.3,4323807.5
SHP_10816,172138.0,4382120.5
SHP_10822,2746.7,49360.3
SHP_10823,177481.3,4431977.5
SHP_10825,99742.2,2415866.0
SHP_10826,74328.6,1768283.6
SHP_10827,53533.0,1296744.0
SHP_10829,79539.8,1941902.6
SHP_10832,149360.4,3808708.0
SHP_10835,90916.8,2234383.5
SHP_10836,79794.6,1895190.3
SHP_10840,134717.4,3329708.8
SHP_10841,90960.0,2159799.8
SHP_10842,80468.3,1913374.9
SHP_10843,197220.7,4916118.0
SHP_10846,99304.8,2319118.5
SHP_10847,87026.4,2060128.8
SHP_10854,86168.5,2050053.8
SHP_10855,193100.1,4816724.0
SHP_10856,86479.5,2054301.5
SHP_10857,89349.8,2104610.5
SHP_10863,135977.7,3369447.8
SHP_10864,172544.2,4383247.5
SHP_10865,86479.5,2054301.5
SHP_10870,87051.7,2061272.5
SHP_10871,212111.7,5332340.0
SHP_10872,89349.8,2104610.5
SHP_10874,135977.7,3369447.8
SHP_10879,88531.5,2172369.5
SHP_10880,87235.0,2062587.0
SHP_10884,89511.5,2175120.0
SHP_10885,195560.8,4870634.0
SHP_10886,87848.8,2072516.0
SHP_10892,196650.7,4892347.0
SHP_10895,57294.5,1404174.8
SHP_10899,195205.8,4850724.0
SHP_10900,194949.1,4855036.5
SHP_10902,86473.7,2099183.0
SHP_10904,195164.6,4857697.0
SHP_10910,96049.5,2249824.0
SHP_10914,168807.3,4289826.5
SHP_10916,171109.5,4349867.0
SHP_10918,100847.7,2425252.5
SHP_10919,180859.2,4575992.0
SHP_10925,84638.9,2007855.9
SHP_10926,172129.3,4375230.0
SHP_10927,80728.8,1922264.3
SHP_10928,85457.0,2031283.8
SHP_10929,85319.7,2029749.8
SHP_10932,117476.2,2837807.5
SHP_10934,172266.7,4380594.5
SHP_10936,90150.4,2120308.3
SHP_10938,133801.4,3278150.8
SHP_10942,78138.7,1863219.5
SHP_10943,77401.4,1816048.0
SHP_10944,171361.4,4358007.0
SHP_10948,170916.2,4283878.0
SHP_10954,177190.8,4497453.5
SHP_10956,84350.6,2010184.3
SHP_10957,102972.0,2496998.0
SHP_10958,171108.6,4352487.0
SHP_10959,2543.7,45369.9
SHP_10960,42674.4,1031555.0
SHP_10967,134088.3,3317882.5
SHP_10969,87235.0,2062587.0
SHP_10971,91503.1,2201372.5
SHP_10973,89499.3,2114492.5
SHP_10978,168932.1,4300549.0
SHP_10979,197357.4,4897967.5
SHP_10981,87280.8,2060997.8
SHP_10982,193306.2,4821327.0
SHP_10984,172183.5,4375343.0
SHP_10986,80468.3,1913374.9
SHP_10987,73492.8,1760280.8
SHP_10988,87169.2,2060439.9
SHP_10991,186208.1,4647440.0
SHP_10992,174833.7,4425420.0
SHP_10993,81168.5,1925082.3
SHP_10994,91732.4,2176460.3
SHP_10996,91556.8,2172254.5
SHP_10997,177692.7,4435482.0
SHP_10998,98855.2,2325344.0
SHP_11002,90115.5,2144764.3
SHP_11004,80728.8,1922264.3
SHP_11007,75934.9,1811826.4
SHP_11009,85457.0,2031283.8
SHP_11010,86570.5,2054442.1
SHP_11013,75571.1,1819517.9
SHP_11014,204324.8,5102045.0
SHP_11016,193190.2,4803502.0
SHP_11017,56486.4,1386377.1
SHP_11018,167851.8,4269894.5
SHP_11022,173008.7,4398423.0
SHP_11024,173134.3,4402739.5
SHP_11025,43436.6,1065542.4
SHP_11030,91579.2,2200682.5
SHP_11031,84434.8,2007548.4
SHP_11034,91317.7,2168717.0
SHP_11035,91636.2,2173063.5
SHP_11037,170837.2,4345370.5
SHP_11041,208393.5,5253315.5
SHP_11042,91490.7,2171091.8
SHP_11048,87291.0,2064772.5
SHP_11049,181231.2,4519624.5
SHP_11050,91150.2,2194661.5
SHP_11051,93060.7,2228260.3
SHP_11053,23122.6,552947.3
SHP_11055,169722.0,4323658.0
SHP_11056,170916.2,4283878.0
SHP_11057,86858.2,2057529.9
SHP_11058,87709.3,2076782.3
SHP_11059,173279.4,4405916.0
SHP_11060,195052.3,4847733.0
SHP_11062,73149.5,1766718.0
SHP_11063,170916.2,4283878.0
SHP_11066,78106.2,1911858.5
SHP_11068,167655.5,4273969.0
SHP_11070,67483.0,1571409.1
SHP_11071,87390.8,2067306.0
SHP_11073,735.4,10488.9
SHP_11074,87585.0,2075817.0
SHP_11075,20157.2,473578.3
SHP_11078,133682.7,3310257.3
SHP_11081,67408.3,1571160.8
SHP_11082,92412.0,2215828.8
SHP_11083,94232.1,2223476.5
SHP_11084,168807.3,4289826.5
SHP_11085,85974.2,2043703.0
SHP_11088,122908.7,3119603.8
SHP_11089,163094.1,4060238.5
SHP_11090,175238.3,4450556.5
SHP_11091,65899.4,1581248.8
SHP_11092,174044.9,4418694.0
SHP_11099,172829.6,4388549.0
SHP_11102,77545.6,1833570.0
SHP_11105,183524.0,4638457.0
SHP_11107,90712.9,2154108.3
SHP_11108,185346.6,4625208.0
SHP_11109,90618.1,2153724.3
SHP_11112,87238.7,2060849.0
SHP_11115,49028.3,1189000.0
SHP_11116,87313.2,2071368.5
SHP_11118,133997.1,3312204.0
SHP_11121,83312.4,1991370.0
SHP_11123,172737.3,4394355.0
SHP_11126,173733.4,4402464.5
SHP_11130,149777.7,3812607.3
SHP_11132,141954.0,3612206.0
SHP_11134,87110.7,2060647.9
SHP_11135,180746.4,4575104.0
SHP_11139,67736.2,1574746.8
SHP_11140,174178.4,4419982.0
SHP_11142,95756.5,2259945.3
SHP_11143,53306.7,1271360.1
SHP_11145,93632.8,2210228.0
SHP_11146,168835.9,4291650.0
SHP_11148,194497.5,4836513.0
SHP_11151,2746.7,49360.3
SHP_11153,193100.1,4816724.0
SHP_11156,82315.2,1969944.1
SHP_11159,77401.4,1816048.0
SHP_11163,122908.7,3119603.8
SHP_11164,81017.6,1968340.0
SHP_11165,87473.0,2126157.5
SHP_11166,79896.7,1863649.9
SHP_11167,100358.8,2437151.0
SHP_11169,93107.2,2204778.8
SHP_11178,134735.3,3330798.3
SHP_11180,87318.0,2071927.5
SHP_11182,77873.0,1905763.3
SHP_11187,87469.9,2119865.0
SHP_11188,81252.1,1927636.6
SHP_11190,92215.4,2183531.0
SHP_11191,99359.3,2393344.5
SHP_11194,87680.9,2078132.3
SHP_11196,73438.3,1762689.4
SHP_11197,120998.1,3079142.3
SHP_11200,127809.8,3152424.5
SHP_11203,163445.5,4064612.3
SHP_11204,2039.4,32855.0
SHP_11205,16259.8,382068.9
SHP_11206,78992.0,1873243.1
SHP_11210,167524.4,4270140.0
SHP_11211,90604.3,2227984.3
SHP_11212,209284.8,5262091.5
SHP_11213,90658.8,2157382.3
SHP_11214,103601.1,2414016.8
SHP_11216,778.7,8752.2
SHP_11217,86440.7,2053061.1
SHP_11218,77856.3,1860708.5
SHP_11222,16612.6,386713.4
SHP_11223,91503.1,2201372.5
SHP_11225,163176.5,4059495.0
SHP_11226,91520.9,2171888.0
SHP_11227,173134.4,4397875.5
SHP_11228,136835.7,3385916.0
SHP_11233,92377.3,2216660.0
SHP_11236,86123.5,2048434.8
SHP_11238,173307.8,4403265.5
SHP_11241,80371.0,1908570.3
SHP_11245,92950.7,2230600.0
SHP_11246,74512.5,1794377.6
SHP_11248,173727.0,4414553.0
SHP_11249,169130.0,4310027.0
SHP_11253,87280.8,2060997.8
SHP_11254,75933.5,1778988.8
SHP_11255,92005.0,2209536.0
SHP_11258,95004.9,2287042.3
SHP_11259,172709.5,4388108.0
SHP_11260,90328.4,2227893.3
SHP_11261,193529.1,4811730.0
SHP_11266,173399.3,4408596.0
SHP_11267,193962.3,4823309.0
SHP_11268,83549.1,1986415.1
SHP_11270,168270.8,4274234.0
SHP_11271,3212.5,64917.1
SHP_11272,88383.1,2078028.1
SHP_11274,91088.7,2186005.3
SHP_11275,90771.7,2150526.0
SHP_11278,98360.6,2300644.5
SHP_11279,69752.8,1691753.9
SHP_11280,142788.7,3631729.5
SHP_11281,79811.4,1949166.8
SHP_11282,177777.5,4442544.5
SHP_11283,77896.9,1899767.6
SHP_11284,103016.9,2398663.8
SHP_11286,116073.0,2785204.0
SHP_11290,172996.3,4399325.5
SHP_11291,218954.4,5395635.5
SHP_11294,86704.4,2107340.8
SHP_11295,87373.1,2065933.9
SHP_11296,89349.8,2104610.5
SHP_11297,83577.0,1988152.5
SHP_11298,51679.3,1228268.8
SHP_11301,172129.3,4375230.0
SHP_11304,184703.3,4612771.0
SHP_11305,87749.3,2077039.9
SHP_11308,91871.2,2178194.5
SHP_11310,150158.7,3817379.3
SHP_11312,196764.1,4888704.0
SHP_11316,93638.9,2215230.8
SHP_11319,89677.6,2114827.5
SHP_11320,80799.6,1966728.5
SHP_11322,94997.5,2239089.8
SHP_11328,174457.4,4434390.5
SHP_11329,98074.7,2315647.8
SHP_11330,78336.8,1839919.8
SHP_11335,110177.4,2691348.8
SHP_11342,87490.0,2073130.8
SHP_11344,75770.9,1818789.3
SHP_11345,1015.2,14830.9
SHP_11347,171120.7,4353596.5
SHP_11349,109461.7,2639117.0
SHP_11352,101586.0,2466076.5
SHP_11354,117029.4,2829456.5
SHP_11357,134725.6,3315278.5
SHP_11359,77856.3,1860708.5
SHP_11361,82314.4,1969936.5
SHP_11362,208895.2,5260896.0
SHP_11363,195164.6,4857697.0
SHP_11364,164112.9,4098720.5
SHP_11369,91799.9,2177545.8
SHP_11371,83531.7,1980426.8
SHP_11375,97433.0,2294670.3
SHP_11377,599.9,8037.3
SHP_11378,172163.8,4375336.0
SHP_11379,87313.2,2071368.5
SHP_11382,92169.8,2180533.3
SHP_11386,94232.1,2223476.5
SHP_11388,77179.0,1847672.9
SHP_11389,67468.5,1563657.3
SHP_11392,88544.8,2149842.5
SHP_11393,65278.0,1562072.1
SHP_11399,87337.4,2145853.0
SHP_11401,69251.5,1683221.6
SHP_11405,74339.4,1778100.0
SHP_11406,86405.2,2051871.4
SHP_11413,87664.9,2070154.8
SHP_11414,64599.2,1548719.8
SHP_11416,183524.0,4638457.0
SHP_11418,45757.9,1114411.1
SHP_11419,81238.3,1929682.3
SHP_11421,91708.8,2179308.5
SHP_11422,71199.4,1723389.5
SHP_11423,86824.9,2107298.0
SHP_11424,16113.9,378027.2
SHP_11428,170539.0,4342436.5
SHP_11430,44335.4,1083420.0
SHP_11431,193929.6,4821769.0
SHP_11432,192119.7,4781054.0
SHP_11435,93074.5,2200377.3
SHP_11438,89120.0,2166255.0
SHP_11441,88686.8,2159722.0
SHP_11448,78336.8,1839919.8
SHP_11449,197023.6,4892883.5
SHP_11451,23189.0,552793.2
SHP_11452,78860.8,1849589.9
SHP_11453,163232.0,4065406.0
SHP_11456,100588.7,2444662.5
SHP_11457,88557.8,2171559.3
SHP_11462,80468.3,1913374.9
SHP_11464,45259.5,1101041.8
SHP_11465,172381.9,4378223.0
SHP_11466,100358.8,2437151.0
SHP_11467,148614.5,3790311.8
SHP_11470,90642.6,2228088.0
SHP_11472,133407.9,3267798.5
SHP_11474,202919.9,4535831.0
SHP_11475,173824.0,4414595.0
SHP_11476,91600.8,2255657.0
SHP_11477,91674.5,2174508.8
SHP_11480,117029.4,2829456.5
SHP_11481,134735.3,3330798.3
SHP_11483,101499.9,2500471.0
SHP_11484,95238.8,2289572.0
SHP_11492,95184.9,2244034.8
SHP_11493,196685.3,4891982.0
SHP_11495,87127.0,2059571.5
SHP_11499,93112.2,2229295.3
SHP_11500,20157.2,473578.3
SHP_11501,172483.8,4380033.5
SHP_11502,172453.7,4381539.0
SHP_11503,87860.2,2070680.4
SHP_11508,80272.9,1915237.6
SHP_11509,64588.7,1545096.5
SHP_11510,133362.5,3304139.0
SHP_11511,1860.4,31658.4
SHP_11512,88050.2,2076538.5
SHP_11514,84211.2,2001906.8
SHP_11515,180849.2,4575893.0
SHP_11516,69996.8,1697505.1
SHP_11524,87861.9,2104506.0
SHP_11525,75955.2,1815917.0
SHP_11526,172980.7,4399605.0
SHP_11529,134725.6,3315278.5
SHP_11532,2746.7,49360.3
SHP_11533,172340.8,4379230.5
SHP_11534,93568.2,2212239.8
SHP_11539,172785.5,4395726.5
SHP_11540,67098.2,1565423.0
SHP_11541,92448.8,2186890.5
SHP_11542,95343.3,2255918.3
SHP_11546,96617.7,2228150.8
SHP_11547,65119.6,1554186.0
SHP_11551,65184.1,1552303.9
SHP_11554,94567.2,2232467.0
SHP_11556,101339.3,2394117.8
SHP_11558,173008.7,4398423.0
SHP_11562,218954.4,5395635.5
SHP_11564,56535.2,1386083.3
SHP_11747,173535.8,4411756.5
SHP_11748,18348.5,438012.2
SHP_11751,87341.8,2071180.6
SHP_11756,87913.3,2077666.8
SHP_11757,2804.4,54825.5
SHP_11758,87414.3,2067688.1
SHP_11759,173772.5,4417168.5
SHP_11762,184695.7,4611942.0
SHP_11765,92661.9,2170086.8
SHP_11770,173483.4,4409680.0
SHP_11772,163969.3,4096438.5
SHP_11773,175667.9,4461666.5
SHP_11776,213281.7,5344454.0
SHP_11777,87762.0,2077355.0
SHP_11778,94271.1,2230195.0
SHP_11779,80371.0,1908570.3
SHP_11780,173116.8,4401529.0
SHP_11782,173116.8,4401529.0
SHP_11788,92729.5,2192842.8
SHP_11790,17982.9,401355.7
SHP_11791,196443.2,4892748.0
SHP_11794,1011.5,14813.2
SHP_11795,195033.8,4850309.0
SHP_11796,167938.1,4279659.0
SHP_11798,94974.2,2244932.5
SHP_11800,3212.5,64917.1
SHP_11801,91885.0,2177483.3
SHP_11802,79335.5,1886956.6
SHP_11805,80072.0,1912150.8
SHP_11806,95512.4,2247879.0
SHP_11808,116073.0,2785204.0
SHP_11810,87909.4,2132194.3
SHP_11812,91526.5,2171354.3
SHP_11815,193962.3,4823309.0
SHP_11816,91649.2,2200289.0
SHP_11817,162983.2,4071929.5
SHP_11819,110177.4,2691348.8
SHP_11821,173991.6,4415232.0
SHP_11822,193747.0,4818324.0
SHP_11824,87065.3,2060373.6
SHP_11825,218954.4,5395635.5
SHP_11826,77914.2,1863958.4
SHP_11827,133682.7,3310257.3
SHP_11829,162847.3,4052841.0
SHP_11837,80906.8,1921214.3
SHP_11841,82826.4,2006342.4
SHP_11845,1868.2,30477.0
SHP_11846,67747.9,1576116.0
SHP_11851,91490.4,2171545.8
SHP_11852,167561.7,4272803.5
SHP_11853,66600.8,1557070.4
SHP_11854,85652.8,2033507.0
SHP_11856,148243.2,3778249.0
SHP_11859,92206.9,2213339.8
SHP_11865,45397.0,1104077.1
SHP_11867,172808.1,4397528.0
SHP_11874,172154.8,4375910.0
SHP_11877,85960.7,2042263.9
SHP_11879,85652.8,2033507.0
SHP_11880,89677.6,2114827.5
SHP_11882,82507.6,1999341.0
SHP_11883,87276.4,2062161.0
SHP_11886,108938.9,2651715.8
SHP_11888,100358.8,2437151.0
SHP_11894,92095.3,2208243.0
SHP_11895,174750.0,4438428.5
SHP_11898,91470.7,2243681.0
SHP_11899,172808.1,4397528.0
SHP_11903,78874.2,1853391.9
SHP_11904,117894.6,2788672.5
SHP_11905,177190.8,4497453.5
SHP_11908,92176.6,2162934.5
SHP_11917,195872.2,4878562.0
SHP_11919,149380.2,3802055.3
SHP_11920,56238.0,1348214.0
SHP_11922,168418.4,4283145.0
SHP_11924,74403.4,1796650.3
SHP_11928,69970.7,1672033.5
SHP_11930,173573.4,4408762.5
SHP_11931,172347.8,4376207.0
SHP_11932,81008.9,1926911.8
SHP_11933,86663.0,2057755.0
SHP_11935,173067.3,4390322.0
SHP_11937,66600.8,1557070.4
SHP_11941,18219.2,405252.7
SHP_11942,77597.7,1849796.5
SHP_11943,93225.6,2206749.0
SHP_11944,54667.3,1288230.3
SHP_11945,173540.5,4407187.0
SHP_11947,178275.9,4429654.0
SHP_11948,168476.3,4284710.0
SHP_11951,172332.6,4376352.0
SHP_11952,161252.1,4003040.0
SHP_11953,127809.8,3152424.5
SHP_11956,150132.8,3817010.8
SHP_11957,20157.2,473578.3
SHP_11960,91817.8,2176293.8
SHP_11966,90618.1,2153724.3
SHP_11967,172667.4,4385908.0
SHP_11968,197224.9,4914708.0
SHP_11969,204324.8,5102045.0
SHP_11970,78943.8,1882426.6
SHP_11971,172906.2,4389556.0
SHP_11974,54388.3,1279911.0
SHP_11977,163853.8,4091384.5
SHP_11979,39246.8,928655.6
SHP_11981,163163.0,4059122.0
SHP_11987,133960.9,3316628.5
SHP_11988,167592.0,4273510.0
SHP_11990,87013.8,2059099.3
SHP_11993,91997.0,2162333.8
SHP_11995,91693.8,2201157.8
SHP_11996,56486.4,1386377.1
SHP_11997,45069.4,1096665.0
SHP_11998,167561.7,4272803.5
SHP_12000,87684.5,2078164.1
SHP_12001,16570.4,385895.6
SHP_12004,194544.4,4837200.0
SHP_12005,135977.7,3369447.8
SHP_12007,19508.1,462855.3
SHP_12011,100527.2,2350292.5
SHP_12014,163460.2,4067234.5
SHP_12016,31914.2,778349.2
SHP_12017,82022.9,1948763.3
SHP_12019,86858.2,2057529.9
SHP_12020,69715.3,1692180.5
SHP_12021,53640.1,1281710.5
SHP_12023,172165.3,4377828.0
SHP_12025,65278.0,1562072.1
SHP_12026,198373.2,4930958.0
SHP_12027,87069.0,2059680.9
SHP_12028,171532.8,4367818.0
SHP_12029,19508.1,462855.3
SHP_12030,850.7,13300.6
SHP_12032,94723.0,2219034.3
SHP_12033,177850.7,4439593.0
SHP_12035,148614.5,3790311.8
SHP_12036,94232.1,2223476.5
SHP_12038,2039.4,32855.0
SHP_12039,84638.9,2007855.9
SHP_12041,94730.4,2236911.3
SHP_12047,191964.1,4777458.5
SHP_12049,174330.9,4429425.0
SHP_12053,196650.7,4892347.0
SHP_12054,78992.0,1873243.1
SHP_12055,84071.5,1990579.6
SHP_12058,16570.4,385895.6
SHP_12061,173871.3,4418561.5
SHP_12062,90462.1,2131602.0
SHP_12065,93083.8,2201877.3
SHP_12067,101477.9,2466295.0
SHP_12069,57516.5,1406530.3
SHP_12070,135977.7,3369447.8
SHP_12073,171573.0,4361264.0
SHP_12074,94232.1,2223476.5
SHP_12075,40321.9,943334.7
SHP_12076,89197.3,2105349.3
SHP_12077,72074.9,1733740.9
SHP_12078,169847.7,4313658.0
SHP_12079,172338.4,4384368.5
SHP_12080,86023.2,2043619.4
SHP_12082,171847.5,4367986.0
SHP_12085,78062.9,1912319.9
SHP_12086,84356.6,2009980.8
SHP_12088,172381.9,4378223.0
SHP_12090,91430.7,2196804.0
SHP_12091,168735.5,4297887.5
SHP_12092,173116.8,4401529.0
SHP_12094,67310.7,1570122.0
SHP_12095,1750.9,27104.0
SHP_12096,194678.0,4838234.0
SHP_12097,174750.0,4438428.5
SHP_12098,87909.4,2132194.3
SHP_12102,87532.7,2128734.5
SHP_12105,101477.9,2466295.0
SHP_12107,172582.3,4384413.0
SHP_12109,83888.0,1995359.0
SHP_12110,86704.4,2107340.8
SHP_12111,70134.4,1699484.0
SHP_12112,172692.4,4386647.0
SHP_12115,92340.6,2218156.5
SHP_12116,87128.9,2059317.1
SHP_12122,96824.6,2268463.5
SHP_12126,144212.5,3532201.8
SHP_12127,83523.7,1979938.0
SHP_12129,44946.6,1094363.3
SHP_12130,127525.7,3135209.5
SHP_12131,127809.8,3152424.5
SHP_12132,1079.1,15777.1
SHP_12133,16612.6,386713.4
SHP_12135,86405.2,2051871.4
SHP_12139,88050.2,2076538.5
SHP_12142,172033.1,4371256.5
SHP_12145,86405.2,2051871.4
SHP_12146,75742.1,1818454.1
SHP_12147,79749.0,1945408.1
SHP_12148,78922.7,1927550.9
SHP_12149,168835.9,4291650.0
SHP_12150,171946.6,4370379.5
SHP_12154,14040.5,310875.2
SHP_12156,44505.9,1082689.3
SHP_12158,2436.2,46215.1
SHP_12160,65485.7,1561498.9
SHP_12161,63205.0,1527393.4
SHP_12164,173217.8,4307792.5
SHP_12165,65205.5,1550628.6
SHP_12170,77914.2,1863958.4
SHP_12171,56238.0,1348214.0
SHP_12172,86357.7,2051206.0
SHP_12173,195536.7,4862808.0
SHP_12175,80667.7,1911123.1
SHP_12178,92487.4,2192302.8
SHP_12180,77400.9,1850296.5
SHP_12183,82737.6,2006483.8
SHP_12184,65291.0,1561731.8
SHP_12186,163281.9,4063206.0
SHP_12188,176946.8,4485554.5
SHP_12190,16208.5,379319.8
SHP_12193,96947.0,2338752.0
SHP_12198,148761.3,3789963.8
SHP_12202,212052.4,5327247.0
SHP_12203,70590.5,1712778.0
SHP_12207,87707.7,2096081.3
SHP_12208,86778.9,2057073.6
SHP_12213,145576.8,3548351.5
SHP_12214,3212.5,64917.1
SHP_12217,167811.2,4276968.5
SHP_12219,79252.9,1864135.5
SHP_12220,80272.9,1915237.6
SHP_12223,95375.4,2240001.0
SHP_12228,86274.3,2026258.5
SHP_12233,185258.1,4625183.0
SHP_12235,70856.4,1707005.9
SHP_12237,173240.9,4405033.0
SHP_12240,86426.5,2055272.0
SHP_12242,170035.8,4330429.0
SHP_12243,172193.3,4373384.0
SHP_12244,209335.5,5268576.5
SHP_12247,171943.5,4365970.0
SHP_12248,81252.1,1927636.6
SHP_12249,91419.0,2169759.3
SHP_12252,193786.8,4815130.0
SHP_12256,171935.8,4375727.0
SHP_12257,78992.0,1873243.1
SHP_12259,167329.1,4267590.0
SHP_12262,91732.4,2176460.3
SHP_12263,86755.3,2060650.5
SHP_12265,87396.6,2074359.0
SHP_12269,83491.2,1980058.8
SHP_12270,91866.1,2178121.8
SHP_12277,167826.8,4279158.0
SHP_12282,195938.5,4869927.0
SHP_12286,172332.6,4376352.0
SHP_12288,163341.7,4063895.0
SHP_12291,213537.3,5362817.0
SHP_12296,87909.4,2132194.3
SHP_12297,78922.7,1927550.9
SHP_12308,52586.7,1254448.9
SHP_12311,89064.9,2119535.3
SHP_12314,81902.4,1964181.8
SHP_12316,168815.1,4302639.5
SHP_12317,87352.9,2122082.3
SHP_12318,86440.7,2053061.1
SHP_12319,177278.4,4497451.0
SHP_12320,174802.8,4424763.5
SHP_12325,83549.1,1986415.1
SHP_12326,148696.0,3789227.0
SHP_12329,78106.2,1911858.5
SHP_12330,91867.0,2178396.0
SHP_12331,92178.9,2212448.3
SHP_12332,116073.0,2785204.0
SHP_12333,87860.2,2070680.4
SHP_12334,175238.3,4450556.5
SHP_12336,86785.5,2061830.3
SHP_12340,16612.6,386713.4
SHP_12344,125212.4,3176548.5
SHP_12346,93786.1,2219832.5
SHP_12348,53533.0,1296744.0
SHP_12351,101996.2,2477948.0
SHP_12352,170573.0,4337416.0
SHP_12355,57233.3,1379081.1
SHP_12356,53082.1,1273046.4
SHP_12361,96948.7,2292251.0
SHP_12362,76906.4,1809489.3
SHP_12365,170916.2,4283878.0
SHP_12366,185526.1,4629557.0
SHP_12368,90771.7,2150526.0
SHP_12369,16208.5,379319.8
SHP_12373,171955.1,4366135.0
SHP_12374,86123.5,2048434.8
SHP_12375,150115.8,3821025.5
SHP_12376,194383.4,4832908.0
SHP_12377,88383.1,2078028.1
SHP_12379,87904.1,2022149.5
SHP_12382,16823.5,362395.9
SHP_12386,87177.4,2061284.1
SHP_12387,80538.6,1909604.8
SHP_12388,191964.1,4777458.5
SHP_12392,149982.6,3815138.5
SHP_12393,208802.1,5252780.5
SHP_12394,80256.9,1912248.0
SHP_12395,87605.6,2124796.8
SHP_12397,78970.5,1928070.0
SHP_12398,91384.1,2169711.0
SHP_12399,91588.3,2172811.3
SHP_12403,74403.4,1796650.3
SHP_12404,87510.8,2117225.0
SHP_12407,65071.9,1555960.5
SHP_12410,173540.5,4407187.0
SHP_12411,213553.3,5363742.0
SHP_12414,100358.8,2437151.0
SHP_12418,60982.0,1444603.0
SHP_12422,91459.2,2170686.8
SHP_12424,84699.6,2019221.1
SHP_12428,172738.5,4391909.0
SHP_12429,56897.1,1394985.0
SHP_12435,90699.0,2180305.5
SHP_12436,133473.1,3306613.5
SHP_12437,195736.0,4872297.0
SHP_12440,56722.8,1360615.4
SHP_12444,91246.7,2194209.3
SHP_12445,149653.9,3812662.8
SHP_12448,87052.4,2111484.0
SHP_12449,44179.2,1076833.6
SHP_12450,103411.2,2509169.5
SHP_12453,101954.1,2477901.5
SHP_12456,172930.4,4389064.0
SHP_12458,87679.4,2076486.6
SHP_12460,86123.5,2048434.8
SHP_12463,196650.7,4892347.0
SHP_12465,78336.8,1839919.8
SHP_12468,202982.0,5035913.0
SHP_12472,91147.1,2165706.0
SHP_12473,169450.3,4313207.0
SHP_12475,87709.3,2076782.3
SHP_12476,1684.8,24216.8
SHP_12477,63205.0,1527393.4
SHP_12478,92712.5,2229801.8
SHP_12480,87097.3,2060779.3
SHP_12481,77941.4,1848892.1
SHP_12483,93060.7,2228260.3
SHP_12485,90102.8,2123995.0
SHP_12486,74403.4,1796650.3
SHP_12487,66600.8,1557070.4
SHP_12490,64599.2,1548719.8
SHP_12492,173540.5,4407187.0
SHP_12493,99665.1,2472511.0
SHP_12494,177402.6,4497889.5
SHP_12496,48500.3,1167417.5
SHP_12497,88685.0,2152120.3
SHP_12500,56424.6,1385903.3
SHP_12502,195118.2,4801697.5
SHP_12503,43901.4,1060738.8
SHP_12507,108658.0,2646194.5
SHP_12513,148243.2,3778249.0
SHP_12514,63833.3,1543604.8
SHP_12518,79259.7,1868094.5
SHP_12520,93989.6,2245551.5
SHP_12521,192692.0,4796262.0
SHP_12523,169200.6,4297327.0
SHP_12527,163649.5,4069183.5
SHP_12528,92563.9,2174903.3
SHP_12529,92951.0,2230044.8
SHP_12532,87768.2,2134300.8
SHP_12539,75217.3,1778408.4
SHP_12540,172416.4,4380671.0
SHP_12544,79555.7,1942599.9
SHP_12546,87414.3,2067688.1
SHP_12547,172926.1,4392015.5
SHP_12549,2798.7,57113.3
SHP_12554,87013.8,2059099.3
SHP_12555,184089.9,4645122.0
SHP_12557,168835.9,4291650.0
SHP_12562,196815.7,4888356.0
SHP_12563,45054.1,1099022.0
SHP_12564,87347.8,2063855.0
SHP_12568,79274.8,1877287.9
SHP_12572,190793.5,4756195.0
SHP_12574,99570.1,2451326.5
SHP_12575,197412.3,4899903.5
SHP_12579,163899.8,4091302.5
SHP_12583,135977.7,3369447.8
SHP_12584,87909.5,2080129.9
SHP_12585,172183.5,4375343.0
SHP_12586,94969.0,2294305.8
SHP_12587,103257.0,2504870.8
SHP_12588,91933.6,2178939.0
SHP_12589,133502.1,3306715.5
SHP_12590,91860.1,2178097.0
SHP_12591,163292.7,4063328.0
SHP_12592,185450.0,4625795.5
SHP_12593,83846.4,1988136.6
SHP_12595,75955.2,1815917.0
SHP_12597,44096.0,1075920.4
SHP_12598,185526.1,4629557.0
SHP_12601,87332.3,2064598.5
SHP_12602,55045.1,1292979.3
SHP_12603,171950.0,4369617.0
SHP_12605,91965.7,2210372.0
SHP_12606,99049.2,2396656.8
SHP_12607,127865.3,3139569.3
SHP_12608,87235.0,2062587.0
SHP_12610,56318.9,1361452.9
SHP_12614,133421.7,3305351.8
SHP_12618,167592.0,4273510.0
SHP_12619,91933.6,2178939.0
SHP_12622,52586.7,1254448.9
SHP_12623,86289.4,2097445.8
SHP_12624,169546.7,4305824.0
SHP_12628,173552.0,4409172.5
SHP_12629,162983.2,4071929.5
SHP_12630,86962.4,2058770.5
SHP_12635,78009.2,1852802.0
SHP_12637,82314.4,1969936.5
SHP_12644,83577.0,1988152.5
SHP_12645,171839.6,4371806.5
SHP_12646,215154.6,5329868.0
SHP_12647,64963.8,1549998.3
SHP_12648,79304.1,1867129.0
SHP_12650,171423.8,4294381.5
SHP_12652,92665.9,2170148.8
SHP_12653,86896.8,2058014.1
SHP_12655,86715.4,2055850.3
SHP_12658,88387.4,2078108.1
SHP_12660,172332.8,4378777.0
SHP_12662,89197.3,2105349.3
SHP_12664,98360.6,2300644.5
SHP_12668,148761.3,3789963.8
SHP_12669,103601.1,2414016.8
SHP_12674,173116.8,4401529.0
SHP_12675,172134.7,4381295.5
SHP_12676,150115.8,3821025.5
SHP_12677,92197.5,2183338.8
SHP_12678,92862.1,2195611.0
SHP_12680,57677.0,1402924.1
SHP_12681,86353.4,2052444.9
SHP_12682,79196.5,1854893.8
SHP_12683,116073.0,2785204.0
SHP_12684,169284.8,4311103.5
SHP_12686,214878.6,5328847.5
SHP_12687,78067.9,1861588.5
SHP_12693,16570.4,385895.6
SHP_12695,83312.4,1991370.0
SHP_12699,92951.0,2230044.8
SHP_12700,23075.3,550604.9
SHP_12701,67572.5,1572158.3
SHP_12702,93478.5,2213355.3
SHP_12704,194384.8,4845698.0
SHP_12707,1011.5,14813.2
SHP_12708,2944.1,55402.8
SHP_12709,91308.6,2167523.3
SHP_12711,77551.0,1887160.8
SHP_12713,173207.3,4403836.0
SHP_12714,92005.0,2209536.0
SHP_12715,93089.5,2236122.8
SHP_12724,90627.1,2183058.8
SHP_12725,98638.9,2306310.3
SHP_12728,172193.3,4373384.0
SHP_12729,196783.3,4884733.0
SHP_12730,174802.8,4424763.5
SHP_12734,168665.4,4296115.0
SHP_12735,122190.1,3106381.5
SHP_12738,23189.0,552793.2
SHP_12739,91692.9,2174706.5
SHP_12740,71606.9,1703274.0
SHP_12744,2798.7,57113.3
SHP_12745,95074.4,2253513.0
SHP_12747,73962.5,1764703.9
SHP_12750,173681.0,4402228.5
SHP_12751,87464.6,2074903.4
SHP_12752,134717.4,3329708.8
SHP_12754,86819.0,2058796.5
SHP_12757,208895.2,5260896.0
SHP_12758,87332.3,2064598.5
SHP_12759,185156.5,4616782.0
SHP_12760,85631.6,2036646.5
SHP_12761,81837.7,1944309.9
SHP_12762,94969.0,2294305.8
SHP_12763,93632.8,2210228.0
SHP_12764,211728.3,5326792.5
SHP_12767,2496.9,47454.9
SHP_12769,173061.2,4400829.5
SHP_12770,211821.2,5328449.5
SHP_12775,65278.0,1562072.1
SHP_12783,70203.5,1700286.4
SHP_12784,80477.5,1908919.3
SHP_12788,209335.5,5268576.5
SHP_12789,77433.7,1850886.9
SHP_12790,89349.8,2104610.5
SHP_12791,75753.6,1818573.1
SHP_12795,80935.0,1945969.4
SHP_12796,173326.0,4403960.5
SHP_12797,90978.9,2241819.5
SHP_12799,174331.2,4425062.0
SHP_12800,87518.4,2074113.0
SHP_12811,1517.9,21515.9
SHP_12813,195536.7,4862808.0
SHP_12814,42162.1,1036085.4
SHP_12818,57112.2,1363462.1
SHP_12820,103659.2,2423056.0
SHP_12821,172289.1,4379866.0
SHP_12825,90658.8,2157382.3
SHP_12832,193080.5,4794258.0
SHP_12834,183359.0,4575407.0
SHP_12836,64706.4,1565412.3
SHP_12837,65278.0,1562072.1
SHP_12846,194622.0,4836245.0
SHP_12848,92712.5,2229801.8
SHP_12852,2259.2,42982.5
SHP_12854,80935.0,1945969.4
SHP_12857,163485.3,4082033.5
SHP_12862,2543.7,45369.9
SHP_12864,96362.4,2315514.8
SHP_12865,149777.7,3812607.3
SHP_12866,173347.8,4402241.0
SHP_12868,103257.0,2504870.8
SHP_12870,85920.1,2032943.5
SHP_12876,1571.7,23542.7
SHP_12877,87585.0,2075817.0
SHP_12879,194949.1,4855036.5
SHP_12880,73553.7,1765237.5
SHP_12881,91618.0,2172888.8
SHP_12884,133682.7,3310257.3
SHP_12885,65119.6,1554186.0
SHP_12887,116073.0,2785204.0
SHP_12888,100358.8,2437151.0
SHP_12889,78512.7,1868105.4
SHP_12890,92532.9,2220075.3
SHP_12891,86065.8,2091316.4
SHP_12893,184722.6,4612863.0
SHP_12894,75742.1,1818454.1
SHP_12896,96824.6,2268463.5
SHP_12901,91571.0,2158449.0
SHP_12905,163649.5,4069183.5
SHP_12908,76756.1,1882887.5
SHP_12913,2436.2,46215.1
SHP_12914,86665.1,2058746.3
SHP_12915,172906.2,4389556.0
SHP_12916,168704.5,4288663.0
SHP_12920,173727.0,4414553.0
SHP_12925,82705.5,1958151.8
SHP_12926,81072.5,1968740.1
SHP_12927,117894.6,2788672.5
SHP_12928,87110.7,2060647.9
SHP_12929,82705.5,1958151.8
SHP_12930,133682.7,3310257.3
SHP_12933,197023.6,4892883.5
SHP_12934,86953.7,2058709.8
SHP_12938,174105.5,4426637.5
SHP_12945,83555.6,1976799.5
SHP_12947,173311.8,4403766.5
SHP_12948,87032.8,2059724.8
SHP_12951,81008.9,1926911.8
SHP_12952,57112.2,1363462.1
SHP_12956,171690.3,4369662.0
SHP_12957,172598.9,4389538.0
SHP_12959,86704.4,2107340.8
SHP_12961,77856.3,1860708.5
SHP_12966,173116.8,4401529.0
SHP_12967,193826.8,4821049.0
SHP_12968,99304.8,2319118.5
SHP_12970,75775.7,1813747.4
SHP_12973,93143.3,2247304.8
SHP_12975,89120.0,2166255.0
SHP_12976,134728.5,3329406.3
SHP_12977,90429.2,2225724.8
SHP_12979,81154.5,1929470.1
SHP_12981,134861.7,3331597.3
SHP_12983,53082.1,1273046.4
SHP_12988,148865.8,3794637.0
SHP_12990,172483.8,4380033.5
SHP_12992,160772.4,4105928.8
SHP_12995,173342.7,4399126.0
SHP_12999,196386.2,4892615.0
SHP_13000,49028.3,1189000.0
SHP_13006,95209.9,2300222.3
SHP_13007,170209.1,4330604.0
SHP_13009,67310.7,1570122.0
SHP_13012,87713.6,2071479.0
SHP_13014,95208.2,2255594.3
SHP_13019,90429.2,2225724.8
SHP_13021,133729.2,3312231.0
SHP_13023,196685.3,4891982.0
SHP_13025,77161.2,1891946.1
SHP_13028,193941.3,4823044.0
SHP_13029,168524.4,4285750.0
SHP_13031,91871.2,2178194.5
SHP_13032,46260.6,1111911.0
SHP_13033,101805.5,2369641.5
SHP_13043,99570.1,2451326.5
SHP_13046,75129.4,1810103.8
SHP_13048,85269.5,2027750.4
SHP_13052,183524.0,4638457.0
SHP_13053,80660.2,1923981.5
SHP_13054,177587.3,4504096.5
SHP_13056,191432.0,4769115.0
SHP_13057,87529.1,2066038.9
SHP_13061,170289.3,4337121.5
SHP_13062,193558.2,4826939.0
SHP_13063,172521.1,4381632.0
SHP_13064,86562.8,2054667.5
SHP_13065,167128.6,4261510.0
SHP_13066,61569.1,1490556.1
SHP_13067,219078.8,5427412.0
SHP_13068,172950.0,4399406.5
SHP_13070,83735.6,1987803.5
SHP_13076,90927.6,2160136.5
SHP_13077,91490.4,2171545.8
SHP_13078,67132.5,1566337.5
SHP_13083,134729.2,3334373.3
SHP_13084,100588.7,2444662.5
SHP_13085,92042.6,2154119.5
SHP_13087,170793.9,4348994.5
SHP_13088,16688.6,387642.5
SHP_13089,172939.3,4399272.5
SHP_13090,78030.0,1911573.5
SHP_13091,31454.0,769440.4
SHP_13093,81301.1,1973582.5
SHP_13094,211538.7,5321103.0
SHP_13095,86374.9,2097640.3
SHP_13096,87069.0,2059680.9
SHP_13099,86050.6,2045929.0
SHP_13100,41339.1,974062.2
SHP_13102,195026.2,4847341.0
SHP_13104,70607.6,1708384.9
SHP_13106,86727.4,2059633.0
SHP_13113,56842.0,1393158.0
SHP_13114,87850.3,2072840.3
SHP_13116,93478.5,2213355.3
SHP_13117,87276.4,2062161.0
SHP_13119,91708.8,2179308.5
SHP_13120,80825.3,1966835.8
SHP_13124,83312.4,1991370.0
SHP_13127,81328.8,1976402.4
SHP_13129,79743.4,1895613.0
SHP_13131,133362.5,3304139.0
SHP_13133,87294.7,2061185.3
SHP_13135,43540.5,1052845.8
SHP_13136,87743.2,2127488.3
SHP_13137,103257.0,2504870.8
SHP_13141,174661.1,4437413.5
SHP_13144,64636.3,1544012.0
SHP_13146,135977.7,3369447.8
SHP_13149,86824.4,2060104.0
SHP_13150,181231.2,4519624.5
SHP_13152,195966.0,4872931.0
SHP_13153,82314.4,1969936.5
SHP_13154,175238.3,4450556.5
SHP_13155,87864.7,2078411.5
SHP_13156,86819.0,2058796.5
SHP_13159,87390.9,2064551.3
SHP_13163,87126.6,2060921.3
SHP_13164,90771.7,2150526.0
SHP_13167,101437.3,2459843.3
SHP_13171,167851.8,4269894.5
SHP_13172,209122.2,5264171.0
SHP_13175,120641.0,2924179.0
SHP_13177,92212.2,2189399.8
SHP_13178,48690.4,1168090.6
SHP_13179,78262.6,1863664.5
SHP_13183,99742.2,2415866.0
SHP_13186,71173.3,1720081.3
SHP_13187,78180.2,1903737.5
SHP_13192,172479.8,4378479.0
SHP_13193,133682.7,3310257.3
SHP_13194,65899.4,1581248.8
SHP_13195,133407.9,3267798.5
SHP_13199,87860.2,2070680.4
SHP_13203,133407.9,3267798.5
SHP_13204,49028.3,1189000.0
SHP_13205,163439.6,4064228.0
SHP_13207,177692.7,4435482.0
SHP_13208,88723.2,2095116.3
SHP_13210,91430.7,2196804.0
SHP_13211,183524.0,4638457.0
SHP_13213,87419.6,2064113.5
SHP_13215,128001.9,3158335.0
SHP_13216,83531.7,1980426.8
SHP_13217,178904.7,4464360.0
SHP_13219,148149.8,3779648.5
SHP_13226,183090.2,4622442.0
SHP_13230,194384.8,4845698.0
SHP_13231,87932.0,2079343.5
SHP_13233,2543.7,45369.9
SHP_13235,173641.3,4402024.5
SHP_13237,96049.5,2249824.0
SHP_13238,42665.9,1041188.6
SHP_13245,96948.7,2292251.0
SHP_13247,117940.9,2849643.5
SHP_13250,90658.8,2157382.3
SHP_13256,195257.8,4853474.5
SHP_13257,142788.7,3631729.5
SHP_13258,1832.8,30080.7
SHP_13259,91645.1,2172881.0
SHP_13260,86858.2,2057529.9
SHP_13409,172197.5,4373946.0
SHP_13412,45488.4,1103337.9
SHP_13413,91790.6,2177446.8
SHP_13416,173958.8,4408568.5
SHP_13419,163189.6,4061895.0
SHP_13420,173116.8,4401529.0
SHP_13421,192062.4,4771713.0
SHP_13422,101363.9,2463164.3
SHP_13423,87464.8,2074904.9
SHP_13427,193941.3,4823044.0
SHP_13433,86448.0,2102631.8
SHP_13435,93089.5,2236122.8
SHP_13436,101901.3,2409683.0
SHP_13437,172521.1,4381632.0
SHP_13438,195205.8,4850724.0
SHP_13439,174044.9,4418694.0
SHP_13442,87664.9,2070154.8
SHP_13449,65278.0,1562072.1
SHP_13451,65899.4,1581248.8
SHP_13452,99805.2,2331070.3
SHP_13453,173381.0,4408221.5
SHP_13455,74150.6,1770103.5
SHP_13456,80660.2,1923981.5
SHP_13457,194622.0,4836245.0
SHP_13463,73468.4,1765937.0
SHP_13465,208895.2,5260896.0
SHP_13467,133852.3,3290604.0
SHP_13468,172288.7,4383075.5
SHP_13469,67468.5,1563657.3
SHP_13471,172709.5,4388108.0
SHP_13474,76906.4,1809489.3
SHP_13478,163970.4,4092595.5
SHP_13481,171882.3,4366468.5
SHP_13482,169629.4,4317559.5
SHP_13483,90771.7,2150526.0
SHP_13485,78992.0,1873243.1
SHP_13487,86289.4,2097445.8
SHP_13488,88826.8,2140140.8
SHP_13490,87390.9,2064551.3
SHP_13491,63205.0,1527393.4
SHP_13493,67551.0,1572633.8
SHP_13496,148761.3,3789963.8
SHP_13504,168477.3,4279966.0
SHP_13505,2259.2,42982.5
SHP_13506,89590.1,2136940.3
SHP_13508,71143.2,1723629.8
SHP_13509,177261.5,4496601.5
SHP_13511,193962.3,4823309.0
SHP_13512,177628.8,4439086.0
SHP_13513,99742.2,2415866.0
SHP_13515,183359.0,4575407.0
SHP_13521,64588.7,1545096.5
SHP_13524,168727.3,4296874.0
SHP_13526,209284.8,5262091.5
SHP_13527,70534.9,1702080.8
SHP_13528,177190.8,4497453.5
SHP_13529,122546.3,3113873.5
SHP_13533,56127.2,1379303.8
SHP_13534,53450.1,1266362.3
SHP_13539,169417.6,4313209.0
SHP_13541,142162.2,3615541.5
SHP_13545,81935.2,1989516.0
SHP_13546,92412.0,2215828.8
SHP_13551,197026.8,4896959.0
SHP_13552,90352.6,2151780.0
SHP_13553,94605.8,2231857.5
SHP_13558,48812.6,1174470.5
SHP_13561,163447.8,4077846.5
SHP_13566,172165.3,4377828.0
SHP_13569,49028.3,1189000.0
SHP_13570,169584.0,4307031.0
SHP_13571,168735.5,4297887.5
SHP_13573,102127.0,2387459.0
SHP_13576,16208.5,379319.8
SHP_13585,78922.7,1927550.9
SHP_13586,194061.8,4825438.0
SHP_13593,133421.7,3305351.8
SHP_13595,168932.1,4300549.0
SHP_13599,77379.7,1849329.9
SHP_13601,91088.7,2186005.3
SHP_13602,91465.6,2171577.3
SHP_13605,75640.4,1819112.1
SHP_13607,2543.7,45369.9
SHP_13608,95132.9,2254359.5
SHP_13615,92951.0,2230044.8
SHP_13618,90932.1,2162128.0
SHP_13621,83584.8,1979107.8
SHP_13622,167561.7,4272803.5
SHP_13623,102169.1,2387835.5
SHP_13624,174915.4,4436894.0
SHP_13625,212676.3,5327736.5
SHP_13627,149798.0,3814636.5
SHP_13629,197610.4,4901145.0
SHP_13630,127998.4,3158328.5
SHP_13632,133772.0,3277613.8
SHP_13633,91406.0,2169968.3
SHP_13634,173163.8,4402602.0
SHP_13636,195560.8,4870634.0
SHP_13638,87882.9,2137175.8
SHP_13639,98855.2,2325344.0
SHP_13641,70669.5,1708064.4
SHP_13643,80660.2,1923981.5
SHP_13644,79695.7,1945916.8
SHP_13647,133502.1,3306715.5
SHP_13648,102801.5,2395748.0
SHP_13650,167436.3,4268839.0
SHP_13651,170413.6,4336483.5
SHP_13654,172544.5,4383218.0
SHP_13656,150115.8,3821025.5
SHP_13658,167524.6,4273296.0
SHP_13661,197357.4,4897967.5
SHP_13663,88487.9,2154792.3
SHP_13665,86430.4,2053376.0
SHP_13666,95257.2,2244398.0
SHP_13669,136835.7,3385916.0
SHP_13670,172516.0,4386734.5
SHP_13672,182622.1,4553748.0
SHP_13675,1868.2,30477.0
SHP_13677,167524.4,4270140.0
SHP_13686,92436.0,2217564.3
SHP_13688,128777.3,3165820.0
SHP_13689,167524.6,4273296.0
SHP_13691,87313.2,2071368.5
SHP_13692,79815.7,1899082.3
SHP_13695,96824.6,2268463.5
SHP_13696,67468.5,1563657.3
SHP_13698,177777.5,4442544.5
SHP_13706,175238.3,4450556.5
SHP_13711,94567.2,2232467.0
SHP_13714,80850.1,1963736.5
SHP_13718,148761.3,3789963.8
SHP_13719,53082.1,1273046.4
SHP_13720,79310.0,1864429.1
SHP_13722,90313.6,2148606.0
SHP_13723,88544.8,2149842.5
SHP_13733,174105.4,4424890.0
SHP_13738,86570.5,2054442.1
SHP_13742,84581.4,2011573.0
SHP_13745,87763.4,2077294.1
SHP_13746,2543.7,45369.9
SHP_13748,197062.8,4903091.5
SHP_13749,174312.9,4427407.0
SHP_13750,172651.8,4382966.0
SHP_13752,173210.2,4402371.5
SHP_13756,97992.6,2351998.0
SHP_13761,850.7,13301.5
SHP_13762,76094.3,1808790.5
SHP_13763,57234.8,1402601.5
SHP_13764,177176.2,4498155.5
SHP_13765,89373.5,2157278.5
SHP_13767,65416.3,1560842.0
SHP_13770,173162.8,4396578.5
SHP_13773,67572.5,1572158.3
SHP_13776,36521.3,869559.9
SHP_13779,173573.4,4408762.5
SHP_13788,19508.1,462855.3
SHP_13789,166467.3,4247641.5
SHP_13790,90627.1,2183058.8
SHP_13791,87144.3,2060282.1
SHP_13792,103433.0,2400438.5
SHP_13793,57942.4,1407636.3
SHP_13798,19508.1,462855.3
SHP_13801,173346.3,4401012.0
SHP_13802,75138.3,1779437.0
SHP_13805,91790.6,2177446.8
SHP_13806,23114.2,552892.8
SHP_13807,172183.5,4375343.0
SHP_13811,80354.0,1919152.6
SHP_13813,86523.4,2053822.9
SHP_13814,86997.1,2109822.5
SHP_13818,178808.1,4462614.5
SHP_13823,91610.9,2202970.3
SHP_13824,97206.7,2332682.3
SHP_13827,87751.7,2070180.5
SHP_13830,56722.8,1360615.4
SHP_13832,92316.0,2191081.5
SHP_13837,91571.0,2158449.0
SHP_13838,99477.7,2423219.0
SHP_13840,170793.9,4348994.5
SHP_13841,67152.8,1635645.5
SHP_13842,95209.9,2300222.3
SHP_13844,174457.4,4434390.5
SHP_13845,101057.6,2389687.5
SHP_13848,197758.6,4924174.0
SHP_13849,171423.8,4294381.5
SHP_13850,96948.7,2292251.0
SHP_13854,169330.0,4312990.5
SHP_13855,172703.4,4389080.5
SHP_13858,108363.6,2634033.3
SHP_13866,87414.3,2067688.1
SHP_13869,164106.1,4097328.0
SHP_13871,197062.8,4903091.5
SHP_13872,170525.3,4335998.5
SHP_13874,212283.1,5315632.0
SHP_13881,87996.5,2072017.9
SHP_13882,65071.9,1555960.5
SHP_13883,86785.5,2061830.3
SHP_13886,195938.5,4869927.0
SHP_13887,88383.1,2078028.1
SHP_13888,166892.7,4256029.0
SHP_13891,93612.1,2216903.0
SHP_13892,87796.1,2070194.5
SHP_13893,169783.3,4323807.5
SHP_13897,141468.0,3605951.3
SHP_13899,171448.9,4358688.5
SHP_13900,85974.2,2043703.0
SHP_13901,2039.4,32855.0
SHP_13902,133852.3,3290604.0
SHP_13904,87506.9,2065883.1
SHP_13905,82290.5,1959874.3
SHP_13906,110248.8,2694137.3
SHP_13907,195257.8,4853474.5
SHP_13909,167623.5,4271424.0
SHP_13911,81168.5,1925082.3
SHP_13912,92862.1,2195611.0
SHP_13913,77747.6,1822571.6
SHP_13916,78874.2,1853391.9
SHP_13917,91660.2,2174119.3
SHP_13919,2543.7,45369.9
SHP_13920,84135.0,2001105.1
SHP_13923,122748.1,3117632.5
SHP_13925,208895.2,5260896.0
SHP_13929,56491.7,1386453.0
SHP_13930,195507.7,4869839.5
SHP_13934,144084.5,3529373.5
SHP_13935,84806.8,2020027.4
SHP_13936,212283.1,5315632.0
SHP_13937,185526.1,4629557.0
SHP_13939,172350.7,4378045.5
SHP_13940,169303.9,4313920.0
SHP_13942,194628.2,4834661.0
SHP_13944,101586.0,2466076.5
SHP_13947,195736.0,4872297.0
SHP_13948,83978.7,1989657.8
SHP_13950,89229.9,2189894.8
SHP_13952,87560.5,2069568.8
SHP_13953,77161.2,1891946.1
SHP_13956,81064.3,1926838.1
SHP_13960,97206.7,2332682.3
SHP_13961,172054.5,4376785.5
SHP_13962,166824.6,4256392.0
SHP_13967,94723.0,2219034.3
SHP_13968,70465.8,1703089.9
SHP_13969,101363.9,2463164.3
SHP_13971,194061.8,4825438.0
SHP_13972,78106.2,1911858.5
SHP_13975,76487.6,1803193.3
SHP_13977,174044.9,4418694.0
SHP_13980,73421.8,1772109.3
SHP_13982,71617.9,1676236.8
SHP_13984,80538.6,1909604.8
SHP_13985,75217.3,1778408.4
SHP_13986,172651.8,4382966.0
SHP_13991,91407.8,2169926.8
SHP_13992,169450.3,4313207.0
SHP_13993,99742.2,2415866.0
SHP_13995,194155.8,4827827.0
SHP_13996,98782.0,2383364.3
SHP_13997,23122.6,552947.3
SHP_13999,81999.2,1956073.6
SHP_14001,18584.5,408916.3
SHP_14002,90627.1,2183058.8
SHP_14004,101586.0,2466076.5
SHP_14005,80667.7,1911123.1
SHP_14007,61569.1,1490556.1
SHP_14009,67710.0,1575436.3
SHP_14010,70950.5,1715432.6
SHP_14011,170808.9,4349746.5
SHP_14012,172079.9,4370791.0
SHP_14013,86822.8,2058632.3
SHP_14015,79498.9,1894582.1
SHP_14017,45448.1,1103897.9
SHP_14018,197758.6,4924174.0
SHP_14022,93728.5,2216817.5
SHP_14025,196676.1,4899223.0
SHP_14027,173727.0,4414553.0
SHP_14030,67613.8,1564632.6
SHP_14031,163305.7,4064699.8
SHP_14034,197062.8,4903091.5
SHP_14035,196764.6,4888707.5
SHP_14036,53533.0,1296744.0
SHP_14037,53533.0,1296744.0
SHP_14038,167284.8,4266330.0
SHP_14040,208546.8,5253826.0
SHP_14043,53309.4,1289621.6
SHP_14044,194384.8,4845698.0
SHP_14045,171613.0,4366414.5
SHP_14047,173501.5,4401432.0
SHP_14048,195376.2,4855501.0
SHP_14049,100847.7,2425252.5
SHP_14052,80468.3,1913374.9
SHP_14053,88685.0,2152120.3
SHP_14055,87097.3,2060779.3
SHP_14057,93478.5,2213355.3
SHP_14062,87490.0,2073130.8
SHP_14066,85459.1,2050469.3
SHP_14067,91430.7,2196804.0
SHP_14068,87419.2,2071980.8
SHP_14069,173974.6,4409249.0
SHP_14073,91571.0,2158449.0
SHP_14074,196587.6,4895276.0
SHP_14076,167555.6,4272915.5
SHP_14083,69970.7,1672033.5
SHP_14084,142162.2,3615541.5
SHP_14085,84350.6,2010184.3
SHP_14086,173991.6,4415232.0
SHP_14087,45488.4,1103337.9
SHP_14092,212238.9,5330210.5
SHP_14093,142426.4,3624870.0
SHP_14096,181231.2,4519624.5
SHP_14098,80468.3,1913374.9
SHP_14099,86479.5,2054301.5
SHP_14101,103030.2,2402320.3
SHP_14104,1750.9,27104.0
SHP_14105,167546.5,4270888.0
SHP_14107,172183.5,4375343.0
SHP_14110,87679.4,2129949.5
SHP_14115,88789.6,2175470.0
SHP_14117,91362.2,2169040.5
SHP_14120,91993.1,2184841.0
SHP_14121,172266.7,4380594.5
SHP_14123,70134.4,1699484.0
SHP_14125,195026.2,4847341.0
SHP_14131,107920.1,2541746.0
SHP_14132,86974.8,2109096.0
SHP_14135,97671.9,2308358.0
SHP_14138,93089.5,2236122.8
SHP_14142,82705.5,1958151.8
SHP_14143,89349.8,2104610.5
SHP_14144,81502.0,1977156.5
SHP_14148,103101.6,2395488.8
SHP_14150,172453.7,4381539.0
SHP_14153,71510.6,1730180.4
SHP_14161,213230.4,5339659.0
SHP_14162,92436.0,2217564.3
SHP_14163,173733.4,4402464.5
SHP_14167,148817.7,3793737.5
SHP_14168,169783.3,4323807.5
SHP_14170,193306.2,4821327.0
SHP_14172,86969.7,2059126.0
SHP_14173,93839.0,2224789.0
SHP_14174,91658.3,2174136.0
SHP_14175,193935.1,4826239.0
SHP_14176,80635.9,1961807.3
SHP_14177,92384.6,2192034.8
SHP_14178,1684.8,24216.8
SHP_14179,82314.4,1969936.5
SHP_14180,148256.6,3771807.8
SHP_14186,173204.4,4401019.5
SHP_14187,2436.2,46215.1
SHP_14188,92950.7,2230600.0
SHP_14191,80850.1,1963736.5
SHP_14196,70770.9,1688059.1
SHP_14197,53540.4,1270538.4
SHP_14198,167561.7,4272803.5
SHP_14199,67408.3,1571160.8
SHP_14200,71015.2,1709330.9
SHP_14202,53317.3,1291420.6
SHP_14205,91828.4,2175840.8
SHP_14209,78034.4,1911679.5
SHP_14210,194507.7,4829928.0
SHP_14211,41339.1,974062.2
SHP_14213,90499.6,2153443.0
SHP_14216,148761.3,3789963.8
SHP_14217,194507.7,4829928.0
SHP_14218,87238.7,2060849.0
SHP_14222,53493.0,1269944.5
SHP_14223,173735.2,4402221.0
SHP_14225,65278.0,1562072.1
SHP_14232,87713.6,2071479.0
SHP_14233,194836.4,4841846.0
SHP_14234,84434.8,2007548.4
SHP_14238,92107.6,2210788.3
SHP_14242,89511.5,2175120.0
SHP_14247,167294.8,4267258.0
SHP_14419,54388.3,1279911.0
SHP_14422,177777.5,4442544.5
SHP_14423,173252.4,4405728.0
SHP_14425,173589.6,4411153.0
SHP_14426,79811.4,1949166.8
SHP_14428,91866.1,2178121.8
SHP_14430,133672.4,3309977.8
SHP_14431,173207.3,4403836.0
SHP_14436,67310.7,1570122.0
SHP_14439,31454.0,769440.4
SHP_14441,177358.1,4430625.0
SHP_14442,88250.9,2026733.8
SHP_14446,79603.4,1886747.5
SHP_14447,87763.4,2077294.1
SHP_14448,163371.9,4084275.0
SHP_14450,44652.2,1091999.4
SHP_14451,163460.2,4067234.5
SHP_14452,65278.0,1562072.1
SHP_14453,162362.3,4041347.8
SHP_14456,79386.0,1938550.8
SHP_14462,172651.8,4382966.0
SHP_14463,148197.2,3770485.5
SHP_14464,78336.8,1839919.8
SHP_14470,212985.6,5328169.5
SHP_14472,194383.4,4832908.0
SHP_14474,169110.8,4304160.0
SHP_14477,88092.2,2081914.0
SHP_14482,196697.9,4892069.0
SHP_14484,97658.9,2303500.0
SHP_14486,65071.9,1555960.5
SHP_14488,87094.7,2117296.8
SHP_14489,84434.8,2007548.4
SHP_14490,116073.0,2785204.0
SHP_14493,83523.7,1979938.0
SHP_14494,177850.7,4439593.0
SHP_14499,94938.3,2236525.8
SHP_14500,168714.6,4295998.5
SHP_14501,92340.6,2218156.5
SHP_14504,47323.5,1135195.1
SHP_14510,83846.4,1988136.6
SHP_14511,80602.7,1922703.5
SHP_14512,1592.9,23646.3
SHP_14513,64963.8,1549998.3
SHP_14516,65278.0,1562072.1
SHP_14518,91800.3,2177622.3
SHP_14521,92169.8,2180533.3
SHP_14522,56491.7,1386453.0
SHP_14523,191444.0,4768251.0
SHP_14524,204324.8,5102045.0
SHP_14525,163386.4,4064886.0
SHP_14526,172163.8,4375336.0
SHP_14527,86824.4,2060104.0
SHP_14528,169303.9,4313920.0
SHP_14530,77914.2,1863958.4
SHP_14532,134256.4,3322435.5
SHP_14533,89511.5,2175120.0
SHP_14535,73149.5,1766718.0
SHP_14537,86353.4,2052444.9
SHP_14538,92088.6,2211702.5
SHP_14541,173210.2,4402371.5
SHP_14543,87152.6,2065288.3
SHP_14545,185464.2,4618703.5
SHP_14546,101048.0,2387479.3
SHP_14547,92088.6,2211702.5
SHP_14549,86123.5,2048434.8
SHP_14550,166467.3,4247641.5
SHP_14552,171401.8,4357609.0
SHP_14556,172182.9,4376801.0
SHP_14559,59454.3,1447293.3
SHP_14563,195966.0,4872931.0
SHP_14567,170445.6,4331925.0
SHP_14568,84350.6,2010184.3
SHP_14569,87313.2,2071368.5
SHP_14570,148696.0,3789227.0
SHP_14575,150115.8,3821025.5
SHP_14576,77689.1,1858974.1
SHP_14578,82870.5,1963963.3
SHP_14581,125281.4,3168590.3
SHP_14588,69316.6,1682810.4
SHP_14589,172183.5,4375343.0
SHP_14590,65485.7,1561498.9
SHP_14593,1015.2,14830.9
SHP_14595,196685.3,4891982.0
SHP_14596,76291.8,1820828.6
SHP_14598,75333.0,1796721.8
SHP_14599,94567.2,2232467.0
SHP_14601,197082.9,4806141.0
SHP_14602,171812.7,4370761.5
SHP_14603,91355.5,2241849.5
SHP_14609,150115.8,3821025.5
SHP_14610,83096.4,2031381.0
SHP_14611,167915.4,4282205.0
SHP_14617,168714.6,4295998.5
SHP_14622,76390.4,1833908.4
SHP_14623,169629.4,4317559.5
SHP_14624,80239.9,1909812.8
SHP_14625,57888.3,1406661.3
SHP_14626,88996.2,2163935.5
SHP_14627,87560.5,2069568.8
SHP_14628,87009.9,2059579.9
SHP_14631,195205.8,4850724.0
SHP_14632,86374.9,2097640.3
SHP_14636,74403.4,1796650.3
SHP_14637,171532.8,4367818.0
SHP_14640,81962.2,1989162.0
SHP_14643,101901.3,2409683.0
SHP_14644,65184.1,1552303.9
SHP_14648,174590.4,4420928.5
SHP_14649,87786.3,2097026.4
SHP_14654,166974.6,4227507.0
SHP_14660,180746.4,4575104.0
SHP_14661,183154.7,4571057.0
SHP_14665,91637.1,2173529.8
SHP_14669,212191.6,5314128.0
SHP_14671,134735.3,3330798.3
SHP_14672,92436.0,2217564.3
SHP_14675,92212.2,2189399.8
SHP_14676,87518.4,2074113.0
SHP_14684,177568.4,4436464.5
SHP_14685,1620.0,26614.9
SHP_14688,88598.7,2171409.0
SHP_14689,93188.3,2206076.5
SHP_14691,171690.3,4369662.0
SHP_14692,149380.2,3802055.3
SHP_14693,164142.7,4100079.5
SHP_14697,167546.5,4270888.0
SHP_14699,86177.7,2046732.6
SHP_14700,212533.1,5327774.0
SHP_14702,85225.3,2024002.5
SHP_14706,213386.5,5360722.5
SHP_14709,89590.1,2136940.3
SHP_14712,91215.5,2158301.0
SHP_14713,87607.5,2077512.8
SHP_14721,86050.6,2045929.0
SHP_14722,67489.4,1571522.8
SHP_14729,177703.1,4439856.0
SHP_14731,86911.0,2063022.8
SHP_14735,193741.2,4918560.5
SHP_14736,53413.5,1267495.3
SHP_14737,87530.8,2072707.8
SHP_14740,195164.6,4857697.0
SHP_14742,103016.9,2398663.8
SHP_14747,94567.2,2232467.0
SHP_14748,208791.5,5260537.0
SHP_14750,122908.7,3119603.8
SHP_14751,194472.1,4834689.5
SHP_14752,172878.2,4397909.0
SHP_14754,186208.1,4647440.0
SHP_14756,215154.6,5329868.0
SHP_14757,610.1,8144.5
SHP_14763,92340.6,2218156.5
SHP_14764,174070.8,4416744.0
SHP_14767,16101.4,368251.5
SHP_14768,171658.5,4371498.0
SHP_14771,91521.8,2171902.0
SHP_14773,92436.0,2217564.3
SHP_14774,117029.4,2829456.5
SHP_14775,87489.4,2065877.5
SHP_14776,87679.4,2076486.6
SHP_14780,91503.1,2201372.5
SHP_14783,173204.4,4401019.5
SHP_14784,70856.4,1707005.9
SHP_14792,170413.6,4336483.5
SHP_14793,149821.3,3813245.0
SHP_14794,103658.9,2422493.0
SHP_14795,73962.5,1764703.9
SHP_14796,62865.6,1529687.3
SHP_14797,87786.3,2097026.4
SHP_14798,91579.2,2200682.5
SHP_14799,86822.8,2058632.3
SHP_14800,126155.1,3093933.5
SHP_14801,167078.7,4261610.0
SHP_14802,209335.5,5268576.5
SHP_14803,92412.0,2215828.8
SHP_14805,93107.2,2204778.8
SHP_14806,90771.7,2150526.0
SHP_14811,86479.5,2054301.5
SHP_14812,213281.7,5344454.0
SHP_14813,87248.8,2060910.6
SHP_14816,171483.3,4367100.0
SHP_14817,86479.5,2054301.5
SHP_14820,167583.5,4273526.5
SHP_14823,80935.0,1945969.4
SHP_14826,63662.4,1543365.4
SHP_14827,177190.8,4497453.5
SHP_14828,85319.7,2029749.8
SHP_14832,108938.9,2651715.8
SHP_14833,195246.8,4862182.0
SHP_14835,86257.7,2039202.5
SHP_14836,101586.0,2466076.5
SHP_14839,194938.1,4809566.0
SHP_14840,56358.4,1386008.3
SHP_14841,83577.0,1988152.5
SHP_14842,57888.3,1406661.3
SHP_14843,90500.4,2116533.3
SHP_14844,172808.1,4397528.0
SHP_14845,172183.5,4375343.0
SHP_14847,778.7,8752.2
SHP_14853,168500.9,4284715.5
SHP_14854,172930.4,4389064.0
SHP_14856,1832.8,30080.7
SHP_14857,99304.8,2319118.5
SHP_14858,98074.7,2315647.8
SHP_14860,73962.5,1764703.9
SHP_14864,195966.0,4872931.0
SHP_14870,197758.6,4924174.0
SHP_14871,208748.1,5259573.5
SHP_14873,41339.1,974062.2
SHP_14874,87473.0,2126157.5
SHP_14875,86289.4,2097445.8
SHP_14878,73950.0,1772901.8
SHP_14879,166688.2,4253839.5
SHP_14881,31454.0,769440.4
SHP_14882,43024.2,1053970.9
SHP_14884,149733.7,3814382.0
SHP_14886,168835.9,4291650.0
SHP_14887,80072.0,1912150.8
SHP_14888,167811.2,4276968.5
SHP_14889,87556.3,2128423.0
SHP_14892,91713.5,2174906.0
SHP_14893,180436.8,4569876.5
SHP_14894,168704.5,4288663.0
SHP_14895,122780.1,3118002.8
SHP_14897,23114.2,552892.8
SHP_14899,81927.7,1955180.0
SHP_14901,117476.2,2837807.5
SHP_14902,77401.4,1816048.0
SHP_14904,94465.2,2231311.5
SHP_14907,196587.6,4895276.0
SHP_14908,80807.1,1966822.3
SHP_14910,84606.6,2038919.0
SHP_14912,163447.8,4077846.5
SHP_14913,80239.9,1909812.8
SHP_14915,87530.8,2072707.8
SHP_14916,94723.0,2219034.3
SHP_14917,78181.0,1869336.0
SHP_14919,79749.0,1945408.1
SHP_14921,92862.1,2195611.0
SHP_14922,156446.4,3998090.0
SHP_14923,92316.0,2191081.5
SHP_14924,83884.1,1995324.4
SHP_14925,2543.7,45369.9
SHP_14926,172082.3,4371717.0
SHP_14927,134735.3,3330798.3
SHP_14929,167284.8,4266330.0
SHP_14930,83577.0,1988152.5
SHP_14933,116073.0,2785204.0
SHP_14936,94465.2,2231311.5
SHP_14937,81013.3,1923764.6
SHP_14940,53526.8,1277554.3
SHP_14941,168735.5,4297887.5
SHP_14942,181231.2,4519624.5
SHP_14944,169110.8,4304160.0
SHP_14956,78482.7,1844593.3
SHP_14957,102560.3,2390187.5
SHP_14958,101901.3,2409683.0
SHP_14962,167826.8,4279158.0
SHP_14964,84636.5,2039809.0
SHP_14970,212676.3,5327736.5
SHP_14972,83537.9,1987743.0
SHP_14974,87079.5,2059857.1
SHP_14977,75712.1,1818076.0
SHP_14980,188743.8,4705833.0
SHP_14981,167585.8,4273222.0
SHP_14983,195289.3,4867985.0
SHP_14984,91997.0,2162333.8
SHP_14987,172383.7,4385537.5
SHP_14988,170239.6,4334889.0
SHP_14989,85269.5,2027750.4
SHP_14990,86704.4,2107340.8
SHP_14992,53317.3,1291420.6
SHP_14993,86430.4,2053376.0
SHP_14995,116073.0,2785204.0
SHP_14998,101267.1,2455231.5
SHP_15000,86727.4,2059633.0
SHP_15001,196443.2,4892748.0
SHP_15003,84350.6,2010184.3
SHP_15004,74328.6,1768283.6
SHP_15006,87396.6,2074359.0
SHP_15009,148614.5,3790311.8
SHP_15011,174144.0,4412959.0
SHP_15013,46889.4,1125838.0
SHP_15014,1832.8,30080.7
SHP_15018,76291.8,1820828.6
SHP_15020,99477.7,2423219.0
SHP_15023,208315.9,5250027.5
SHP_15025,164122.6,4095973.8
SHP_15026,184980.4,4613822.0
SHP_15027,195164.6,4857697.0
SHP_15029,41196.6,971770.0
SHP_15036,52586.7,1254448.9
SHP_15037,195560.8,4870634.0
SHP_15038,86353.4,2052444.9
SHP_15042,86349.0,2051045.4
SHP_15043,92729.5,2192842.8
SHP_15047,172658.4,4385144.5
SHP_15050,90532.6,2152959.0
SHP_15051,167329.1,4267590.0
SHP_15055,80893.7,1963949.8
SHP_15058,85911.5,2040973.0
SHP_15060,70714.5,1704805.8
SHP_15064,86896.8,2058014.1
SHP_15066,172807.4,4397011.0
SHP_15070,194644.4,4840329.0
SHP_15071,99665.1,2472511.0
SHP_15073,91732.4,2176460.3
SHP_15077,195376.2,4855501.0
SHP_15078,94969.0,2294305.8
SHP_15079,163783.6,4075770.0
SHP_15080,122546.3,3113873.5
SHP_15081,212327.0,5324911.0
SHP_15085,45397.0,1104077.1
SHP_15087,102169.1,2387835.5
SHP_15090,91816.9,2177727.5
SHP_15095,88996.2,2163935.5
SHP_15097,172347.8,4376207.0
SHP_15100,79330.0,1892615.3
SHP_15101,69532.7,1688574.5
SHP_15102,198323.7,4926129.0
SHP_15105,86353.4,2052444.9
SHP_15106,77401.4,1816048.0
SHP_15108,16570.4,385895.6
SHP_15113,91434.8,2170945.3
SHP_15114,169783.3,4323807.5
SHP_15116,42880.3,1032644.8
SHP_15122,127442.2,3142658.5
SHP_15123,23189.0,552793.2
SHP_15124,67459.4,1571730.5
SHP_15125,86858.2,2057529.9
SHP_15126,168151.4,4283460.5
SHP_15130,87464.6,2074903.4
SHP_15133,1750.9,27104.0
SHP_15136,77379.7,1849329.9
SHP_15138,174809.6,4441331.5
SHP_15140,200351.6,4964060.0
SHP_15141,172030.1,4371287.0
SHP_15144,80331.2,1899879.3
SHP_15145,91297.3,2167530.3
SHP_15146,95238.8,2289572.0
SHP_15147,174457.4,4434390.5
SHP_15149,90658.8,2157382.3
SHP_15151,167864.8,4279334.0
SHP_15152,92295.6,2194146.3
SHP_15153,1832.8,30080.7
SHP_15155,95257.2,2244398.0
SHP_15158,88904.5,2141009.5
SHP_15159,177463.9,4432738.0
SHP_15160,149798.0,3814636.5
SHP_15161,75638.9,1821936.1
SHP_15162,71620.1,1676277.5
SHP_15163,136835.7,3385916.0
SHP_15166,45054.1,1099022.0
SHP_15176,163305.1,4064690.0
SHP_15178,81763.7,1943551.0
SHP_15179,180849.2,4575893.0
SHP_15181,94089.1,2219801.0
SHP_15185,76303.0,1832089.5
SHP_15188,208895.2,5260896.0
SHP_15189,91520.2,2171877.3
SHP_15194,102169.1,2387835.5
SHP_15198,51358.1,1231952.9
SHP_15201,172183.5,4375343.0
SHP_15202,172619.9,4387693.0
SHP_15208,208315.9,5250027.5
SHP_15210,56394.6,1385923.8
SHP_15212,97550.5,2346601.0
SHP_15214,92178.9,2212448.3
SHP_15215,38923.2,950595.0
SHP_15218,164114.0,4098732.5
SHP_15221,160237.7,4092678.5
SHP_15222,93115.0,2228636.8
SHP_15223,78102.8,1862004.6
SHP_15225,168665.4,4296115.0
SHP_15226,172458.3,4380454.0
SHP_15228,78922.7,1927550.9
SHP_15229,100588.7,2444662.5
SHP_15231,168665.4,4296115.0
SHP_15235,80256.9,1912248.0
SHP_15236,87341.8,2071180.6
SHP_15237,96948.7,2292251.0
SHP_15239,149256.9,3787900.0
SHP_15242,91693.8,2201157.8
SHP_15243,184698.1,4611875.0
SHP_15245,171053.4,4352446.5
SHP_15246,172681.5,4385192.0
SHP_15248,133801.4,3278150.8
SHP_15249,79335.5,1886956.6
SHP_15250,93839.0,2224789.0
SHP_15252,87313.2,2071368.5
SHP_15254,74403.4,1796650.3
SHP_15256,178112.9,4444991.5
SHP_15257,42602.2,1040049.8
SHP_15258,117330.2,2836235.0
SHP_15259,94089.1,2219801.0
SHP_15260,1825.4,32692.2
SHP_15261,80473.5,1909402.5
SHP_15262,134735.3,3330798.3
SHP_15263,91965.7,2210372.0
SHP_15264,94981.6,2286405.3
SHP_15265,167350.1,4267530.0
SHP_15273,81080.4,1930738.5
SHP_15276,86858.2,2057529.9
SHP_15278,95208.2,2255594.3
SHP_15283,171586.8,4362990.5
SHP_15284,98782.0,2383364.3
SHP_15288,100588.7,2444662.5
SHP_15289,57282.3,1404087.5
SHP_15290,90673.6,2157262.0
SHP_15291,92666.2,2235409.5
SHP_15292,184703.3,4612771.0
SHP_15293,90618.1,2153724.3
SHP_15294,92340.6,2218156.5
SHP_15295,87238.7,2060849.0
SHP_15296,102138.2,2479354.8
SHP_15297,52920.3,1284154.5
SHP_15299,45054.1,1099022.0
SHP_15301,76906.4,1809489.3
SHP_15303,170203.3,4331521.0
SHP_15304,173958.8,4408568.5
SHP_15308,109436.6,2638899.0
SHP_15313,211612.2,5321361.0
SHP_15315,87167.9,2069278.4
SHP_15316,87373.1,2065933.9
SHP_15319,171950.0,4369617.0
SHP_15322,78842.7,1882099.4
SHP_15323,92212.2,2189399.8
SHP_15324,87390.8,2067306.0
SHP_15326,91147.1,2165706.0
SHP_15329,164042.0,4077638.0
SHP_15332,44490.4,1082513.9
SHP_15333,100358.8,2437151.0
SHP_15335,122546.3,3113873.5
SHP_15339,194492.4,4835437.0
SHP_15342,92951.0,2230044.8
SHP_15345,167128.6,4261510.0
SHP_15347,94723.0,2219034.3
SHP_15348,163460.2,4067234.5
SHP_15349,116434.3,2851365.0
SHP_15352,65800.3,1596844.5
SHP_15355,95004.9,2287042.3
SHP_15358,3212.5,64917.1
SHP_15361,208895.2,5260896.0
SHP_15362,92100.5,2180980.5
SHP_15364,88576.0,2172818.8
SHP_15367,173067.3,4390322.0
SHP_15368,18348.5,438012.2
SHP_15370,86282.3,2050475.4
SHP_15373,84754.0,1999330.8
SHP_15375,80728.8,1922264.3
SHP_15376,79252.9,1864135.5
SHP_15378,186208.1,4647440.0
SHP_15379,170916.2,4283878.0
SHP_15380,43540.5,1052845.8
SHP_15383,63231.4,1529032.8
SHP_15384,16570.4,385895.6
SHP_15385,175238.3,4450556.5
SHP_15388,174178.4,4419982.0
SHP_15389,91479.5,2174586.3
SHP_15396,172687.9,4383395.5
SHP_15402,94981.6,2286405.3
SHP_15403,168901.1,4306258.0
SHP_15406,87865.5,2077176.8
SHP_15411,168500.9,4284715.5
SHP_15412,53309.4,1289621.6
SHP_15414,23075.3,550604.9
SHP_15415,183524.0,4638457.0
SHP_15416,68381.6,1651442.4
SHP_15420,170289.3,4337121.5
SHP_15423,173191.2,4401193.5
SHP_15424,74403.4,1796650.3
SHP_15431,70036.1,1698114.8
SHP_15432,67408.3,1571160.8
SHP_15435,212283.1,5315632.0
SHP_15438,78829.7,1855841.8
SHP_15439,170573.0,4337416.0
SHP_15442,93089.5,2236122.8
SHP_15443,81013.3,1923764.6
SHP_15453,79518.2,1895920.1
SHP_15459,171658.5,4371498.0
SHP_15461,174671.6,4435796.5
SHP_15462,91531.5,2203840.3
SHP_15465,64588.7,1545096.5
SHP_15467,79332.3,1866274.6
SHP_15469,172738.5,4391909.0
SHP_15470,148696.0,3789227.0
SHP_15471,95209.9,2300222.3
SHP_15472,134735.3,3330798.3
SHP_15473,65416.3,1560842.0
SHP_15474,68061.5,1586563.8
SHP_15475,134580.5,3313574.5
SHP_15476,173116.8,4401529.0
SHP_15477,91810.4,2177658.3
SHP_15479,175395.0,4454977.5
SHP_15481,39951.8,939579.7
SHP_15483,2259.2,42982.5
SHP_15485,20157.2,473578.3
SHP_15486,53164.2,1268924.6
SHP_15487,168665.4,4296115.0
SHP_15488,91885.0,2177483.3
SHP_15489,72253.4,1746346.0
SHP_15490,78512.7,1868105.4
SHP_15494,87713.6,2071479.0
SHP_15495,195915.6,4873406.0
SHP_15496,171773.2,4365665.0
SHP_15497,86594.3,2031951.1
SHP_15499,88685.0,2152120.3
SHP_15500,47316.7,1130918.8
SHP_15503,75217.3,1778408.4
SHP_15504,172692.1,4383696.5
SHP_15505,82276.4,1952657.6
SHP_15506,162362.3,4041347.8
SHP_15507,80256.9,1912248.0
SHP_15510,15912.6,374670.9
SHP_15512,2259.2,42982.5
SHP_15513,122780.1,3118002.8
SHP_15522,79387.0,1870682.0
SHP_15523,87713.6,2071479.0
SHP_15526,87904.7,2081680.8
SHP_15527,117029.4,2829456.5
SHP_15528,86939.5,2059669.3
SHP_15532,69970.7,1672033.5
SHP_15535,80473.5,1909402.5
SHP_15536,90916.8,2234383.5
SHP_15537,65184.1,1552303.9
SHP_15539,80888.5,1966989.0
SHP_15541,170557.3,4343279.0
SHP_15542,195915.6,4873406.0
SHP_15545,148840.1,3793957.3
SHP_15547,194507.7,4829928.0
SHP_15550,81646.2,1981588.0
SHP_15556,183154.7,4571057.0
SHP_15559,171882.3,4366468.5
SHP_15564,93341.6,2191753.0
SHP_15565,78127.1,1862658.3
SHP_15567,92666.2,2235409.5
SHP_15568,169476.6,4311308.0
SHP_15571,191432.0,4769115.0
SHP_15572,172458.3,4380454.0
SHP_15573,195205.8,4850724.0
SHP_15574,20157.2,473578.3
SHP_15575,1592.9,23646.3
SHP_15576,183538.2,4638966.5
SHP_15578,64588.7,1545096.5
SHP_15582,2543.7,45369.9
SHP_15584,92212.2,2189399.8
SHP_15585,79252.9,1864135.5
SHP_15588,133502.1,3306715.5
SHP_15589,149089.6,3784544.0
SHP_15590,41283.0,973826.5
SHP_15596,89349.8,2104610.5
SHP_15597,167655.5,4273969.0
SHP_15608,194472.1,4834689.5
SHP_15610,195915.6,4873406.0
SHP_15612,171980.2,4370861.5
SHP_15613,92376.9,2165579.5
SHP_15617,141468.0,3605951.3
SHP_15619,91521.8,2169613.3
SHP_15620,171053.4,4352446.5
SHP_15622,208393.5,5253315.5
SHP_15626,42951.9,1051128.6
SHP_15627,84806.8,2020027.4
SHP_15629,173114.1,4390415.0
SHP_15634,52987.2,1284928.9
SHP_15636,91465.6,2171577.3
SHP_15637,93040.4,2200174.8
SHP_15641,171586.8,4362990.5
SHP_15647,150115.8,3821025.5
SHP_15650,169852.2,4310962.0
SHP_15653,77941.4,1848892.1
SHP_15654,163460.2,4067234.5
SHP_15655,78336.8,1839919.8
SHP_15656,95756.5,2259945.3
SHP_15663,1684.8,24216.8
SHP_15664,100564.1,2349125.8
SHP_15665,156446.4,3998090.0
SHP_15667,45488.4,1103337.9
SHP_15669,51900.7,1228223.8
SHP_15670,122190.1,3106381.5
SHP_15672,87467.2,2065584.3
SHP_15674,87585.0,2075817.0
SHP_15675,172519.1,4384323.5
SHP_15676,78218.3,1869910.8
SHP_15677,90106.9,2124053.0
SHP_15678,87736.3,2077561.9
SHP_15681,99570.1,2451326.5
SHP_15683,82705.5,1958151.8
SHP_15685,65278.0,1562072.1
SHP_15686,86785.5,2061830.3
SHP_15691,64586.0,1573175.1
SHP_15694,87464.8,2074904.9
SHP_15696,193529.1,4811730.0
SHP_15698,87861.9,2104506.0
SHP_15699,77686.5,1905346.8
SHP_15700,177776.8,4437685.0
SHP_15703,89349.8,2104610.5
SHP_15705,87837.7,2077831.0
SHP_15706,208796.2,5252757.0
SHP_15707,77161.2,1891946.1
SHP_15710,196685.3,4891982.0
SHP_15716,77404.3,1848942.9
SHP_15718,208895.2,5260896.0
SHP_15722,80494.1,1909335.8
SHP_15723,172582.3,4384413.0
SHP_15724,87110.7,2060647.9
SHP_15726,73592.0,1763829.1
SHP_15727,83579.0,1980416.3
SHP_15730,70036.1,1698114.8
SHP_15733,94981.6,2286405.3
SHP_15735,87489.4,2065877.5
SHP_15736,90739.7,2159113.0
SHP_15742,172751.5,4393148.5
SHP_15744,79332.3,1866274.6
SHP_15747,171163.3,4288561.0
SHP_15748,101586.0,2466076.5
SHP_15750,90107.8,2146128.3
SHP_15753,215154.6,5329868.0
SHP_15755,87793.9,2133625.0
SHP_15756,86473.7,2099183.0
SHP_15762,173116.5,4400014.5
SHP_15770,208315.9,5250027.5
SHP_15772,116073.0,2785204.0
SHP_15776,45348.6,1102088.4
SHP_15778,177190.8,4497453.5
SHP_15779,41196.6,971770.0
SHP_15782,86826.9,2058821.4
SHP_15787,148243.2,3778249.0
SHP_15788,91965.7,2210372.0
SHP_15789,64963.8,1549998.3
SHP_15790,169639.8,4312275.0
SHP_15794,59540.2,1450323.6
SHP_15797,94723.0,2219034.3
SHP_15798,196624.9,4885531.0
SHP_15802,81013.3,1923764.6
SHP_15805,79353.5,1868830.0
SHP_15808,148696.0,3789227.0
SHP_15813,172044.1,4370471.5
SHP_15815,51832.2,1219146.6
SHP_15819,86430.4,2053376.0
SHP_15821,92376.9,2165579.5
SHP_15822,211498.1,5319951.5
SHP_15824,67297.5,1568506.9
SHP_15825,91444.0,2167953.8
SHP_15826,93803.1,2179640.0
SHP_15830,53540.4,1270538.4
SHP_15831,95004.9,2287042.3
SHP_15832,172939.3,4399272.5
SHP_15833,86858.2,2057529.9
SHP_15834,87805.1,2131346.0
SHP_15837,144212.5,3532201.8
SHP_15839,172176.2,4373438.5
SHP_15841,195966.0,4872931.0
SHP_15842,212327.0,5324911.0
SHP_15848,173728.9,4412673.0
SHP_15850,170916.2,4283878.0
SHP_15856,110177.4,2691348.8
SHP_15857,197610.4,4901145.0
SHP_15860,172197.5,4373946.0
SHP_15866,63833.3,1543604.8
SHP_15872,91419.0,2169759.3
SHP_15873,88487.9,2154792.3
SHP_15874,67582.0,1573198.0
SHP_15875,172416.4,4380671.0
SHP_15876,84115.5,1992559.5
SHP_15878,103903.3,2421252.0
SHP_15879,177278.4,4497451.0
SHP_15880,78029.7,1911568.9
SHP_15886,87177.4,2061284.1
SHP_15887,174197.6,4425868.0
SHP_15888,3212.5,64917.1
SHP_15889,49028.3,1189000.0
SHP_15893,72074.9,1733740.9
SHP_15894,172183.5,4375343.0
SHP_15899,86826.9,2058821.4
SHP_15900,91215.5,2158301.0
SHP_15901,148761.3,3789963.8
SHP_15902,86778.9,2057073.6
SHP_15904,194223.0,4827710.0
SHP_15909,195257.8,4853474.5
SHP_15910,1015.2,14830.9
SHP_15912,87152.6,2065288.3
SHP_15913,192132.8,4761586.0
SHP_15917,92666.2,2235409.5
SHP_15923,83577.0,1988152.5
SHP_15924,79743.4,1895613.0
SHP_15927,77161.2,1891946.1
SHP_15928,195205.8,4850724.0
SHP_15929,174820.3,4439284.0
SHP_15930,91219.0,2199092.3
SHP_15931,1832.8,30080.7
SHP_15932,148936.7,3795404.8
SHP_15933,83978.7,1989657.8
SHP_15934,86715.4,2055850.3
SHP_15937,64599.2,1548719.8
SHP_15938,168727.3,4296874.0
SHP_15939,70372.7,1703840.0
SHP_15942,79979.5,1899247.6
SHP_15946,79356.4,1940187.8
SHP_15949,83096.4,2031381.0
SHP_15951,163485.3,4082033.5
SHP_15952,57516.5,1406530.3
SHP_15954,171812.7,4370761.5
SHP_15956,87605.6,2124796.8
SHP_15957,87751.7,2070180.5
SHP_15958,136835.7,3385916.0
SHP_15960,92929.4,2227348.3
SHP_15964,169511.0,4314872.5
SHP_15969,177353.0,4412126.0
SHP_15970,195870.7,4870670.5
SHP_15973,173467.4,4410870.0
SHP_15975,91333.0,2168859.3
SHP_15977,181749.2,4538848.5
SHP_15978,91997.0,2162333.8
SHP_15979,82066.6,1949136.3
SHP_15982,90027.8,2145906.3
SHP_15984,194507.7,4829928.0
SHP_15985,55123.0,1303479.4
SHP_15986,167546.5,4270888.0
SHP_15987,102079.4,2477516.5
SHP_15988,195118.2,4801697.5
SHP_15989,171921.9,4370518.0
SHP_15992,87244.2,2118265.0
SHP_15993,45348.6,1102088.4
SHP_15994,64998.3,1552518.3
SHP_15995,90499.6,2153443.0
SHP_15997,66823.4,1629334.1
SHP_15998,75853.0,1821178.1
SHP_16000,208683.9,5253990.0
SHP_16003,78106.2,1911858.5
SHP_16004,84806.8,2020027.4
SHP_16007,79105.3,1932845.0
SHP_16013,173958.8,4408568.5
SHP_16020,117882.3,2788172.0
SHP_16021,172926.1,4392015.5
SHP_16022,192692.0,4796262.0
SHP_16024,163306.6,4064513.8
SHP_16025,90100.1,2147009.8
SHP_16026,64963.8,1549998.3
SHP_16027,204324.8,5102045.0
SHP_16028,92950.7,2230600.0
SHP_16034,86967.9,2058368.5
SHP_16035,79356.4,1940187.8
SHP_16036,209122.2,5264171.0
SHP_16037,169130.0,4310027.0
SHP_16039,173611.9,4407207.0
SHP_16041,194622.0,4836245.0
SHP_16042,100856.8,2352601.0
SHP_16051,86822.9,2107052.5
SHP_16053,194383.4,4832908.0
SHP_16056,75549.9,1817110.5
SHP_16058,93089.5,2236122.8
SHP_16060,90150.4,2120308.3
SHP_16062,197082.9,4806141.0
SHP_16064,94997.5,2239089.8
SHP_16065,194949.1,4855036.5
SHP_16067,86785.5,2061830.3
SHP_16068,94038.2,2218668.5
SHP_16072,69532.7,1688574.5
SHP_16073,78106.2,1911858.5
SHP_16074,92095.3,2208243.0
SHP_16075,93051.9,2200129.3
SHP_16079,94567.2,2232467.0
SHP_16083,67572.5,1572158.3
SHP_16085,65278.0,1562072.1
SHP_16086,482.6,4907.0
SHP_16087,81008.9,1926911.8
SHP_16089,80104.4,1888309.9
SHP_16090,102866.2,2398041.5
SHP_16091,171805.4,4373278.5
SHP_16092,174457.4,4434390.5
SHP_16093,83549.1,1986415.1
SHP_16097,117882.3,2788172.0
SHP_16098,96812.3,2268387.3
SHP_16101,208566.6,5253917.5
SHP_16103,197130.7,4891644.0
SHP_16104,79794.6,1895190.3
SHP_16106,44563.2,1087079.3
SHP_16107,83549.1,1986415.1
SHP_16108,173067.3,4390322.0
SHP_16113,78922.7,1927550.9
SHP_16114,160284.3,4093800.0
SHP_16116,67434.6,1563181.8
SHP_16121,168500.9,4284715.5
SHP_16122,91444.0,2167953.8
SHP_16128,2944.1,55402.8
SHP_16130,92950.7,2230600.0
SHP_16138,186143.4,4693108.0
SHP_16141,73538.9,1760503.3
SHP_16145,193902.1,4822433.0
SHP_16146,47323.5,1135195.1
SHP_16148,88066.9,2072551.5
SHP_16151,194383.4,4832908.0
SHP_16152,135977.7,3369447.8
SHP_16154,163460.2,4067234.5
SHP_16155,71620.1,1676277.5
SHP_16158,173727.0,4414553.0
SHP_16160,52899.1,1284013.8
SHP_16161,71143.2,1723629.8
SHP_16162,80256.9,1912248.0
SHP_16164,117029.4,2829456.5
SHP_16165,91965.7,2210372.0
SHP_16167,80477.5,1908919.3
SHP_16171,170239.6,4334889.0
SHP_16176,53406.8,1268465.0
SHP_16177,86953.7,2058709.8
SHP_16178,87414.3,2067688.1
SHP_16180,149979.2,3819442.0
SHP_16181,150115.8,3821025.5
SHP_16182,170445.6,4331925.0
SHP_16183,134717.4,3329708.8
SHP_16186,173746.1,4402235.0
SHP_16188,149798.0,3814636.5
SHP_16190,65239.6,1553236.5
SHP_16191,44096.0,1075920.4
SHP_16193,70681.8,1704502.5
SHP_16195,91588.3,2172811.3
SHP_16198,172667.4,4385908.0
SHP_16199,194061.8,4825438.0
SHP_16205,91430.7,2196804.0
SHP_16207,93679.8,2209909.3
SHP_16208,100358.8,2437151.0
SHP_16210,171163.3,4288561.0
SHP_16212,87529.1,2066038.9
SHP_16214,86570.5,2054442.1
SHP_16215,93568.2,2212239.8
SHP_16216,51955.1,1233556.4
SHP_16217,99359.3,2393344.5
SHP_16218,148761.3,3789963.8
SHP_16219,56082.7,1352758.0
SHP_16220,183359.0,4575407.0
SHP_16221,70036.1,1698114.8
SHP_16222,55592.3,1317528.8
SHP_16225,16570.4,385895.6
SHP_16226,86785.5,2061830.3
SHP_16230,65184.1,1552303.9
SHP_16233,81252.1,1927636.6
SHP_16235,86023.2,2043619.4
SHP_16236,83312.4,1991370.0
SHP_16244,92178.9,2212448.3
SHP_16245,16013.7,377174.0
SHP_16251,97044.6,2340154.5
SHP_16259,90203.2,2171283.5
SHP_16263,204324.8,5102045.0
SHP_16264,79252.9,1864135.5
SHP_16266,192615.2,4794209.0
SHP_16269,73149.5,1766718.0
SHP_16273,56383.7,1386262.5
SHP_16275,91708.8,2179308.5
SHP_16276,172999.2,4400358.0
SHP_16279,186143.4,4693108.0
SHP_16280,99742.2,2415866.0
SHP_16282,64599.2,1548719.8
SHP_16285,85459.1,2050469.3
SHP_16286,103257.0,2504870.8
SHP_16287,128321.5,3163633.5
SHP_16291,53325.0,1276230.0
SHP_16293,204324.8,5102045.0
SHP_16295,133630.9,3309231.0
SHP_16299,80438.3,1960070.9
SHP_16301,91384.1,2169711.0
SHP_16304,86479.5,2054301.5
SHP_16306,167808.0,4278053.5
SHP_16309,109748.2,2641785.0
SHP_16312,53509.4,1270407.3
SHP_16313,194622.0,4836245.0
SHP_16314,69996.8,1697505.1
SHP_16317,1331.8,21074.2
SHP_16320,93162.2,2206093.3
SHP_16321,102247.1,2483145.5
SHP_16325,87395.3,2074287.0
SHP_16327,77305.7,1846212.3
SHP_16329,86430.4,2053376.0
SHP_16330,73149.5,1766718.0
SHP_16331,73393.9,1759204.5
SHP_16334,91490.4,2171545.8
SHP_16335,194949.1,4855036.5
SHP_16336,74512.5,1794377.6
SHP_16340,2746.7,49360.3
SHP_16341,134735.3,3330798.3
SHP_16342,90627.1,2183058.8
SHP_16343,213230.4,5339659.0
SHP_16344,89349.8,2104610.5
SHP_16347,85961.6,2036359.0
SHP_16352,89719.2,2128097.5
SHP_16353,76625.2,1876725.8
SHP_16354,78829.7,1855841.8
SHP_16355,69970.7,1672033.5
SHP_16358,172914.2,4398335.0
SHP_16362,80906.8,1921214.3
SHP_16363,167915.4,4282205.0
SHP_16365,127809.8,3152424.5
SHP_16366,196624.9,4885531.0
SHP_16368,136835.7,3385916.0
SHP_16369,168665.4,4296115.0
SHP_16372,172183.5,4375343.0
SHP_16378,167128.6,4261510.0
SHP_16380,167436.3,4268839.0
SHP_16381,88387.4,2078108.1
SHP_16383,178904.7,4464360.0
SHP_16384,94605.8,2231857.5
SHP_16386,70465.8,1703089.9
SHP_16387,70036.1,1698114.8
SHP_16389,177568.4,4436464.5
SHP_16390,83491.2,1980058.8
SHP_16391,172923.1,4396645.5
SHP_16395,172604.6,4390796.0
SHP_16396,177568.4,4436464.5
SHP_16398,99477.7,2423219.0
SHP_16400,90313.6,2148606.0
SHP_16402,91997.0,2162333.8
SHP_16408,83312.4,1991370.0
SHP_16410,86473.7,2099183.0
SHP_16413,88752.2,2094678.8
SHP_16415,163460.2,4067234.5
SHP_16417,93107.2,2204778.8
SHP_16418,128158.3,3160681.5
SHP_16419,174044.9,4418694.0
SHP_16420,128777.3,3165820.0
SHP_16423,163473.8,4087180.0
SHP_16426,173162.8,4396578.5
SHP_16431,41196.6,971770.0
SHP_16432,93083.8,2201877.3
SHP_16436,92376.9,2165579.5
SHP_16437,169805.8,4310942.0
SHP_16439,89349.8,2104610.5
SHP_16440,166892.7,4256029.0
SHP_16441,86778.9,2057073.6
SHP_16443,78922.7,1927550.9
SHP_16445,90792.7,2190419.3
SHP_16450,177776.8,4437685.0
SHP_16452,53548.7,1296088.0
SHP_16453,80468.3,1913374.9
SHP_16454,191901.5,4776474.0
SHP_16455,86430.4,2053376.0
SHP_16456,162983.2,4071929.5
SHP_16458,103708.9,2408143.0
SHP_16459,66600.8,1557070.4
SHP_16460,172044.1,4370471.5
SHP_16466,171946.6,4370379.5
SHP_16467,98638.9,2306310.3
SHP_16473,91693.8,2174888.0
SHP_16475,83610.6,1980664.4
SHP_16476,92212.2,2189399.8
SHP_16479,173155.1,4397312.0
SHP_16481,168932.1,4300549.0
SHP_16482,180746.4,4575104.0
SHP_16484,77914.2,1863958.4
SHP_16487,175636.9,4460058.0
SHP_16491,167128.6,4261510.0
SHP_16492,77379.7,1849329.9
SHP_16494,95238.8,2289572.0
SHP_16496,80354.0,1919152.6
SHP_16501,65278.0,1562072.1
SHP_16502,52786.2,1254170.9
SHP_16503,2746.7,49360.3
SHP_16508,168835.9,4291650.0
SHP_16509,53640.1,1281710.5
SHP_16510,127809.8,3152424.5
SHP_16513,62600.5,1465854.3
SHP_16514,174331.2,4425062.0
SHP_16518,86755.3,2060650.5
SHP_16522,88066.9,2072551.5
SHP_16526,91333.0,2168859.3
SHP_16527,94429.5,2265301.3
SHP_16531,167634.2,4273490.0
SHP_16535,133362.5,3304139.0
SHP_16538,192089.1,4776976.5
SHP_16545,103016.9,2398663.8
SHP_16547,69996.8,1697505.1
SHP_16548,172416.4,4380671.0
SHP_16551,86858.2,2057529.9
SHP_16552,70871.3,1716512.3
SHP_16554,87069.0,2059680.9
SHP_16556,87390.9,2064551.3
SHP_16557,149794.6,3816199.0
SHP_16559,91993.1,2184841.0
SHP_16562,67428.0,1570137.3
SHP_16563,88771.3,2153184.0
SHP_16564,87177.4,2061284.1
SHP_16565,45448.8,1106285.8
SHP_16566,67408.3,1571160.8
SHP_16568,148936.7,3795404.8
SHP_16569,90435.5,2225440.3
SHP_16571,122908.7,3119603.8
SHP_16572,43024.2,1053970.9
SHP_16573,167546.5,4270888.0
SHP_16574,65485.7,1561498.9
SHP_16575,173435.9,4406942.5
SHP_16578,107920.1,2541746.0
SHP_16579,62993.5,1530574.5
SHP_16581,100572.8,2347239.0
SHP_16583,70645.9,1676382.0
SHP_16586,170486.4,4340423.5
SHP_16588,68365.7,1663063.9
SHP_16589,169388.3,4303738.0
SHP_16590,195966.0,4872931.0
SHP_16593,174457.4,4434390.5
SHP_16594,45174.0,1097778.1
SHP_16595,90771.7,2150526.0
SHP_16596,88544.8,2149842.5
SHP_16597,91161.7,2163680.5
SHP_16600,77914.2,1863958.4
SHP_16602,87530.8,2072707.8
SHP_16603,169190.5,4308427.0
SHP_16605,103083.2,2405555.8
SHP_16608,45718.5,1099837.0
SHP_16611,103659.2,2423056.0
SHP_16613,91752.5,2175192.0
SHP_16614,211027.1,5314726.5
SHP_16615,102169.1,2387835.5
SHP_16616,81308.2,1974240.4
SHP_16618,88685.0,2152120.3
SHP_16623,86785.5,2061830.3
SHP_16624,18348.5,438012.2
SHP_16625,53533.0,1296744.0
SHP_16631,149769.7,3812509.0
SHP_16633,87313.2,2071368.5
SHP_16637,87620.0,2069133.8
SHP_16639,141.5,1185.0
SHP_16640,172304.8,4378859.0
SHP_16643,93404.6,2236958.3
SHP_16645,135977.7,3369447.8
SHP_16647,195536.7,4862808.0
SHP_16648,197082.9,4806141.0
SHP_16651,14052.9,325472.1
SHP_16652,97415.8,2293805.0
SHP_16655,87850.3,2072840.3
SHP_16656,77770.1,1822772.1
SHP_16658,92249.5,2210390.0
SHP_16659,172432.8,4379968.5
SHP_16662,44335.4,1083420.0
SHP_16666,79539.8,1941902.6
SHP_16667,2436.2,46215.1
SHP_16671,80473.5,1909402.5
SHP_16672,133997.1,3312204.0
SHP_16679,117957.6,2830471.0
SHP_16682,94465.2,2231311.5
SHP_16685,80468.3,1913374.9
SHP_16686,102824.2,2396095.5
SHP_16687,78596.3,1845196.4
SHP_16688,90978.9,2241819.5
SHP_16689,87763.4,2077294.1
SHP_16691,83142.4,1967422.0
SHP_16694,89120.0,2166255.0
SHP_16696,177776.8,4437685.0
SHP_16702,92727.7,2194722.3
SHP_16704,87240.0,2116422.0
SHP_16705,87097.3,2060779.3
SHP_16706,20157.2,473578.3
SHP_16708,81843.4,1944389.3
SHP_16712,86570.5,2054442.1
SHP_16717,133407.9,3267798.5
SHP_16719,91498.5,2143195.3
SHP_16721,65578.7,1588698.3
SHP_16723,101509.8,2461738.0
SHP_16726,79335.5,1886956.6
SHP_16727,86440.7,2053061.1
SHP_16729,192397.6,4784992.0
SHP_16730,208895.2,5260896.0
SHP_16737,1727.0,31561.0
SHP_16738,78943.8,1882426.6
SHP_16742,98360.6,2300644.5
SHP_16743,87707.7,2096081.3
SHP_16744,73119.6,1757473.3
SHP_16745,172521.1,4381632.0
SHP_16746,90144.1,2146178.5
SHP_16747,172906.2,4389556.0
SHP_16750,167284.8,4266330.0
SHP_16751,84973.6,2021887.3
SHP_16752,88850.0,2139641.3
SHP_16753,78829.7,1855841.8
SHP_16754,103659.2,2423056.0
SHP_16758,91835.7,2151743.0
SHP_16760,171611.4,4361466.0
SHP_16762,172668.7,4386931.0
SHP_16765,1517.9,21515.9
SHP_16767,149821.3,3813245.0
SHP_16769,53533.0,1296744.0
SHP_16771,45069.4,1096665.0
SHP_16773,57112.2,1363462.1
SHP_16774,91708.8,2179308.5
SHP_16775,81049.9,1969873.5
SHP_16776,174178.4,4419982.0
SHP_16779,122908.7,3119603.8
SHP_16781,172996.3,4399325.5
SHP_16783,88135.0,2141595.8
SHP_16784,78956.8,1872088.4
SHP_16790,336.0,3197.0
SHP_16794,195872.2,4878562.0
SHP_16796,42162.1,1036085.4
SHP_16797,73393.9,1759204.5
SHP_16800,171081.9,4354467.0
SHP_16804,182253.1,4548597.5
SHP_16809,196333.7,4877019.0
SHP_16810,173501.5,4408681.5
SHP_16811,86289.4,2097445.8
SHP_16813,1124.6,17962.6
SHP_16814,96617.7,2228150.8
SHP_16816,70372.7,1703840.0
SHP_16820,91490.4,2171545.8
SHP_16824,67685.5,1576297.6
SHP_16825,86771.0,2057062.5
SHP_16826,172737.3,4394355.0
SHP_16827,127706.8,3153351.0
SHP_16832,85851.5,2044507.3
SHP_16835,197224.9,4914708.0
SHP_16839,173162.8,4396578.5
SHP_16841,80468.3,1913374.9
SHP_16842,73149.5,1766718.0
SHP_16843,197026.8,4896959.0
SHP_16845,90107.8,2146128.3
SHP_16846,86858.2,2057529.9
SHP_16847,172054.5,4376785.5
SHP_16848,69802.7,1693326.4
SHP_16849,78829.7,1855841.8
SHP_16850,90739.7,2159113.0
SHP_16853,88904.5,2141009.5
SHP_16854,2543.7,45369.9
SHP_16855,70437.7,1682547.5
SHP_16857,90757.1,2156301.3
SHP_16858,103709.8,2422899.8
SHP_16859,196624.9,4885531.0
SHP_16860,148614.5,3790311.8
SHP_16862,163104.5,4058752.8
SHP_16863,172460.0,4378207.0
SHP_16866,1592.9,23646.3
SHP_16868,148761.3,3789963.8
SHP_16870,98591.0,2322614.0
SHP_16871,194507.7,4829928.0
SHP_16872,193902.1,4822433.0
SHP_16876,212909.4,5337524.0
SHP_16877,258.0,2501.3
SHP_16878,65278.0,1562072.1
SHP_16881,173540.5,4407187.0
SHP_16883,16208.5,379319.8
SHP_16887,87390.9,2064551.3
SHP_16888,211821.2,5328449.5
SHP_16889,90699.0,2180305.5
SHP_16892,85911.5,2040973.0
SHP_16894,41339.1,974062.2
SHP_16895,91649.3,2174237.8
SHP_16898,90932.1,2162128.0
SHP_16902,94429.5,2265301.3
SHP_16905,101477.9,2466295.0
SHP_16907,87632.7,2068359.5
SHP_16909,87913.3,2077666.8
SHP_16911,90331.8,2149335.0
SHP_16912,84586.1,2012991.8
SHP_16917,173122.9,4396869.0
SHP_16920,44652.2,1091999.4
SHP_16921,172692.4,4386647.0
SHP_16924,168932.1,4300549.0
SHP_16926,16570.4,385895.6
SHP_16928,69970.7,1672033.5
SHP_16929,83549.1,1986415.1
SHP_16932,174457.4,4434390.5
SHP_16935,169450.3,4313207.0
SHP_16937,163189.6,4061895.0
SHP_16938,166971.3,4227484.0
SHP_16941,172432.8,4379968.5
SHP_16942,101477.9,2466295.0
SHP_16943,91810.0,2202635.0
SHP_16945,174908.6,4440504.5
SHP_16947,121399.8,3087854.5
SHP_16949,193786.8,4815130.0
SHP_16955,169190.5,4308427.0
SHP_16956,163371.9,4084275.0
SHP_16957,172453.7,4381539.0
SHP_16958,87713.6,2071479.0
SHP_16960,92800.9,2231153.5
SHP_16961,173947.2,4423961.0
SHP_16965,56318.9,1361452.9
SHP_16967,92495.1,2190783.3
SHP_16968,64615.2,1543861.3
SHP_16969,81646.2,1981588.0
SHP_16976,69970.7,1672033.5
SHP_16977,91885.0,2177483.3
SHP_16980,86904.7,2109455.8
SHP_16982,163680.3,4089718.0
SHP_16983,194836.4,4841846.0
SHP_16984,209122.2,5264171.0
SHP_16985,87414.3,2067688.1
SHP_16987,77179.0,1847672.9
SHP_16988,77689.1,1858974.1
SHP_16991,66600.8,1557070.4
SHP_16993,23464.0,557421.9
SHP_16994,98782.0,2383364.3
SHP_17001,173435.9,4406942.5
SHP_17002,194644.4,4840329.0
SHP_17006,168524.4,4285750.0
SHP_17008,171812.7,4370761.5
SHP_17011,174995.5,4427903.5
SHP_17017,172830.5,4397303.0
SHP_17019,102246.3,2483132.0
SHP_17022,44179.2,1076833.6
SHP_17025,81894.1,1989229.8
SHP_17030,95074.4,2253513.0
SHP_17031,167128.6,4261510.0
SHP_17033,94643.5,2221305.0
SHP_17037,91889.1,2177153.0
SHP_17039,53640.1,1281710.5
SHP_17040,213230.4,5339659.0
SHP_17042,87396.6,2074359.0
SHP_17043,102965.7,2399060.0
SHP_17048,86175.9,2025547.9
SHP_17049,172183.5,4375343.0
SHP_17050,84806.8,2020027.4
SHP_17052,79353.5,1868830.0
SHP_17054,173740.0,4412645.5
SHP_17062,149821.3,3813245.0
SHP_17067,86594.3,2031951.1
SHP_17068,185346.6,4625208.0
SHP_17069,90792.7,2190419.3
SHP_17073,77305.7,1846212.3
SHP_17074,88066.9,2072551.5
SHP_17078,172066.7,4371408.5
SHP_17080,163292.7,4063328.0
SHP_17082,87341.8,2071180.6
SHP_17086,177190.8,4497453.5
SHP_17091,82951.5,1970182.8
SHP_17094,20157.2,473578.3
SHP_17099,170289.3,4337121.5
SHP_17101,173136.7,4397620.0
SHP_17104,81168.5,1925082.3
SHP_17105,170239.6,4334889.0
SHP_17108,80799.6,1966728.5
SHP_17109,149787.3,3812706.5
SHP_17110,194836.4,4841846.0
SHP_17112,2543.7,45369.9
SHP_17113,92377.3,2216660.0
SHP_17122,133672.4,3309977.8
SHP_17124,197224.9,4914708.0
SHP_17127,69970.7,1672033.5
SHP_17128,174809.6,4441331.5
SHP_17129,75571.1,1819517.9
SHP_17130,138.3,1270.2
SHP_17131,172737.3,4394355.0
SHP_17132,197026.8,4896959.0
SHP_17133,43637.8,1065627.0
SHP_17138,91997.0,2162333.8
SHP_17139,258.0,2501.3
SHP_17141,55807.2,1344764.4
SHP_17142,174010.9,4416459.0
SHP_17145,85319.7,2029749.8
SHP_17153,98360.6,2300644.5
SHP_17155,197240.1,4911337.0
SHP_17157,92412.0,2215828.8
SHP_17158,93245.4,2239423.5
SHP_17159,78874.2,1853391.9
SHP_17160,184703.3,4612771.0
SHP_17161,86858.2,2057529.9
SHP_17168,183359.0,4575407.0
SHP_17169,168665.4,4296115.0
SHP_17171,169330.0,4312990.5
SHP_17173,195310.2,4852554.0
SHP_17176,80728.8,1922264.3
SHP_17178,91430.7,2196804.0
SHP_17179,87152.6,2065288.3
SHP_17180,128158.3,3160681.5
SHP_17183,86349.0,2051045.4
SHP_17184,98782.0,2383364.3
SHP_17185,81021.8,1970368.9
SHP_17186,98855.2,2325344.0
SHP_17189,104011.6,2423308.3
SHP_17190,172826.4,4395997.0
SHP_17193,86018.3,2043690.6
SHP_17194,90771.7,2150526.0
SHP_17196,193902.1,4822433.0
SHP_17199,52868.6,1282035.9
SHP_17200,94465.2,2231311.5
SHP_17201,87530.8,2072707.8
SHP_17202,86612.6,2052361.3
SHP_17203,80728.8,1922264.3
SHP_17211,93245.4,2239423.5
SHP_17212,90916.8,2234383.5
SHP_17215,208791.5,5260537.0
SHP_17216,102246.3,2483132.0
SHP_17218,110177.4,2691348.8
SHP_17221,84065.3,1991864.0
SHP_17222,39993.9,939872.3
SHP_17223,20157.2,473578.3
SHP_17226,1592.9,23646.3
SHP_17227,100358.8,2437151.0
SHP_17228,163460.2,4067234.5
SHP_17229,174457.4,4434390.5
SHP_17232,88487.9,2154792.3
SHP_17235,103411.2,2509169.5
SHP_17240,128001.9,3158335.0
SHP_17243,79248.3,1886003.0
SHP_17247,141954.0,3612206.0
SHP_17250,133403.3,3270040.0
SHP_17252,91088.7,2186005.3
SHP_17258,173495.5,4409127.0
SHP_17260,167680.5,4276749.0
SHP_17263,133682.7,3310257.3
SHP_17264,92249.5,2210390.0
SHP_17265,92377.9,2185890.3
SHP_17266,202982.0,5035913.0
SHP_17267,77401.4,1816048.0
SHP_17269,195966.0,4872931.0
SHP_17272,193920.3,4816645.0
SHP_17273,64768.2,1577468.5
SHP_17275,41339.1,974062.2
SHP_17276,209122.2,5264171.0
SHP_17277,81328.8,1976402.4
SHP_17282,70388.8,1700962.1
SHP_17285,87713.6,2071479.0
SHP_17287,67572.5,1572158.3
SHP_17290,173958.8,4408568.5
SHP_17292,90107.8,2146128.3
SHP_17295,127118.8,3137193.3
SHP_17299,127118.8,3137193.3
SHP_17300,91997.0,2162333.8
SHP_17302,100025.7,2454280.0
SHP_17303,57112.2,1363462.1
SHP_17305,170413.6,4336483.5
SHP_17306,92950.7,2230600.0
SHP_17308,167128.6,4261510.0
SHP_17310,91088.7,2186005.3
SHP_17311,83360.1,2034890.8
SHP_17317,172727.8,4391429.5
SHP_17319,93679.8,2209909.3
SHP_17324,174457.4,4434390.5
SHP_17326,142426.4,3624870.0
SHP_17327,84363.0,2010343.6
SHP_17329,166467.3,4247641.5
SHP_17330,213230.4,5339659.0
SHP_17331,191444.0,4768251.0
SHP_17332,88672.8,2106762.5
SHP_17333,78180.2,1903737.5
SHP_17337,133960.9,3316628.5
SHP_17340,195365.2,4857959.0
SHP_17341,53450.1,1266362.3
SHP_17342,65119.6,1554186.0
SHP_17343,195870.7,4870670.5
SHP_17345,213521.0,5363165.0
SHP_17347,174802.8,4424763.5
SHP_17348,93089.5,2236122.8
SHP_17349,71304.0,1726289.8
SHP_17351,100783.6,2351770.5
SHP_17352,77914.2,1863958.4
SHP_17358,92095.3,2208243.0
SHP_17360,170289.3,4337121.5
SHP_17361,54942.2,1295506.0
SHP_17363,76291.8,1820828.6
SHP_17366,135977.7,3369447.8
SHP_17368,93803.1,2179640.0
SHP_17369,103113.9,2402942.3
SHP_17370,196685.3,4891982.0
SHP_17371,108363.6,2634033.3
SHP_17372,83771.0,1992986.6
SHP_17374,182661.0,4561742.0
SHP_17376,142625.0,3625655.5
SHP_17379,86974.8,2109096.0
SHP_17381,87560.5,2069568.8
SHP_17382,168524.4,4285750.0
SHP_17383,52908.6,1284171.8
SHP_17385,193826.8,4821049.0
SHP_17386,86473.7,2099183.0
SHP_17390,173116.8,4401529.0
SHP_17391,90618.1,2153724.3
SHP_17392,87664.9,2070154.8
SHP_17395,64599.2,1548719.8
SHP_17396,116073.0,2785204.0
SHP_17397,82569.3,1956400.8
SHP_17398,258.0,2501.3
SHP_17400,51358.1,1231952.9
SHP_17403,133682.7,3310257.3
SHP_17404,173210.2,4402371.5
SHP_17406,92206.9,2213339.8
SHP_17410,85974.2,2043703.0
SHP_17411,88066.9,2072551.5
SHP_17412,87390.8,2067306.0
SHP_17414,194949.1,4855036.5
SHP_17417,84356.6,2009980.8
SHP_17420,171950.0,4369617.0
SHP_17423,177311.2,4425076.0
SHP_17425,80302.9,1956750.5
SHP_17426,89349.8,2104610.5
SHP_17427,120998.1,3079142.3
SHP_17428,87244.7,2071051.4
SHP_17430,23122.6,552947.3
SHP_17433,45054.1,1099022.0
SHP_17435,19508.1,462855.3
SHP_17437,92376.9,2165579.5
SHP_17438,175238.3,4450556.5
SHP_17440,181554.9,4529207.0
SHP_17441,122546.3,3113873.5
SHP_17444,167508.8,4268630.0
SHP_17446,89236.1,2165258.0
SHP_17449,51358.1,1231952.9
SHP_17450,171693.9,4368010.0
SHP_17452,167128.6,4261510.0
SHP_17453,80251.8,1957335.8
SHP_17454,142162.2,3615541.5
SHP_17455,149798.0,3814636.5
SHP_17458,69835.3,1686211.9
SHP_17459,77364.9,1849717.8
SHP_17460,83312.4,1991370.0
SHP_17461,53835.0,1301178.8
SHP_17463,1865.8,30734.0
SHP_17466,197062.8,4903091.5
SHP_17467,215154.6,5329868.0
SHP_17468,117957.6,2830471.0
SHP_17470,117940.9,2849643.5
SHP_17473,91734.6,2175074.3
SHP_17474,84434.8,2007548.4
SHP_17476,100204.4,2425133.5
SHP_17477,173134.3,4402739.5
SHP_17478,81301.1,1973582.5
SHP_17479,163163.0,4059122.0
SHP_17480,77433.7,1850886.9
SHP_17484,87864.7,2078411.5
SHP_17485,78860.8,1849589.9
SHP_17486,144212.5,3532201.8
SHP_17487,69865.5,1693958.4
SHP_17490,87341.8,2071180.6
SHP_17491,70856.4,1707005.9
SHP_17492,87313.2,2071368.5
SHP_17493,167624.9,4273710.0
SHP_17494,79254.3,1936385.4
SHP_17495,116073.0,2785204.0
SHP_17496,53088.4,1288280.9
SHP_17498,197967.5,4922679.0
SHP_17503,87253.9,2061245.4
SHP_17507,149086.3,3802294.3
SHP_17508,196783.3,4884733.0
SHP_17509,81064.3,1926838.1
SHP_17511,171271.7,4342834.5
SHP_17512,83638.2,1990711.9
SHP_17513,167634.2,4273490.0
SHP_17514,169303.9,4313920.0
SHP_17517,127706.8,3153351.0
SHP_17518,19508.1,462855.3
SHP_17519,172939.3,4399272.5
SHP_17520,195365.2,4857959.0
SHP_17523,215154.6,5329868.0
SHP_17524,173718.6,4410880.0
SHP_17527,171847.5,4367986.0
SHP_17529,80473.5,1909402.5
SHP_17530,167428.6,4264255.5
SHP_17531,177332.2,4497266.0
SHP_17532,195205.8,4850724.0
SHP_17534,103659.2,2423056.0
SHP_17537,100847.7,2425252.5
SHP_17540,117029.4,2829456.5
SHP_17542,172737.3,4394355.0
SHP_17545,86976.0,2109471.5
SHP_17547,91840.7,2178134.8
SHP_17549,89236.1,2165258.0
SHP_17550,1684.8,24216.8
SHP_17551,87173.2,2059849.8
SHP_17552,172347.8,4376207.0
SHP_17555,81902.4,1964181.8
SHP_17556,94232.1,2223476.5
SHP_17557,87469.9,2119865.0
SHP_17558,80477.5,1908919.3
SHP_17560,80367.9,1957374.4
SHP_17561,177776.8,4437685.0
SHP_17562,23122.6,552947.3
SHP_17563,90696.6,2138345.3
SHP_17564,95447.1,2240486.0
SHP_17568,95257.2,2244398.0
SHP_17569,169847.7,4313658.0
SHP_17570,86570.5,2054442.1
SHP_17571,87069.0,2059680.9
SHP_17575,3212.5,64917.1
SHP_17580,173136.4,4396009.0
SHP_17585,168976.5,4307509.0
SHP_17587,77704.8,1859256.9
SHP_17588,77689.1,1858974.1
SHP_17589,164106.1,4097328.0
SHP_17593,91556.8,2172254.5
SHP_17594,182237.3,4549019.0
SHP_17596,149089.6,3784544.0
SHP_17599,183356.1,4575577.0
SHP_17600,174393.9,4432570.5
SHP_17603,75878.8,1823850.5
SHP_17604,196650.7,4892347.0
SHP_17607,172082.3,4371717.0
SHP_17608,87518.4,2074113.0
SHP_17610,85961.6,2036359.0
SHP_17614,101363.9,2463164.3
SHP_17615,1750.9,27104.0
SHP_17617,171808.4,4371074.0
SHP_17618,90627.1,2183058.8
SHP_17622,86962.4,2058770.5
SHP_17623,98855.2,2325344.0
SHP_17624,88789.6,2175470.0
SHP_17626,84636.5,2039809.0
SHP_17627,80473.5,1909402.5
SHP_17628,98638.9,2306310.3
SHP_17629,90712.9,2154108.3
SHP_17630,197026.8,4896959.0
SHP_17632,23189.0,552793.2
SHP_17633,172383.7,4385537.5
SHP_17640,80906.8,1921214.3
SHP_17642,194384.8,4845698.0
SHP_17644,149360.4,3808708.0
SHP_17647,212327.0,5324911.0
SHP_17649,87779.0,2134708.5
SHP_17650,173573.4,4408762.5
SHP_17655,90942.6,2162185.3
SHP_17658,83075.6,1963733.0
SHP_17659,193941.3,4823044.0
SHP_17660,90642.6,2228088.0
SHP_17662,99633.4,2414830.8
SHP_17663,87615.4,2122925.8
SHP_17664,77130.8,1843820.8
SHP_17668,149256.9,3787900.0
SHP_17675,173470.9,4404023.0
SHP_17677,99359.3,2393344.5
SHP_17679,173958.8,4408568.5
SHP_17683,167128.6,4261510.0
SHP_17684,77770.1,1822772.1
SHP_17687,164030.1,4077403.0
SHP_17689,86939.5,2059669.3
SHP_17691,177074.3,4493690.5
SHP_17692,169110.8,4304160.0
SHP_17693,149787.3,3812706.5
SHP_17698,193962.3,4823309.0
SHP_17701,91088.7,2186005.3
SHP_17703,173207.3,4400222.5
SHP_17705,171295.0,4354704.0
SHP_17708,97415.8,2293805.0
SHP_17709,209284.8,5262091.5
SHP_17712,100125.4,2423706.5
SHP_17716,100783.6,2351770.5
SHP_17720,185384.5,4625626.5
SHP_17721,172103.6,4374353.0
SHP_17722,93089.5,2236122.8
SHP_17724,169564.6,4317219.0
SHP_17725,5271.9,97042.6
SHP_17726,193826.8,4821049.0
SHP_17731,94924.3,2293699.5
SHP_17732,169647.8,4316821.0
SHP_17733,169408.1,4305028.0
SHP_17737,174330.9,4429425.0
SHP_17738,84973.6,2021887.3
SHP_17739,117029.4,2829456.5
SHP_17742,53634.6,1276957.3
SHP_17743,173501.5,4401432.0
SHP_17745,164114.0,4098732.5
SHP_17746,128128.3,3160842.8
SHP_17748,197758.6,4924174.0
SHP_17749,144212.5,3532201.8
SHP_17750,88904.5,2141009.5
SHP_17751,172629.0,4386290.0
SHP_17752,86177.7,2046732.6
SHP_17753,75777.3,1804264.1
SHP_17758,83978.7,1989657.8
SHP_17759,89349.8,2104610.5
SHP_17762,163371.9,4084275.0
SHP_17763,67408.3,1571160.8
SHP_17764,39246.8,928655.6
SHP_17767,144212.5,3532201.8
SHP_17769,193886.0,4821466.0
SHP_17771,88286.4,2083867.8
SHP_17773,214878.6,5328847.5
SHP_17775,57516.5,1406530.3
SHP_17776,90027.8,2145906.3
SHP_17778,47251.7,1138139.4
SHP_17783,183379.5,4575739.0
SHP_17784,79794.6,1895190.3
SHP_17786,57112.2,1363462.1
SHP_17790,90627.1,2183058.8
SHP_17796,88789.6,2175470.0
SHP_17797,174293.8,4426932.5
SHP_17799,163175.5,4059392.5
SHP_17801,135977.7,3369447.8
SHP_17803,1958.6,28092.8
SHP_17805,196339.7,4877095.0
SHP_17807,172521.1,4381632.0
SHP_17809,86997.1,2109822.5
SHP_17814,81962.2,1989162.0
SHP_17815,172999.2,4400358.0
SHP_17816,12655.8,284073.3
SHP_17817,94232.1,2223476.5
SHP_17818,193786.8,4815130.0
SHP_17821,86663.0,2057755.0
SHP_17823,80072.0,1912150.8
SHP_17825,91649.2,2200289.0
SHP_17828,174457.4,4434390.5
SHP_17832,86785.5,2061830.3
SHP_17833,86785.5,2061830.3
SHP_17834,92436.0,2217564.3
SHP_17835,91993.1,2184841.0
SHP_17836,79405.3,1890717.3
SHP_17840,87434.1,2124447.3
SHP_17841,172504.6,4381818.0
SHP_17842,167826.8,4279158.0
SHP_17843,171943.5,4365970.0
SHP_17844,87069.0,2059680.9
SHP_17845,133852.3,3290604.0
SHP_17846,84581.4,2011573.0
SHP_17851,80728.8,1922264.3
SHP_17854,93568.2,2212239.8
SHP_17855,92717.2,2170901.8
SHP_17856,16208.5,379319.8
SHP_17864,148696.0,3789227.0
SHP_17869,169072.9,4309663.0
SHP_17870,75853.0,1821178.1
SHP_17875,78922.7,1927550.9
SHP_17880,1592.9,23646.3
SHP_17881,47251.7,1138139.4
SHP_17882,80256.9,1912248.0
SHP_17884,88135.0,2141595.8
SHP_17885,80468.3,1913374.9
SHP_17888,67434.6,1563181.8
SHP_17894,799.0,11908.1
SHP_17895,63662.4,1543365.4
SHP_17898,45340.7,1099687.0
SHP_17902,67685.5,1576297.6
SHP_17903,196952.9,4898266.0
SHP_17904,149086.3,3802294.3
SHP_17907,86430.4,2053376.0
SHP_17908,60982.0,1444603.0
SHP_17912,91993.1,2184841.0
SHP_17913,92819.3,2225108.0
SHP_17917,87253.9,2061245.4
SHP_17918,101499.9,2500471.0
SHP_17919,78956.8,1872088.4
SHP_17920,141654.7,3608380.0
SHP_17924,63662.4,1543365.4
SHP_17928,610.1,8144.5
SHP_17931,148696.0,3789227.0
SHP_17932,170767.3,4344759.5
SHP_17934,175238.3,4450556.5
SHP_17937,78650.3,1924442.3
SHP_17940,79387.0,1870682.0
SHP_17941,212676.3,5327736.5
SHP_17942,172906.2,4389556.0
SHP_17943,75715.8,1807861.3
SHP_17944,167808.0,4278053.5
SHP_17949,172066.7,4371408.5
SHP_17950,173573.4,4408762.5
SHP_17951,95003.6,2294906.5
SHP_17952,173113.6,4397279.0
SHP_17953,69996.8,1697505.1
SHP_17954,172030.1,4371287.0
SHP_17955,90916.8,2234383.5
SHP_17956,193962.3,4823309.0
SHP_17958,170209.1,4330604.0
SHP_17959,86349.0,2051045.4
SHP_17962,149798.0,3814636.5
SHP_17963,167585.8,4273222.0
SHP_17964,91333.0,2168859.3
SHP_17966,91660.2,2174119.3
SHP_17967,49028.3,1189000.0
SHP_17971,78992.0,1873243.1
SHP_17974,174750.0,4438428.5
SHP_17978,75301.5,1800502.0
SHP_17979,93089.5,2236122.8
SHP_17981,87585.0,2075817.0
SHP_17983,81064.3,1926838.1
SHP_17984,65239.6,1553236.5
SHP_17985,92376.9,2165579.5
SHP_17987,82022.9,1948763.3
SHP_17988,166892.7,4256029.0
SHP_17990,110168.0,2692475.3
SHP_17992,77332.0,1850744.4
SHP_17993,173991.6,4415232.0
SHP_17997,173067.3,4390322.0
SHP_17998,95313.9,2241521.3
SHP_18000,83007.4,1977817.5
SHP_18001,86289.4,2097445.8
SHP_18003,142832.8,3633008.0
SHP_18006,57270.6,1377276.3
SHP_18012,147977.3,3775727.5
SHP_18014,87414.3,2067688.1
SHP_18016,70590.5,1712778.0
SHP_18017,136974.1,3385245.0
SHP_18019,92005.0,2209536.0
SHP_18021,87419.6,2064113.5
SHP_18026,75217.3,1778408.4
SHP_18028,65071.9,1555960.5
SHP_18029,77941.4,1848892.1
SHP_18030,102965.7,2399060.0
SHP_18031,91576.9,2199942.5
SHP_18032,81252.1,1927636.6
SHP_18033,56889.0,1394927.3
SHP_18034,134725.6,3315278.5
SHP_18036,46899.9,1121550.1
SHP_18037,97206.7,2332682.3
SHP_18039,80239.9,1909812.8
SHP_18042,212909.4,5337524.0
SHP_18043,197063.9,4895227.0
SHP_18046,45718.5,1099837.0
SHP_18047,116073.0,2785204.0
SHP_18048,95184.9,2244034.8
SHP_18049,134717.4,3329708.8
SHP_18051,98591.0,2322614.0
SHP_18052,87909.5,2080129.9
SHP_18056,80331.2,1899879.3
SHP_18058,46260.6,1111911.0
SHP_18060,86570.5,2054442.1
SHP_18061,75955.2,1815917.0
SHP_18062,88723.2,2095116.3
SHP_18067,88685.0,2152120.3
SHP_18069,90429.2,2225724.8
SHP_18070,172466.6,4380811.5
SHP_18071,192397.6,4784992.0
SHP_18072,100358.8,2437151.0
SHP_18073,2944.1,55402.8
SHP_18079,127118.8,3137193.3
SHP_18081,90737.7,2156215.3
SHP_18084,168835.9,4291650.0
SHP_18086,169139.5,4310200.0
SHP_18087,86939.5,2059669.3
SHP_18089,88107.2,2139925.5
SHP_18092,101477.9,2466295.0
SHP_18093,173803.7,4419081.0
SHP_18094,95184.9,2244034.8
SHP_18095,87746.9,2129264.0
SHP_18097,45348.6,1102088.4
SHP_18098,171120.7,4353596.5
SHP_18099,161638.1,4013840.8
SHP_18100,67468.5,1563657.3
SHP_18101,90673.6,2157262.0
SHP_18103,197062.8,4903091.5
SHP_18104,142426.4,3624870.0
SHP_18106,166356.7,4245465.0
SHP_18110,103659.2,2423056.0
SHP_18111,82705.5,1958151.8
SHP_18114,141468.0,3605951.3
SHP_18115,134735.3,3330798.3
SHP_18116,168665.4,4296115.0
SHP_18119,173483.4,4409680.0
SHP_18120,85242.1,2006841.9
SHP_18121,181.9,1735.3
SHP_18122,177568.4,4436464.5
SHP_18123,86405.2,2051871.4
SHP_18125,212676.3,5327736.5
SHP_18126,169301.4,4314328.5
SHP_18128,98360.6,2300644.5
SHP_18129,87370.4,2064061.0
SHP_18130,81902.4,1964181.8
SHP_18135,93151.7,2203039.3
SHP_18139,87864.7,2078411.5
SHP_18140,86123.5,2048434.8
SHP_18141,185425.4,4618855.0
SHP_18142,92070.6,2179359.0
SHP_18143,100588.7,2444662.5
SHP_18145,75153.7,1778501.6
SHP_18146,63038.1,1537412.5
SHP_18149,93478.5,2213355.3
SHP_18151,171532.8,4367818.0
SHP_18155,86819.0,2058796.5
SHP_18158,167299.6,4266985.0
SHP_18159,167585.8,4273222.0
SHP_18162,136835.7,3385916.0
SHP_18164,71143.2,1723629.8
SHP_18166,79412.1,1890218.3
SHP_18168,133682.7,3310257.3
SHP_18170,91816.2,2177794.0
SHP_18173,90515.8,2153873.3
SHP_18175,89236.1,2165258.0
SHP_18179,97305.5,2342405.0
SHP_18180,80728.8,1922264.3
SHP_18181,94039.9,2221127.0
SHP_18185,173346.3,4401012.0
SHP_18186,128777.3,3165820.0
SHP_18190,81301.1,1973582.5
SHP_18195,87904.7,2081680.8
SHP_18198,90541.2,2153010.5
SHP_18202,90771.7,2150526.0
SHP_18203,167555.6,4272915.5
SHP_18209,73592.0,1763829.1
SHP_18210,70668.3,1684765.9
SHP_18213,167826.8,4279158.0
SHP_18218,49028.3,1189000.0
SHP_18219,133421.7,3305351.8
SHP_18220,45348.6,1102088.4
SHP_18222,163366.5,4066964.8
SHP_18228,91660.1,2174851.5
SHP_18237,218954.4,5395635.5
SHP_18239,172692.4,4386647.0
SHP_18240,148696.0,3789227.0
SHP_18242,170793.9,4348994.5
SHP_18243,133167.5,3301541.0
SHP_18244,166467.3,4247641.5
SHP_18247,147822.5,3773432.0
SHP_18249,94039.9,2221127.0
SHP_18250,56238.0,1348214.0
SHP_18253,194622.0,4836245.0
SHP_18254,79518.2,1895920.1
SHP_18255,92005.0,2209536.0
SHP_18258,56491.7,1386453.0
SHP_18260,87079.5,2059857.1
SHP_18262,69316.6,1682810.4
SHP_18264,174044.9,4418694.0
SHP_18265,73185.0,1765881.0
SHP_18267,149360.4,3808708.0
SHP_18268,19508.1,462855.3
SHP_18269,85134.1,2041873.1
SHP_18270,148761.3,3789963.8
SHP_18273,212101.1,5312962.5
SHP_18277,799.0,11908.1
SHP_18280,92376.9,2165579.5
SHP_18281,78829.7,1855841.8
SHP_18285,91521.8,2171902.0
SHP_18287,59499.0,1447937.3
SHP_18288,136835.7,3385916.0
SHP_18291,172994.0,4399867.0
SHP_18294,91817.8,2176293.8
SHP_18295,133682.7,3310257.3
SHP_18297,116434.3,2851365.0
SHP_18299,1680.4,23401.0
SHP_18300,73149.5,1766718.0
SHP_18302,193941.3,4823044.0
SHP_18303,133729.2,3312231.0
SHP_18305,92436.0,2217564.3
SHP_18308,195246.8,4862182.0
SHP_18310,196650.7,4892347.0
SHP_18315,84754.0,1999330.8
SHP_18316,53640.1,1281710.5
SHP_18318,2436.2,46215.1
SHP_18321,87313.2,2071368.5
SHP_18324,173303.6,4400874.5
SHP_18326,194544.4,4837200.0
SHP_18328,90712.9,2154108.3
SHP_18329,91732.4,2176460.3
SHP_18331,100588.7,2444662.5
SHP_18337,92212.2,2189399.8
SHP_18338,2039.4,32855.0
SHP_18345,163825.5,4092804.0
SHP_18346,166892.7,4256029.0
SHP_18347,84939.1,2002288.8
SHP_18348,89654.0,2114296.0
SHP_18353,86175.9,2025547.9
SHP_18358,87605.6,2124796.8
SHP_18359,92042.6,2154119.5
SHP_18361,92436.0,2217564.3
SHP_18365,52586.7,1254448.9
SHP_18373,86282.3,2050475.4
SHP_18374,169330.0,4312990.5
SHP_18375,55807.2,1344764.4
SHP_18376,195365.2,4857959.0
SHP_18379,171840.6,4368097.5
SHP_18380,90331.8,2149335.0
SHP_18381,77401.4,1816048.0
SHP_18382,168735.5,4297887.5
SHP_18389,54388.3,1279911.0
SHP_18390,64346.1,1546803.8
SHP_18391,173136.4,4396009.0
SHP_18393,87763.4,2077294.1
SHP_18394,1495.4,19088.7
SHP_18396,45259.5,1101041.8
SHP_18398,65899.4,1581248.8
SHP_18403,41196.6,971770.0
SHP_18404,94135.2,2253402.5
SHP_18406,56238.0,1348214.0
SHP_18407,87253.9,2061245.4
SHP_18409,172670.7,4385392.0
SHP_18413,116073.0,2785204.0
SHP_18415,91654.3,2174511.0
SHP_18416,1750.9,27104.0
SHP_18423,87811.7,2131681.5
SHP_18424,90313.6,2148606.0
SHP_18425,171089.1,4354517.5
SHP_18426,173573.4,4408762.5
SHP_18428,149360.4,3808708.0
SHP_18430,173163.8,4402602.0
SHP_18431,65800.3,1596844.5
SHP_18435,86819.0,2058796.5
SHP_18438,172453.7,4381539.0
SHP_18440,42665.9,1041188.6
SHP_18442,63205.0,1527393.4
SHP_18443,172869.9,4388552.5
SHP_18446,78180.5,1849331.8
SHP_18448,86289.4,2097445.8
SHP_18449,170289.3,4337121.5
SHP_18450,107920.1,2541746.0
SHP_18451,71143.2,1723629.8
SHP_18452,100564.1,2349125.8
SHP_18453,82507.6,1999341.0
SHP_18454,90771.7,2150526.0
SHP_18455,102079.4,2477516.5
SHP_18457,87679.6,2069107.3
SHP_18458,194812.1,4851714.0
SHP_18462,73132.9,1753101.3
SHP_18467,197610.4,4901145.0
SHP_18468,76625.2,1876725.8
SHP_18471,90706.8,2155528.5
SHP_18477,173727.0,4414553.0
SHP_18481,128777.3,3165820.0
SHP_18482,99304.8,2319118.5
SHP_18483,83555.6,1976799.5
SHP_18484,78482.7,1844593.3
SHP_18485,171955.1,4366135.0
SHP_18486,79794.6,1895190.3
SHP_18487,91482.6,2171016.8
SHP_18488,70856.4,1707005.9
SHP_18489,77914.2,1863958.4
SHP_18491,87390.9,2064551.3
SHP_18492,195954.3,4886026.0
SHP_18501,87144.3,2060282.1
SHP_18507,193920.3,4816645.0
SHP_18510,90328.4,2227893.3
SHP_18511,92340.6,2218156.5
SHP_18518,172326.4,4378835.5
SHP_18521,86257.7,2039202.5
SHP_18522,93083.8,2201877.3
SHP_18525,162847.3,4052841.0
SHP_18530,78922.7,1927550.9
SHP_18531,86966.3,2058498.3
SHP_18536,197357.4,4897967.5
SHP_18537,41339.1,974062.2
SHP_18539,167555.6,4272915.5
SHP_18540,78860.8,1849589.9
SHP_18541,81763.7,1943551.0
SHP_18542,93912.5,2208722.3
SHP_18545,72285.8,1775375.6
SHP_18553,86773.1,2058313.1
SHP_18554,174908.6,4440504.5
SHP_18556,133362.5,3304139.0
SHP_18558,213230.4,5339659.0
SHP_18563,98360.6,2300644.5
SHP_18564,172289.1,4379866.0
SHP_18565,168735.5,4297887.5
SHP_18566,169497.7,4311918.5
SHP_18567,169783.3,4323807.5
SHP_18568,76625.2,1876725.8
SHP_18572,87051.7,2061272.5
SHP_18574,172129.3,4375230.0
SHP_18575,79555.7,1942599.9
SHP_18577,81902.4,1964181.8
SHP_18579,84636.5,2039809.0
SHP_18581,56424.6,1385903.3
SHP_18582,87511.9,2072632.4
SHP_18583,177568.4,4436464.5
SHP_18585,194061.8,4825438.0
SHP_18586,173569.9,4407361.0
SHP_18588,73421.8,1772109.3
SHP_18591,98074.7,2315647.8
SHP_18592,100527.2,2350292.5
SHP_18595,91835.7,2151743.0
SHP_18597,83984.6,1988526.5
SHP_18598,172466.6,4380811.5
SHP_18599,61569.1,1490556.1
SHP_18600,86289.4,2097445.8
SHP_18603,53306.0,1291278.0
SHP_18606,171972.1,4369907.5
SHP_18609,18219.2,405252.7
SHP_18610,93050.6,2231724.3
SHP_18617,87679.4,2129949.5
SHP_18618,86570.5,2054442.1
SHP_18619,80256.9,1912248.0
SHP_18624,167603.2,4273213.0
SHP_18625,86123.5,2048434.8
SHP_18627,171586.8,4362990.5
SHP_18629,171658.5,4371498.0
SHP_18630,91997.0,2162333.8
SHP_18631,172003.5,4372249.0
SHP_18634,56653.1,1389811.0
SHP_18636,87341.8,2071180.6
SHP_18637,77401.4,1816048.0
SHP_18638,181841.2,4541050.5
SHP_18643,53526.8,1277554.3
SHP_18649,67551.0,1572633.8
SHP_18650,168384.8,4283905.5
SHP_18652,73529.7,1760416.8
SHP_18654,167915.4,4282205.0
SHP_18657,70134.4,1699484.0
SHP_18658,87629.4,2128160.0
SHP_18659,53088.4,1288280.9
SHP_18660,173991.6,4415232.0
SHP_18661,92238.0,2168790.8
SHP_18666,65278.0,1562072.1
SHP_18668,172416.4,4380671.0
SHP_18676,173718.6,4410880.0
SHP_18677,93632.8,2210228.0
SHP_18679,173223.2,4307807.5
SHP_18680,79811.4,1949166.8
SHP_18682,16208.5,379319.8
SHP_18685,173540.5,4407187.0
SHP_18688,110177.4,2691348.8
SHP_18689,87177.4,2061284.1
SHP_18691,87511.9,2072632.4
SHP_18695,91876.5,2178481.3
SHP_18698,202919.9,4535831.0
SHP_18700,172030.1,4371287.0
SHP_18704,173399.3,4408596.0
SHP_18707,90393.0,2150675.0
SHP_18708,789.4,11795.1
SHP_18709,193902.1,4822433.0
SHP_18710,89719.2,2128097.5
SHP_18714,87848.8,2072516.0
SHP_18716,167546.5,4270888.0
SHP_18717,2543.7,45369.9
SHP_18718,73553.7,1765237.5
SHP_18719,181231.2,4519624.5
SHP_18720,171108.6,4352487.0
SHP_18721,100025.7,2454280.0
SHP_18725,87051.7,2061272.5
SHP_18727,193826.8,4821049.0
SHP_18729,88686.8,2159722.0
SHP_18732,90916.8,2234383.5
SHP_18733,46889.4,1125838.0
SHP_18735,2543.7,45369.9
SHP_18738,73171.1,1754823.4
SHP_18739,87390.9,2064551.3
SHP_18740,172381.9,4378223.0
SHP_18746,127118.8,3137193.3
SHP_18749,172738.5,4391909.0
SHP_18753,87913.3,2077666.8
SHP_18755,79274.8,1877287.9
SHP_18756,44096.0,1075920.4
SHP_18758,170523.0,4336624.0
SHP_18759,87419.2,2071980.8
SHP_18761,87560.5,2069568.8
SHP_18762,195966.0,4872931.0
SHP_18765,80635.9,1961807.3
SHP_18766,91800.3,2177622.3
SHP_18769,208393.5,5253315.5
SHP_18770,170209.1,4330604.0
SHP_18772,121399.8,3087854.5
SHP_18773,88826.8,2140140.8
SHP_18774,195966.0,4872931.0
SHP_18780,60982.0,1444603.0
SHP_18782,171586.8,4362990.5
SHP_18783,91997.0,2162333.8
SHP_18784,192332.6,4788876.0
SHP_18785,67483.0,1571409.1
SHP_18792,44096.0,1075920.4
SHP_18796,200351.6,4964060.0
SHP_18798,149798.0,3814636.5
SHP_18800,127442.2,3142658.5
SHP_18801,96288.2,2327691.5
SHP_18802,172054.5,4376785.5
SHP_18803,81927.7,1955180.0
SHP_18806,172683.9,4388490.5
SHP_18807,91407.0,2169587.8
SHP_18808,80728.8,1922264.3
SHP_18810,177105.1,4486755.5
SHP_18811,1684.8,24216.8
SHP_18814,169511.6,4314193.5
SHP_18815,80354.0,1919152.6
SHP_18817,82870.5,1963963.3
SHP_18821,85851.5,2044507.3
SHP_18822,169584.0,4307031.0
SHP_18824,54388.3,1279911.0
SHP_18826,79518.2,1895920.1
SHP_18831,127706.8,3153351.0
SHP_18834,80371.0,1908570.3
SHP_18837,87419.6,2064113.5
SHP_18838,76346.3,1814568.6
SHP_18843,177692.7,4435482.0
SHP_18844,79979.5,1899247.6
SHP_18845,87680.9,2078132.3
SHP_18846,195310.2,4852554.0
SHP_18849,89236.1,2165258.0
SHP_18851,79254.3,1936385.4
SHP_18858,94938.3,2236525.8
SHP_18859,102045.7,2503125.3
SHP_18860,86562.8,2054667.5
SHP_18862,193902.1,4822433.0
SHP_18863,87780.9,2078307.5
SHP_18868,83537.9,1987743.0
SHP_18879,23464.0,557421.9
SHP_18882,95003.6,2294906.5
SHP_18883,87473.0,2126157.5
SHP_18884,173958.8,4408568.5
SHP_18885,83577.0,1988152.5
SHP_18887,127442.2,3142658.5
SHP_18888,85269.5,2027750.4
SHP_18890,95209.9,2300222.3
SHP_18891,95257.2,2244398.0
SHP_18896,122908.7,3119603.8
SHP_18898,87585.0,2075817.0
SHP_18899,193941.3,4823044.0
SHP_18903,150288.4,3830779.5
SHP_18904,87025.1,2060122.9
SHP_18906,95756.5,2259945.3
SHP_18907,89349.8,2104610.5
SHP_18909,86785.5,2061830.3
SHP_18910,87860.2,2070680.4
SHP_18912,91413.3,2200634.8
SHP_18914,167436.3,4268839.0
SHP_18915,173067.3,4390322.0
SHP_18917,79979.5,1899247.6
SHP_18919,103708.9,2408143.0
SHP_18922,65785.6,1567033.5
SHP_18923,163271.8,4063099.5
SHP_18926,96611.1,2263436.3
SHP_18931,87904.7,2081680.8
SHP_18932,212283.1,5315632.0
SHP_18933,208895.2,5260896.0
SHP_18934,81099.0,1935176.4
SHP_18935,166871.9,4257046.0
SHP_18937,103601.1,2414016.8
SHP_18940,45397.0,1104077.1
SHP_18941,148863.4,3794117.5
SHP_18942,70388.8,1700962.1
SHP_18945,197224.9,4914708.0
SHP_18951,142700.7,3630084.5
SHP_18952,86349.0,2051045.4
SHP_18953,87511.9,2072632.4
SHP_18960,166763.2,4251616.5
SHP_18961,100847.7,2425252.5
SHP_18962,81646.2,1981588.0
SHP_18965,86020.3,2089559.8
SHP_18967,172657.0,4386016.0
SHP_18968,77331.8,1828251.4
SHP_18973,170239.6,4334889.0
SHP_18976,172685.5,4385817.0
SHP_18977,175636.9,4460058.0
SHP_18978,99304.8,2319118.5
SHP_18979,84921.1,2022085.5
SHP_18980,163094.1,4060238.5
SHP_18981,163460.2,4067234.5
SHP_18982,16612.6,386713.4
SHP_18991,80799.6,1966728.5
SHP_18993,101477.9,2466295.0
SHP_18995,174809.6,4441331.5
SHP_18999,91320.9,2167633.0
SHP_19001,65183.7,1585716.8
SHP_19002,163104.5,4058752.8
SHP_19005,171805.4,4373278.5
SHP_19006,91649.2,2200289.0
SHP_19012,172671.0,4386968.5
SHP_19014,86821.9,2057249.5
SHP_19016,168652.3,4286894.0
SHP_19018,174393.9,4432570.5
SHP_19023,1832.8,30080.7
SHP_19024,149798.0,3814636.5
SHP_19025,170486.4,4340423.5
SHP_19026,91309.6,2167662.8
SHP_19030,53615.3,1269754.0
SHP_19033,194938.1,4809566.0
SHP_19036,87632.7,2068359.5
SHP_19037,163171.9,4059178.5
SHP_19044,86435.2,2053134.8
SHP_19047,53406.8,1268465.0
SHP_19048,95096.0,2295771.3
SHP_19049,83549.1,1986415.1
SHP_19051,92412.0,2215828.8
SHP_19053,98855.2,2325344.0
SHP_19056,172030.1,4371287.0
SHP_19057,209122.2,5264171.0
SHP_19058,172625.5,4390653.0
SHP_19059,87013.8,2059099.3
SHP_19061,167380.9,4269839.0
SHP_19062,89677.6,2114827.5
SHP_19064,56383.7,1386262.5
SHP_19066,16113.9,378027.2
SHP_19068,57942.4,1407636.3
SHP_19069,87276.4,2062161.0
SHP_19072,80066.7,1924551.3
SHP_19074,90960.0,2159799.8
SHP_19075,16013.7,377174.0
SHP_19077,87585.0,2075817.0
SHP_19078,141468.0,3605951.3
SHP_19081,93803.1,2179640.0
SHP_19083,173116.5,4400014.5
SHP_19085,77856.3,1860708.5
SHP_19088,177325.4,4425355.0
SHP_19089,99807.6,2331086.3
SHP_19091,142641.5,3487666.5
SHP_19092,16100.2,381655.8
SHP_19093,42674.4,1031555.0
SHP_19094,56391.3,1385839.3
SHP_19099,212676.3,5327736.5
SHP_19101,172163.8,4375336.0
SHP_19104,171260.8,4357058.0
SHP_19107,172183.5,4375343.0
SHP_19109,99570.1,2451326.5
SHP_19111,194223.0,4827710.0
SHP_19112,1517.9,21515.9
SHP_19113,1495.4,19088.7
SHP_19114,193080.5,4794258.0
SHP_19115,100588.7,2444662.5
SHP_19116,90285.8,2224226.3
SHP_19120,172598.9,4389538.0
SHP_19122,169110.8,4304160.0
SHP_19123,186208.1,4647440.0
SHP_19129,86562.8,2054667.5
SHP_19130,172432.8,4379968.5
SHP_19133,45488.4,1103337.9
SHP_19135,53082.1,1273046.4
SHP_19137,98782.0,2383364.3
SHP_19138,65278.0,1562072.1
SHP_19139,78512.7,1868105.4
SHP_19140,172685.5,4385817.0
SHP_19141,100358.8,2437151.0
SHP_19142,168932.1,4300549.0
SHP_19144,101499.9,2500471.0
SHP_19145,99665.1,2472511.0
SHP_19147,97219.9,2347466.5
SHP_19148,72913.5,1750890.6
SHP_19151,195118.2,4801697.5
SHP_19152,172737.3,4394355.0
SHP_19154,92005.0,2209536.0
SHP_19155,78138.7,1863219.5
SHP_19156,195164.6,4857697.0
SHP_19159,79342.4,1892792.9
SHP_19162,92436.0,2217564.3
SHP_19164,92304.5,2194288.8
SHP_19167,197173.8,4897973.0
SHP_19168,93089.5,2236122.8
SHP_19169,70134.4,1699484.0
SHP_19175,79794.6,1895190.3
SHP_19176,170837.2,4345370.5
SHP_19178,79749.0,1945408.1
SHP_19181,167204.4,4263770.5
SHP_19185,84984.9,2022892.9
SHP_19188,116073.0,2785204.0
SHP_19191,83978.7,1989657.8
SHP_19201,168500.9,4284715.5
SHP_19203,195966.0,4872931.0
SHP_19207,89583.2,2127317.0
SHP_19208,80906.8,1921214.3
SHP_19210,86715.4,2055850.3
SHP_19214,169934.3,4323424.5
SHP_19215,91490.4,2171545.8
SHP_19216,163460.2,4067234.5
SHP_19218,83950.1,1997277.3
SHP_19220,127706.8,3153351.0
SHP_19221,169284.8,4311103.5
SHP_19224,65278.0,1562072.1
SHP_19225,196939.3,4893510.0
SHP_19228,58834.3,1396083.6
SHP_19229,149794.6,3816199.0
SHP_19231,91430.7,2196804.0
SHP_19235,87684.5,2078164.1
SHP_19237,91867.0,2178396.0
SHP_19239,141954.0,3612206.0
SHP_19240,185450.0,4625795.5
SHP_19241,70372.7,1703840.0
SHP_19243,91804.7,2175613.8
SHP_19249,149256.9,3787900.0
SHP_19251,116073.0,2785204.0
SHP_19252,79749.0,1945408.1
SHP_19253,86349.0,2051045.4
SHP_19256,102169.1,2387835.5
SHP_19261,87094.7,2117296.8
SHP_19263,149787.3,3812706.5
SHP_19264,91732.4,2176460.3
SHP_19265,90771.7,2150526.0
SHP_19266,195536.7,4862808.0
SHP_19268,77170.4,1841568.4
SHP_19269,167128.6,4261510.0
SHP_19271,172416.4,4380671.0
SHP_19274,173999.1,4423353.0
SHP_19275,53640.1,1281710.5
SHP_19279,174457.4,4434390.5
SHP_19283,193926.9,4822062.0
SHP_19287,173540.5,4407187.0
SHP_19288,87079.5,2059857.1
SHP_19294,136835.7,3385916.0
SHP_19298,173083.1,4391980.5
SHP_19299,185064.0,4620417.0
SHP_19300,98360.6,2300644.5
SHP_19303,91708.8,2179308.5
SHP_19304,92100.5,2180980.5
SHP_19309,64998.3,1552518.3
SHP_19316,85225.3,2024002.5
SHP_19317,67483.0,1571409.1
SHP_19318,212283.1,5315632.0
SHP_19319,89220.9,2185918.8
SHP_19320,167436.3,4268839.0
SHP_19327,116073.0,2785204.0
SHP_19330,167078.7,4261610.0
SHP_19333,133362.5,3304139.0
SHP_19336,86773.1,2058313.1
SHP_19337,89590.1,2136940.3
SHP_19338,170308.3,4337062.0
SHP_19340,88685.0,2152120.3
SHP_19342,109748.2,2641785.0
SHP_19348,86858.2,2057529.9
SHP_19349,2543.7,45369.9
SHP_19351,193747.0,4818324.0
SHP_19354,91765.2,2201584.5
SHP_19356,83950.1,1997277.3
SHP_19361,44896.3,1097381.8
SHP_19362,167934.6,4261265.5
SHP_19363,101586.0,2466076.5
SHP_19366,90618.1,2153724.3
SHP_19368,167553.8,4271975.0
SHP_19370,91503.1,2201372.5
SHP_19371,86858.2,2057529.9
SHP_19372,198323.7,4926129.0
SHP_19377,86773.1,2058313.1
SHP_19382,87069.0,2059680.9
SHP_19385,68365.7,1663063.9
SHP_19386,53640.1,1281710.5
SHP_19389,86819.0,2058796.5
SHP_19391,168500.9,4284715.5
SHP_19393,16259.8,382068.9
SHP_19394,87792.7,2077428.6
SHP_19395,39246.8,928655.6
SHP_19397,88625.1,2170806.3
SHP_19399,172030.1,4371287.0
SHP_19400,79003.6,1927697.3
SHP_19401,85961.6,2036359.0
SHP_19406,83537.9,1987743.0
SHP_19407,80386.7,1916199.4
SHP_19409,71106.5,1694314.3
SHP_19412,76390.4,1833908.4
SHP_19414,87605.6,2124796.8
SHP_19418,195369.3,4867467.0
SHP_19421,167299.6,4266985.0
SHP_19423,77191.6,1847792.8
SHP_19425,23189.0,552793.2
SHP_19427,86821.9,2057249.5
SHP_19429,52531.4,1212172.1
SHP_19431,195870.7,4870670.5
SHP_19432,167603.2,4273213.0
SHP_19433,87511.9,2072632.4
SHP_19434,193514.7,4819240.0
SHP_19435,80473.5,1909402.5
SHP_19438,92442.4,2185930.8
SHP_19439,79811.4,1949166.8
SHP_19441,44563.2,1087079.3
SHP_19442,40169.5,945759.9
SHP_19443,86570.5,2054442.1
SHP_19446,142171.7,3621428.0
SHP_19447,141954.0,3612206.0
SHP_19449,98782.0,2383364.3
SHP_19450,185460.7,4627601.0
SHP_19451,87373.1,2065933.9
SHP_19452,168727.3,4296874.0
SHP_19453,197758.6,4924174.0
SHP_19455,171586.8,4362990.5
SHP_19462,163613.1,4088460.5
SHP_19465,78482.7,1844593.3
SHP_19466,172129.3,4375230.0
SHP_19467,191444.0,4768251.0
SHP_19471,87373.1,2065933.9
SHP_19472,177353.0,4412126.0
SHP_19474,86374.9,2097640.3
SHP_19477,184980.4,4613822.0
SHP_19478,80728.8,1922264.3
SHP_19479,100847.7,2425252.5
SHP_19484,163899.8,4091302.5
SHP_19485,70465.8,1703089.9
SHP_19486,185384.5,4625626.5
SHP_19488,171812.7,4370761.5
SHP_19491,168799.1,4302984.0
SHP_19492,173252.4,4405728.0
SHP_19493,61198.9,1474162.5
SHP_19495,170666.1,4339106.5
SHP_19496,77191.6,1847792.8
SHP_19498,91413.5,2170081.3
SHP_19500,195870.7,4870670.5
SHP_19506,109748.2,2641785.0
SHP_19507,173681.0,4402228.5
SHP_19509,80728.8,1922264.3
SHP_19512,87276.4,2062161.0
SHP_19513,171448.9,4358688.5
SHP_19514,81902.4,1964181.8
SHP_19515,86704.4,2107340.8
SHP_19517,173276.3,4404799.0
SHP_19518,89236.1,2165258.0
SHP_19519,89120.0,2166255.0
SHP_19520,167603.2,4273213.0
SHP_19521,77191.6,1847792.8
SHP_19523,79642.8,1946090.0
SHP_19524,61198.9,1474162.5
SHP_19525,173991.6,4415232.0
SHP_19526,87009.9,2059579.9
SHP_19528,79811.4,1949166.8
SHP_19529,92665.9,2170148.8
SHP_19535,87763.4,2077294.1
SHP_19537,80256.9,1912248.0
SHP_19543,64588.7,1545096.5
SHP_19545,193303.4,4820903.0
SHP_19546,87664.9,2070154.8
SHP_19551,194812.1,4851714.0
SHP_19552,173416.9,4403954.0
SHP_19553,78106.2,1911858.5
SHP_19556,117940.9,2849643.5
SHP_19557,173803.7,4419081.0
SHP_19559,166688.2,4253839.5
SHP_19563,177190.8,4497453.5
SHP_19564,167585.8,4273222.0
SHP_19565,175217.3,4452261.0
SHP_19567,84581.4,2011573.0
SHP_19568,181841.2,4541050.5
SHP_19570,167826.8,4279158.0
SHP_19571,77442.7,1843995.9
SHP_19573,73116.8,1757434.8
SHP_19575,95273.2,2243992.8
SHP_19576,91579.2,2200682.5
SHP_19577,54942.2,1295506.0
SHP_19580,84638.9,2007855.9
SHP_19581,167585.8,4273222.0
SHP_19582,208895.2,5260896.0
SHP_19585,76443.8,1841396.4
SHP_19587,169979.3,4318523.5
SHP_19589,103658.9,2422493.0
SHP_19590,90739.7,2159113.0
SHP_19593,184888.2,4616614.0
SHP_19596,170445.6,4331925.0
SHP_19602,701.5,9062.4
SHP_19604,16570.4,385895.6
SHP_19606,171532.8,4367818.0
SHP_19607,127671.8,3137145.0
SHP_19608,103659.2,2423056.0
SHP_19609,170769.3,4344248.0
SHP_19612,99477.7,2423219.0
SHP_19614,87390.9,2064551.3
SHP_19615,81006.5,1968425.5
SHP_19617,83950.1,1997277.3
SHP_19620,94465.2,2231311.5
SHP_19621,51358.1,1231952.9
SHP_19623,16612.6,386713.4
SHP_19625,76468.4,1834769.8
SHP_19631,87025.1,2060122.9
SHP_19633,93083.8,2201877.3
SHP_19635,170769.3,4344248.0
SHP_19637,93803.1,2179640.0
SHP_19640,97044.6,2340154.5
SHP_19642,87341.8,2071180.6
SHP_19644,89236.1,2165258.0
SHP_19645,93107.2,2204778.8
SHP_19646,71015.2,1709330.9
SHP_19647,79642.8,1946090.0
SHP_19648,55592.3,1317528.8
SHP_19649,87110.7,2060647.9
SHP_19650,1324.0,18758.9
SHP_19652,90143.8,2147510.3
SHP_19654,91362.2,2169040.5
SHP_19655,87332.3,2064598.5
SHP_19657,78512.7,1868105.4
SHP_19659,148761.3,3789963.8
SHP_19660,90960.0,2159799.8
SHP_19668,86715.4,2055850.3
SHP_19669,65899.4,1581248.8
SHP_19670,90353.8,2180014.0
SHP_19672,162847.3,4052841.0
SHP_19673,79743.4,1895613.0
SHP_19675,2039.4,32855.0
SHP_19676,57190.2,1403118.3
SHP_19678,195915.6,4873406.0
SHP_19679,177353.0,4412126.0
SHP_19680,86023.2,2043619.4
SHP_19682,81080.4,1930738.5
SHP_19683,91693.5,2174712.5
SHP_19686,173740.0,4412645.5
SHP_19687,21313.7,500404.8
SHP_19689,78067.9,1861588.5
SHP_19690,98782.0,2383364.3
SHP_19691,148378.2,3781990.5
SHP_19692,77914.2,1863958.4
SHP_19693,85985.8,2013776.0
SHP_19695,87056.6,2059108.5
SHP_19698,86562.8,2054667.5
SHP_19700,87313.2,2071368.5
SHP_19701,56424.6,1385903.3
SHP_19702,171879.9,4372447.0
SHP_19703,142162.2,3615541.5
SHP_19705,87529.1,2066038.9
SHP_19706,85911.5,2040973.0
SHP_19708,90712.9,2154108.3
SHP_19711,211767.9,5308135.0
SHP_19714,73393.9,1759204.5
SHP_19715,173116.5,4400014.5
SHP_19716,92666.2,2235409.5
SHP_19718,67685.5,1576297.6
SHP_19721,69536.4,1688635.9
SHP_19725,54048.4,1285990.5
SHP_19726,127998.4,3158328.5
SHP_19729,197082.9,4806141.0
SHP_19732,88286.4,2083867.8
SHP_19734,99304.8,2319118.5
SHP_19735,81072.5,1968740.1
SHP_19740,77401.4,1816048.0
SHP_19742,123053.1,3119638.5
SHP_19744,83978.7,1989657.8
SHP_19745,177692.7,4435482.0
SHP_19746,91576.9,2199942.5
SHP_19748,173470.9,4404023.0
SHP_19751,46819.2,1118397.0
SHP_19754,141954.0,3612206.0
SHP_19759,76094.3,1808790.5
SHP_19760,41196.6,971770.0
SHP_19761,197357.4,4897967.5
SHP_19763,194622.0,4836245.0
SHP_19764,87605.6,2124796.8
SHP_19765,2259.2,42982.5
SHP_19767,121399.8,3087854.5
SHP_19769,213230.4,5339659.0
SHP_19772,163487.2,4076610.5
SHP_19773,86773.1,2058313.1
SHP_19775,174750.0,4438428.5
SHP_19777,86704.4,2107340.8
SHP_19778,170769.3,4344248.0
SHP_19780,191672.0,4773357.0
SHP_19781,81480.6,1932136.3
SHP_19782,102560.3,2390187.5
SHP_19785,117940.9,2849643.5
SHP_19787,84356.6,2009980.8
SHP_19790,43024.2,1053970.9
SHP_19792,95177.4,2254742.3
SHP_19793,109748.2,2641785.0
SHP_19794,168360.1,4282233.0
SHP_19796,56383.7,1386262.5
SHP_19797,195257.8,4853474.5
SHP_19800,54942.2,1295506.0
SHP_19804,1006.9,14785.2
SHP_19807,2944.1,55402.8
SHP_19810,195565.3,4863634.0
SHP_19811,167078.7,4261610.0
SHP_19813,70827.0,1706951.0
SHP_19815,52920.3,1284154.5
SHP_19816,173134.3,4402739.5
SHP_19820,83549.1,1986415.1
SHP_19822,69715.3,1692180.5
SHP_19823,212283.1,5315632.0
SHP_19825,87811.7,2131681.5
SHP_19826,91725.8,2175009.0
SHP_19827,87026.7,2058818.5
SHP_19830,79055.5,1932574.6
SHP_19831,78087.7,1912832.1
SHP_19833,14040.5,310875.2
SHP_19834,2944.1,55402.8
SHP_19837,194812.1,4851714.0
SHP_19838,121399.8,3087854.5
SHP_19841,197758.6,4924174.0
SHP_19842,133074.1,3221484.0
SHP_19844,79332.3,1866274.6
SHP_19849,87032.8,2059724.8
SHP_19852,56535.2,1386083.3
SHP_19854,87253.9,2061245.4
SHP_19855,193941.3,4823044.0
SHP_19857,97415.8,2293805.0
SHP_19858,173326.0,4403960.5
SHP_19860,83984.6,1988526.5
SHP_19862,90642.6,2228088.0
SHP_19863,57888.3,1406661.3
SHP_19865,219098.4,5398229.5
SHP_19866,87110.7,2060647.9
SHP_19867,65071.9,1555960.5
SHP_19868,171586.8,4362990.5
SHP_19869,161018.6,4004106.5
SHP_19870,77401.4,1816048.0
SHP_19872,142833.8,3633031.0
SHP_19874,16570.4,385895.6
SHP_19876,86773.1,2058313.1
SHP_19878,87390.9,2064551.3
SHP_19880,172651.8,4382966.0
SHP_19882,163306.6,4064513.8
SHP_19883,90642.6,2228088.0
SHP_19886,70607.6,1708384.9
SHP_19887,91693.5,2174712.5
SHP_19888,64615.2,1543861.3
SHP_19889,76094.3,1808790.5
SHP_19897,176946.8,4485554.5
SHP_19899,182347.2,4550301.0
SHP_19906,197063.9,4895227.0
SHP_19907,167623.5,4271424.0
SHP_19911,91835.7,2151743.0
SHP_19913,87828.9,2129325.0
SHP_19916,86824.4,2060104.0
SHP_19917,79405.3,1890717.3
SHP_19919,90429.2,2225724.8
SHP_19920,18584.5,408916.3
SHP_19922,89197.3,2105349.3
SHP_19926,86969.7,2059126.0
SHP_19933,173279.4,4405916.0
SHP_19937,85319.7,2029749.8
SHP_19940,90150.4,2120308.3
SHP_19941,87373.1,2065933.9
SHP_19942,212434.8,5326675.5
SHP_19943,211065.1,5311625.5
SHP_19944,87127.0,2059571.5
SHP_19950,91645.1,2172881.0
SHP_19959,87510.8,2073489.5
SHP_19961,87013.8,2059099.3
SHP_19962,78073.0,1902095.3
SHP_19967,167436.3,4268839.0
SHP_19971,194383.4,4832908.0
SHP_19973,148256.6,3771807.8
SHP_19974,149903.9,3814212.5
SHP_19975,142707.1,3626225.3
SHP_19976,163853.8,4091384.5
SHP_19978,80272.9,1915237.6
SHP_19979,149086.3,3802294.3
SHP_19980,102505.4,2389492.0
SHP_19984,78922.7,1927550.9
SHP_19985,213230.4,5339659.0
SHP_19989,122908.7,3119603.8
SHP_19995,91810.0,2202635.0
SHP_19999,136974.1,3385245.0
SHP_20001,212676.3,5327736.5
SHP_20002,194061.8,4825438.0
SHP_20003,170529.1,4340769.0
SHP_20006,87419.6,2064113.5
SHP_20008,86570.5,2054442.1
SHP_20010,56398.3,1385960.4
SHP_20011,87664.9,2070154.8
SHP_20012,56318.9,1361452.9
SHP_20015,169303.9,4313920.0
SHP_20016,78755.6,1925393.0
SHP_20018,197224.9,4914708.0
SHP_20027,93107.2,2204778.8
SHP_20032,79794.6,1895190.3
SHP_20038,173991.6,4415232.0
SHP_20039,166467.3,4247641.5
SHP_20041,102651.9,2399056.8
SHP_20042,168654.0,4300125.0
SHP_20044,73468.4,1765937.0
SHP_20047,173740.0,4412645.5
SHP_20048,169113.7,4306483.0
SHP_20050,87280.8,2060997.8
SHP_20052,83523.6,1987512.0
SHP_20053,197758.6,4924174.0
SHP_20063,1620.0,26614.9
SHP_20064,92442.4,2185930.8
SHP_20065,85225.3,2024002.5
SHP_20066,46889.4,1125838.0
SHP_20067,1517.9,21515.9
SHP_20068,80256.9,1912248.0
SHP_20075,93089.5,2236122.8
SHP_20076,87097.3,2060779.3
SHP_20077,87276.1,2062157.6
SHP_20079,75333.0,1796721.8
SHP_20082,173641.3,4402024.5
SHP_20083,172030.1,4371287.0
SHP_20088,102560.3,2390187.5
SHP_20089,166763.2,4251616.5
SHP_20090,76468.4,1834769.8
SHP_20091,90461.4,2116244.5
SHP_20092,79254.3,1936385.4
SHP_20098,195990.7,4879869.0
SHP_20100,87084.0,2060627.0
SHP_20101,136835.7,3385916.0
SHP_20105,208895.2,5260896.0
SHP_20107,133997.1,3312204.0
SHP_20115,150282.9,3820609.0
SHP_20116,77179.0,1847672.9
SHP_20118,78829.7,1855841.8
SHP_20120,181947.3,4542639.0
SHP_20124,88686.8,2159722.0
SHP_20126,23114.2,552892.8
SHP_20127,91395.7,2200398.0
SHP_20132,173740.0,4412645.5
SHP_20134,175320.1,4376757.0
SHP_20135,134735.3,3330798.3
SHP_20137,72253.4,1746346.0
SHP_20146,19498.4,463420.7
SHP_20153,167592.0,4273510.0
SHP_20154,44563.2,1087079.3
SHP_20156,163729.6,4091481.3
SHP_20157,148149.8,3779648.5
SHP_20160,91531.5,2203840.3
SHP_20163,87933.0,2079350.4
SHP_20164,167128.6,4261510.0
SHP_20168,87909.5,2080129.9
SHP_20169,91930.8,2208945.8
SHP_20175,103101.3,2410915.0
SHP_20178,85960.7,2042263.9
SHP_20181,212141.6,5328749.5
SHP_20182,86819.0,2058796.5
SHP_20184,163331.8,4063460.5
SHP_20188,78650.3,1924442.3
SHP_20192,89349.8,2104610.5
SHP_20197,90930.6,2184339.0
SHP_20200,169511.6,4314193.5
SHP_20205,87763.4,2077294.1
SHP_20207,101499.9,2500471.0
SHP_20213,134725.6,3315278.5
SHP_20214,92436.0,2217564.3
SHP_20218,57233.3,1379081.1
SHP_20219,67264.4,1620801.4
SHP_20224,103659.2,2423056.0
SHP_20228,172163.8,4375336.0
SHP_20231,97625.2,2297490.0
SHP_20233,87928.9,2133483.3
SHP_20235,1015.2,14830.9
SHP_20236,92666.2,2235409.5
SHP_20241,173495.5,4409127.0
SHP_20245,87052.4,2111484.0
SHP_20249,55592.3,1317528.8
SHP_20252,78842.7,1882099.4
SHP_20255,83425.9,1978743.0
SHP_20256,87024.9,2058806.8
SHP_20257,55592.3,1317528.8
SHP_20258,79387.0,1870682.0
SHP_20259,94232.1,2223476.5
SHP_20264,163341.7,4063895.0
SHP_20268,87860.2,2070680.4
SHP_20270,99704.0,2415080.5
SHP_20271,856.5,12900.5
SHP_20272,91645.1,2172881.0
SHP_20273,170413.6,4336483.5
SHP_20274,81008.9,1926911.8
SHP_20275,167294.8,4267258.0
SHP_20276,167624.9,4273710.0
SHP_20277,116073.0,2785204.0
SHP_20279,173116.5,4400014.5
SHP_20280,80477.1,1959435.0
SHP_20281,84754.0,1999330.8
SHP_20282,169437.1,4310411.0
SHP_20283,53406.8,1268465.0
SHP_20285,184836.2,4615230.0
SHP_20288,90818.3,2157118.5
SHP_20291,85652.8,2033507.0
SHP_20293,92088.6,2211702.5
SHP_20295,170289.3,4337121.5
SHP_20297,171980.2,4370861.5
SHP_20298,67459.4,1571730.5
SHP_20299,172889.1,4389310.0
SHP_20302,77305.7,1846212.3
SHP_20303,211821.2,5328449.5
SHP_20306,45397.0,1104077.1
SHP_20307,86570.5,2054442.1
SHP_20309,167284.8,4266330.0
SHP_20311,148761.3,3789963.8
SHP_20312,169724.2,4323786.5
SHP_20316,102169.1,2387835.5
SHP_20317,99783.9,2402798.0
SHP_20318,92666.2,2235409.5
SHP_20320,100588.7,2444662.5
SHP_20321,87341.8,2071180.6
SHP_20324,195205.8,4850724.0
SHP_20326,101983.8,2476653.0
SHP_20327,169725.8,4317982.0
SHP_20329,71106.5,1694314.3
SHP_20330,69996.8,1697505.1
SHP_20331,91357.5,2169171.5
SHP_20338,208895.2,5260896.0
SHP_20340,86436.4,2055290.5
SHP_20344,97415.8,2293805.0
SHP_20345,79539.8,1941902.6
SHP_20353,92412.0,2215828.8
SHP_20354,87079.5,2059857.1
SHP_20356,55123.0,1303479.4
SHP_20357,87632.7,2068359.5
SHP_20361,193080.5,4794258.0
SHP_20364,194622.0,4836245.0
SHP_20366,16570.4,385895.6
SHP_20368,86074.3,2092030.6
SHP_20369,71439.1,1729771.0
SHP_20373,80438.3,1960070.9
SHP_20374,31914.2,778349.2
SHP_20376,86704.4,2107340.8
SHP_20379,85911.5,2040973.0
SHP_20380,57190.2,1403118.3
SHP_20383,2259.2,42982.5
SHP_20384,92653.6,2187949.0
SHP_20385,142700.7,3630084.5
SHP_20389,87110.7,2060647.9
SHP_20390,39246.8,928655.6
SHP_20394,79332.3,1866274.6
SHP_20397,127706.8,3153351.0
SHP_20401,127809.8,3152424.5
SHP_20408,174325.6,4424960.5
SHP_20409,64588.7,1545096.5
SHP_20410,91964.5,2179530.5
SHP_20411,78336.8,1839919.8
SHP_20415,99304.8,2319118.5
SHP_20416,57942.4,1407636.3
SHP_20417,95184.9,2244034.8
SHP_20419,209335.5,5268576.5
SHP_20422,91993.1,2184841.0
SHP_20424,80463.8,1909302.3
SHP_20425,77941.4,1848892.1
SHP_20428,3212.5,64917.1
SHP_20430,45397.0,1104077.1
SHP_20432,53306.7,1271360.1
SHP_20433,86939.5,2059669.3
SHP_20434,163017.4,4074518.5
SHP_20435,134729.2,3334373.3
SHP_20437,64963.8,1549998.3
SHP_20439,173156.9,4398489.5
SHP_20440,93083.8,2201877.3
SHP_20441,79498.9,1894582.1
SHP_20444,181231.2,4519624.5
SHP_20445,16612.6,386713.4
SHP_20449,92206.9,2213339.8
SHP_20451,149057.0,3783990.0
SHP_20452,173279.4,4405916.0
SHP_20454,202982.0,5035913.0
SHP_20455,171935.8,4375727.0
SHP_20461,85457.0,2031283.8
SHP_20464,70723.1,1687977.3
SHP_20466,87529.1,2066038.9
SHP_20467,84163.9,2002682.1
SHP_20468,2543.7,45369.9
SHP_20469,193786.8,4815130.0
SHP_20472,94110.0,2201408.3
SHP_20475,87632.7,2068359.5
SHP_20476,92375.9,2185853.3
SHP_20479,134826.8,3334359.5
SHP_20483,169621.4,4318248.5
SHP_20484,92436.0,2217564.3
SHP_20488,117940.9,2849643.5
SHP_20489,175137.5,4431721.5
SHP_20490,69970.7,1672033.5
SHP_20492,31454.0,769440.4
SHP_20494,93571.6,2216523.5
SHP_20499,191444.0,4768251.0
SHP_20500,194492.4,4835437.0
SHP_20501,80727.9,1928720.5
SHP_20502,185460.7,4627601.0
SHP_20503,194384.8,4845698.0
SHP_20504,102560.3,2390187.5
SHP_20508,81080.4,1930738.5
SHP_20510,98957.0,2285706.0
SHP_20511,69996.8,1697505.1
SHP_20513,83360.1,2034890.8
SHP_20514,168735.5,4297887.5
SHP_20517,163379.2,4064338.0
SHP_20520,56733.8,1392515.0
SHP_20523,88625.1,2170806.3
SHP_20528,171483.3,4367100.0
SHP_20530,172479.8,4378479.0
SHP_20533,169301.4,4314328.5
SHP_20534,93050.2,2200235.8
SHP_20535,75955.2,1815917.0
SHP_20536,98360.6,2300644.5
SHP_20538,149787.3,3812706.5
SHP_20539,196650.7,4892347.0
SHP_20540,92800.9,2231153.5
SHP_20541,103708.9,2408143.0
SHP_20542,90282.1,2178777.3
SHP_20544,70437.7,1682547.5
SHP_20545,79254.3,1936385.4
SHP_20546,177284.1,4497850.0
SHP_20550,1684.8,24216.8
SHP_20551,75713.7,1818021.6
SHP_20552,91997.0,2162333.8
SHP_20554,70590.5,1712778.0
SHP_20556,44179.2,1076833.6
SHP_20560,194507.7,4829928.0
SHP_20561,170529.1,4340769.0
SHP_20564,120998.1,3079142.3
SHP_20565,80807.1,1966822.3
SHP_20566,93989.6,2245551.5
SHP_20569,166974.6,4227507.0
SHP_20571,56398.3,1385960.4
SHP_20573,87605.6,2124796.8
SHP_20574,95512.4,2247879.0
SHP_20575,163447.8,4077846.5
SHP_20580,87478.3,2073011.6
SHP_20581,71199.4,1723389.5
SHP_20587,149360.4,3808708.0
SHP_20590,1684.8,24216.8
SHP_20591,100588.7,2444662.5
SHP_20594,86123.5,2048434.8
SHP_20595,172347.8,4376207.0
SHP_20596,90916.8,2234383.5
SHP_20601,100025.7,2454280.0
SHP_20602,172683.9,4388490.5
SHP_20603,83096.4,2031381.0
SHP_20604,74239.0,1750091.0
SHP_20605,87793.9,2133625.0
SHP_20606,91693.8,2201157.8
SHP_20607,87419.2,2071980.8
SHP_20610,87510.8,2073489.5
SHP_20611,71010.9,1709281.5
SHP_20613,178112.9,4444991.5
SHP_20614,164106.1,4097328.0
SHP_20618,78180.2,1903737.5
SHP_20619,39993.9,939872.3
SHP_20620,79335.5,1886956.6
SHP_20623,80239.9,1909812.8
SHP_20624,70723.1,1687977.3
SHP_20626,167585.8,4273222.0
SHP_20628,73116.8,1757434.8
SHP_20629,80438.3,1960070.9
SHP_20630,141954.0,3612206.0
SHP_20631,87913.3,2077666.8
SHP_20632,197063.9,4895227.0
SHP_20633,142641.5,3487666.5
SHP_20635,79274.8,1877287.9
SHP_20636,100588.7,2444662.5
SHP_20637,44196.0,1077042.9
SHP_20639,95756.5,2259945.3
SHP_20640,80367.9,1957374.4
SHP_20641,90429.2,2225724.8
SHP_20642,90878.6,2190665.3
SHP_20643,12597.8,283525.9
SHP_20644,174820.3,4439284.0
SHP_20646,100411.0,2419425.8
SHP_20647,89763.2,2128986.0
SHP_20652,72253.4,1746346.0
SHP_20655,44990.6,1098603.4
SHP_20658,195164.6,4857697.0
SHP_20659,79386.0,1938550.8
SHP_20661,82314.4,1969936.5
SHP_20662,87341.8,2071180.6
SHP_20666,56383.7,1386262.5
SHP_20670,61569.1,1490556.1
SHP_20671,86964.6,2058486.4
SHP_20677,86824.4,2060104.0
SHP_20681,167128.6,4261510.0
SHP_20683,44838.8,1096267.3
SHP_20685,41196.6,971770.0
SHP_20686,100564.1,2349125.8
SHP_20687,195257.8,4853474.5
SHP_20688,64768.2,1577468.5
SHP_20689,215154.6,5329868.0
SHP_20690,215154.6,5329868.0
SHP_20691,172266.7,4380594.5
SHP_20692,46115.2,1125270.3
SHP_20699,172154.8,4375910.0
SHP_20700,31914.2,778349.2
SHP_20701,100588.7,2444662.5
SHP_20703,71173.3,1720081.3
SHP_20704,91660.1,2174851.5
SHP_20705,212327.0,5324911.0
SHP_20706,174918.6,4440670.0
SHP_20707,45348.6,1102088.4
SHP_20709,99304.8,2319118.5
SHP_20710,96824.6,2268463.5
SHP_20712,86785.5,2061830.3
SHP_20713,92384.6,2192034.8
SHP_20718,87779.0,2134708.5
SHP_20719,78829.7,1855841.8
SHP_20721,149667.0,3816064.5
SHP_20722,65278.0,1562072.1
SHP_20724,172184.3,4375481.5
SHP_20726,195870.7,4870670.5
SHP_20727,90603.5,2232861.5
SHP_20729,78079.0,1912749.0
SHP_20731,181.9,1735.3
SHP_20734,3212.5,64917.1
SHP_20735,193514.7,4819240.0
SHP_20739,93083.8,2201877.3
SHP_20741,91765.2,2201584.5
SHP_20745,18348.5,438012.2
SHP_20749,39928.1,937387.4
SHP_20751,76806.8,1826330.1
SHP_20752,193475.7,4810459.0
SHP_20753,171529.5,4364872.5
SHP_20754,80256.9,1912248.0
SHP_20756,93188.3,2206076.5
SHP_20759,101118.4,2390527.5
SHP_20760,87332.3,2064598.5
SHP_20762,92436.0,2217564.3
SHP_20767,82705.5,1958151.8
SHP_20770,88771.3,2153184.0
SHP_20772,212676.3,5327736.5
SHP_20773,110177.4,2691348.8
SHP_20778,90762.8,2189299.0
SHP_20779,88487.9,2154792.3
SHP_20780,78060.4,1901902.6
SHP_20781,116073.0,2785204.0
SHP_20782,172176.2,4373438.5
SHP_20785,172980.7,4395057.0
SHP_20787,85319.7,2029749.8
SHP_20789,184888.2,4616614.0
SHP_20790,150509.2,3833237.3
SHP_20793,16208.5,379319.8
SHP_20794,91407.8,2169926.8
SHP_20797,70694.6,1687902.8
SHP_20799,90699.0,2180305.5
SHP_20802,87460.8,2123040.5
SHP_20804,87529.1,2066038.9
SHP_20805,42650.6,1032980.1
SHP_20806,79896.7,1863649.9
SHP_20812,193747.0,4818324.0
SHP_20813,168652.3,4286894.0
SHP_20817,128777.3,3165820.0
SHP_20818,83096.4,2031381.0
SHP_20819,167284.8,4266330.0
SHP_20821,94429.5,2265301.3
SHP_20824,96597.3,2332888.0
SHP_20826,73149.5,1766718.0
SHP_20827,53285.4,1263904.9
SHP_20828,136969.7,3385226.8
SHP_20829,91792.7,2175779.3
SHP_20836,141692.0,3613018.8
SHP_20837,80730.4,1965913.5
SHP_20838,74239.0,1750091.0
SHP_20841,99665.1,2472511.0
SHP_20844,169330.0,4312990.5
SHP_20848,100783.6,2351770.5
SHP_20851,63833.3,1543604.8
SHP_20854,77469.2,1840926.5
SHP_20858,87864.7,2078411.5
SHP_20861,173332.2,4406048.5
SHP_20862,2746.7,49360.3
SHP_20866,86858.2,2057529.9
SHP_20869,195595.5,4863843.5
SHP_20870,173416.9,4403954.0
SHP_20872,78079.0,1912749.0
SHP_20873,178112.9,4444991.5
SHP_20877,1750.9,27104.0
SHP_20878,44838.8,1096267.3
SHP_20879,79498.9,1894582.1
SHP_20880,133407.9,3267798.5
SHP_20881,141654.7,3608380.0
SHP_20886,172657.0,4386016.0
SHP_20893,173656.8,4413046.5
SHP_20899,86020.3,2089559.8
SHP_20901,177353.0,4412126.0
SHP_20902,168418.4,4283145.0
SHP_20903,67582.0,1573198.0
SHP_20904,70590.5,1712778.0
SHP_20905,170707.6,4346546.5
SHP_20907,117743.8,2827766.8
SHP_20908,172347.8,4376207.0
SHP_20914,75997.0,1807425.9
SHP_20916,97219.9,2347466.5
SHP_20918,92661.9,2170086.8
SHP_20923,83863.0,1986706.1
SHP_20926,73468.4,1765937.0
SHP_20927,19508.1,462855.3
SHP_20929,91247.7,2192293.5
SHP_20932,80594.3,1922785.8
SHP_20937,172595.1,4382973.0
SHP_20938,148378.2,3781990.5
SHP_20940,134088.3,3317882.5
SHP_20943,91430.7,2196804.0
SHP_20944,99304.8,2319118.5
SHP_20946,204324.8,5102045.0
SHP_20947,92194.2,2183366.0
SHP_20948,172340.8,4379230.5
SHP_20949,87244.7,2071051.4
SHP_20950,87664.9,2070154.8
SHP_20951,171690.3,4369662.0
SHP_20953,148761.3,3789963.8
SHP_20954,91384.1,2169711.0
SHP_20958,173565.0,4405845.5
SHP_20959,87517.0,2073776.8
SHP_20961,42399.3,1038298.8
SHP_20962,191901.5,4776474.0
SHP_20965,90978.9,2241819.5
SHP_20966,136835.7,3385916.0
SHP_20974,86289.4,2097445.8
SHP_20976,103101.3,2410915.0
SHP_20979,166467.3,4247641.5
SHP_20980,180849.2,4575893.0
SHP_20984,121895.2,3099665.0
SHP_20985,181231.2,4519624.5
SHP_20987,82705.5,1958151.8
SHP_20990,85319.7,2029749.8
SHP_20993,173083.1,4391980.5
SHP_20994,86177.7,2046732.6
SHP_20995,169140.2,4310171.5
SHP_20999,122546.3,3113873.5
SHP_21000,2543.7,45369.9
SHP_21001,57270.6,1377276.3
SHP_21012,192129.3,4761562.0
SHP_21014,23237.3,553309.6
SHP_21015,88723.2,2095116.3
SHP_21016,87717.2,2130353.8
SHP_21017,194812.1,4851714.0
SHP_21019,172103.6,4374353.0
SHP_21020,54088.2,1267716.5
SHP_21021,95313.9,2241521.3
SHP_21026,149798.0,3814636.5
SHP_21029,76788.2,1828110.3
SHP_21030,88473.0,2079035.1
SHP_21034,47251.7,1138139.4
SHP_21035,42528.2,1038810.8
SHP_21040,100588.7,2444662.5
SHP_21041,173122.9,4396868.0
SHP_21042,57159.2,1402423.5
SHP_21043,212191.6,5314128.0
SHP_21045,70134.4,1699484.0
SHP_21047,133362.5,3304139.0
SHP_21048,78811.3,1868435.6
SHP_21050,93679.8,2209909.3
SHP_21055,43541.8,1062889.6
SHP_21056,170568.1,4336447.5
SHP_21058,1599.6,23234.9
SHP_21059,71143.2,1723629.8
SHP_21062,85851.5,2044507.3
SHP_21063,64621.2,1548845.5
SHP_21064,51955.1,1233556.4
SHP_21067,163393.6,4064495.5
SHP_21068,87489.4,2065877.5
SHP_21069,171161.0,4356792.5
SHP_21070,122908.7,3119603.8
SHP_21072,167811.2,4276968.5
SHP_21073,80987.5,1969087.3
SHP_21076,208315.9,5250027.5
SHP_21079,195026.2,4847341.0
SHP_21082,89197.3,2105349.3
SHP_21083,197142.0,4895479.5
SHP_21084,57942.4,1407636.3
SHP_21085,1860.4,31658.4
SHP_21088,77191.6,1847792.8
SHP_21089,92005.0,2209536.0
SHP_21092,55884.6,1342905.0
SHP_21095,173279.1,4404924.5
SHP_21099,173134.3,4402739.5
SHP_21104,77401.4,1816048.0
SHP_21106,186143.4,4693108.0
SHP_21108,117741.1,2827603.0
SHP_21111,163447.8,4077846.5
SHP_21112,77689.1,1858974.1
SHP_21113,122832.2,3118366.8
SHP_21114,56238.0,1348214.0
SHP_21117,166824.6,4256392.0
SHP_21120,173958.8,4408568.5
SHP_21122,90927.6,2160136.5
SHP_21125,215154.6,5329868.0
SHP_21127,64588.7,1545096.5
SHP_21130,173116.8,4401529.0
SHP_21131,53640.1,1281710.5
SHP_21133,177628.8,4439086.0
SHP_21136,82314.4,1969936.5
SHP_21137,91816.2,2177794.0
SHP_21141,173381.0,4408221.5
SHP_21142,178112.9,4444991.5
SHP_21143,90978.9,2241819.5
SHP_21145,103601.1,2414016.8
SHP_21146,1252.3,19122.0
SHP_21147,86440.7,2053061.1
SHP_21151,68316.5,1661728.3
SHP_21156,174671.6,4435796.5
SHP_21157,2944.1,55402.8
SHP_21158,91571.0,2158449.0
SHP_21159,122832.2,3118366.8
SHP_21162,80935.0,1945969.4
SHP_21167,44157.4,1078666.9
SHP_21168,87235.0,2062587.0
SHP_21169,103800.3,2510311.5
SHP_21170,87568.5,2068261.5
SHP_21171,195205.8,4850724.0
SHP_21172,84586.1,2012991.8
SHP_21173,198373.2,4930958.0
SHP_21174,1592.9,23646.3
SHP_21175,168665.4,4296115.0
SHP_21177,87632.7,2068359.5
SHP_21179,195560.8,4870634.0
SHP_21183,77161.2,1891946.1
SHP_21186,172629.0,4386290.0
SHP_21189,147977.3,3775727.5
SHP_21191,171896.7,4370185.5
SHP_21195,78127.1,1862658.3
SHP_21200,80468.3,1913374.9
SHP_21201,80660.2,1923981.5
SHP_21203,167561.7,4272803.5
SHP_21204,16612.6,386713.4
SHP_21205,90632.4,2228257.0
SHP_21206,86858.2,2057529.9
SHP_21207,170445.6,4331925.0
SHP_21211,183154.7,4571057.0
SHP_21214,173061.2,4400829.5
SHP_21219,173733.4,4402464.5
SHP_21221,162983.2,4071929.5
SHP_21224,136974.1,3385245.0
SHP_21225,163439.6,4064228.0
SHP_21230,116073.0,2785204.0
SHP_21232,91710.3,2174871.5
SHP_21235,88723.2,2095116.3
SHP_21238,169599.9,4308053.0
SHP_21239,2430.6,45173.2
SHP_21240,87828.9,2129325.0
SHP_21243,75217.3,1778408.4
SHP_21246,96824.6,2268463.5
SHP_21249,169190.5,4308427.0
SHP_21250,85319.7,2029749.8
SHP_21251,195205.8,4850724.0
SHP_21252,84071.5,1990579.6
SHP_21253,87463.8,2074893.5
SHP_21255,177850.7,4439593.0
SHP_21257,92436.0,2217564.3
SHP_21258,191672.0,4773357.0
SHP_21259,93083.8,2201877.3
SHP_21260,77305.7,1846212.3
SHP_21261,51358.1,1231952.9
SHP_21262,96049.5,2249824.0
SHP_21266,171649.3,4296455.5
SHP_21267,93632.8,2210228.0
SHP_21270,70036.1,1698114.8
SHP_21273,173279.4,4405916.0
SHP_21275,81902.4,1964181.8
SHP_21277,167826.8,4279158.0
SHP_21278,535.4,6227.0
SHP_21280,53413.5,1267495.3
SHP_21284,87865.5,2077176.8
SHP_21286,100564.1,2349125.8
SHP_21287,86819.0,2058796.5
SHP_21288,81013.3,1923764.6
SHP_21289,19498.4,463420.7
SHP_21290,70723.1,1687977.3
SHP_21297,87605.6,2124796.8
SHP_21299,47323.5,1135195.1
SHP_21300,118089.3,2835856.3
SHP_21301,76291.8,1820828.6
SHP_21304,193962.3,4823309.0
SHP_21308,195872.2,4878562.0
SHP_21309,91725.8,2175009.0
SHP_21314,78062.9,1912319.9
SHP_21316,86715.4,2055850.3
SHP_21317,91537.9,2170741.5
SHP_21318,44692.1,1092683.5
SHP_21320,163445.5,4064612.3
SHP_21322,80256.9,1912248.0
SHP_21323,142426.4,3624870.0
SHP_21325,173252.4,4405728.0
SHP_21332,70694.6,1687902.8
SHP_21333,73180.4,1766620.8
SHP_21335,90932.1,2162128.0
SHP_21337,191688.9,4765850.0
SHP_21339,86819.0,2058796.5
SHP_21340,177353.0,4412126.0
SHP_21342,87530.8,2072707.8
SHP_21343,78829.7,1855841.8
SHP_21345,175320.1,4376757.0
SHP_21346,79353.5,1868830.0
SHP_21347,202982.0,5035913.0
SHP_21349,100527.2,2350292.5
SHP_21351,71199.4,1723389.5
SHP_21352,87167.9,2069278.4
SHP_21353,87341.8,2071180.6
SHP_21356,84995.3,2044301.0
SHP_21358,215101.6,5331622.0
SHP_21359,172460.0,4378207.0
SHP_21360,43637.8,1065627.0
SHP_21361,87332.3,2064598.5
SHP_21365,65071.9,1555960.5
SHP_21366,145576.8,3548351.5
SHP_21367,172460.0,4378207.0
SHP_21371,91333.0,2168859.3
SHP_21372,170769.3,4344248.0
SHP_21374,122546.3,3113873.5
SHP_21376,87632.7,2068359.5
SHP_21377,87032.8,2059724.8
SHP_21380,53309.4,1289621.6
SHP_21383,178904.7,4464360.0
SHP_21384,95699.8,2257096.5
SHP_21385,197026.8,4896959.0
SHP_21386,174436.5,4432637.5
SHP_21390,91503.1,2201372.5
SHP_21392,169113.7,4306483.0
SHP_21393,163371.2,4063212.0
SHP_21394,80120.9,1900197.4
SHP_21395,109748.2,2641785.0
SHP_21396,2944.1,55402.8
SHP_21397,173772.5,4417168.5
SHP_21398,87366.4,2121436.0
SHP_21401,193962.3,4823309.0
SHP_21402,87024.9,2058806.8
SHP_21403,82737.6,2006483.8
SHP_21404,169200.6,4297327.0
SHP_21405,87829.0,2077752.5
SHP_21406,182622.1,4553748.0
SHP_21407,92061.0,2186189.3
SHP_21408,91315.7,2168801.5
SHP_21409,58111.8,1418468.9
SHP_21415,75643.3,1818631.9
SHP_21417,174044.9,4418694.0
SHP_21420,97550.5,2346601.0
SHP_21421,77161.2,1891946.1
SHP_21422,162983.2,4071929.5
SHP_21426,86257.7,2039202.5
SHP_21427,84984.9,2022892.9
SHP_21428,169457.4,4315731.0
SHP_21430,163447.8,4077846.5
SHP_21432,93912.5,2208722.3
SHP_21436,87280.8,2060997.8
SHP_21446,87169.0,2059820.6
SHP_21449,186143.4,4693108.0
SHP_21450,195115.5,4854981.0
SHP_21452,163163.0,4059122.0
SHP_21454,99665.1,2472511.0
SHP_21455,177074.3,4493690.5
SHP_21456,70203.5,1700286.4
SHP_21457,86822.8,2058632.3
SHP_21458,92666.2,2235409.5
SHP_21459,133362.5,3304139.0
SHP_21460,96274.7,2278461.8
SHP_21462,90699.0,2180305.5
SHP_21463,92095.3,2208243.0
SHP_21464,93151.7,2203039.3
SHP_21467,160284.3,4093800.0
SHP_21468,69996.8,1697505.1
SHP_21470,172657.0,4386016.0
SHP_21471,84581.4,2011573.0
SHP_21472,173991.6,4415232.0
SHP_21474,79332.3,1866274.6
SHP_21475,92436.0,2217564.3
SHP_21479,170916.2,4283878.0
SHP_21484,92903.9,2230460.8
SHP_21486,57677.0,1402924.1
SHP_21489,100847.7,2425252.5
SHP_21494,99570.1,2451326.5
SHP_21496,78860.8,1849589.9
SHP_21497,49028.3,1189000.0
SHP_21499,90027.8,2145906.3
SHP_21500,83586.4,1980465.3
SHP_21501,171812.7,4370761.5
SHP_21506,173871.3,4418561.5
SHP_21507,211498.1,5319951.5
SHP_21510,91179.6,2194958.8
SHP_21514,193529.1,4811730.0
SHP_21516,142162.2,3615541.5
SHP_21518,80906.8,1921214.3
SHP_21521,102169.1,2387835.5
SHP_21522,90721.9,2155707.8
SHP_21523,88904.5,2141009.5
SHP_21525,163094.1,4060238.5
SHP_21526,122956.5,3118643.8
SHP_21529,204324.8,5102045.0
SHP_21530,91636.2,2173063.5
SHP_21536,75571.1,1819517.9
SHP_21537,84112.4,1998291.0
SHP_21539,110246.4,2694053.8
SHP_21541,87313.2,2071368.5
SHP_21542,122908.7,3119603.8
SHP_21543,70783.3,1705205.1
SHP_21546,172163.8,4375336.0
SHP_21547,148243.2,3778249.0
SHP_21550,78811.3,1868435.6
SHP_21551,84581.4,2011573.0
SHP_21553,172304.8,4378859.0
SHP_21554,95132.9,2254359.5
SHP_21561,69970.7,1672033.5
SHP_21563,218954.4,5395635.5
SHP_21564,91965.7,2210372.0
SHP_21566,167524.6,4273296.0
SHP_21568,86778.9,2057073.6
SHP_21569,87628.2,2083800.1
SHP_21570,16101.4,368251.5
SHP_21571,73149.5,1766718.0
SHP_21572,83531.7,1980426.8
SHP_21575,56424.6,1385903.3
SHP_21576,45285.4,1100672.1
SHP_21577,87079.5,2059857.1
SHP_21579,83550.6,1988066.1
SHP_21582,194644.4,4840329.0
SHP_21584,100588.7,2444662.5
SHP_21586,93151.7,2203039.3
SHP_21589,59540.2,1450323.6
SHP_21591,69970.7,1672033.5
SHP_21597,79539.8,1941902.6
SHP_21599,94465.2,2231311.5
SHP_21602,100588.7,2444662.5
SHP_21603,196952.9,4898266.0
SHP_21604,42674.4,1031555.0
SHP_21611,83760.9,1983018.5
SHP_21614,55123.0,1303479.4
SHP_21616,173573.4,4408762.5
SHP_21618,172978.6,4399849.5
SHP_21620,85319.7,2029749.8
SHP_21622,168835.9,4291650.0
SHP_21623,87759.8,2069667.6
SHP_21625,87390.8,2067306.0
SHP_21626,82737.6,2006483.8
SHP_21627,95184.9,2244034.8
SHP_21628,53406.8,1268465.0
SHP_21630,56383.7,1386262.5
SHP_21632,92295.6,2194146.3
SHP_21635,174820.3,4439284.0
SHP_21637,208895.2,5260896.0
SHP_21639,92197.5,2183338.8
SHP_21641,87079.5,2059857.1
SHP_21643,81935.2,1989516.0
SHP_21644,163853.8,4091384.5
SHP_21645,169497.7,4311918.5
SHP_21647,70534.9,1702080.8
SHP_21649,91692.9,2174706.5
SHP_21652,173747.8,4411242.0
SHP_21653,91531.4,2197277.0
SHP_21654,173535.8,4411756.5
SHP_21656,49028.3,1189000.0
SHP_21657,173243.7,4399601.5
SHP_21659,92376.9,2165579.5
SHP_21660,212327.0,5324911.0
SHP_21663,169708.0,4320546.5
SHP_21665,86177.7,2046732.6
SHP_21671,102505.4,2389492.0
SHP_21675,94271.1,2230195.0
SHP_21676,167436.3,4268839.0
SHP_21682,87763.4,2077294.1
SHP_21688,170793.9,4348994.5
SHP_21689,196650.7,4892347.0
SHP_21690,56842.0,1393158.0
SHP_21692,86826.9,2058821.4
SHP_21693,79009.7,1880362.5
SHP_21694,173134.3,4402739.5
SHP_21695,103658.9,2422493.0
SHP_21697,70856.4,1707005.9
SHP_21698,110246.4,2694053.8
SHP_21700,128001.9,3158335.0
SHP_21701,99359.3,2393344.5
SHP_21704,193080.5,4794258.0
SHP_21706,856.5,12900.5
SHP_21708,172197.5,4373946.0
SHP_21709,67408.3,1571160.8
SHP_21710,87390.9,2064551.3
SHP_21711,72253.4,1746346.0
SHP_21712,90642.6,2228088.0
SHP_21713,79815.7,1899082.3
SHP_21715,172919.2,4398998.0
SHP_21716,67529.4,1573626.0
SHP_21718,175238.3,4450556.5
SHP_21719,163460.2,4067234.5
SHP_21723,80468.3,1913374.9
SHP_21727,163460.2,4067234.5
SHP_21728,120998.1,3079142.3
SHP_21731,83491.2,1980058.8
SHP_21732,73592.0,1763829.1
SHP_21734,88383.1,2078028.1
SHP_21736,171847.5,4367986.0
SHP_21737,88050.2,2076538.5
SHP_21742,78336.8,1839919.8
SHP_21743,67685.5,1576297.6
SHP_21744,91395.7,2200398.0
SHP_21745,172516.0,4386734.5
SHP_21746,87341.8,2071180.6
SHP_21749,97817.4,2364852.0
SHP_21750,87084.5,2059023.5
SHP_21751,258.0,2501.3
SHP_21753,86430.4,2053376.0
SHP_21754,85457.0,2031283.8
SHP_21760,92772.3,2195220.5
SHP_21761,87909.5,2080129.9
SHP_21764,183359.0,4575407.0
SHP_21766,64588.7,1545096.5
SHP_21767,212283.1,5315632.0
SHP_21770,88050.2,2076538.5
SHP_21772,69970.7,1672033.5
SHP_21773,172338.4,4384368.5
SHP_21775,164255.5,4101964.3
SHP_21777,79811.4,1949166.8
SHP_21781,79058.0,1932797.4
SHP_21782,174457.4,4434390.5
SHP_21783,64645.0,1545684.0
SHP_21786,120641.0,2924179.0
SHP_21790,197758.6,4924174.0
SHP_21794,56424.6,1385903.3
SHP_21797,86353.4,2052444.9
SHP_21799,86175.9,2025547.9
SHP_21800,208487.7,5254060.5
SHP_21803,77914.2,1863958.4
SHP_21804,141954.0,3612206.0
SHP_21808,89805.9,2178880.0
SHP_21809,12655.8,284073.3
SHP_21810,61569.1,1490556.1
SHP_21813,76303.0,1832089.5
SHP_21814,92107.6,2210788.3
SHP_21820,79896.7,1863649.9
SHP_21824,102079.4,2477516.5
SHP_21825,173501.5,4408681.5
SHP_21828,93638.9,2215230.8
SHP_21831,77436.6,1848252.8
SHP_21838,83425.9,1978743.0
SHP_21839,172737.3,4394355.0
SHP_21847,87611.6,2077548.9
SHP_21849,148864.2,3794606.5
SHP_21850,192228.0,4782271.0
SHP_21851,67483.0,1571409.1
SHP_21852,75153.7,1778501.6
SHP_21858,195560.8,4870634.0
SHP_21861,92950.7,2230600.0
SHP_21862,168835.9,4291650.0
SHP_21863,31454.0,769440.4
SHP_21864,172519.1,4384323.5
SHP_21866,83312.4,1991370.0
SHP_21867,78106.2,1911858.5
SHP_21868,100847.7,2425252.5
SHP_21869,85652.8,2033507.0
SHP_21870,82144.3,1943237.4
SHP_21871,57516.5,1406530.3
SHP_21873,84795.4,2034979.9
SHP_21874,67517.7,1564380.8
SHP_21875,212327.0,5324911.0
SHP_21878,78180.2,1903737.5
SHP_21879,163371.9,4084275.0
SHP_21881,97415.8,2293805.0
SHP_21885,149821.3,3813245.0
SHP_21886,121678.4,3091783.5
SHP_21889,173232.4,4404259.5
SHP_21890,101499.9,2500471.0
SHP_21892,42162.1,1036085.4
SHP_21894,149769.7,3812509.0
SHP_21895,181231.2,4519624.5
SHP_21896,116073.0,2785204.0
SHP_21897,77689.1,1858974.1
SHP_21901,74596.2,1813763.8
SHP_21906,172582.3,4384413.0
SHP_21907,2430.6,45173.2
SHP_21911,102078.1,2477533.3
SHP_21912,122546.3,3113873.5
SHP_21913,83549.1,1986415.1
SHP_21914,180849.2,4575893.0
SHP_21920,88723.2,2095116.3
SHP_21922,90547.3,2132217.0
SHP_21926,94038.2,2218668.5
SHP_21927,149903.9,3814212.5
SHP_21929,52586.7,1254448.9
SHP_21932,93571.6,2216523.5
SHP_21936,168727.3,4296874.0
SHP_21939,133362.5,3304139.0
SHP_21940,172183.5,4375343.0
SHP_21949,193080.5,4794258.0
SHP_21953,64.8,514.5
SHP_21957,87396.6,2074359.0
SHP_21958,174681.9,4438292.5
SHP_21959,90500.4,2116533.3
SHP_21961,171401.8,4357609.0
SHP_21963,92800.9,2231153.5
SHP_21966,116073.0,2785204.0
SHP_21969,53306.0,1291278.0
SHP_21971,161252.1,4003040.0
SHP_21974,14399.6,329096.2
SHP_21975,93083.8,2201877.3
SHP_21976,16240.9,381644.7
SHP_21977,133407.9,3267798.5
SHP_21980,211494.0,5319902.5
SHP_21982,77379.7,1849329.9
SHP_21986,51449.4,1222271.1
SHP_21988,194007.2,4823219.0
SHP_21992,79794.6,1895190.3
SHP_21995,87467.2,2065584.3
SHP_21998,85911.5,2040973.0
SHP_22003,167428.6,4264255.5
SHP_22009,91767.9,2175479.0
SHP_22010,212283.1,5315632.0
SHP_22013,173399.3,4408596.0
SHP_22015,87414.3,2067688.1
SHP_22019,101499.9,2500471.0
SHP_22020,86704.4,2107340.8
SHP_22023,76291.8,1820828.6
SHP_22027,67001.4,1563828.0
SHP_22028,87751.7,2070180.5
SHP_22030,2436.2,46215.1
SHP_22033,171840.6,4368097.5
SHP_22034,127118.8,3137193.3
SHP_22036,78829.7,1855841.8
SHP_22037,65899.4,1581248.8
SHP_22039,80367.9,1957374.4
SHP_22045,43048.8,1056362.3
SHP_22046,69316.6,1682810.4
SHP_22052,1124.6,17962.6
SHP_22053,172651.8,4382966.0
SHP_22055,45054.1,1099022.0
SHP_22057,171053.4,4352446.5
SHP_22060,98855.2,2325344.0
SHP_22063,88067.0,2072552.3
SHP_22064,86715.4,2055850.3
SHP_22065,98201.4,2316231.8
SHP_22067,195365.2,4857959.0
SHP_22070,183538.2,4638966.5
SHP_22071,213521.0,5363165.0
SHP_22072,173384.3,4403986.0
SHP_22082,735.4,10488.9
SHP_22083,193080.5,4794258.0
SHP_22084,98782.0,2383364.3
SHP_22088,91645.1,2172881.0
SHP_22089,16743.1,395513.0
SHP_22090,71199.4,1723389.5
SHP_22094,90960.0,2159799.8
SHP_22097,173999.1,4423353.0
SHP_22099,171529.5,4364872.5
SHP_22101,196652.4,4883519.0
SHP_22104,86405.2,2051871.4
SHP_22106,53512.5,1270456.4
SHP_22108,16113.9,378027.2
SHP_22115,856.5,12900.5
SHP_22117,80730.4,1965913.5
SHP_22118,81502.0,1977156.5
SHP_22119,134072.4,3315659.0
SHP_22123,90150.4,2120308.3
SHP_22124,91573.9,2172402.3
SHP_22128,73529.7,1760416.8
SHP_22132,91734.6,2175074.3
SHP_22135,195424.7,4859533.0
SHP_22136,208895.2,5260896.0
SHP_22137,174457.4,4434390.5
SHP_22138,73538.9,1760503.3
SHP_22140,81020.6,1966173.8
SHP_22141,80728.8,1922264.3
SHP_22142,86177.7,2046732.6
SHP_22144,197130.7,4891644.0
SHP_22145,94135.2,2253402.5
SHP_22146,79335.5,1886956.6
SHP_22147,94723.0,2219034.3
SHP_22150,61198.9,1474162.5
SHP_22153,92436.0,2217564.3
SHP_22158,44692.1,1092683.5
SHP_22162,169330.0,4312990.5
SHP_22163,90622.6,2228092.5
SHP_22167,167284.8,4266330.0
SHP_22168,193467.5,4824547.5
SHP_22169,193514.7,4819240.0
SHP_22170,197062.8,4903091.5
SHP_22172,86773.1,2058313.1
SHP_22173,79387.0,1870682.0
SHP_22175,87792.7,2077428.6
SHP_22182,181749.2,4538848.5
SHP_22183,73171.1,1754823.4
SHP_22184,169457.4,4315731.0
SHP_22187,173279.4,4405916.0
SHP_22188,3212.5,64917.1
SHP_22189,70950.5,1715432.6
SHP_22191,55592.3,1317528.8
SHP_22193,94465.2,2231311.5
SHP_22196,163820.9,4073287.5
SHP_22197,88066.9,2072551.5
SHP_22200,170568.1,4336447.5
SHP_22202,73198.6,1757602.8
SHP_22204,83346.9,2034871.4
SHP_22205,70534.9,1702080.8
SHP_22208,209284.8,5262091.5
SHP_22209,82737.6,2006483.8
SHP_22210,173540.2,4407335.0
SHP_22211,171532.8,4367818.0
SHP_22212,64401.7,1560691.0
SHP_22215,72891.1,1752600.8
SHP_22216,2543.7,45369.9
SHP_22218,173991.6,4415232.0
SHP_22219,2039.4,32855.0
SHP_22221,172154.8,4375910.0
SHP_22223,79332.3,1866274.6
SHP_22224,61198.9,1474162.5
SHP_22225,2436.2,46215.1
SHP_22227,103030.2,2402320.3
SHP_22228,67408.3,1571160.8
SHP_22229,163899.8,4091302.5
SHP_22230,91531.4,2197277.0
SHP_22235,163473.8,4087180.0
SHP_22238,174105.5,4426637.5
SHP_22239,83273.9,1987586.6
SHP_22244,196590.3,4891064.0
SHP_22247,40321.9,943334.7
SHP_22249,195369.3,4867467.0
SHP_22250,90960.0,2159799.8
SHP_22253,65071.9,1555960.5
SHP_22254,86435.2,2053134.8
SHP_22255,45397.0,1104077.1
SHP_22256,168976.5,4307509.0
SHP_22257,169934.3,4323424.5
SHP_22258,91322.0,2168829.0
SHP_22261,65184.1,1552303.9
SHP_22264,85960.7,2042263.9
SHP_22265,92665.9,2170148.8
SHP_22266,88672.8,2106762.5
SHP_22268,172163.8,4375336.0
SHP_22269,83888.0,1995359.0
SHP_22270,102505.4,2389492.0
SHP_22271,172165.3,4377828.0
SHP_22274,167915.4,4282205.0
SHP_22275,1832.8,30080.7
SHP_22278,175238.3,4450556.5
SHP_22280,70534.5,1682932.1
SHP_22281,192072.0,4765440.0
SHP_22284,91708.8,2179308.5
SHP_22290,164106.1,4097328.0
SHP_22291,78969.3,1930082.0
SHP_22293,64963.8,1549998.3
SHP_22294,174820.3,4439284.0
SHP_22295,172919.2,4398998.0
SHP_22296,88066.9,2072551.5
SHP_22299,87126.6,2060921.3
SHP_22303,103101.3,2410915.0
SHP_22305,91790.6,2177446.8
SHP_22306,16570.4,385895.6
SHP_22307,148378.2,3781990.5
SHP_22308,163232.0,4065406.0
SHP_22312,174457.4,4434390.5
SHP_22313,67468.5,1563657.3
SHP_22317,65071.9,1555960.5
SHP_22318,120998.1,3079142.3
SHP_22323,83312.4,1991370.0
SHP_22325,94974.2,2244932.5
SHP_22326,79498.9,1894582.1
SHP_22327,163176.9,4060632.0
SHP_22331,173681.0,4402228.5
SHP_22336,78336.8,1839919.8
SHP_22337,1737.2,31198.4
SHP_22338,97305.5,2342405.0
SHP_22341,84071.5,1990579.6
SHP_22342,61612.8,1489355.3
SHP_22346,173727.0,4414553.0
SHP_22347,180849.2,4575893.0
SHP_22349,78079.0,1912749.0
SHP_22351,55123.0,1303479.4
SHP_22353,88789.6,2175470.0
SHP_22358,88304.5,2084077.8
SHP_22361,172332.6,4376352.0
SHP_22362,194836.4,4841846.0
SHP_22363,40321.9,943334.7
SHP_22366,86123.5,2048434.8
SHP_22370,194949.1,4855036.5
SHP_22372,134256.4,3322435.5
SHP_22374,42602.2,1040049.8
SHP_22375,70590.5,1712778.0
SHP_22381,174105.5,4426637.5
SHP_22383,148761.3,3789963.8
SHP_22384,86349.0,2051045.4
SHP_22387,173163.8,4402602.0
SHP_22388,172999.2,4400358.0
SHP_22389,134725.6,3315278.5
SHP_22391,81894.1,1989229.8
SHP_22393,182277.8,4548222.0
SHP_22394,86704.4,2107340.8
SHP_22396,195190.9,4856336.0
SHP_22398,90084.5,2146632.3
SHP_22408,73950.0,1772901.8
SHP_22409,173646.6,4414863.0
SHP_22410,193461.6,4824308.0
SHP_22415,86440.7,2053061.1
SHP_22419,83577.3,1990922.6
SHP_22420,90298.8,2227775.3
SHP_22421,87104.4,2060725.8
SHP_22423,49028.3,1189000.0
SHP_22424,101477.9,2466295.0
SHP_22427,96824.6,2268463.5
SHP_22428,79058.0,1932797.4
SHP_22435,16259.8,382068.9
SHP_22436,87110.7,2060647.9
SHP_22437,208566.6,5253917.5
SHP_22444,52764.8,1258654.3
SHP_22445,171532.8,4367818.0
SHP_22446,122780.1,3118002.8
SHP_22449,193874.5,4871251.5
SHP_22451,128777.3,3165820.0
SHP_22454,171529.5,4364872.5
SHP_22455,90462.1,2131602.0
SHP_22456,87390.9,2064551.3
SHP_22462,103257.0,2504870.8
SHP_22463,87532.7,2128734.5
SHP_22464,87347.8,2063855.0
SHP_22466,183359.0,4575407.0
SHP_22467,103658.9,2422493.0
SHP_22468,175238.3,4450556.5
SHP_22474,82590.1,1956519.8
SHP_22475,83857.8,1992760.0
SHP_22476,88904.5,2141009.5
SHP_22479,149086.3,3802294.3
SHP_22480,46889.4,1125838.0
SHP_22481,70856.4,1707005.9
SHP_22482,81168.5,1925082.3
SHP_22483,80120.9,1900197.4
SHP_22485,44990.6,1098603.4
SHP_22486,168735.5,4297887.5
SHP_22488,174070.8,4416744.0
SHP_22489,74261.5,1750434.1
SHP_22492,166467.3,4247641.5
SHP_22494,67572.5,1572158.3
SHP_22496,168500.9,4284715.5
SHP_22497,172460.0,4378207.0
SHP_22498,94723.0,2219034.3
SHP_22499,80635.9,1961807.3
SHP_22500,44860.2,1091896.3
SHP_22501,102965.7,2399060.0
SHP_22502,91965.7,2210372.0
SHP_22503,141954.0,3612206.0
SHP_22505,81013.3,1923764.6
SHP_22508,88685.0,2152120.3
SHP_22509,197240.1,4911337.0
SHP_22510,85319.7,2029749.8
SHP_22514,69802.7,1693326.4
SHP_22515,44860.2,1091896.3
SHP_22516,87489.4,2065877.5
SHP_22518,196624.9,4885531.0
SHP_22523,83884.1,1995324.4
SHP_22524,173727.0,4414553.0
SHP_22528,81064.3,1926838.1
SHP_22529,172560.9,4384792.0
SHP_22530,174457.4,4434390.5
SHP_22532,133407.9,3267798.5
SHP_22533,197074.6,4896370.0
SHP_22534,195257.8,4853474.5
SHP_22536,79811.4,1949166.8
SHP_22542,172460.0,4378207.0
SHP_22549,87419.6,2064113.5
SHP_22550,103257.0,2504870.8
SHP_22555,116073.0,2785204.0
SHP_22556,87359.0,2072734.9
SHP_22557,169450.3,4313207.0
SHP_22560,18160.9,403821.6
SHP_22564,103101.3,2410915.0
SHP_22566,75571.1,1819517.9
SHP_22568,87013.8,2059099.3
SHP_22573,99570.1,2451326.5
SHP_22576,83846.4,1988136.6
SHP_22579,195915.6,4873406.0
SHP_22583,192228.0,4782271.0
SHP_22584,191432.0,4769115.0
SHP_22585,172738.5,4391909.0
SHP_22587,194061.8,4825438.0
SHP_22588,23122.6,552947.3
SHP_22590,98782.0,2383364.3
SHP_22593,87373.1,2065933.9
SHP_22599,212283.1,5315632.0
SHP_22600,86785.5,2061830.3
SHP_22601,167436.3,4268839.0
SHP_22602,87909.4,2132194.3
SHP_22604,70863.0,1705815.8
SHP_22608,171120.7,4353596.5
SHP_22612,172864.3,4397623.5
SHP_22614,16101.4,368251.5
SHP_22615,43637.8,1065627.0
SHP_22617,87532.7,2128734.5
SHP_22619,177834.5,4439926.0
SHP_22620,163460.2,4067234.5
SHP_22623,78029.6,1907795.0
SHP_22624,81027.1,1968301.6
SHP_22626,78336.8,1839919.8
SHP_22627,56842.0,1393158.0
SHP_22629,177190.8,4497453.5
SHP_22631,73538.9,1760503.3
SHP_22632,60982.0,1444603.0
SHP_22635,3212.5,64917.1
SHP_22637,197357.4,4897967.5
SHP_22638,172163.8,4375336.0
SHP_22640,93060.7,2228260.3
SHP_22642,56424.6,1385903.3
SHP_22643,73149.5,1766718.0
SHP_22645,87713.6,2071479.0
SHP_22648,170629.4,4347895.5
SHP_22654,82144.3,1943237.4
SHP_22655,70590.5,1712778.0
SHP_22656,87547.3,2120832.5
SHP_22659,149733.7,3814382.0
SHP_22662,195376.2,4855501.0
SHP_22663,86778.9,2057073.6
SHP_22666,86562.8,2054667.5
SHP_22668,86473.7,2099183.0
SHP_22669,117733.7,2827577.5
SHP_22671,87177.4,2061284.1
SHP_22672,87390.8,2067306.0
SHP_22675,194644.4,4840329.0
SHP_22677,78992.0,1873243.1
SHP_22679,84211.2,2001906.8
SHP_22680,91470.7,2243681.0
SHP_22682,171586.8,4362990.5
SHP_22683,122546.3,3113873.5
SHP_22685,172183.5,4375343.0
SHP_22686,91247.7,2192293.5
SHP_22689,213230.4,5339659.0
SHP_22695,82373.3,1998157.9
SHP_22700,78860.8,1849589.9
SHP_22701,92377.3,2216660.0
SHP_22702,172266.7,4380594.5
SHP_22703,77914.2,1863958.4
SHP_22705,89626.4,2115587.0
SHP_22706,67264.4,1620801.4
SHP_22709,93162.2,2206093.3
SHP_22710,75600.5,1818459.3
SHP_22714,85911.5,2040973.0
SHP_22716,81502.0,1977156.5
SHP_22719,86821.9,2057249.5
SHP_22722,74403.4,1796650.3
SHP_22723,87763.4,2077294.1
SHP_22726,171586.8,4362990.5
SHP_22727,91908.8,2161751.0
SHP_22728,94723.0,2219034.3
SHP_22730,168478.9,4279977.0
SHP_22732,87110.7,2060647.9
SHP_22733,180436.8,4569876.5
SHP_22734,80473.5,1909402.5
SHP_22736,67572.5,1572158.3
SHP_22741,134005.9,3317771.5
SHP_22744,90960.0,2159799.8
SHP_22748,81902.4,1964181.8
SHP_22750,163306.6,4064513.8
SHP_22754,168500.9,4284715.5
SHP_22755,172919.2,4398998.0
SHP_22756,173061.2,4400829.5
SHP_22757,80120.9,1900197.4
SHP_22762,81013.3,1923764.6
SHP_22763,39246.8,928655.6
SHP_22766,171896.7,4370185.5
SHP_22767,167864.8,4279334.0
SHP_22769,101499.9,2500471.0
SHP_22770,80475.6,1965258.0
SHP_22773,87913.3,2077666.8
SHP_22777,85265.8,2026644.6
SHP_22778,86479.5,2054301.5
SHP_22779,53317.3,1291420.6
SHP_22781,117772.1,2827706.5
SHP_22782,103101.3,2410915.0
SHP_22783,87489.4,2065877.5
SHP_22784,56486.4,1386377.1
SHP_22786,167294.8,4267258.0
SHP_22788,141468.0,3605951.3
SHP_22790,163460.2,4067234.5
SHP_22791,120998.1,3079142.3
SHP_22792,171483.3,4367100.0
SHP_22794,778.7,8752.2
SHP_22795,78336.8,1839919.8
SHP_22797,172347.8,4376207.0
SHP_22799,173326.0,4403960.5
SHP_22801,169110.8,4304160.0
SHP_22802,44860.2,1091896.3
SHP_22804,78922.7,1927550.9
SHP_22805,92206.9,2213339.8
SHP_22806,188418.4,4700250.5
SHP_22809,196625.8,4883347.0
SHP_22816,173958.8,4408568.5
SHP_22820,172671.0,4386968.5
SHP_22821,170739.1,4338215.0
SHP_22824,170209.1,4330604.0
SHP_22825,99359.3,2393344.5
SHP_22828,173381.0,4408221.5
SHP_22829,193558.2,4826939.0
SHP_22833,172332.6,4376352.0
SHP_22837,14052.9,325472.1
SHP_22840,81099.0,1935176.4
SHP_22841,109748.2,2641785.0
SHP_22844,84434.8,2007548.4
SHP_22845,110177.4,2691348.8
SHP_22846,173061.2,4400829.5
SHP_22847,173836.2,4406053.5
SHP_22849,94271.1,2230195.0
SHP_22850,76487.6,1803193.3
SHP_22852,128777.3,3165820.0
SHP_22853,195026.2,4847341.0
SHP_22854,81129.1,1931271.1
SHP_22856,170209.1,4330604.0
SHP_22857,82144.3,1949250.6
SHP_22859,90724.4,2184743.3
SHP_22860,850.7,13301.5
SHP_22870,170289.3,4337121.5
SHP_22871,177261.5,4496601.5
SHP_22872,93089.5,2236122.8
SHP_22875,127706.8,3153351.0
SHP_22876,173134.3,4402739.5
SHP_22879,87476.9,2120277.0
SHP_22880,195616.6,4877608.0
SHP_22882,65071.9,1555960.5
SHP_22884,87811.7,2131681.5
SHP_22887,90137.2,2168569.5
SHP_22888,69156.0,1676445.9
SHP_22890,87664.9,2070154.8
SHP_22891,1495.4,19088.7
SHP_22893,87913.3,2077666.8
SHP_22894,77331.8,1828251.4
SHP_22898,98360.6,2300644.5
SHP_22899,87763.4,2077294.1
SHP_22900,150354.6,3831387.3
SHP_22901,52586.7,1254448.9
SHP_22903,91708.8,2179308.5
SHP_22912,78650.3,1924442.3
SHP_22914,65278.0,1562072.1
SHP_22915,83096.4,2031381.0
SHP_22916,169979.3,4318523.5
SHP_22919,173483.4,4409680.0
SHP_22923,102169.1,2387835.5
SHP_22932,80162.7,1911463.8
SHP_22935,167851.8,4269894.5
SHP_22941,90771.7,2150526.0
SHP_22943,44500.3,1089583.0
SHP_22944,148865.8,3794637.0
SHP_22947,84071.5,1990579.6
SHP_22948,53357.1,1267846.9
SHP_22951,172193.3,4373384.0
SHP_22954,94232.1,2223476.5
SHP_22956,193747.0,4818324.0
SHP_22959,92304.5,2194288.8
SHP_22961,91600.8,2255657.0
SHP_22967,87611.6,2077548.9
SHP_22968,79979.5,1899247.6
SHP_22969,86785.5,2061830.3
SHP_22970,174750.0,4438428.5
SHP_22974,170529.1,4340769.0
SHP_22978,170236.3,4337753.5
SHP_22982,65807.7,1596977.5
SHP_22986,80371.0,1908570.3
SHP_22988,86821.9,2057249.5
SHP_22990,103433.0,2400438.5
SHP_22991,92340.6,2218156.5
SHP_22992,103745.1,2422988.5
SHP_22994,67310.7,1570122.0
SHP_22999,16100.2,381655.8
SHP_23000,1889.6,30846.3
SHP_23001,121895.2,3099665.0
SHP_23004,197758.6,4924174.0
SHP_23008,167078.7,4261610.0
SHP_23009,610.1,8144.5
SHP_23010,110177.4,2691348.8
SHP_23012,172598.9,4389538.0
SHP_23013,195536.7,4862808.0
SHP_23015,78336.8,1839919.8
SHP_23016,167128.6,4261510.0
SHP_23021,167546.5,4270888.0
SHP_23022,136969.7,3385226.8
SHP_23025,173350.7,4401299.5
SHP_23027,87860.2,2070680.4
SHP_23028,74403.4,1796650.3
SHP_23030,184703.3,4612771.0
SHP_23032,171586.8,4362990.5
SHP_23036,87110.7,2060647.9
SHP_23037,65485.7,1561498.9
SHP_23038,83096.4,2031381.0
SHP_23040,93040.4,2200174.8
SHP_23041,80854.4,1965694.4
SHP_23042,94271.1,2230195.0
SHP_23044,193926.9,4822062.0
SHP_23045,45069.4,1096665.0
SHP_23046,77161.2,1891946.1
SHP_23049,77914.2,1863958.4
SHP_23051,70856.4,1707005.9
SHP_23054,120998.1,3079142.3
SHP_23057,172432.8,4379968.5
SHP_23059,31454.0,769440.4
SHP_23062,173681.0,4402228.5
SHP_23065,81798.8,1943752.3
SHP_23067,93728.5,2216817.5
SHP_23069,164106.1,4097328.0
SHP_23071,90461.4,2116244.5
SHP_23072,2746.7,49360.3
SHP_23074,193826.8,4821049.0
SHP_23077,170236.3,4337753.5
SHP_23080,101848.2,2465624.0
SHP_23081,98855.2,2325344.0
SHP_23082,77873.1,1905764.9
SHP_23083,87865.5,2077176.8
SHP_23084,170916.2,4283878.0
SHP_23086,185250.4,4624340.5
SHP_23087,91913.8,2182015.0
SHP_23088,87276.4,2062161.0
SHP_23089,87131.8,2059568.6
SHP_23092,40321.9,943334.7
SHP_23094,172129.3,4375230.0
SHP_23095,97207.5,2341803.0
SHP_23097,87013.8,2059099.3
SHP_23099,110177.4,2691348.8
SHP_23104,195872.2,4878562.0
SHP_23106,77161.2,1891946.1
SHP_23110,91419.0,2169759.3
SHP_23111,89236.1,2165258.0
SHP_23112,79259.7,1868094.5
SHP_23119,198323.7,4926129.0
SHP_23120,103601.1,2414016.8
SHP_23121,16688.6,387642.5
SHP_23122,167524.4,4270140.0
SHP_23129,172066.7,4371408.5
SHP_23130,80253.4,1917410.6
SHP_23131,193920.3,4816645.0
SHP_23132,148817.7,3793737.5
SHP_23135,39246.8,928655.6
SHP_23137,98360.6,2300644.5
SHP_23139,89677.6,2114827.5
SHP_23145,172670.7,4385392.0
SHP_23147,86023.2,2043619.4
SHP_23149,120641.0,2924179.0
SHP_23152,88904.5,2141009.5
SHP_23153,51900.7,1228223.8
SHP_23159,86353.4,2052444.9
SHP_23162,90331.8,2149335.0
SHP_23164,86824.4,2060104.0
SHP_23166,100527.2,2350292.5
SHP_23168,80727.9,1928720.5
SHP_23170,170916.2,4283878.0
SHP_23171,208577.1,5254064.5
SHP_23176,56535.2,1386083.3
SHP_23178,133407.9,3267798.5
SHP_23182,194223.0,4827710.0
SHP_23183,87169.0,2059820.6
SHP_23184,92985.1,2174990.3
SHP_23185,77896.9,1899767.6
SHP_23186,73529.7,1760416.8
SHP_23187,163783.6,4075770.0
SHP_23188,92088.6,2211702.5
SHP_23189,191432.0,4769115.0
SHP_23191,64726.0,1545750.0
SHP_23193,103601.1,2414016.8
SHP_23195,149256.9,3787900.0
SHP_23196,36521.3,869559.9
SHP_23197,90027.8,2145906.3
SHP_23198,1770.3,29631.1
SHP_23199,167585.8,4273222.0
SHP_23201,173061.2,4400829.5
SHP_23205,86826.9,2058821.4
SHP_23210,173164.5,4402569.0
SHP_23211,91752.5,2175192.0
SHP_23212,172183.5,4375343.0
SHP_23213,93083.8,2201877.3
SHP_23214,92376.9,2165579.5
SHP_23217,87864.7,2078411.5
SHP_23218,173134.3,4402739.5
SHP_23219,20157.2,473578.3
SHP_23220,684.6,10086.5
SHP_23227,88580.3,2135884.8
SHP_23228,134735.3,3330798.3
SHP_23232,18584.5,408916.3
SHP_23235,77401.4,1816048.0
SHP_23238,44179.2,1076833.6
SHP_23239,217881.7,5451239.0
SHP_23241,91588.3,2172811.3
SHP_23242,79332.3,1866274.6
SHP_23244,18348.5,438012.2
SHP_23245,78217.1,1900383.0
SHP_23247,93478.5,2213355.3
SHP_23248,87560.5,2069568.8
SHP_23250,90658.8,2157382.3
SHP_23251,196939.3,4893510.0
SHP_23252,88904.5,2141009.5
SHP_23257,173162.8,4396578.5
SHP_23258,185258.1,4625183.0
SHP_23259,103101.3,2410915.0
SHP_23260,192270.9,4782959.0
SHP_23261,174269.4,4428713.5
SHP_23262,167623.5,4271424.0
SHP_23264,91406.0,2169968.3
SHP_23265,94171.3,2223053.8
SHP_23267,87763.4,2077294.1
SHP_23268,67489.4,1571522.8
SHP_23269,65119.6,1554186.0
SHP_23271,87570.2,2075911.0
SHP_23278,103708.9,2408143.0
SHP_23281,148614.5,3790311.8
SHP_23284,100588.7,2444662.5
SHP_23286,103148.6,2406874.3
SHP_23287,172003.5,4372249.0
SHP_23288,90658.8,2157382.3
SHP_23292,194812.1,4851714.0
SHP_23294,169476.6,4311308.0
SHP_23297,174802.8,4424763.5
SHP_23298,78336.8,1839919.8
SHP_23303,89511.5,2175120.0
SHP_23304,167585.8,4273222.0
SHP_23307,80253.4,1917410.6
SHP_23308,172999.2,4400358.0
SHP_23309,168863.1,4295618.0
SHP_23311,86123.5,2048434.8
SHP_23312,77433.7,1850886.9
SHP_23313,173361.3,4398700.0
SHP_23314,103126.4,2406769.5
SHP_23315,101586.0,2466076.5
SHP_23317,173414.5,4405841.5
SHP_23323,96049.5,2249824.0
SHP_23324,168665.4,4296115.0
SHP_23325,175238.3,4450556.5
SHP_23326,173204.4,4401019.5
SHP_23329,73498.7,1771430.5
SHP_23331,166356.7,4245465.0
SHP_23335,94232.1,2223476.5
SHP_23344,86704.4,2107340.8
SHP_23350,149360.4,3808708.0
SHP_23352,162055.7,4020219.3
SHP_23353,86177.7,2046732.6
SHP_23354,135977.7,3369447.8
SHP_23358,108363.6,2634033.3
SHP_23359,193786.8,4815130.0
SHP_23360,92666.2,2235409.5
SHP_23361,77689.1,1858974.1
SHP_23362,150233.7,3827672.8
SHP_23363,83984.6,1988526.5
SHP_23365,173689.0,4416071.0
SHP_23366,163176.9,4060632.0
SHP_23368,173252.4,4405728.0
SHP_23371,78154.6,1849040.4
SHP_23372,92950.7,2230600.0
SHP_23379,92259.7,2189667.8
SHP_23382,172369.2,4370743.5
SHP_23383,125200.6,3169937.0
SHP_23384,87094.7,2117296.8
SHP_23396,170509.0,4340987.5
SHP_23397,47316.7,1130918.8
SHP_23400,67572.5,1572158.3
SHP_23404,73085.3,1755859.6
SHP_23405,168476.3,4284710.0
SHP_23406,81763.7,1943551.0
SHP_23407,72913.5,1750890.6
SHP_23408,174044.9,4418694.0
SHP_23410,173690.0,4415490.0
SHP_23412,69970.7,1672033.5
SHP_23413,82507.6,1999341.0
SHP_23414,73393.9,1759204.5
SHP_23416,173740.0,4412645.5
SHP_23417,177311.2,4425076.0
SHP_23419,70681.8,1704502.5
SHP_23421,78336.8,1839919.8
SHP_23424,208666.1,5257821.5
SHP_23427,173803.7,4419081.0
SHP_23428,78829.7,1855841.8
SHP_23434,76755.0,1882879.8
SHP_23435,171060.6,4349993.0
SHP_23437,44179.2,1076833.6
SHP_23438,81902.4,1964181.8
SHP_23440,163171.9,4059178.5
SHP_23441,172183.5,4375343.0
SHP_23443,172432.8,4379968.5
SHP_23445,66600.8,1557070.4
SHP_23446,194622.0,4836245.0
SHP_23448,173370.9,4398669.5
SHP_23449,80367.9,1957374.4
SHP_23457,175636.9,4460058.0
SHP_23461,103126.4,2406769.5
SHP_23463,86479.5,2054301.5
SHP_23464,83308.0,1976196.4
SHP_23466,1124.6,17962.6
SHP_23468,192270.9,4782959.0
SHP_23469,193190.2,4803502.0
SHP_23473,171812.7,4370761.5
SHP_23476,56897.1,1394985.0
SHP_23478,208315.9,5250027.5
SHP_23479,194729.7,4839620.0
SHP_23480,194061.8,4825438.0
SHP_23482,173470.9,4404023.0
SHP_23484,80256.9,1912248.0
SHP_23485,102169.1,2387835.5
SHP_23486,84439.7,2001579.4
SHP_23488,173399.3,4408596.0
SHP_23489,194949.1,4855036.5
SHP_23490,16612.6,386713.4
SHP_23492,212283.1,5315632.0
SHP_23495,87318.0,2071927.5
SHP_23498,84115.5,1992559.5
SHP_23502,177834.5,4439926.0
SHP_23503,169749.3,4315168.5
SHP_23505,149798.0,3814636.5
SHP_23506,167524.6,4273296.0
SHP_23507,91477.1,2170697.0
SHP_23510,91637.1,2173529.8
SHP_23512,173958.8,4408568.5
SHP_23513,117025.5,2829658.5
SHP_23521,167350.1,4267530.0
SHP_23523,56733.8,1392515.0
SHP_23528,16100.2,381655.8
SHP_23531,170793.9,4348994.5
SHP_23532,175908.0,4467186.0
SHP_23533,163460.2,4067234.5
SHP_23536,53082.1,1273046.4
SHP_23537,193529.1,4811730.0
SHP_23540,93563.0,2208423.3
SHP_23542,196650.7,4892347.0
SHP_23543,167811.2,4276968.5
SHP_23544,174002.0,4423456.5
SHP_23545,168868.1,4291987.5
SHP_23546,177692.7,4435482.0
SHP_23548,171120.7,4353596.5
SHP_23550,148761.3,3789963.8
SHP_23551,197224.9,4914708.0
SHP_23553,99665.1,2472511.0
SHP_23554,80477.5,1908919.3
SHP_23556,82144.3,1949250.6
SHP_23557,173279.4,4405916.0
SHP_23559,87280.8,2060997.8
SHP_23561,85851.5,2044507.3
SHP_23562,173573.4,4408762.5
SHP_23564,217881.7,5451239.0
SHP_23566,88685.0,2152120.3
SHP_23568,90435.5,2225440.3
SHP_23575,196625.8,4883347.0
SHP_23577,84657.0,2013475.4
SHP_23579,19498.4,463420.7
SHP_23580,86727.4,2059633.0
SHP_23582,49028.3,1189000.0
SHP_23585,85138.3,2050275.5
SHP_23587,197063.9,4895227.0
SHP_23592,87679.4,2129949.5
SHP_23597,87611.6,2077548.9
SHP_23598,194383.4,4832908.0
SHP_23603,163256.6,4065622.0
SHP_23604,90978.9,2241819.5
SHP_23607,97354.9,2333688.5
SHP_23608,109748.2,2641785.0
SHP_23610,47316.7,1130918.8
SHP_23611,69715.3,1692180.5
SHP_23612,43637.8,1065627.0
SHP_23615,88557.8,2171559.3
SHP_23616,194383.4,4832908.0
SHP_23619,51604.7,1223458.0
SHP_23626,85225.3,2024002.5
SHP_23628,73592.0,1763829.1
SHP_23629,172371.3,4379592.0
SHP_23633,91835.7,2151743.0
SHP_23635,95208.2,2255594.3
SHP_23636,80893.7,1963949.8
SHP_23637,88789.6,2175470.0
SHP_23638,163473.8,4087180.0
SHP_23640,64599.2,1548719.8
SHP_23645,91902.4,2177570.3
SHP_23646,80728.8,1922264.3
SHP_23649,182959.0,4628030.0
SHP_23651,171611.4,4361466.0
SHP_23652,85911.5,2040973.0
SHP_23656,81480.6,1932136.3
SHP_23657,194812.1,4851714.0
SHP_23658,173381.0,4408221.5
SHP_23660,92212.2,2189399.8
SHP_23666,94271.1,2230195.0
SHP_23668,92487.4,2192302.8
SHP_23671,3212.5,64917.1
SHP_23678,163649.5,4069183.5
SHP_23679,149733.7,3814382.0
SHP_23680,173467.4,4410870.0
SHP_23681,31454.0,769440.4
SHP_23682,196599.3,4891312.0
SHP_23683,87763.4,2077294.1
SHP_23685,211767.9,5308135.0
SHP_23686,102965.7,2399060.0
SHP_23689,45054.1,1099022.0
SHP_23692,70451.5,1682642.5
SHP_23694,88685.0,2152120.3
SHP_23695,195560.8,4870634.0
SHP_23698,172844.2,4391044.5
SHP_23700,150288.4,3830779.5
SHP_23701,172685.5,4385817.0
SHP_23702,196624.9,4885531.0
SHP_23703,173204.4,4401019.5
SHP_23704,109748.2,2641785.0
SHP_23705,88685.0,2152120.3
SHP_23706,82921.7,1945558.4
SHP_23708,1860.4,31658.4
SHP_23710,172163.8,4375336.0
SHP_23712,1187.9,19531.7
SHP_23717,78102.8,1862004.6
SHP_23719,91362.2,2169040.5
SHP_23724,67517.7,1564380.8
SHP_23726,174457.4,4434390.5
SHP_23727,172458.3,4380454.0
SHP_23729,212676.3,5327736.5
SHP_23730,100588.7,2444662.5
SHP_23731,86023.2,2043619.4
SHP_23732,92340.6,2218156.5
SHP_23734,173641.3,4402024.5
SHP_23736,86785.5,2061830.3
SHP_23737,90724.4,2184743.3
SHP_23738,1000.2,16975.6
SHP_23739,47316.7,1130918.8
SHP_23741,178808.1,4462614.5
SHP_23745,91965.7,2210372.0
SHP_23749,86785.5,2061830.3
SHP_23751,100588.7,2444662.5
SHP_23752,195310.2,4852554.0
SHP_23754,169629.4,4317559.5
SHP_23756,79794.6,1895190.3
SHP_23757,101070.5,2452747.0
SHP_23759,81308.2,1974240.4
SHP_23760,200351.6,4964060.0
SHP_23761,53413.5,1267495.3
SHP_23767,103708.9,2408143.0
SHP_23769,85225.3,2024002.5
SHP_23772,195616.6,4877608.0
SHP_23773,71015.2,1709330.9
SHP_23776,100847.7,2425252.5
SHP_23780,116073.0,2785204.0
SHP_23782,90144.1,2146178.5
SHP_23785,92372.1,2185786.0
SHP_23786,86479.5,2054301.5
SHP_23787,96049.5,2249824.0
SHP_23789,79259.7,1868094.5
SHP_23791,94692.4,2267777.8
SHP_23794,92375.9,2185853.3
SHP_23799,80987.5,1969087.3
SHP_23800,91768.8,2175547.3
SHP_23801,75640.4,1819112.1
SHP_23805,168524.4,4285750.0
SHP_23807,71199.4,1723389.5
SHP_23809,163649.5,4069183.5
SHP_23810,170837.2,4345370.5
SHP_23812,1571.7,23542.7
SHP_23816,169647.8,4316821.0
SHP_23818,88686.8,2159722.0
SHP_23820,87247.5,2060901.5
SHP_23821,96049.5,2249824.0
SHP_23823,78943.8,1882426.6
SHP_23826,94567.2,2232467.0
SHP_23827,101996.2,2477948.0
SHP_23828,98360.6,2300644.5
SHP_23829,94271.1,2230195.0
SHP_23830,81480.6,1932136.3
SHP_23833,197224.9,4914708.0
SHP_23834,92005.0,2209536.0
SHP_23836,173740.0,4412645.5
SHP_23837,73962.5,1764703.9
SHP_23838,87460.8,2123040.5
SHP_23839,86405.2,2051871.4
SHP_23840,49028.3,1189000.0
SHP_23842,45681.4,1099249.3
SHP_23844,69835.3,1686211.9
SHP_23845,172129.3,4375230.0
SHP_23846,142162.2,3615541.5
SHP_23848,177692.7,4435482.0
SHP_23849,82144.3,1949250.6
SHP_23851,87235.0,2062587.0
SHP_23852,92563.9,2174903.3
SHP_23855,180848.8,4577112.0
SHP_23859,167128.6,4261510.0
SHP_23861,172683.9,4388490.5
SHP_23863,170793.9,4348994.5
SHP_23864,93341.6,2191753.0
SHP_23867,170573.0,4337416.0
SHP_23872,172416.4,4380671.0
SHP_23873,87013.8,2059099.3
SHP_23877,83312.4,1991370.0
SHP_23878,83549.1,1986415.1
SHP_23879,183356.1,4575577.0
SHP_23881,2543.7,45369.9
SHP_23882,90771.7,2150526.0
SHP_23883,67572.5,1572158.3
SHP_23884,173569.9,4407361.0
SHP_23887,170681.6,4346589.0
SHP_23888,95756.5,2259945.3
SHP_23891,23075.3,550604.9
SHP_23894,125212.4,3176548.5
SHP_23895,92412.0,2215828.8
SHP_23896,64963.8,1549998.3
SHP_23897,87131.8,2059568.6
SHP_23902,80468.3,1913374.9
SHP_23903,172003.5,4372249.0
SHP_23904,85652.8,2033507.0
SHP_23908,52586.7,1254448.9
SHP_23909,127671.8,3137145.0
SHP_23911,84754.0,1999330.8
SHP_23912,169599.9,4308053.0
SHP_23915,169626.1,4311825.5
SHP_23916,173540.5,4407187.0
SHP_23917,23122.6,552947.3
SHP_23920,133407.9,3267798.5
SHP_23921,91374.0,2199992.3
SHP_23922,78829.7,1855841.8
SHP_23923,93638.9,2215230.8
SHP_23925,172657.0,4386016.0
SHP_23928,86704.4,2107340.8
SHP_23931,92100.5,2180980.5
SHP_23935,65899.4,1581248.8
SHP_23938,185526.1,4629557.0
SHP_23939,174436.5,4432637.5
SHP_23941,169457.4,4315731.0
SHP_23942,141468.0,3605951.3
SHP_23943,173.6,1763.5
SHP_23946,23122.6,552947.3
SHP_23950,91471.0,2170870.5
SHP_23951,173116.8,4401529.0
SHP_23954,78943.8,1882426.6
SHP_23955,2259.2,42982.5
SHP_23956,102079.4,2477516.5
SHP_23957,101586.0,2466076.5
SHP_23960,84806.8,2020027.4
SHP_23964,103257.0,2504870.8
SHP_23965,181231.2,4519624.5
SHP_23967,57282.3,1404087.5
SHP_23968,148378.2,3781990.5
SHP_23972,148149.8,3779648.5
SHP_23974,87478.3,2073011.6
SHP_23978,3212.5,64917.1
SHP_23983,195938.5,4869927.0
SHP_23990,78336.8,1839919.8
SHP_23992,62484.6,1515588.6
SHP_23995,45174.0,1097778.1
SHP_23996,167284.8,4266330.0
SHP_23998,169629.4,4317559.5
SHP_24004,173350.7,4401299.5
SHP_24006,81502.0,1977156.5
SHP_24012,92107.6,2210788.3
SHP_24014,1592.9,23646.3
SHP_24017,93089.5,2236122.8
SHP_24018,166688.2,4253839.5
SHP_24021,175238.3,4450556.5
SHP_24022,168735.5,4297887.5
SHP_24026,74596.2,1813763.8
SHP_24030,174002.0,4423456.5
SHP_24031,86778.9,2057073.6
SHP_24033,90960.0,2159799.8
SHP_24035,173483.4,4409680.0
SHP_24036,18655.6,435403.9
SHP_24037,197758.6,4924174.0
SHP_24038,120641.0,2924179.0
SHP_24040,163899.8,4091302.5
SHP_24043,77472.5,1844451.6
SHP_24044,164255.5,4101964.3
SHP_24049,148696.0,3789227.0
SHP_24050,195915.6,4873406.0
SHP_24052,169437.1,4310411.0
SHP_24059,41339.1,974062.2
SHP_24062,71620.1,1676277.5
SHP_24063,167284.8,4266330.0
SHP_24070,86826.9,2058821.4
SHP_24073,185425.4,4618855.0
SHP_24075,185220.6,4623372.0
SHP_24077,171972.1,4369907.5
SHP_24078,87079.5,2059857.1
SHP_24079,87370.4,2064061.0
SHP_24081,87276.4,2062161.0
SHP_24082,54667.3,1288230.3
SHP_24083,87177.4,2061284.1
SHP_24086,77914.2,1863958.4
SHP_24089,195536.7,4862808.0
SHP_24091,192132.8,4761586.0
SHP_24092,195507.7,4869839.5
SHP_24093,73573.7,1764015.1
SHP_24095,2543.7,45369.9
SHP_24097,87126.6,2060921.3
SHP_24098,79356.4,1940187.8
SHP_24100,172453.7,4381539.0
SHP_24102,173067.3,4390322.0
SHP_24103,171586.8,4362990.5
SHP_24107,86405.2,2051871.4
SHP_24109,88938.0,2183129.0
SHP_24115,93612.1,2216903.0
SHP_24118,116073.0,2785204.0
SHP_24120,2259.2,42982.5
SHP_24123,170509.0,4340987.5
SHP_24127,167284.8,4266330.0
SHP_24128,193826.8,4821049.0
SHP_24130,172288.7,4383075.5
SHP_24133,80371.0,1908570.3
SHP_24139,83549.1,1986415.1
SHP_24142,87632.7,2068359.5
SHP_24144,172163.8,4375336.0
SHP_24154,172737.3,4394355.0
SHP_24158,3212.5,64917.1
SHP_24161,92206.9,2213339.8
SHP_24164,92376.9,2165579.5
SHP_24167,65205.5,1550628.6
SHP_24170,196443.2,4892748.0
SHP_24171,91521.8,2169613.3
SHP_24174,168665.4,4296115.0
SHP_24175,169626.1,4311825.5
SHP_24177,91997.0,2162333.8
SHP_24183,117029.4,2829456.5
SHP_24185,78956.8,1872088.4
SHP_24186,87707.7,2096081.3
SHP_24187,89197.3,2105349.3
SHP_24189,87419.6,2064113.5
SHP_24192,88686.8,2159722.0
SHP_24194,93083.8,2201877.3
SHP_24201,79794.6,1895190.3
SHP_24203,212676.3,5327736.5
SHP_24204,99742.2,2415866.0
SHP_24205,174457.4,4434390.5
SHP_24207,84606.6,2038919.0
SHP_24209,149667.0,3816064.5
SHP_24213,91579.2,2200682.5
SHP_24214,75997.0,1807425.9
SHP_24216,193780.8,4820274.0
SHP_24217,92088.6,2211702.5
SHP_24218,44355.6,1084065.1
SHP_24219,170209.1,4330604.0
SHP_24220,86777.6,2109936.5
SHP_24221,1592.9,23646.3
SHP_24222,175217.3,4452261.0
SHP_24225,150115.8,3821025.5
SHP_24226,73981.7,1771523.6
SHP_24228,77436.6,1848252.8
SHP_24229,170916.2,4283878.0
SHP_24230,94567.2,2232467.0
SHP_24232,65239.6,1553236.5
SHP_24233,163581.6,4088914.5
SHP_24235,172163.8,4375336.0
SHP_24238,91503.1,2201372.5
SHP_24239,172869.9,4388552.5
SHP_24242,87860.2,2070680.4
SHP_24248,87864.7,2078411.5
SHP_24250,172054.5,4376785.5
SHP_24252,148761.3,3789963.8
SHP_24254,177692.7,4435482.0
SHP_24256,87882.6,2130592.5
SHP_24261,172635.1,4384707.0
SHP_24262,95699.8,2257096.5
SHP_24263,144152.7,3530555.3
SHP_24264,55045.1,1292979.3
SHP_24268,194507.7,4829928.0
SHP_24274,177776.8,4437685.0
SHP_24276,49028.3,1189000.0
SHP_24278,88050.2,2076538.5
SHP_24279,75571.1,1819517.9
SHP_24281,53533.0,1296744.0
SHP_24283,89850.8,2143317.8
SHP_24287,2039.4,32855.0
SHP_24288,150509.2,3833237.3
SHP_24290,95257.2,2244398.0
SHP_24292,133997.1,3312204.0
SHP_24293,88723.2,2095116.3
SHP_24298,92376.9,2165579.5
SHP_24301,101477.9,2466295.0
SHP_24302,171125.2,4356727.5
SHP_24303,150509.2,3833237.3
SHP_24305,83312.4,1991370.0
SHP_24308,70856.4,1707005.9
SHP_24311,92800.9,2231153.5
SHP_24313,87490.0,2073130.8
SHP_24317,16934.5,396719.6
SHP_24318,84581.4,2011573.0
SHP_24319,195164.6,4857697.0
SHP_24320,90737.7,2156215.3
SHP_24322,87861.9,2104506.0
SHP_24324,81027.5,1945883.0
SHP_24327,87079.5,2059857.1
SHP_24328,90331.8,2149335.0
SHP_24330,77306.5,1846222.9
SHP_24332,95184.9,2244034.8
SHP_24333,177353.0,4412126.0
SHP_24334,86123.5,2048434.8
SHP_24337,86374.9,2097640.3
SHP_24341,87560.5,2069568.8
SHP_24342,172604.6,4390796.0
SHP_24344,163204.9,4059245.8
SHP_24346,41250.7,973571.6
SHP_24347,103101.6,2395488.8
SHP_24350,172521.1,4381632.0
SHP_24352,69452.7,1658347.3
SHP_24353,138.3,1270.2
SHP_24355,209284.8,5262091.5
SHP_24356,78102.8,1862004.6
SHP_24357,93089.5,2236122.8
SHP_24358,194492.4,4835437.0
SHP_24361,167811.2,4276968.5
SHP_24369,91470.7,2243681.0
SHP_24370,195966.0,4872931.0
SHP_24372,57112.2,1363462.1
SHP_24373,167128.6,4261510.0
SHP_24375,2543.7,45369.9
SHP_24378,86570.5,2054442.1
SHP_24379,99742.2,2415866.0
SHP_24380,91588.3,2172811.3
SHP_24381,87419.6,2064113.5
SHP_24382,75638.9,1821936.1
SHP_24383,48690.4,1168090.6
SHP_24386,87167.9,2069278.4
SHP_24387,103659.2,2423056.0
SHP_24390,173414.5,4405841.5
SHP_24391,70036.1,1698114.8
SHP_24395,172692.4,4386647.0
SHP_24397,83069.6,2032577.4
SHP_24398,73078.1,1756064.1
SHP_24399,153318.5,3722756.0
SHP_24400,144084.5,3529373.5
SHP_24401,86479.5,2054301.5
SHP_24402,175320.1,4376757.0
SHP_24404,91430.7,2196804.0
SHP_24406,73492.8,1760280.8
SHP_24407,78755.6,1925393.0
SHP_24410,73859.8,1784256.0
SHP_24412,162847.3,4052841.0
SHP_24414,81021.8,1970368.9
SHP_24415,185066.5,4615304.5
SHP_24416,1770.3,29631.1
SHP_24417,91645.1,2172881.0
SHP_24418,172326.4,4378835.5
SHP_24421,101477.9,2466295.0
SHP_24424,85652.8,2033507.0
SHP_24425,91997.0,2162333.8
SHP_24428,170239.6,4334889.0
SHP_24430,59540.2,1450323.6
SHP_24435,84581.4,2011573.0
SHP_24438,2430.6,45173.2
SHP_24439,87792.7,2077428.6
SHP_24440,195990.7,4879869.0
SHP_24444,173164.5,4402569.0
SHP_24447,69716.5,1692173.8
SHP_24448,133801.4,3278150.8
SHP_24451,215154.6,5329868.0
SHP_24456,96948.7,2292251.0
SHP_24459,91902.4,2177570.3
SHP_24461,92398.1,2186221.0
SHP_24463,91654.3,2174511.0
SHP_24466,177850.7,4439593.0
SHP_24467,93478.5,2213355.3
SHP_24468,122908.7,3119603.8
SHP_24469,117952.0,2828967.5
SHP_24471,86826.9,2058821.4
SHP_24472,103601.1,2414016.8
SHP_24473,174044.9,4418694.0
SHP_24480,178904.7,4464360.0
SHP_24481,59414.4,1436694.5
SHP_24482,122546.3,3113873.5
SHP_24483,173656.8,4413046.5
SHP_24484,83676.9,1984034.5
SHP_24490,173052.2,4396506.5
SHP_24493,172416.4,4380671.0
SHP_24494,90429.2,2225724.8
SHP_24498,87341.8,2071180.6
SHP_24499,173061.2,4400829.5
SHP_24501,91789.0,2175739.3
SHP_24502,77914.2,1863958.4
SHP_24504,294.2,2765.0
SHP_24510,103659.2,2423056.0
SHP_24512,77771.4,1905568.4
SHP_24514,173641.3,4402024.5
SHP_24519,79887.1,1900578.8
SHP_24520,86430.4,2053376.0
SHP_24521,167524.6,4273296.0
SHP_24522,192129.3,4761562.0
SHP_24525,125210.2,3177198.5
SHP_24526,171812.7,4370761.5
SHP_24527,195289.3,4867985.0
SHP_24531,81020.6,1966173.8
SHP_24532,69752.8,1691753.9
SHP_24533,172453.7,4381539.0
SHP_24534,122908.7,3119603.8
SHP_24538,86051.1,2030885.3
SHP_24539,100125.4,2423706.5
SHP_24540,117391.0,2829636.3
SHP_24542,86858.2,2057529.9
SHP_24543,64.8,514.5
SHP_24545,167546.5,4270888.0
SHP_24547,92661.9,2170086.8
SHP_24548,172751.5,4393148.5
SHP_24549,39928.1,937387.4
SHP_24551,86430.4,2053376.0
SHP_24552,194644.4,4840329.0
SHP_24556,87904.7,2081680.8
SHP_24561,194183.9,4828086.0
SHP_24563,177105.1,4486755.5
SHP_24564,103101.3,2410915.0
SHP_24567,70856.4,1707005.9
SHP_24570,172176.2,4373438.5
SHP_24571,215154.6,5329868.0
SHP_24572,90150.4,2120308.3
SHP_24577,168863.1,4295618.0
SHP_24578,49028.3,1189000.0
SHP_24580,1832.8,30080.7
SHP_24581,170289.3,4337121.5
SHP_24582,65184.1,1552303.9
SHP_24583,116073.0,2785204.0
SHP_24585,91902.4,2177570.3
SHP_24587,173565.0,4405845.5
SHP_24589,86715.4,2055850.3
SHP_24590,177834.5,4439926.0
SHP_24592,82315.2,1969944.1
SHP_24595,83676.9,1984034.5
SHP_24597,133852.3,3290604.0
SHP_24598,77897.8,1899777.9
SHP_24600,75955.2,1815917.0
SHP_24602,193826.8,4821049.0
SHP_24603,65450.5,1561218.8
SHP_24604,86665.1,2058746.3
SHP_24608,95177.4,2254742.3
SHP_24612,183359.0,4575407.0
SHP_24616,79743.4,1895613.0
SHP_24617,73185.0,1765881.0
SHP_24618,172651.8,4382966.0
SHP_24619,209122.2,5264171.0
SHP_24621,88487.9,2154792.3
SHP_24622,87510.8,2117225.0
SHP_24624,91308.7,2167691.0
SHP_24625,84730.2,2041788.4
SHP_24626,83523.7,1979938.0
SHP_24627,44968.4,1098476.0
SHP_24628,193902.1,4822433.0
SHP_24629,61198.9,1474162.5
SHP_24630,87104.4,2060725.8
SHP_24635,16259.8,382068.9
SHP_24637,194472.1,4834689.5
SHP_24639,86289.4,2097445.8
SHP_24641,77191.6,1847792.8
SHP_24645,44652.2,1091999.4
SHP_24646,87248.8,2060910.6
SHP_24647,65278.0,1562072.1
SHP_24648,100358.8,2437151.0
SHP_24658,91693.5,2174712.5
SHP_24660,92212.2,2189399.8
SHP_24663,87373.1,2065933.9
SHP_24664,87096.5,2059125.6
SHP_24671,64631.4,1574633.3
SHP_24674,86826.9,2058821.4
SHP_24677,80371.0,1908570.3
SHP_24679,88107.2,2139925.5
SHP_24688,599.9,8037.3
SHP_24690,167623.5,4271424.0
SHP_24693,80728.8,1922264.3
SHP_24694,173727.0,4414553.0
SHP_24695,172635.1,4384707.0
SHP_24697,174044.9,4418694.0
SHP_24699,213230.4,5339659.0
SHP_24700,92532.9,2220075.3
SHP_24701,91357.8,2241886.3
SHP_24706,148761.3,3789963.8
SHP_24708,103016.9,2398663.8
SHP_24712,194812.1,4851714.0
SHP_24713,171935.8,4375727.0
SHP_24714,99477.7,2423219.0
SHP_24715,79743.4,1895613.0
SHP_24716,87786.3,2097026.4
SHP_24718,78106.2,1911858.5
SHP_24720,87247.5,2060901.5
SHP_24721,134717.4,3329708.8
SHP_24722,193080.5,4794258.0
SHP_24723,167623.5,4271424.0
SHP_24724,163306.6,4064513.8
SHP_24726,78992.0,1873243.1
SHP_24728,91871.2,2178194.5
SHP_24730,170539.0,4342436.5
SHP_24732,81238.3,1929682.3
SHP_24734,80521.9,1961304.1
SHP_24735,173958.8,4408568.5
SHP_24736,53549.0,1296089.8
SHP_24738,170333.8,4302886.0
SHP_24741,89499.3,2114492.5
SHP_24746,163445.5,4064612.3
SHP_24748,193874.5,4871251.5
SHP_24752,194050.3,4840453.0
SHP_24754,178275.9,4429654.0
SHP_24755,45348.6,1102088.4
SHP_24756,174044.9,4418694.0
SHP_24762,90027.8,2145906.3
SHP_24763,778.7,8752.2
SHP_24764,173163.8,4402602.0
SHP_24767,170629.4,4347895.5
SHP_24768,80444.0,1909085.1
SHP_24771,163104.5,4058752.8
SHP_24772,59540.2,1450323.6
SHP_24778,191688.9,4765850.0
SHP_24781,41339.1,974062.2
SHP_24785,87913.3,2077666.8
SHP_24787,167553.8,4271975.0
SHP_24789,81013.3,1923764.6
SHP_24793,86715.4,2055850.3
SHP_24795,69996.8,1697505.1
SHP_24798,90515.8,2153873.3
SHP_24800,103016.9,2398663.8
SHP_24801,173540.5,4407187.0
SHP_24803,91362.2,2169040.5
SHP_24806,171943.5,4365970.0
SHP_24807,93612.1,2216903.0
SHP_24810,171879.9,4372447.0
SHP_24811,88938.0,2183129.0
SHP_24812,154385.4,3617755.0
SHP_24816,87390.9,2064551.3
SHP_24817,134735.3,3330798.3
SHP_24818,80825.3,1966835.8
SHP_24820,90927.6,2160136.5
SHP_24823,173105.9,4399768.0
SHP_24824,90313.6,2148606.0
SHP_24825,173991.6,4415232.0
SHP_24826,86023.2,2043619.4
SHP_24828,177190.8,4497453.5
SHP_24829,42847.4,1032140.8
SHP_24831,101996.2,2477948.0
SHP_24833,57190.2,1403118.3
SHP_24837,78079.0,1912749.0
SHP_24838,89207.9,2167255.3
SHP_24841,173589.6,4411153.0
SHP_24842,169852.2,4310962.0
SHP_24844,168665.4,4296115.0
SHP_24847,79539.8,1941902.6
SHP_24852,43024.2,1053970.9
SHP_24853,65578.7,1588698.3
SHP_24856,87069.0,2059680.9
SHP_24857,134005.9,3317771.5
SHP_24858,61410.3,1488594.6
SHP_24860,16612.6,386713.4
SHP_24861,110177.4,2691348.8
SHP_24862,86826.9,2058821.4
SHP_24864,197026.8,4896959.0
SHP_24865,87751.7,2070180.5
SHP_24867,85851.5,2044507.3
SHP_24869,91588.3,2172811.3
SHP_24870,82684.7,1986729.0
SHP_24872,48812.6,1174470.5
SHP_24874,77873.0,1905763.3
SHP_24877,77442.7,1843995.9
SHP_24878,135977.7,3369447.8
SHP_24880,90618.1,2153724.3
SHP_24881,169190.5,4308427.0
SHP_24884,70590.5,1712778.0
SHP_24886,170333.8,4302886.0
SHP_24890,133729.2,3312231.0
SHP_24891,91732.4,2176460.3
SHP_24895,79332.3,1866274.6
SHP_24896,16208.5,379319.8
SHP_24897,56535.2,1386083.3
SHP_24899,174197.6,4425868.0
SHP_24901,82705.5,1958151.8
SHP_24903,92169.8,2180533.3
SHP_24904,91430.7,2196804.0
SHP_24906,209504.2,5270222.5
SHP_24907,177278.4,4497451.0
SHP_24908,87864.7,2078411.5
SHP_24909,92316.0,2191081.5
SHP_24910,80468.3,1913374.9
SHP_24911,81646.2,1981588.0
SHP_24915,90771.7,2150526.0
SHP_24917,167284.8,4266330.0
SHP_24918,196697.9,4892069.0
SHP_24920,87240.0,2116422.0
SHP_24921,86576.9,2056936.6
SHP_24923,88610.2,2173547.5
SHP_24924,87865.5,2077176.8
SHP_24925,87167.9,2069278.4
SHP_24927,156446.4,3998090.0
SHP_24928,73950.0,1772901.8
SHP_24929,39951.8,939579.7
SHP_24930,193510.9,4806965.0
SHP_24932,94643.5,2221305.0
SHP_24935,116073.0,2785204.0
SHP_24937,75933.5,1778988.8
SHP_24939,196697.9,4892069.0
SHP_24940,87235.0,2062587.0
SHP_24942,86282.3,2050475.4
SHP_24943,16150.9,371510.9
SHP_24944,195205.8,4850724.0
SHP_24945,64963.8,1549998.3
SHP_24946,83096.4,2031381.0
SHP_24947,194678.0,4838234.0
SHP_24951,90313.6,2148606.0
SHP_24952,167561.7,4272803.5
SHP_24953,91579.2,2200682.5
SHP_24956,173326.0,4403960.5
SHP_24958,172582.3,4384413.0
SHP_24959,54667.3,1288230.3
SHP_24961,171361.4,4358007.0
SHP_24962,85006.6,2023396.0
SHP_24966,116073.0,2785204.0
SHP_24967,149798.0,3814636.5
SHP_24968,89349.8,2104610.5
SHP_24969,172347.8,4376207.0
SHP_24970,100564.1,2349125.8
SHP_24974,192062.4,4771713.0
SHP_24976,99477.7,2423219.0
SHP_24977,84921.1,2022085.5
SHP_24979,87453.4,2075206.6
SHP_24980,40501.8,957360.7
SHP_24990,86538.9,2041227.5
SHP_24991,86440.7,2053061.1
SHP_24992,177284.1,4497850.0
SHP_24993,93051.9,2200129.3
SHP_24995,117330.2,2836235.0
SHP_24997,17982.9,401355.7
SHP_24999,62600.5,1465854.3
SHP_25001,218643.7,5390623.0
SHP_25002,42665.9,1041188.6
SHP_25004,87864.7,2078411.5
SHP_25005,85960.7,2042263.9
SHP_25007,48690.4,1168090.6
SHP_25008,173740.0,4412645.5
SHP_25009,90618.1,2153724.3
SHP_25010,171586.8,4362990.5
SHP_25011,171936.5,4365378.5
SHP_25012,91636.2,2173063.5
SHP_25016,91459.2,2170686.8
SHP_25017,53285.4,1263904.9
SHP_25020,150295.1,3830847.0
SHP_25021,97029.5,2297215.3
SHP_25022,142162.2,3615541.5
SHP_25025,45174.0,1097778.1
SHP_25026,171972.1,4369907.5
SHP_25027,53640.1,1281710.5
SHP_25028,173552.0,4409172.5
SHP_25029,92772.3,2195220.5
SHP_25030,133074.1,3221484.0
SHP_25031,171839.6,4371806.5
SHP_25032,93912.5,2208722.3
SHP_25035,79339.4,1892750.5
SHP_25036,45448.8,1106285.8
SHP_25040,169725.8,4317982.0
SHP_25041,173116.8,4401529.0
SHP_25042,116073.0,2785204.0
SHP_25043,99359.3,2393344.5
SHP_25044,93630.1,2210209.5
SHP_25046,98535.3,2325330.8
SHP_25050,101983.0,2477619.8
SHP_25055,80256.9,1912248.0
SHP_25056,80728.8,1922264.3
SHP_25057,87861.9,2104506.0
SHP_25058,88882.3,2141133.8
SHP_25059,83312.4,1991370.0
SHP_25061,148863.4,3794117.5
SHP_25063,70134.4,1699484.0
SHP_25066,83075.6,1963733.0
SHP_25067,87341.8,2071180.6
SHP_25070,167330.3,4267609.0
SHP_25071,70036.1,1698114.8
SHP_25076,59499.0,1447937.3
SHP_25079,172416.4,4380671.0
SHP_25080,76625.2,1876725.8
SHP_25081,78922.7,1927550.9
SHP_25083,83735.6,1987803.5
SHP_25086,97871.8,2247834.5
SHP_25087,78887.9,1928722.0
SHP_25088,173740.0,4412645.5
SHP_25092,144212.5,3532201.8
SHP_25093,92249.5,2210390.0
SHP_25094,163473.8,4087180.0
SHP_25095,95004.9,2287042.3
SHP_25096,202919.9,4535831.0
SHP_25097,85911.5,2040973.0
SHP_25098,133572.9,3271830.0
SHP_25102,44542.2,1086642.5
SHP_25103,87128.9,2059317.1
SHP_25105,172826.4,4395997.0
SHP_25106,184890.8,4616653.5
SHP_25113,133672.4,3309977.8
SHP_25114,87167.9,2069278.4
SHP_25115,197240.1,4911337.0
SHP_25116,90622.6,2228092.5
SHP_25117,91018.5,2127008.0
SHP_25120,72074.9,1733740.9
SHP_25123,71606.9,1703274.0
SHP_25125,195118.2,4801697.5
SHP_25131,45069.4,1096665.0
SHP_25132,133572.9,3271830.0
SHP_25133,173240.9,4405033.0
SHP_25134,81168.5,1925082.3
SHP_25135,77191.6,1847792.8
SHP_25136,1252.3,19122.0
SHP_25141,97658.9,2303500.0
SHP_25142,92377.3,2216660.0
SHP_25143,67819.8,1577418.5
SHP_25145,91430.7,2196804.0
SHP_25146,92950.7,2230600.0
SHP_25150,92259.7,2189667.8
SHP_25153,133801.4,3278150.8
SHP_25154,87615.4,2122925.8
SHP_25157,164122.6,4095973.8
SHP_25159,94567.2,2232467.0
SHP_25160,77401.4,1816048.0
SHP_25161,83069.6,2032577.4
SHP_25163,19498.4,463420.7
SHP_25164,93107.2,2204778.8
SHP_25165,81806.3,1986033.4
SHP_25166,168500.9,4284715.5
SHP_25169,79342.4,1892792.9
SHP_25170,86773.1,2058313.1
SHP_25171,80272.9,1915237.6
SHP_25172,172183.5,4375343.0
SHP_25173,193747.0,4818324.0
SHP_25174,169511.0,4314872.5
SHP_25176,45448.8,1106285.8
SHP_25178,90331.8,2149335.0
SHP_25179,87904.1,2022149.5
SHP_25181,2436.2,46215.1
SHP_25184,148378.2,3781990.5
SHP_25191,73149.5,1766718.0
SHP_25198,56391.3,1385839.3
SHP_25199,193948.6,4821900.0
SHP_25200,117029.4,2829456.5
SHP_25203,197062.8,4903091.5
SHP_25206,172657.0,4386016.0
SHP_25207,194168.0,4842777.0
SHP_25214,193100.1,4816724.0
SHP_25219,65278.0,1562072.1
SHP_25221,17982.9,401355.7
SHP_25222,78918.4,1881828.1
SHP_25223,101901.3,2409683.0
SHP_25225,171980.2,4370861.5
SHP_25227,154385.4,3617755.0
SHP_25231,715.3,10292.0
SHP_25232,91088.7,2186005.3
SHP_25233,212283.1,5315632.0
SHP_25235,91693.4,2174711.3
SHP_25237,65278.0,1562072.1
SHP_25243,81502.0,1977156.5
SHP_25246,172999.2,4400358.0
SHP_25250,82951.5,1970182.8
SHP_25251,86177.7,2046732.6
SHP_25255,193780.8,4820274.0
SHP_25258,68365.7,1663063.9
SHP_25259,99304.8,2319118.5
SHP_25260,92377.3,2216660.0
SHP_25261,180748.7,4574409.5
SHP_25262,97551.0,2306906.8
SHP_25263,195164.6,4857697.0
SHP_25265,184979.1,4617282.0
SHP_25268,763.6,11584.6
SHP_25269,87664.9,2070154.8
SHP_25271,69907.1,1692869.0
SHP_25273,71304.0,1726289.8
SHP_25277,169516.9,4314308.0
SHP_25278,117957.6,2830471.0
SHP_25279,91708.8,2179308.5
SHP_25281,80477.5,1908919.3
SHP_25282,84071.5,1990579.6
SHP_25286,88752.2,2094678.8
SHP_25288,19498.4,463420.7
SHP_25293,174995.5,4427903.5
SHP_25294,70203.5,1700286.4
SHP_25299,85974.2,2043703.0
SHP_25300,57112.2,1363462.1
SHP_25303,204324.8,5102045.0
SHP_25306,92100.5,2180980.5
SHP_25309,172878.2,4397909.0
SHP_25310,45397.0,1104077.1
SHP_25311,86858.2,2057529.9
SHP_25315,87341.8,2071180.6
SHP_25324,170916.2,4283878.0
SHP_25325,148696.0,3789227.0
SHP_25327,87605.6,2124796.8
SHP_25328,87235.0,2062587.0
SHP_25330,166688.2,4253839.5
SHP_25331,148614.5,3790311.8
SHP_25333,196624.9,4885531.0
SHP_25334,185066.5,4615304.5
SHP_25335,86773.1,2058313.1
SHP_25336,169330.0,4312990.5
SHP_25338,57234.8,1402601.5
SHP_25340,83007.4,1977817.5
SHP_25341,199141.9,4913641.0
SHP_25342,171773.2,4365665.0
SHP_25344,67468.5,1563657.3
SHP_25346,133682.7,3310257.3
SHP_25347,65785.6,1567033.5
SHP_25348,92088.6,2211702.5
SHP_25349,96812.3,2268387.3
SHP_25350,87280.8,2060997.8
SHP_25354,166356.7,4245465.0
SHP_25357,88107.2,2139925.5
SHP_25358,16259.8,382068.9
SHP_25360,174990.6,4429739.0
SHP_25363,89229.9,2189894.8
SHP_25364,86874.1,2061619.3
SHP_25367,134826.8,3334359.5
SHP_25368,91246.7,2194209.3
SHP_25369,211863.8,5323735.5
SHP_25371,87419.2,2071980.8
SHP_25373,95184.9,2244034.8
SHP_25377,173649.1,4402949.0
SHP_25378,85457.0,2031283.8
SHP_25379,169783.3,4323807.5
SHP_25380,103030.2,2402320.3
SHP_25382,92480.9,2192203.8
SHP_25383,86824.4,2060104.0
SHP_25385,87373.1,2065933.9
SHP_25386,150115.8,3821025.5
SHP_25387,116073.0,2785204.0
SHP_25388,175238.3,4450556.5
SHP_25393,284.6,2904.3
SHP_25394,85911.5,2040973.0
SHP_25397,84211.2,2001906.8
SHP_25400,173535.8,4411756.5
SHP_25401,148761.3,3789963.8
SHP_25403,100358.8,2437151.0
SHP_25407,90429.2,2225724.8
SHP_25408,122190.1,3106381.5
SHP_25409,86430.4,2053376.0
SHP_25411,80066.7,1924551.3
SHP_25412,159071.1,4055039.3
SHP_25414,103311.7,2438278.5
SHP_25419,173573.4,4408762.5
SHP_25420,79979.5,1899247.6
SHP_25421,2039.4,32855.0
SHP_25423,171935.8,4375727.0
SHP_25428,84699.6,2019221.1
SHP_25429,87605.6,2124796.8
SHP_25431,168524.4,4285750.0
SHP_25432,83978.7,1989657.8
SHP_25433,88387.4,2078108.1
SHP_25434,67613.8,1564632.6
SHP_25437,92005.0,2209536.0
SHP_25438,20157.2,473578.3
SHP_25439,172066.7,4371408.5
SHP_25440,163371.2,4063212.0
SHP_25443,80072.0,1912150.8
SHP_25444,67572.5,1572158.3
SHP_25445,175320.7,4450920.0
SHP_25447,173414.5,4405841.5
SHP_25448,92249.5,2210390.0
SHP_25449,79794.6,1895190.3
SHP_25450,93478.5,2213355.3
SHP_25456,134735.3,3330798.3
SHP_25460,83537.9,1987743.0
SHP_25463,84806.8,2020027.4
SHP_25467,61634.2,1490291.5
SHP_25472,82013.9,1951721.8
SHP_25473,64401.7,1560691.0
SHP_25475,86349.0,2051045.4
SHP_25480,169139.5,4310200.0
SHP_25481,171882.3,4366468.5
SHP_25487,67556.3,1633267.3
SHP_25489,51679.3,1228268.8
SHP_25490,172914.2,4398335.0
SHP_25491,168932.1,4300549.0
SHP_25495,196443.2,4892748.0
SHP_25496,167826.8,4279158.0
SHP_25497,173589.6,4411153.0
SHP_25504,149256.9,3787900.0
SHP_25506,101983.0,2477619.8
SHP_25507,850.7,13301.5
SHP_25511,90027.8,2145906.3
SHP_25514,56238.0,1348214.0
SHP_25515,173902.9,4413256.5
SHP_25518,173991.6,4415232.0
SHP_25522,133074.1,3221484.0
SHP_25524,85652.8,2033507.0
SHP_25525,92377.9,2185889.8
SHP_25530,91708.8,2179308.5
SHP_25531,45174.0,1097778.1
SHP_25532,90878.6,2190665.3
SHP_25534,67297.5,1568506.9
SHP_25535,170289.3,4337121.5
SHP_25536,167325.3,4267762.0
SHP_25537,177402.6,4497889.5
SHP_25539,97433.0,2294670.3
SHP_25541,168652.3,4286894.0
SHP_25542,86997.1,2109822.5
SHP_25543,74596.2,1813763.8
SHP_25548,173410.1,4402571.0
SHP_25550,99226.4,2414264.3
SHP_25551,77170.4,1841568.4
SHP_25552,100810.8,2357501.0
SHP_25553,65184.1,1552303.9
SHP_25555,71514.5,1703075.8
SHP_25556,45069.4,1096665.0
SHP_25557,57234.8,1402601.5
SHP_25558,195164.6,4857697.0
SHP_25559,173279.4,4405916.0
SHP_25560,86123.5,2048434.8
SHP_25561,79356.4,1940187.8
SHP_25566,90712.9,2154108.3
SHP_25569,134725.6,3315278.5
SHP_25570,40501.8,957360.7
SHP_25574,2543.7,45369.9
SHP_25576,169749.3,4315168.5
SHP_25577,71514.5,1703075.8
SHP_25578,133682.7,3310257.3
SHP_25579,79794.6,1895190.3
SHP_25585,79518.2,1895920.1
SHP_25591,148291.0,3772630.5
SHP_25592,90547.3,2132217.0
SHP_25595,70372.7,1703840.0
SHP_25596,94271.1,2230195.0
SHP_25597,173069.3,4391651.0
SHP_25598,88107.2,2139925.5
SHP_25599,87390.8,2067306.0
SHP_25601,86257.7,2039202.5
SHP_25603,100572.8,2347239.0
SHP_25606,136835.7,3385916.0
SHP_25608,87751.7,2070180.5
SHP_25615,170529.1,4340769.0
SHP_25617,57888.3,1406661.3
SHP_25624,168478.9,4279977.0
SHP_25625,100588.7,2444662.5
SHP_25626,98360.6,2300644.5
SHP_25627,77914.2,1863958.4
SHP_25628,44542.2,1086642.5
SHP_25634,127382.0,3132704.5
SHP_25635,15587.6,372493.1
SHP_25636,90960.0,2159799.8
SHP_25637,170523.0,4336624.0
SHP_25638,173727.0,4414553.0
SHP_25639,170837.2,4345370.5
SHP_25640,196624.9,4885531.0
SHP_25641,91997.0,2162333.8
SHP_25642,174044.9,4418694.0
SHP_25643,67819.8,1577418.5
SHP_25646,44851.0,1090979.4
SHP_25647,91835.7,2151743.0
SHP_25650,86778.9,2057073.6
SHP_25653,177568.4,4436464.5
SHP_25660,70827.0,1706951.0
SHP_25661,196590.3,4891064.0
SHP_25663,88336.8,2096159.3
SHP_25664,209306.4,5267616.0
SHP_25669,90393.0,2150675.0
SHP_25673,168500.9,4284715.5
SHP_25675,174436.5,4432637.5
SHP_25677,172163.8,4375336.0
SHP_25678,42650.6,1032980.1
SHP_25680,102078.1,2477533.3
SHP_25682,128777.3,3165820.0
SHP_25683,194622.0,4836245.0
SHP_25686,1517.9,21515.9
SHP_25688,148248.8,3781957.5
SHP_25690,93151.7,2203039.3
SHP_25692,73438.3,1762689.4
SHP_25693,169436.2,4304029.0
SHP_25695,79794.6,1895190.3
SHP_25699,87126.6,2060921.3
SHP_25700,23122.6,552947.3
SHP_25701,2543.7,45369.9
SHP_25702,79887.1,1900578.8
SHP_25706,134725.6,3315278.5
SHP_25707,89236.1,2165258.0
SHP_25708,85960.7,2042263.9
SHP_25710,192072.0,4765440.0
SHP_25712,95209.9,2300222.3
SHP_25713,88890.7,2163271.3
SHP_25716,163170.6,4061651.0
SHP_25718,90512.2,2153502.0
SHP_25719,148936.7,3795404.8
SHP_25721,177278.4,4497451.0
SHP_25725,87478.3,2073011.6
SHP_25726,67433.4,1623845.0
SHP_25728,88066.9,2072551.5
SHP_25730,99665.1,2472511.0
SHP_25732,171271.7,4342834.5
SHP_25734,80538.6,1909604.8
SHP_25736,171690.3,4369662.0
SHP_25737,86665.1,2058746.3
SHP_25738,91817.8,2176293.8
SHP_25739,173836.2,4406053.5
SHP_25740,78034.4,1911679.5
SHP_25745,173232.4,4404259.5
SHP_25746,80239.9,1909812.8
SHP_25751,90515.8,2153873.3
SHP_25752,87828.9,2129325.0
SHP_25755,177568.4,4436464.5
SHP_25759,95392.8,2245113.5
SHP_25762,47323.5,1135195.1
SHP_25763,93803.1,2179640.0
SHP_25764,71510.6,1730180.4
SHP_25765,172919.2,4398998.0
SHP_25766,72522.7,1747928.3
SHP_25768,100847.7,2425252.5
SHP_25774,86819.0,2058796.5
SHP_25776,83308.0,1976196.4
SHP_25778,173399.3,4408596.0
SHP_25779,171569.6,4368520.5
SHP_25780,19498.4,463420.7
SHP_25784,178904.7,4464360.0
SHP_25786,170618.8,4343961.5
SHP_25787,99359.3,2393344.5
SHP_25789,133997.1,3312204.0
SHP_25791,89236.1,2165258.0
SHP_25795,192062.4,4771713.0
SHP_25796,93089.5,2236122.8
SHP_25797,196796.4,4897672.0
SHP_25800,86826.9,2058821.4
SHP_25803,170209.1,4330604.0
SHP_25805,91827.1,2177932.0
SHP_25807,77808.4,1860493.1
SHP_25810,191688.9,4765850.0
SHP_25813,163899.8,4091302.5
SHP_25816,128001.9,3158335.0
SHP_25820,97029.5,2297215.3
SHP_25821,212909.4,5337524.0
SHP_25827,87928.9,2133483.3
SHP_25831,92340.6,2218156.5
SHP_25832,84356.6,2009980.8
SHP_25833,43541.8,1062889.6
SHP_25837,86570.5,2054442.1
SHP_25839,91161.7,2163680.5
SHP_25844,86771.0,2057062.5
SHP_25847,88685.0,2152120.3
SHP_25849,197130.7,4891644.0
SHP_25850,170289.3,4337121.5
SHP_25852,77305.7,1846212.3
SHP_25853,173483.4,4409680.0
SHP_25858,86858.2,2057529.9
SHP_25860,75129.4,1810103.8
SHP_25863,92666.2,2235409.5
SHP_25865,99665.1,2472511.0
SHP_25868,103101.6,2395488.8
SHP_25869,31914.2,778349.2
SHP_25870,1252.3,19122.0
SHP_25871,76181.5,1833698.3
SHP_25873,80468.3,1913374.9
SHP_25874,100358.8,2437151.0
SHP_25877,87390.9,2064551.3
SHP_25878,71325.8,1669378.8
SHP_25880,172347.8,4376207.0
SHP_25881,89236.1,2165258.0
SHP_25883,175238.3,4450556.5
SHP_25885,45174.0,1097778.1
SHP_25887,93563.0,2208423.3
SHP_25889,194007.2,4823219.0
SHP_25890,90771.7,2150526.0
SHP_25891,79254.3,1936385.4
SHP_25892,87913.3,2077666.8
SHP_25896,778.7,8752.2
SHP_25898,77279.4,1849980.9
SHP_25900,87511.9,2072632.4
SHP_25902,183140.8,4631605.5
SHP_25903,72945.9,1751162.6
SHP_25905,173727.0,4414553.0
SHP_25906,48500.3,1167417.5
SHP_25907,135977.7,3369447.8
SHP_25908,213230.4,5339659.0
SHP_25911,86821.9,2057249.5
SHP_25912,166824.6,4256392.0
SHP_25915,173162.8,4396578.5
SHP_25917,87882.9,2137175.8
SHP_25920,87276.4,2062161.0
SHP_25921,91810.4,2177658.3
SHP_25924,63205.0,1527393.4
SHP_25926,90128.9,2147280.5
SHP_25927,173029.2,4397876.0
SHP_25930,172914.2,4398335.0
SHP_25932,172432.8,4379968.5
SHP_25936,90515.8,2153873.3
SHP_25937,97029.5,2297215.3
SHP_25938,71199.4,1723389.5
SHP_25940,52764.8,1258654.3
SHP_25943,93564.3,2210420.3
SHP_25944,94730.4,2236911.3
SHP_25945,193080.5,4794258.0
SHP_25948,71439.1,1729771.0
SHP_25952,86282.3,2050475.4
SHP_25953,102169.1,2387835.5
SHP_25957,133572.9,3271830.0
SHP_25959,84586.1,2012991.8
SHP_25963,108363.6,2634033.3
SHP_25968,127809.8,3152424.5
SHP_25969,57516.5,1406530.3
SHP_25971,193529.1,4811730.0
SHP_25975,87090.2,2059588.4
SHP_25977,170413.6,4336483.5
SHP_25981,87294.7,2061185.3
SHP_25983,86562.8,2054667.5
SHP_25986,92532.9,2220075.3
SHP_25987,88950.3,2176450.5
SHP_25990,43544.5,1067442.1
SHP_25992,194507.7,4829928.0
SHP_25993,133421.7,3305351.8
SHP_25995,173069.3,4391651.0
SHP_25996,87489.4,2065877.5
SHP_25997,82022.9,1948763.3
SHP_25998,90927.6,2160136.5
SHP_26004,81064.3,1926838.1
SHP_26006,173243.7,4399601.5
SHP_26007,87332.3,2064598.5
SHP_26009,91708.8,2179308.5
SHP_26011,100358.8,2437151.0
SHP_26013,169072.9,4309663.0
SHP_26017,175395.0,4454977.5
SHP_26021,97658.9,2303500.0
SHP_26026,79332.3,1866274.6
SHP_26027,117940.9,2849643.5
SHP_26032,23075.3,550604.9
SHP_26035,89120.0,2166255.0
SHP_26036,98591.0,2322614.0
SHP_26037,177568.4,4436464.5
SHP_26038,91693.8,2174888.0
SHP_26040,79539.8,1941902.6
SHP_26041,212283.1,5315632.0
SHP_26044,84806.8,2020027.4
SHP_26046,173740.0,4412645.5
SHP_26047,76487.6,1803193.3
SHP_26051,167811.2,4276968.5
SHP_26059,80728.8,1922264.3
SHP_26060,81308.2,1974240.4
SHP_26061,70590.5,1712778.0
SHP_26063,87560.5,2069568.8
SHP_26064,90916.8,2234383.5
SHP_26066,149733.7,3814382.0
SHP_26067,217881.7,5451239.0
SHP_26075,44096.0,1075920.4
SHP_26076,169408.1,4305028.0
SHP_26078,91088.7,2186005.3
SHP_26080,185066.5,4615304.5
SHP_26087,89677.6,2114827.5
SHP_26088,83995.8,2004396.4
SHP_26090,42602.2,1040049.8
SHP_26092,56722.8,1360615.4
SHP_26096,172651.8,4382966.0
SHP_26099,78126.7,1862655.6
SHP_26100,67468.5,1563657.3
SHP_26101,16113.9,378027.2
SHP_26104,163447.8,4077846.5
SHP_26105,172163.8,4375336.0
SHP_26108,148865.8,3794637.0
SHP_26111,87664.9,2070154.8
SHP_26113,166824.6,4256392.0
SHP_26116,87684.5,2078164.1
SHP_26118,186208.1,4647440.0
SHP_26119,173589.6,4411153.0
SHP_26121,172003.5,4372249.0
SHP_26125,73962.5,1764703.9
SHP_26129,95699.8,2257096.5
SHP_26133,193594.6,4827588.0
SHP_26135,87585.0,2075817.0
SHP_26138,172183.5,4375343.0
SHP_26139,170209.1,4330604.0
SHP_26140,134725.6,3315278.5
SHP_26143,196558.9,4895454.0
SHP_26144,168665.4,4296115.0
SHP_26145,78811.3,1868435.6
SHP_26147,167808.0,4278053.5
SHP_26149,212327.0,5324911.0
SHP_26151,95962.3,2267270.0
SHP_26157,79794.6,1895190.3
SHP_26159,191844.8,4775529.0
SHP_26160,76625.2,1876725.8
SHP_26164,166467.3,4247641.5
SHP_26165,163204.9,4059245.8
SHP_26166,196443.2,4892748.0
SHP_26167,54048.4,1285990.5
SHP_26168,167078.7,4261610.0
SHP_26170,173540.5,4407187.0
SHP_26174,89236.1,2165258.0
SHP_26175,1620.0,26614.9
SHP_26176,82146.6,1949055.8
SHP_26179,93564.3,2210420.3
SHP_26180,20157.2,473578.3
SHP_26181,173838.6,4417571.5
SHP_26183,175238.3,4450556.5
SHP_26186,87786.3,2097026.4
SHP_26188,56535.2,1386083.3
SHP_26189,61410.3,1488594.6
SHP_26191,133960.9,3316628.5
SHP_26197,197062.8,4903091.5
SHP_26199,218643.7,5390623.0
SHP_26200,173473.4,4403430.0
SHP_26201,194183.9,4828086.0
SHP_26202,44652.2,1091999.4
SHP_26203,73149.5,1766718.0
SHP_26207,171161.0,4356792.5
SHP_26208,172544.2,4383247.5
SHP_26209,142162.2,3615541.5
SHP_26212,57348.0,1402750.3
SHP_26213,87585.0,2075817.0
SHP_26215,174457.4,4434390.5
SHP_26217,168524.4,4285750.0
SHP_26220,87276.4,2062161.0
SHP_26222,195115.5,4854981.0
SHP_26223,215154.6,5329868.0
SHP_26224,177591.4,4431879.5
SHP_26229,86562.8,2054667.5
SHP_26235,91997.0,2162333.8
SHP_26236,172839.7,4397380.0
SHP_26237,72913.5,1750890.6
SHP_26238,101464.2,2461804.8
SHP_26239,167546.5,4270888.0
SHP_26241,39993.9,939872.3
SHP_26242,23122.6,552947.3
SHP_26243,177190.8,4497453.5
SHP_26245,93089.5,2236122.8
SHP_26247,163729.6,4091481.3
SHP_26248,173991.6,4415232.0
SHP_26249,88850.0,2139641.3
SHP_26250,81902.4,1964181.8
SHP_26253,128777.3,3165820.0
SHP_26259,93632.8,2210228.0
SHP_26261,1495.4,19088.7
SHP_26265,91819.6,2207933.3
SHP_26266,96288.2,2327691.5
SHP_26267,91018.5,2127008.0
SHP_26268,166974.6,4227507.0
SHP_26269,171271.7,4342834.5
SHP_26270,86819.0,2058796.5
SHP_26271,77914.2,1863958.4
SHP_26273,127118.8,3137193.3
SHP_26275,164122.6,4095973.8
SHP_26278,196991.3,4894309.0
SHP_26279,196650.7,4892347.0
SHP_26280,59827.5,1455823.4
SHP_26281,42674.4,1031555.0
SHP_26282,117940.9,2849643.5
SHP_26284,87864.7,2078411.5
SHP_26285,125281.4,3168590.3
SHP_26287,71439.1,1729771.0
SHP_26288,79523.3,1943867.4
SHP_26289,172176.2,4373438.5
SHP_26293,75638.7,1821271.1
SHP_26297,64599.2,1548719.8
SHP_26299,168735.5,4297887.5
SHP_26303,61198.9,1474162.5
SHP_26304,87167.9,2069278.4
SHP_26306,93839.0,2224789.0
SHP_26307,134717.4,3329708.8
SHP_26310,196443.2,4892748.0
SHP_26311,42674.4,1031555.0
SHP_26313,100588.7,2444662.5
SHP_26315,59633.8,1451971.9
SHP_26316,172738.5,4391909.0
SHP_26318,80888.5,1966989.0
SHP_26319,87529.1,2066038.9
SHP_26320,173641.3,4402024.5
SHP_26324,67468.5,1563657.3
SHP_26325,169934.3,4323424.5
SHP_26328,23237.3,553309.6
SHP_26332,213230.4,5339659.0
SHP_26333,87736.3,2077561.9
SHP_26334,79133.7,1855082.0
SHP_26337,86663.0,2057755.0
SHP_26340,148696.0,3789227.0
SHP_26343,97219.9,2347466.5
SHP_26344,173381.0,4408221.5
SHP_26346,172184.3,4375481.5
SHP_26348,95636.2,2257348.8
SHP_26349,89197.3,2105349.3
SHP_26350,209335.5,5268576.5
SHP_26351,80494.1,1909335.8
SHP_26352,80072.0,1912150.8
SHP_26353,150438.1,3572757.5
SHP_26356,100527.2,2350292.5
SHP_26358,171586.8,4362990.5
SHP_26359,127706.8,3153351.0
SHP_26360,191688.9,4765850.0
SHP_26363,193741.2,4918560.5
SHP_26364,103101.3,2410915.0
SHP_26366,209284.8,5262091.5
SHP_26368,64588.7,1545096.5
SHP_26369,1517.9,21515.9
SHP_26370,69996.8,1697505.1
SHP_26372,91732.4,2176460.3
SHP_26374,117940.9,2849643.5
SHP_26375,94039.9,2221127.0
SHP_26376,70030.7,1686535.1
SHP_26380,103708.9,2408143.0
SHP_26382,172670.7,4385392.0
SHP_26383,43540.5,1052845.8
SHP_26386,95858.1,2259978.3
SHP_26388,85851.5,2044507.3
SHP_26395,3212.5,64917.1
SHP_26398,86023.2,2043619.4
SHP_26399,103101.3,2410915.0
SHP_26403,87713.6,2071479.0
SHP_26405,133074.1,3221484.0
SHP_26406,77856.3,1860708.5
SHP_26409,127998.4,3158328.5
SHP_26411,81064.3,1926838.1
SHP_26412,208791.5,5260537.0
SHP_26413,110177.4,2691348.8
SHP_26418,81480.6,1932136.3
SHP_26421,172692.4,4386647.0
SHP_26422,70451.5,1682642.5
SHP_26423,172307.5,4378695.0
SHP_26437,44096.0,1075920.4
SHP_26439,90499.6,2153443.0
SHP_26442,78992.0,1873243.1
SHP_26444,93050.6,2231724.3
SHP_26446,69996.8,1697505.1
SHP_26448,185064.0,4620417.0
SHP_26449,168735.5,4297887.5
SHP_26451,172930.4,4389064.0
SHP_26455,100588.7,2444662.5
SHP_26458,85911.5,2040973.0
SHP_26462,94974.2,2244932.5
SHP_26463,78874.2,1853391.9
SHP_26467,148614.5,3790311.8
SHP_26468,19508.1,462855.3
SHP_26470,2944.1,55402.8
SHP_26474,45397.0,1104077.1
SHP_26475,103659.2,2423056.0
SHP_26481,150115.8,3821025.5
SHP_26482,86123.5,2048434.8
SHP_26483,197023.6,4892883.5
SHP_26484,91470.7,2243681.0
SHP_26485,171348.3,4357489.0
SHP_26488,76625.2,1876725.8
SHP_26489,99570.1,2451326.5
SHP_26490,163146.9,4060654.8
SHP_26492,79412.1,1890218.3
SHP_26494,87489.4,2065877.5
SHP_26495,86715.4,2055850.3
SHP_26498,1252.3,19122.0
SHP_26499,86479.5,2054301.5
SHP_26501,91520.9,2171888.0
SHP_26504,39909.6,937343.6
SHP_26506,88686.8,2159722.0
SHP_26507,81480.6,1932136.3
SHP_26509,91308.7,2167691.0
SHP_26510,173535.8,4411756.5
SHP_26511,81502.0,1977156.5
SHP_26513,150115.8,3821025.5
SHP_26514,209335.5,5268576.5
SHP_26516,98782.0,2383364.3
SHP_26517,83096.4,2031381.0
SHP_26519,121678.4,3091783.5
SHP_26523,44563.2,1087079.3
SHP_26525,87056.6,2059108.5
SHP_26530,194383.4,4832908.0
SHP_26531,91732.4,2176460.3
SHP_26532,79196.5,1854893.8
SHP_26534,81798.8,1943752.3
SHP_26541,193809.1,4818567.0
SHP_26542,63662.4,1543365.4
SHP_26543,65183.7,1585716.8
SHP_26544,173747.8,4411242.0
SHP_26547,91964.5,2179530.5
SHP_26549,148761.3,3789963.8
SHP_26550,99304.8,2319118.5
SHP_26551,71199.4,1723389.5
SHP_26553,81064.3,1926838.1
SHP_26556,86570.5,2054442.1
SHP_26558,168932.1,4300549.0
SHP_26559,172193.3,4373384.0
SHP_26560,77873.1,1905764.9
SHP_26562,116073.0,2785204.0
SHP_26563,170793.9,4348994.5
SHP_26565,135977.7,3369447.8
SHP_26566,92215.4,2183531.0
SHP_26567,190984.3,4760425.0
SHP_26569,44563.2,1087079.3
SHP_26570,86777.6,2109936.5
SHP_26571,172649.3,4385496.0
SHP_26572,100204.4,2425133.5
SHP_26573,92772.3,2195220.5
SHP_26574,59437.0,1436488.1
SHP_26576,84586.1,2012991.8
SHP_26578,78829.7,1855841.8
SHP_26582,172751.5,4393148.5
SHP_26583,71510.6,1730180.4
SHP_26584,82705.5,1958151.8
SHP_26589,77331.8,1828251.4
SHP_26590,94271.1,2230195.0
SHP_26591,91384.1,2169711.0
SHP_26593,90285.8,2224226.3
SHP_26594,170289.3,4337121.5
SHP_26595,99477.7,2423219.0
SHP_26599,92304.5,2194288.8
SHP_26600,65278.0,1562072.1
SHP_26601,148696.0,3789227.0
SHP_26602,148863.4,3794117.5
SHP_26604,78943.8,1882426.6
SHP_26605,196650.7,4892347.0
SHP_26608,87079.5,2059857.1
SHP_26609,74512.5,1794377.6
SHP_26610,172808.1,4397528.0
SHP_26611,75600.5,1818459.3
SHP_26612,173535.8,4411756.5
SHP_26614,53406.8,1268465.0
SHP_26617,193780.8,4820274.0
SHP_26618,89511.5,2175120.0
SHP_26620,90978.9,2241819.5
SHP_26622,97871.8,2247834.5
SHP_26623,78482.7,1844593.3
SHP_26625,1832.8,30080.7
SHP_26626,77808.4,1860493.1
SHP_26627,177628.8,4439086.0
SHP_26629,95209.9,2300222.3
SHP_26631,81238.3,1929682.3
SHP_26633,193100.1,4816724.0
SHP_26634,88789.6,2175470.0
SHP_26639,73592.6,1765928.3
SHP_26640,86826.9,2058821.4
SHP_26642,90706.8,2155528.5
SHP_26645,169847.7,4313658.0
SHP_26646,103101.3,2410915.0
SHP_26647,174044.9,4418694.0
SHP_26648,91598.1,2172676.5
SHP_26652,80728.8,1922264.3
SHP_26655,191444.0,4768251.0
SHP_26657,79335.5,1886956.6
SHP_26658,127442.2,3142658.5
SHP_26659,102079.4,2477516.5
SHP_26660,62865.6,1529687.3
SHP_26661,43540.5,1052845.8
SHP_26664,86826.9,2058821.4
SHP_26666,86824.4,2060104.0
SHP_26668,82144.3,1943237.4
SHP_26669,87560.5,2069568.8
SHP_26670,92436.0,2217564.3
SHP_26674,2746.7,49360.3
SHP_26676,92169.8,2180533.3
SHP_26677,2798.7,57113.3
SHP_26682,149089.6,3784544.0
SHP_26684,87341.8,2071180.6
SHP_26687,1599.6,23234.9
SHP_26688,171448.9,4358688.5
SHP_26689,55123.0,1303479.4
SHP_26690,1324.0,18758.9
SHP_26692,80256.9,1912248.0
SHP_26693,194507.7,4829928.0
SHP_26697,87359.0,2072734.9
SHP_26698,212204.0,5329877.0
SHP_26699,197610.4,4901145.0
SHP_26700,173342.7,4399126.0
SHP_26702,92005.0,2209536.0
SHP_26704,77161.2,1891946.1
SHP_26705,44490.4,1082513.9
SHP_26706,92935.8,2198156.3
SHP_26707,173540.5,4407187.0
SHP_26708,148248.8,3781957.5
SHP_26713,69970.7,1672033.5
SHP_26714,65278.0,1562072.1
SHP_26715,172432.8,4379968.5
SHP_26716,169457.4,4315731.0
SHP_26718,91905.7,2208355.5
SHP_26720,95756.5,2259945.3
SHP_26721,195915.6,4873406.0
SHP_26722,84211.2,2001906.8
SHP_26725,80431.4,1918091.5
SHP_26728,86430.4,2053376.0
SHP_26729,170289.3,4337121.5
SHP_26731,163306.6,4064513.8
SHP_26732,91658.3,2174136.0
SHP_26733,100588.7,2444662.5
SHP_26734,174044.9,4418694.0
SHP_26736,2944.1,55402.8
SHP_26737,117029.4,2829456.5
SHP_26739,212283.1,5315632.0
SHP_26740,44179.2,1076833.6
SHP_26742,92951.0,2230044.8
SHP_26743,87811.7,2131681.5
SHP_26747,170289.3,4337121.5
SHP_26748,172630.0,4389957.0
SHP_26749,79794.6,1895190.3
SHP_26751,79003.6,1927697.3
SHP_26752,173252.4,4405728.0
SHP_26754,103601.1,2414016.8
SHP_26758,86479.5,2054301.5
SHP_26759,86175.9,2025547.9
SHP_26761,172683.9,4388490.5
SHP_26762,65239.6,1553236.5
SHP_26764,101477.9,2466295.0
SHP_26766,169511.6,4314193.5
SHP_26772,86405.2,2051871.4
SHP_26775,173191.2,4401193.5
SHP_26776,172519.1,4384323.5
SHP_26778,94038.2,2218668.5
SHP_26779,99570.1,2451326.5
SHP_26785,2436.2,46215.1
SHP_26787,87370.4,2064061.0
SHP_26788,95088.1,2295683.3
SHP_26790,44335.4,1083420.0
SHP_26792,84350.6,2010184.3
SHP_26796,94135.2,2253402.5
SHP_26799,93107.2,2204778.8
SHP_26800,78068.3,1911343.3
SHP_26802,169934.3,4323424.5
SHP_26806,57942.4,1407636.3
SHP_26807,167436.3,4268839.0
SHP_26808,78829.7,1855841.8
SHP_26812,79743.4,1895613.0
SHP_26813,65278.0,1562072.1
SHP_26815,78106.2,1911858.5
SHP_26816,87326.3,2063441.9
SHP_26817,121399.8,3087854.5
SHP_26820,173577.3,4402245.0
SHP_26822,2436.2,46215.1
SHP_26824,172138.0,4382120.5
SHP_26829,194644.4,4840329.0
SHP_26835,167808.0,4278053.5
SHP_26842,86523.4,2053822.9
SHP_26843,45174.0,1097778.1
SHP_26845,117940.9,2849643.5
SHP_26847,99783.9,2402798.0
SHP_26848,193560.8,4813864.0
SHP_26851,92729.5,2192842.8
SHP_26852,74328.6,1768283.6
SHP_26853,91693.8,2174888.0
SHP_26855,173204.4,4401019.5
SHP_26861,72771.3,1750220.9
SHP_26862,194622.0,4836245.0
SHP_26863,87489.4,2065877.5
SHP_26864,91620.2,2173939.8
SHP_26866,86430.4,2053376.0
SHP_26868,62484.6,1515588.6
SHP_26869,16101.4,368251.5
SHP_26871,56548.6,1388900.8
SHP_26876,173136.4,4396009.0
SHP_26879,86448.0,2102631.8
SHP_26882,83312.4,1991370.0
SHP_26886,172738.5,4391909.0
SHP_26888,78030.0,1911573.5
SHP_26891,1571.9,23544.2
SHP_26892,87276.4,2062161.0
SHP_26893,90331.8,2149335.0
SHP_26894,214878.6,5328847.5
SHP_26896,86824.4,2060104.0
SHP_26899,86962.4,2058770.5
SHP_26901,85851.5,2044507.3
SHP_26903,87709.3,2076782.3
SHP_26907,77379.7,1849329.9
SHP_26909,172044.1,4370471.5
SHP_26911,65239.6,1553236.5
SHP_26915,87240.0,2116422.0
SHP_26916,73592.0,1763829.1
SHP_26917,172458.3,4380454.0
SHP_26919,58679.2,1410451.5
SHP_26920,173733.4,4402464.5
SHP_26922,81480.6,1932136.3
SHP_26923,172999.2,4400358.0
SHP_26930,83491.2,1980058.8
SHP_26933,177316.1,4500009.5
SHP_26937,91600.8,2255657.0
SHP_26938,53548.7,1296088.0
SHP_26940,102078.6,2477537.0
SHP_26944,183524.0,4638457.0
SHP_26945,48500.3,1167417.5
SHP_26946,68365.7,1663063.9
SHP_26948,16570.4,385895.6
SHP_26951,89197.3,2105349.3
SHP_26953,116073.0,2785204.0
SHP_26955,103659.2,2423056.0
SHP_26956,81021.8,1970368.9
SHP_26959,1592.9,23646.3
SHP_26960,194812.1,4851714.0
SHP_26961,121399.8,3087854.5
SHP_26963,117772.1,2827706.5
SHP_26969,86511.9,2053484.5
SHP_26970,77914.2,1863958.4
SHP_26973,73592.6,1765928.3
SHP_26974,16208.5,379319.8
SHP_26981,173435.9,4406942.5
SHP_26985,74322.1,1797787.6
SHP_26986,170916.2,4283878.0
SHP_26989,88473.0,2079035.1
SHP_26990,94974.2,2244932.5
SHP_26991,81027.1,1968301.6
SHP_26994,88066.9,2072551.5
SHP_26995,87051.7,2061272.5
SHP_26998,93083.8,2201877.3
SHP_26999,89504.4,2114582.0
SHP_27001,61612.8,1489355.3
SHP_27002,194188.4,4828123.5
SHP_27003,169139.5,4310200.0
SHP_27005,87780.9,2078307.5
SHP_27006,193809.1,4818567.0
SHP_27007,86405.2,2051871.4
SHP_27009,41339.1,974062.2
SHP_27010,173134.3,4402739.5
SHP_27011,92169.8,2180533.3
SHP_27012,90618.1,2153724.3
SHP_27013,169330.0,4312990.5
SHP_27015,81646.2,1981588.0
SHP_27017,172332.8,4378777.0
SHP_27021,93050.2,2200235.8
SHP_27022,561.0,6197.2
SHP_27023,172598.9,4389538.0
SHP_27027,77379.7,1849329.9
SHP_27029,127442.2,3142658.5
SHP_27030,170793.9,4348994.5
SHP_27032,171529.5,4364872.5
SHP_27033,85242.1,2006841.9
SHP_27034,106645.9,2596131.0
SHP_27035,561.0,6197.2
SHP_27037,94643.5,2221305.0
SHP_27038,214878.6,5328847.5
SHP_27040,89511.5,2175120.0
SHP_27043,173399.3,4408596.0
SHP_27044,163574.0,4068693.0
SHP_27045,173399.3,4408596.0
SHP_27047,167811.2,4276968.5
SHP_27050,40873.2,967869.8
SHP_27052,1517.9,21515.9
SHP_27053,166566.8,4249869.5
SHP_27056,103113.9,2402942.3
SHP_27057,83579.0,1980416.3
SHP_27058,89120.0,2166255.0
SHP_27059,87891.8,2079064.1
SHP_27060,88473.0,2079035.1
SHP_27061,93107.2,2204778.8
SHP_27064,212327.0,5324911.0
SHP_27065,90658.8,2157382.3
SHP_27067,100588.7,2444662.5
SHP_27068,194622.0,4836245.0
SHP_27069,71439.1,1729771.0
SHP_27070,193962.3,4823309.0
SHP_27077,65278.0,1562072.1
SHP_27078,172582.3,4384413.0
SHP_27080,62993.5,1530574.5
SHP_27081,86826.9,2058821.4
SHP_27084,195026.2,4847341.0
SHP_27086,172619.6,4389843.5
SHP_27088,149057.0,3783990.0
SHP_27089,92982.8,2174954.0
SHP_27091,169930.8,4325934.5
SHP_27093,172604.6,4390796.0
SHP_27100,195026.2,4847341.0
SHP_27101,89120.0,2166255.0
SHP_27105,73950.0,1772901.8
SHP_27107,167330.3,4267609.0
SHP_27109,91556.8,2172254.5
SHP_27111,167546.5,4270888.0
SHP_27119,175238.3,4450556.5
SHP_27121,90618.1,2153724.3
SHP_27125,80468.3,1913374.9
SHP_27127,92375.9,2185853.3
SHP_27128,102505.4,2389492.0
SHP_27133,170573.0,4337416.0
SHP_27139,171847.5,4367986.0
SHP_27140,87434.1,2124447.3
SHP_27141,90461.4,2116244.5
SHP_27142,195870.7,4870670.5
SHP_27145,70030.7,1686535.1
SHP_27148,53088.4,1288280.9
SHP_27149,69348.7,1684057.8
SHP_27150,77331.8,1828251.4
SHP_27157,196443.2,4892748.0
SHP_27158,170209.1,4330604.0
SHP_27160,186208.1,4647440.0
SHP_27161,86562.8,2054667.5
SHP_27162,125260.5,3178675.0
SHP_27163,94567.2,2232467.0
SHP_27165,76224.9,1825548.1
SHP_27167,80468.3,1913374.9
SHP_27168,87861.9,2104506.0
SHP_27169,197026.8,4896959.0
SHP_27171,195115.5,4854981.0
SHP_27173,194383.4,4832908.0
SHP_27174,78336.8,1839919.8
SHP_27178,171264.5,4342754.5
SHP_27179,177568.4,4436464.5
SHP_27180,77379.7,1849329.9
SHP_27182,117747.1,2827632.5
SHP_27183,168665.4,4296115.0
SHP_27184,39246.8,928655.6
SHP_27186,86778.9,2057073.6
SHP_27187,164106.1,4097328.0
SHP_27188,116073.0,2785204.0
SHP_27189,174908.6,4440504.5
SHP_27191,87065.2,2059088.8
SHP_27192,70590.5,1712778.0
SHP_27193,195026.2,4847341.0
SHP_27194,87473.0,2126157.5
SHP_27195,89583.2,2127317.0
SHP_27196,90927.6,2160136.5
SHP_27200,88723.2,2095116.3
SHP_27201,172619.6,4389843.5
SHP_27202,100588.7,2444662.5
SHP_27204,64588.7,1545096.5
SHP_27205,81902.4,1964181.8
SHP_27206,87511.9,2072632.4
SHP_27207,101837.7,2471727.5
SHP_27208,86018.3,2043690.6
SHP_27209,91088.7,2186005.3
SHP_27210,70036.1,1698114.8
SHP_27211,90658.8,2157382.3
SHP_27212,55592.3,1317528.8
SHP_27213,150288.4,3830779.5
SHP_27214,67137.1,1566115.3
SHP_27221,86570.5,2054442.1
SHP_27222,75878.8,1823850.5
SHP_27223,170557.3,4343279.0
SHP_27224,194678.0,4838234.0
SHP_27225,87397.2,2063549.6
SHP_27226,173116.8,4401529.0
SHP_27227,163148.1,4061133.5
SHP_27233,80730.4,1965913.5
SHP_27234,99359.3,2393344.5
SHP_27237,172996.3,4399325.5
SHP_27239,87390.9,2064551.3
SHP_27240,174010.9,4416459.0
SHP_27244,69348.7,1684057.8
SHP_27245,172030.1,4371287.0
SHP_27250,116073.0,2785204.0
SHP_27251,67128.2,1619066.5
SHP_27254,177692.7,4435482.0
SHP_27255,100527.2,2350292.5
SHP_27257,93151.7,2203039.3
SHP_27258,193902.1,4822433.0
SHP_27259,87052.4,2111484.0
SHP_27260,185258.1,4625183.0
SHP_27261,75659.5,1789570.0
SHP_27265,134725.6,3315278.5
SHP_27267,175238.3,4450556.5
SHP_27273,63833.3,1543604.8
SHP_27275,41196.6,971770.0
SHP_27276,172030.1,4371287.0
SHP_27277,86357.7,2051206.0
SHP_27278,164106.1,4097328.0
SHP_27280,69674.6,1690553.5
SHP_27281,87419.2,2071980.8
SHP_27287,86280.6,2026302.1
SHP_27289,174105.5,4426637.5
SHP_27290,61705.4,1491485.0
SHP_27291,109463.6,2639067.3
SHP_27292,195365.2,4857959.0
SHP_27293,177089.2,4493955.5
SHP_27298,65278.0,1562072.1
SHP_27300,173399.3,4408596.0
SHP_27303,1737.2,31198.4
SHP_27304,150354.6,3831387.3
SHP_27305,86997.1,2109822.5
SHP_27310,23122.6,552947.3
SHP_27311,87864.7,2078411.5
SHP_27320,97206.7,2332682.3
SHP_27324,95238.8,2289572.0
SHP_27325,70134.4,1699484.0
SHP_27326,90618.1,2153724.3
SHP_27327,149794.6,3816199.0
SHP_27329,19498.4,463420.7
SHP_27331,125260.5,3178675.0
SHP_27333,195362.8,4863554.0
SHP_27335,177481.3,4431977.5
SHP_27340,194061.8,4825438.0
SHP_27344,185156.5,4616782.0
SHP_27345,103020.3,2397496.5
SHP_27346,87341.8,2071180.6
SHP_27347,80256.9,1912248.0
SHP_27348,92666.2,2235409.5
SHP_27349,91503.1,2201372.5
SHP_27351,80066.7,1924551.3
SHP_27354,134717.4,3329708.8
SHP_27357,172183.5,4375343.0
SHP_27359,148696.0,3789227.0
SHP_27361,88723.2,2095116.3
SHP_27366,167128.6,4261510.0
SHP_27369,87373.1,2065933.9
SHP_27371,212327.0,5324911.0
SHP_27373,45397.0,1104077.1
SHP_27374,87707.7,2096081.3
SHP_27375,89642.3,2115460.0
SHP_27377,173335.3,4405406.0
SHP_27379,197062.8,4903091.5
SHP_27388,127809.8,3152424.5
SHP_27389,173156.9,4398489.5
SHP_27390,16259.8,382068.9
SHP_27394,92951.0,2230044.8
SHP_27399,87736.3,2077561.9
SHP_27401,194644.4,4840329.0
SHP_27406,91498.5,2143195.3
SHP_27407,85974.2,2043703.0
SHP_27408,92070.6,2179359.0
SHP_27409,67468.5,1563657.3
SHP_27410,85911.5,2040973.0
SHP_27412,90331.8,2149335.0
SHP_27413,69532.7,1688574.5
SHP_27416,168151.4,4283460.5
SHP_27417,67001.4,1563828.0
SHP_27419,191533.9,4770502.0
SHP_27420,173164.5,4402569.0
SHP_27426,169979.3,4318523.5
SHP_27430,150295.1,3830847.0
SHP_27434,173516.1,4405345.5
SHP_27435,87347.8,2063855.0
SHP_27436,168835.9,4291650.0
SHP_27437,53406.8,1268465.0
SHP_27439,79979.5,1899247.6
SHP_27440,61410.3,1488594.6
SHP_27441,177190.8,4497453.5
SHP_27444,92095.3,2208243.0
SHP_27446,95209.9,2300222.3
SHP_27447,86663.0,2057755.0
SHP_27449,67487.0,1616945.8
SHP_27450,173958.8,4408568.5
SHP_27453,80256.9,1912248.0
SHP_27454,86349.0,2051045.4
SHP_27457,170874.9,4346488.5
SHP_27458,70518.3,1683742.0
SHP_27461,94981.6,2286405.3
SHP_27466,195026.2,4847341.0
SHP_27468,70203.5,1700286.4
SHP_27473,86911.0,2063022.8
SHP_27474,80468.3,1913374.9
SHP_27475,87390.9,2064551.3
SHP_27478,92095.3,2208243.0
SHP_27480,149667.0,3816064.5
SHP_27481,87065.2,2059088.8
SHP_27483,1860.4,31658.4
SHP_27484,167915.4,4282205.0
SHP_27486,87235.0,2062587.0
SHP_27489,78336.8,1839919.8
SHP_27490,86939.5,2059669.3
SHP_27497,91503.1,2201372.5
SHP_27498,88250.9,2026733.8
SHP_27503,212501.7,5327487.0
SHP_27506,173991.6,4415232.0
SHP_27507,167078.7,4261610.0
SHP_27508,87615.4,2122925.8
SHP_27511,168654.0,4300125.0
SHP_27512,93050.6,2231724.3
SHP_27515,212676.3,5327736.5
SHP_27516,103708.9,2408143.0
SHP_27521,86430.4,2053376.0
SHP_27522,95757.2,2258716.8
SHP_27524,84061.7,1989056.3
SHP_27525,121399.8,3087854.5
SHP_27527,16723.4,377684.6
SHP_27529,61410.3,1488594.6
SHP_27532,86715.4,2055850.3
SHP_27536,79356.4,1940187.8
SHP_27537,91471.8,2170882.3
SHP_27541,149749.8,3815693.5
SHP_27542,163487.2,4076610.5
SHP_27543,171586.8,4362990.5
SHP_27546,88882.3,2141133.8
SHP_27548,81027.5,1945883.0
SHP_27549,87489.4,2065877.5
SHP_27550,87240.0,2116422.0
SHP_27552,167360.0,4263075.5
SHP_27557,166708.1,4250005.0
SHP_27559,173164.5,4402569.0
SHP_27560,94038.2,2218668.5
SHP_27561,93074.5,2200377.3
SHP_27564,70372.7,1703840.0
SHP_27565,89763.2,2128986.0
SHP_27566,82737.6,2006483.8
SHP_27569,80799.6,1966728.5
SHP_27571,110177.4,2691348.8
SHP_27572,163899.8,4091302.5
SHP_27575,87751.7,2070180.5
SHP_27580,103708.9,2408143.0
SHP_27581,80468.3,1913374.9
SHP_27582,78235.5,1904550.0
SHP_27584,69970.7,1672033.5
SHP_27587,87913.3,2077666.8
SHP_27592,172786.9,4396756.0
SHP_27594,87125.4,2060884.8
SHP_27595,100588.7,2444662.5
SHP_27598,44563.2,1087079.3
SHP_27600,149667.0,3816064.5
SHP_27602,95257.2,2244398.0
SHP_27603,90942.6,2162185.3
SHP_27604,163386.4,4064886.0
SHP_27606,80987.5,1969087.3
SHP_27608,163853.8,4091384.5
SHP_27609,142641.5,3487666.5
SHP_27611,86858.2,2057529.9
SHP_27612,173116.2,4393509.5
SHP_27615,2543.7,45369.9
SHP_27618,83549.1,1986415.1
SHP_27622,80072.0,1912150.8
SHP_27625,87865.5,2077176.8
SHP_27627,87152.6,2065288.3
SHP_27628,88250.9,2026733.8
SHP_27630,91889.1,2177153.0
SHP_27631,174178.4,4419982.0
SHP_27640,84434.8,2007548.4
SHP_27641,2436.2,46215.1
SHP_27643,116073.0,2785204.0
SHP_27644,174681.9,4438292.5
SHP_27647,134725.6,3315278.5
SHP_27648,53082.1,1273046.4
SHP_27649,91531.4,2197277.0
SHP_27655,87094.7,2117296.8
SHP_27657,94465.2,2231311.5
SHP_27659,116073.0,2785204.0
SHP_27660,197173.8,4897973.0
SHP_27663,149733.7,3814382.0
SHP_27664,125281.4,3168590.3
SHP_27666,86436.4,2055290.5
SHP_27667,185234.1,4623395.0
SHP_27671,19508.1,462855.3
SHP_27673,73089.7,1756062.1
SHP_27676,91993.1,2184841.0
SHP_27677,142162.2,3615541.5
SHP_27679,63205.0,1527393.4
SHP_27681,197758.6,4924174.0
SHP_27682,78860.8,1849589.9
SHP_27686,77914.2,1863958.4
SHP_27690,171993.4,4373836.5
SHP_27693,163305.7,4064699.8
SHP_27694,177568.4,4436464.5
SHP_27695,87679.4,2129949.5
SHP_27696,1684.8,24216.8
SHP_27698,212101.1,5312962.5
SHP_27699,86374.9,2097640.3
SHP_27700,171532.8,4367818.0
SHP_27704,87511.9,2072632.4
SHP_27705,84211.2,2001906.8
SHP_27707,80371.0,1908570.3
SHP_27711,102079.4,2477516.5
SHP_27712,43436.6,1065542.4
SHP_27716,185450.0,4625795.5
SHP_27717,91430.7,2196804.0
SHP_27718,46899.9,1121550.1
SHP_27719,171448.9,4358688.5
SHP_27721,91444.0,2167953.8
SHP_27723,91520.0,2171088.0
SHP_27725,192072.0,4765440.0
SHP_27726,169852.2,4310962.0
SHP_27727,163853.8,4091384.5
SHP_27728,83888.0,1995359.0
SHP_27729,174457.4,4434390.5
SHP_27730,194383.4,4832908.0
SHP_27732,82507.6,1999341.0
SHP_27734,91658.3,2174136.0
SHP_27736,194383.4,4832908.0
SHP_27739,193558.2,4826939.0
SHP_27743,82870.5,1963963.3
SHP_27747,162055.7,4020219.3
SHP_27751,149057.0,3783990.0
SHP_27752,91710.3,2174871.5
SHP_27754,88850.0,2139641.3
SHP_27755,87679.6,2069107.3
SHP_27759,81962.2,1989162.0
SHP_27760,173565.0,4405845.5
SHP_27761,44835.2,1094937.0
SHP_27764,86858.2,2057529.9
SHP_27765,73529.7,1760416.8
SHP_27767,125281.4,3168590.3
SHP_27769,87276.4,2062161.0
SHP_27771,198323.7,4926129.0
SHP_27773,172651.8,4382966.0
SHP_27775,142707.1,3626225.3
SHP_27776,70607.6,1708384.9
SHP_27779,90282.1,2178777.3
SHP_27781,57234.8,1402601.5
SHP_27788,169450.3,4313207.0
SHP_27790,87904.7,2081680.8
SHP_27792,90771.7,2150526.0
SHP_27795,93225.6,2206749.0
SHP_27798,84586.1,2012991.8
SHP_27801,217881.7,5451239.0
SHP_27802,69532.7,1688574.5
SHP_27803,183359.0,4575407.0
SHP_27804,172630.0,4389957.0
SHP_27806,94465.2,2231311.5
SHP_27809,172595.1,4382973.0
SHP_27813,167553.8,4271975.0
SHP_27817,209335.5,5268576.5
SHP_27820,172649.3,4385496.0
SHP_27822,87021.5,2059923.3
SHP_27823,84363.0,2010343.6
SHP_27825,39993.9,939872.3
SHP_27827,173381.0,4408221.5
SHP_27828,80937.2,1968075.1
SHP_27830,171658.5,4371498.0
SHP_27832,86405.2,2051871.4
SHP_27833,80473.5,1909402.5
SHP_27835,173772.5,4417168.5
SHP_27837,84211.2,2001906.8
SHP_27838,91520.0,2171088.0
SHP_27839,177463.9,4432738.0
SHP_27845,71199.4,1723389.5
SHP_27846,79332.0,1939231.4
SHP_27847,87097.3,2060779.3
SHP_27848,51955.1,1233556.4
SHP_27850,87709.3,2076782.3
SHP_27851,134725.6,3315278.5
SHP_27852,70534.9,1702080.8
SHP_27859,87280.8,2060997.8
SHP_27860,81238.3,1929682.3
SHP_27861,84921.1,2022085.5
SHP_27864,87605.6,2124796.8
SHP_27869,89850.8,2143317.8
SHP_27871,92376.9,2165579.5
SHP_27873,97029.5,2297215.3
SHP_27875,134728.5,3329406.3
SHP_27876,172416.4,4380671.0
SHP_27879,84211.2,2001906.8
SHP_27880,2430.6,45173.2
SHP_27881,116073.0,2785204.0
SHP_27884,148614.5,3790311.8
SHP_27886,178275.9,4429654.0
SHP_27887,86353.4,2052444.9
SHP_27888,1079.1,15777.1
SHP_27892,149256.9,3787900.0
SHP_27894,82146.6,1949055.8
SHP_27897,87882.9,2137175.8
SHP_27900,21313.7,500404.8
SHP_27902,43024.2,1053970.9
SHP_27905,173501.5,4408681.5
SHP_27906,77914.2,1863958.4
SHP_27911,2543.7,45369.9
SHP_27914,89236.1,2165258.0
SHP_27915,172416.4,4380671.0
SHP_27918,181497.2,4515299.0
SHP_27920,195369.3,4867467.0
SHP_27922,209284.8,5262091.5
SHP_27929,103658.9,2422493.0
SHP_27931,173279.1,4404924.5
SHP_27935,86289.4,2097445.8
SHP_27936,87276.4,2062161.0
SHP_27937,80888.5,1966989.0
SHP_27939,73119.6,1757473.3
SHP_27942,91708.8,2179308.5
SHP_27943,122908.7,3119603.8
SHP_27944,177568.4,4436464.5
SHP_27945,90960.0,2159799.8
SHP_27946,212327.0,5324911.0
SHP_27948,194223.0,4827710.0
SHP_27956,100810.8,2357501.0
SHP_27957,43540.5,1052845.8
SHP_27959,193962.3,4823309.0
SHP_27960,91810.0,2202635.0
SHP_27961,169450.3,4313207.0
SHP_27967,55592.3,1317528.8
SHP_27968,42674.4,1031555.0
SHP_27969,89229.9,2189894.8
SHP_27971,70856.4,1707005.9
SHP_27973,87026.4,2060128.8
SHP_27975,77431.4,1850508.1
SHP_27977,72012.2,1683790.8
SHP_27981,87373.1,2065933.9
SHP_27983,121956.8,3097089.0
SHP_27984,103658.9,2422493.0
SHP_27985,86778.9,2057073.6
SHP_27986,197063.9,4895227.0
SHP_27987,169417.6,4313209.0
SHP_27990,63662.4,1543365.4
SHP_27993,177074.3,4493690.5
SHP_27995,73185.0,1765881.0
SHP_27997,95209.9,2300222.3
SHP_28000,56897.1,1394985.0
SHP_28004,172326.4,4378835.5
SHP_28005,187215.3,4640180.0
SHP_28008,96049.5,2249824.0
SHP_28009,173116.8,4401529.0
SHP_28012,195595.5,4863843.5
SHP_28013,58679.2,1410451.5
SHP_28017,142641.5,3487666.5
SHP_28018,101834.2,2472888.0
SHP_28026,177325.4,4425355.0
SHP_28029,18348.5,438012.2
SHP_28032,196676.1,4899223.0
SHP_28035,172861.1,4397677.0
SHP_28041,31454.0,769440.4
SHP_28042,167546.5,4270888.0
SHP_28044,73950.0,1772901.8
SHP_28047,92088.6,2211702.5
SHP_28049,80302.9,1956750.5
SHP_28050,86349.0,2051045.4
SHP_28051,86665.1,2058746.3
SHP_28052,87568.5,2068261.5
SHP_28053,101586.0,2466076.5
SHP_28058,174694.7,4437785.0
SHP_28060,90792.7,2190419.3
SHP_28061,44563.2,1087079.3
SHP_28066,92665.9,2170148.8
SHP_28067,172780.9,4391564.5
SHP_28068,88685.0,2152120.3
SHP_28070,91520.0,2171088.0
SHP_28071,172999.2,4400358.0
SHP_28072,88826.8,2140140.8
SHP_28073,109748.2,2641785.0
SHP_28074,91790.6,2177446.8
SHP_28080,96824.6,2268463.5
SHP_28083,104011.6,2423308.3
SHP_28086,194223.0,4827710.0
SHP_28089,133672.3,3276073.5
SHP_28090,83312.4,1991370.0
SHP_28091,91201.6,2166223.8
SHP_28094,93630.1,2210209.5
SHP_28096,65899.4,1581248.8
SHP_28099,71199.4,1723389.5
SHP_28100,101586.0,2466076.5
SHP_28105,193780.8,4820274.0
SHP_28107,78102.8,1862004.6
SHP_28108,84061.7,1989056.3
SHP_28110,193949.5,4827478.0
SHP_28115,79749.0,1945408.1
SHP_28119,117882.3,2788172.0
SHP_28120,168835.9,4291650.0
SHP_28121,91645.1,2172881.0
SHP_28124,150115.8,3821025.5
SHP_28129,173138.6,4400550.0
SHP_28130,81308.2,1974240.4
SHP_28131,197240.1,4911337.0
SHP_28132,42162.1,1036085.4
SHP_28136,184722.6,4612863.0
SHP_28139,169639.8,4312275.0
SHP_28143,2543.7,45369.9
SHP_28144,100411.0,2419425.8
SHP_28148,77704.8,1859256.9
SHP_28149,107920.1,2541746.0
SHP_28152,86704.4,2107340.8
SHP_28154,79539.8,1941902.6
SHP_28155,194155.8,4827827.0
SHP_28156,67137.1,1566115.3
SHP_28157,92532.9,2220075.3
SHP_28161,87666.9,2078007.4
SHP_28162,70827.0,1706951.0
SHP_28163,135977.7,3369447.8
SHP_28168,167329.1,4267590.0
SHP_28170,150115.8,3821025.5
SHP_28173,197357.4,4897967.5
SHP_28175,41250.7,973571.6
SHP_28176,84581.4,2011573.0
SHP_28177,23114.2,552892.8
SHP_28178,208315.9,5250027.5
SHP_28181,89236.1,2165258.0
SHP_28182,94567.2,2232467.0
SHP_28188,172453.7,4381539.0
SHP_28189,78180.2,1903737.5
SHP_28191,43540.5,1052845.8
SHP_28195,91693.8,2201157.8
SHP_28196,91698.7,2176696.0
SHP_28197,92375.9,2185853.3
SHP_28199,91161.7,2163680.5
SHP_28202,167826.8,4279158.0
SHP_28203,81806.3,1986033.4
SHP_28204,86822.8,2058632.3
SHP_28208,86822.8,2058632.3
SHP_28209,91463.9,2170427.0
SHP_28210,42162.1,1036085.4
SHP_28212,97658.9,2303500.0
SHP_28214,170666.1,4339106.5
SHP_28215,23122.6,552947.3
SHP_28217,92088.6,2211702.5
SHP_28219,86715.4,2055850.3
SHP_28221,87152.6,2065288.3
SHP_28222,90331.8,2149335.0
SHP_28223,77401.4,1816048.0
SHP_28224,173163.8,4402602.0
SHP_28228,70590.5,1712778.0
SHP_28229,95638.9,2257267.3
SHP_28232,90313.6,2148606.0
SHP_28233,2944.1,55402.8
SHP_28234,45054.1,1099022.0
SHP_28235,194949.1,4855036.5
SHP_28237,1592.9,23646.3
SHP_28239,173326.0,4403960.5
SHP_28240,173569.9,4407361.0
SHP_28241,102169.1,2387835.5
SHP_28242,212327.0,5324911.0
SHP_28243,173547.6,4413451.0
SHP_28245,100358.8,2437151.0
SHP_28246,87052.4,2111484.0
SHP_28247,136965.7,3385241.8
SHP_28248,193747.0,4818324.0
SHP_28252,91734.6,2175074.3
SHP_28254,108363.6,2634033.3
SHP_28257,173718.6,4410880.0
SHP_28258,172347.8,4376207.0
SHP_28260,19508.1,462855.3
SHP_28261,167128.6,4261510.0
SHP_28262,198323.7,4926129.0
SHP_28263,173116.8,4401529.0
SHP_28264,173991.6,4415232.0
SHP_28266,86824.9,2107298.0
SHP_28267,87807.3,2078095.8
SHP_28268,40501.8,957360.7
SHP_28269,91413.5,2170081.3
SHP_28271,121399.8,3087854.5
SHP_28272,98855.2,2325344.0
SHP_28274,148069.3,3769179.0
SHP_28280,87543.7,2068057.0
SHP_28281,172703.4,4389080.5
SHP_28282,80888.5,1966989.0
SHP_28283,170573.0,4337416.0
SHP_28284,83584.8,1979107.8
SHP_28288,41196.6,971770.0
SHP_28289,87882.6,2130592.5
SHP_28291,85961.6,2036359.0
SHP_28293,92452.6,2164136.5
SHP_28297,177190.8,4497453.5
SHP_28298,80473.5,1909402.5
SHP_28300,81894.1,1989229.8
SHP_28302,2603.1,46998.7
SHP_28304,86964.6,2058486.4
SHP_28305,171573.0,4361264.0
SHP_28309,78030.0,1911573.5
SHP_28310,169330.0,4312990.5
SHP_28311,87805.1,2131346.0
SHP_28312,174044.9,4418694.0
SHP_28313,69208.6,1681516.6
SHP_28314,197224.9,4914708.0
SHP_28318,186208.1,4647440.0
SHP_28320,65278.0,1562072.1
SHP_28321,92340.6,2218156.5
SHP_28323,165107.6,4214483.0
SHP_28325,17982.9,401355.7
SHP_28327,149821.3,3813245.0
SHP_28329,184888.8,4616622.0
SHP_28330,173116.5,4400014.5
SHP_28332,81855.2,1944467.4
SHP_28336,103561.3,2510848.8
SHP_28337,212327.0,5324911.0
SHP_28338,77161.2,1891946.1
SHP_28339,174661.1,4437413.5
SHP_28341,127809.8,3152424.5
SHP_28342,87786.3,2097026.4
SHP_28343,78079.4,1911483.3
SHP_28347,89236.1,2165258.0
SHP_28350,94567.2,2232467.0
SHP_28354,88723.2,2095116.3
SHP_28355,2944.1,55402.8
SHP_28356,77332.0,1850744.4
SHP_28357,102965.7,2399060.0
SHP_28358,79539.8,1941902.6
SHP_28361,172737.3,4394355.0
SHP_28362,195135.1,4855540.0
SHP_28363,91708.8,2179308.5
SHP_28364,127118.8,3137193.3
SHP_28365,215154.6,5329868.0
SHP_28366,144212.5,3532201.8
SHP_28367,69835.3,1686211.9
SHP_28370,87736.3,2077561.9
SHP_28375,49028.3,1189000.0
SHP_28376,193780.8,4820274.0
SHP_28378,75643.3,1818631.9
SHP_28381,90960.0,2159799.8
SHP_28382,117957.6,2830471.0
SHP_28385,77856.3,1860708.5
SHP_28386,211863.8,5323735.5
SHP_28388,84754.0,1999330.8
SHP_28391,193080.5,4794258.0
SHP_28395,172458.3,4380454.0
SHP_28396,87352.9,2122082.3
SHP_28405,191688.9,4765850.0
SHP_28406,91800.3,2177622.3
SHP_28410,80728.8,1922264.3
SHP_28411,75853.0,1821178.1
SHP_28412,54388.3,1279911.0
SHP_28416,77472.5,1844451.6
SHP_28417,195118.2,4801697.5
SHP_28420,84754.0,1999330.8
SHP_28421,99665.1,2472511.0
SHP_28422,184722.6,4612863.0
SHP_28424,87244.2,2118265.0
SHP_28425,77401.4,1816048.0
SHP_28428,90462.1,2131602.0
SHP_28431,196443.2,4892748.0
SHP_28434,172582.3,4384413.0
SHP_28438,149979.2,3819442.0
SHP_28439,55123.0,1303479.4
SHP_28442,96049.5,2249824.0
SHP_28447,149097.9,3800820.8
SHP_28456,195736.0,4872297.0
SHP_28458,76303.0,1832089.5
SHP_28459,208666.1,5257821.5
SHP_28461,90353.8,2180014.0
SHP_28467,77306.5,1846222.9
SHP_28470,86353.4,2052444.9
SHP_28471,88672.8,2106762.5
SHP_28473,173641.3,4402024.5
SHP_28474,90618.1,2153724.3
SHP_28476,57942.4,1407636.3
SHP_28481,86177.7,2046732.6
SHP_28482,73119.6,1757473.3
SHP_28485,172289.1,4379866.0
SHP_28487,103659.2,2423056.0
SHP_28491,170573.0,4337416.0
SHP_28496,56653.1,1389811.0
SHP_28497,1727.0,31561.0
SHP_28499,169408.1,4305028.0
SHP_28500,87032.8,2059724.8
SHP_28501,194223.0,4827710.0
SHP_28503,88723.2,2095116.3
SHP_28505,58679.2,1410451.5
SHP_28509,78842.7,1882099.4
SHP_28510,77179.0,1847672.9
SHP_28513,78829.7,1855841.8
SHP_28514,175395.0,4454977.5
SHP_28515,173991.6,4415232.0
SHP_28518,163487.2,4076610.5
SHP_28520,167128.6,4261510.0
SHP_28523,172154.8,4375910.0
SHP_28524,16208.5,379319.8
SHP_28525,81502.0,1977156.5
SHP_28526,92819.3,2225108.0
SHP_28527,66600.8,1557070.4
SHP_28528,149667.0,3816064.5
SHP_28529,125260.5,3178675.0
SHP_28537,180921.0,4578455.0
SHP_28541,78009.2,1852802.0
SHP_28542,75724.5,1782462.5
SHP_28544,2944.1,55402.8
SHP_28545,78482.7,1844593.3
SHP_28548,197023.6,4892883.5
SHP_28550,87280.8,2060997.8
SHP_28553,77856.3,1860708.5
SHP_28554,134580.5,3313574.5
SHP_28555,86939.5,2059669.3
SHP_28558,47323.5,1135195.1
SHP_28559,173824.0,4414595.0
SHP_28561,133473.1,3306613.5
SHP_28564,172381.9,4378223.0
SHP_28565,73529.7,1760416.8
SHP_28567,173641.3,4402024.5
SHP_28568,87167.9,2069278.4
SHP_28570,41749.8,982624.7
SHP_28571,86755.3,2060650.5
SHP_28575,67468.5,1563657.3
SHP_28576,154089.2,3616520.0
SHP_28578,127706.8,3153351.0
SHP_28579,90285.8,2224226.3
SHP_28583,177353.0,4412126.0
SHP_28584,182347.2,4550301.0
SHP_28587,92212.2,2189399.8
SHP_28591,99665.1,2472511.0
SHP_28593,172657.0,4386016.0
SHP_28595,91641.5,2174168.3
SHP_28597,87026.4,2060128.8
SHP_28598,83577.0,1988152.5
SHP_28601,191432.0,4769115.0
SHP_28602,79749.0,1945408.1
SHP_28603,88107.2,2139925.5
SHP_28613,49028.3,1189000.0
SHP_28615,172692.4,4386647.0
SHP_28616,92729.5,2192842.8
SHP_28617,172044.1,4370471.5
SHP_28620,172878.2,4397909.0
SHP_28623,163899.8,4091302.5
SHP_28628,61569.1,1490556.1
SHP_28629,135977.7,3369447.8
SHP_28630,209284.8,5262091.5
SHP_28631,86990.0,2059624.3
SHP_28633,91655.8,2174766.5
SHP_28636,42674.4,1031555.0
SHP_28637,141923.9,3616538.5
SHP_28642,116073.0,2785204.0
SHP_28646,92862.1,2195611.0
SHP_28647,120998.1,3079142.3
SHP_28648,170203.3,4331521.0
SHP_28653,98957.0,2285706.0
SHP_28654,2436.2,46215.1
SHP_28655,194383.4,4832908.0
SHP_28658,87796.1,2070194.5
SHP_28660,80431.4,1918091.5
SHP_28661,91965.7,2210372.0
SHP_28663,127809.8,3152424.5
SHP_28664,96617.7,2228150.8
SHP_28667,1517.9,21515.9
SHP_28669,133852.3,3290604.0
SHP_28670,88383.1,2078028.1
SHP_28671,172629.0,4386290.0
SHP_28672,63662.4,1543365.4
SHP_28675,149821.3,3813245.0
SHP_28678,44179.2,1076833.6
SHP_28679,61569.1,1490556.1
SHP_28680,212327.0,5324911.0
SHP_28683,90632.4,2228257.0
SHP_28684,91387.3,2169566.3
SHP_28689,92061.0,2186189.3
SHP_28690,172046.9,4374350.5
SHP_28691,84439.7,2001579.4
SHP_28695,173656.8,4413046.5
SHP_28696,87013.8,2059099.3
SHP_28699,56318.9,1361452.9
SHP_28700,87347.8,2063855.0
SHP_28701,172519.1,4384323.5
SHP_28705,87390.9,2064551.3
SHP_28706,87332.3,2064598.5
SHP_28708,133630.9,3309231.0
SHP_28709,91322.0,2168829.0
SHP_28710,91732.4,2176460.3
SHP_28711,87341.8,2071180.6
SHP_28712,87530.8,2072707.8
SHP_28714,88723.2,2095116.3
SHP_28717,213351.8,5344928.0
SHP_28720,86374.9,2097640.3
SHP_28722,101586.0,2466076.5
SHP_28724,84356.6,2009980.8
SHP_28727,101048.0,2387479.3
SHP_28728,142426.4,3624870.0
SHP_28729,88723.2,2095116.3
SHP_28730,16208.5,379319.8
SHP_28734,172458.3,4380454.0
SHP_28739,127118.8,3137193.3
SHP_28742,72253.4,1746346.0
SHP_28743,103659.2,2423056.0
SHP_28749,92384.6,2192034.8
SHP_28752,2944.1,55402.8
SHP_28753,55592.3,1317528.8
SHP_28754,80473.5,1909402.5
SHP_28756,172651.8,4382966.0
SHP_28758,186208.1,4647440.0
SHP_28760,142171.7,3621428.0
SHP_28761,67137.1,1566115.3
SHP_28763,83425.9,1978743.0
SHP_28766,86349.0,2051045.4
SHP_28767,166467.3,4247641.5
SHP_28769,172184.3,4375481.5
SHP_28770,193747.0,4818324.0
SHP_28771,65485.7,1561498.9
SHP_28773,209284.8,5262091.5
SHP_28775,172738.5,4391909.0
SHP_28780,53406.8,1268465.0
SHP_28782,212909.4,5337524.0
SHP_28785,75680.0,1821901.1
SHP_28789,92042.6,2154119.5
SHP_28791,186036.0,4690983.0
SHP_28792,212327.0,5324911.0
SHP_28793,75571.1,1819517.9
SHP_28798,3212.5,64917.1
SHP_28801,88631.3,2136589.0
SHP_28805,67582.0,1573198.0
SHP_28806,195026.2,4847341.0
SHP_28808,171060.6,4349993.0
SHP_28809,83984.6,1988526.5
SHP_28811,174436.5,4432637.5
SHP_28814,196443.2,4892748.0
SHP_28817,197224.9,4914708.0
SHP_28818,87464.8,2074904.9
SHP_28820,167284.8,4266330.0
SHP_28824,70518.3,1683742.0
SHP_28825,78829.7,1855841.8
SHP_28830,93728.5,2216817.5
SHP_28835,86430.4,2053376.0
SHP_28836,94567.2,2232467.0
SHP_28839,53406.8,1268465.0
SHP_28840,69970.7,1672033.5
SHP_28841,90627.1,2183058.8
SHP_28843,93638.9,2215230.8
SHP_28846,83312.4,1991370.0
SHP_28848,80162.7,1911463.8
SHP_28849,169113.7,4306483.0
SHP_28853,197060.7,4853814.0
SHP_28855,87510.8,2073489.5
SHP_28859,91395.7,2200398.0
SHP_28860,45174.0,1097778.1
SHP_28861,91407.0,2169587.8
SHP_28863,127442.2,3142658.5
SHP_28865,73592.6,1765928.3
SHP_28870,91767.9,2175479.0
SHP_28871,86562.8,2054667.5
SHP_28875,172432.8,4379968.5
SHP_28877,56424.6,1385903.3
SHP_28880,51604.7,1223458.0
SHP_28881,103257.0,2504870.8
SHP_28882,90627.1,2183058.8
SHP_28883,172288.7,4383075.5
SHP_28888,65184.1,1552303.9
SHP_28889,87414.3,2067688.1
SHP_28892,91088.7,2186005.3
SHP_28894,83142.4,1967422.0
SHP_28896,163447.8,4077846.5
SHP_28897,87235.0,2062587.0
SHP_28901,97305.5,2342405.0
SHP_28902,77306.5,1846222.9
SHP_28906,172044.1,4370471.5
SHP_28910,168735.5,4297887.5
SHP_28911,81646.2,1981588.0
SHP_28912,173435.9,4406942.5
SHP_28914,89197.3,2105349.3
SHP_28916,65278.0,1562072.1
SHP_28918,169629.4,4317559.5
SHP_28919,81252.1,1927636.6
SHP_28922,174750.0,4438428.5
SHP_28925,64963.8,1549998.3
SHP_28929,83273.9,1987586.6
SHP_28931,16612.6,386713.4
SHP_28932,79979.5,1899247.6
SHP_28933,53640.1,1281710.5
SHP_28938,64615.2,1543861.3
SHP_28939,193465.1,4824378.0
SHP_28941,87069.0,2059680.9
SHP_28946,52421.3,1252480.9
SHP_28947,89677.6,2114827.5
SHP_28953,177353.0,4412126.0
SHP_28956,90878.6,2190665.3
SHP_28959,86773.1,2058313.1
SHP_28960,98855.2,2325344.0
SHP_28961,75997.0,1807425.9
SHP_28963,96274.7,2278461.8
SHP_28964,117957.6,2830471.0
SHP_28965,78943.8,1882426.6
SHP_28972,87615.4,2122925.8
SHP_28977,48812.6,1174470.5
SHP_28980,162983.2,4071929.5
SHP_28982,77179.0,1847672.9
SHP_28984,64456.5,1543598.8
SHP_28985,173824.0,4414595.0
SHP_28986,83425.9,1978743.0
SHP_28987,173435.9,4406942.5
SHP_28988,177834.5,4439926.0
SHP_28992,100588.7,2444662.5
SHP_28998,194622.0,4836245.0
SHP_28999,97415.8,2293805.0
SHP_29001,103101.6,2395488.8
SHP_29004,80239.9,1909812.8
SHP_29009,170617.9,4344627.0
SHP_29010,87807.3,2078095.8
SHP_29013,173162.8,4396578.5
SHP_29014,93083.8,2201877.3
SHP_29019,171483.3,4367100.0
SHP_29020,173136.7,4397620.0
SHP_29021,142788.7,3631729.5
SHP_29023,167585.8,4273222.0
SHP_29024,172687.9,4383395.5
SHP_29025,77191.6,1847792.8
SHP_29026,78874.2,1853391.9
SHP_29027,701.5,9062.4
SHP_29028,91645.1,2172881.0
SHP_29030,87909.4,2132194.3
SHP_29032,88771.3,2153184.0
SHP_29033,43024.2,1053970.9
SHP_29036,170445.6,4331925.0
SHP_29037,195870.7,4870670.5
SHP_29042,87909.4,2132194.3
SHP_29043,67297.5,1568506.9
SHP_29044,198055.0,4915600.0
SHP_29053,122780.1,3118002.8
SHP_29054,215154.6,5329868.0
SHP_29055,194472.1,4834689.5
SHP_29058,92235.1,2161530.8
SHP_29062,87283.0,2062234.9
SHP_29066,167585.8,4273222.0
SHP_29069,80807.1,1966822.3
SHP_29072,86907.3,2108474.0
SHP_29073,170529.1,4340769.0
SHP_29075,167585.8,4273222.0
SHP_29076,168727.3,4296874.0
SHP_29079,196443.2,4892748.0
SHP_29083,107920.1,2541746.0
SHP_29084,196443.2,4892748.0
SHP_29085,93151.7,2203039.3
SHP_29086,173336.7,4402072.0
SHP_29090,93786.1,2219832.5
SHP_29093,45348.6,1102088.4
SHP_29095,110177.4,2691348.8
SHP_29101,2436.2,46215.1
SHP_29102,92042.6,2154119.5
SHP_29104,87189.4,2117791.5
SHP_29105,168735.5,4297887.5
SHP_29107,198055.0,4915600.0
SHP_29108,64940.8,1552583.1
SHP_29110,94038.2,2218668.5
SHP_29111,79811.4,1949166.8
SHP_29113,16100.2,381655.8
SHP_29115,212676.3,5327736.5
SHP_29116,193467.5,4824547.5
SHP_29117,2746.7,49360.3
SHP_29119,78336.8,1839919.8
SHP_29122,163171.9,4059178.5
SHP_29124,69865.5,1693958.4
SHP_29125,170618.8,4343961.5
SHP_29128,178112.9,4444991.5
SHP_29129,45259.5,1101041.8
SHP_29131,88752.2,2094678.8
SHP_29133,91444.0,2167953.8
SHP_29135,185128.1,4621693.0
SHP_29136,177568.4,4436464.5
SHP_29138,94605.8,2231857.5
SHP_29140,1684.8,24216.8
SHP_29142,194197.6,4826764.0
SHP_29143,80667.7,1911123.1
SHP_29145,1592.9,23646.3
SHP_29147,167436.3,4268839.0
SHP_29148,83537.9,1987743.0
SHP_29149,171365.1,4357761.0
SHP_29150,81064.3,1926838.1
SHP_29151,93637.4,2215220.5
SHP_29154,171556.3,4368024.5
SHP_29155,170597.8,4340693.0
SHP_29157,92206.9,2213339.8
SHP_29162,110177.4,2691348.8
SHP_29165,101509.8,2461738.0
SHP_29169,149821.3,3813245.0
SHP_29171,80457.3,1913968.6
SHP_29173,95132.9,2254359.5
SHP_29177,87373.1,2065933.9
SHP_29178,142625.0,3625655.5
SHP_29182,173122.9,4396868.0
SHP_29185,78922.7,1927550.9
SHP_29188,93089.5,2236122.8
SHP_29191,90331.8,2149335.0
SHP_29192,77914.2,1863958.4
SHP_29193,85974.2,2043703.0
SHP_29198,88686.8,2159722.0
SHP_29200,100588.7,2444662.5
SHP_29202,88487.9,2154792.3
SHP_29203,41196.6,971770.0
SHP_29205,134735.3,3330798.3
SHP_29207,2944.1,55402.8
SHP_29209,91430.7,2196804.0
SHP_29211,47251.7,1138139.4
SHP_29214,87267.9,2062089.9
SHP_29220,173772.5,4417168.5
SHP_29222,95756.5,2259945.3
SHP_29224,92304.5,2194288.8
SHP_29225,91765.2,2201584.5
SHP_29227,100588.7,2444662.5
SHP_29229,173163.8,4402602.0
SHP_29230,171690.3,4369662.0
SHP_29233,84728.8,2040834.0
SHP_29236,172129.3,4375230.0
SHP_29237,1252.3,19122.0
SHP_29238,82290.5,1959874.3
SHP_29244,197062.8,4903091.5
SHP_29248,90618.1,2153724.3
SHP_29249,79979.5,1899247.6
SHP_29250,95257.2,2244398.0
SHP_29251,98360.6,2300644.5
SHP_29257,87736.3,2077561.9
SHP_29259,1592.9,23646.3
SHP_29260,87079.5,2059857.1
SHP_29261,170666.1,4339106.5
SHP_29262,194383.4,4832908.0
SHP_29265,65278.0,1562072.1
SHP_29267,171348.3,4357489.0
SHP_29268,168863.1,4295618.0
SHP_29269,171943.5,4365970.0
SHP_29270,171532.8,4367818.0
SHP_29271,87511.9,2072632.4
SHP_29272,93478.5,2213355.3
SHP_29273,78206.7,1900221.1
SHP_29279,91201.6,2166223.8
SHP_29281,194383.4,4832908.0
SHP_29287,77379.7,1849329.9
SHP_29288,103658.9,2422493.0
SHP_29289,133362.5,3304139.0
SHP_29290,87126.6,2060921.3
SHP_29291,91732.4,2176460.3
SHP_29296,193626.8,4819203.0
SHP_29297,193962.3,4823309.0
SHP_29301,172003.5,4372249.0
SHP_29302,99633.4,2414830.8
SHP_29303,51790.2,1241352.3
SHP_29306,173116.5,4400014.5
SHP_29307,88107.2,2139925.5
SHP_29309,92950.7,2230600.0
SHP_29312,79248.3,1886003.0
SHP_29313,193741.2,4918560.5
SHP_29316,173346.3,4401012.0
SHP_29320,14040.5,310875.2
SHP_29325,177316.1,4500009.5
SHP_29327,172651.8,4382966.0
SHP_29328,163649.5,4069183.5
SHP_29331,81008.9,1926911.8
SHP_29334,102247.1,2483145.5
SHP_29335,80906.8,1921214.3
SHP_29337,88723.2,2095116.3
SHP_29343,79058.0,1932797.4
SHP_29349,80728.8,1922264.3
SHP_29350,194383.4,4832908.0
SHP_29352,96274.7,2278461.8
SHP_29354,87094.7,2117296.8
SHP_29357,88789.6,2175470.0
SHP_29362,74250.3,1753187.5
SHP_29363,162055.7,4020219.3
SHP_29365,96274.7,2278461.8
SHP_29367,174197.6,4425868.0
SHP_29369,84939.1,2002288.8
SHP_29371,90137.2,2168569.5
SHP_29372,89064.9,2119535.3
SHP_29373,42951.9,1051128.6
SHP_29376,86785.5,2061830.3
SHP_29379,163170.4,4061587.0
SHP_29381,86349.0,2051045.4
SHP_29382,90721.9,2155707.8
SHP_29386,172692.4,4386647.0
SHP_29391,170721.2,4347031.5
SHP_29394,83096.4,2031381.0
SHP_29398,53413.5,1267495.3
SHP_29399,94232.1,2223476.5
SHP_29401,101996.2,2477948.0
SHP_29402,173641.3,4402024.5
SHP_29404,100025.7,2454280.0
SHP_29408,128128.3,3160842.8
SHP_29410,212327.0,5324911.0
SHP_29413,173204.4,4401019.5
SHP_29416,87167.9,2069278.4
SHP_29417,86123.5,2048434.8
SHP_29418,172738.5,4391909.0
SHP_29421,125260.5,3178675.0
SHP_29426,173029.2,4397876.0
SHP_29427,77856.3,1860708.5
SHP_29428,1727.0,31561.0
SHP_29431,87560.5,2069568.8
SHP_29432,16150.9,371510.9
SHP_29433,184973.3,4618316.5
SHP_29434,148614.5,3790311.8
SHP_29435,193962.3,4823309.0
SHP_29440,173611.9,4407207.0
SHP_29442,172176.2,4373438.5
SHP_29446,150509.2,3833237.3
SHP_29448,171839.6,4371806.5
SHP_29449,91658.3,2174136.0
SHP_29450,172183.5,4375343.0
SHP_29452,86663.0,2057755.0
SHP_29455,94038.2,2218668.5
SHP_29458,86448.0,2102631.8
SHP_29462,56548.6,1388900.8
SHP_29464,173958.8,4408568.5
SHP_29465,18348.5,438012.2
SHP_29466,125210.2,3177198.5
SHP_29469,102553.2,2506043.0
SHP_29472,64962.1,1555567.0
SHP_29475,195033.8,4850309.0
SHP_29476,87909.4,2132194.3
SHP_29477,73085.3,1755859.6
SHP_29479,80906.8,1921214.3
SHP_29480,177234.3,4496592.5
SHP_29482,173008.7,4398423.0
SHP_29483,78336.8,1839919.8
SHP_29486,167128.6,4261510.0
SHP_29487,87013.8,2059099.3
SHP_29488,87864.7,2078411.5
SHP_29491,83523.7,1979938.0
SHP_29495,67572.5,1572158.3
SHP_29496,136835.7,3385916.0
SHP_29497,173958.8,4408568.5
SHP_29498,170354.4,4340277.0
SHP_29502,86822.8,2058632.3
SHP_29504,77401.4,1816048.0
SHP_29505,91308.7,2167691.0
SHP_29508,87169.2,2060439.9
SHP_29515,193514.7,4819240.0
SHP_29518,73950.0,1772901.8
SHP_29520,150845.2,3843032.3
SHP_29522,172906.2,4389556.0
SHP_29523,91643.8,2173014.3
SHP_29526,173772.5,4417168.5
SHP_29527,162983.2,4071929.5
SHP_29529,121399.8,3087854.5
SHP_29531,69996.8,1697505.1
SHP_29532,195938.5,4869927.0
SHP_29534,735.4,10488.9
SHP_29535,91889.1,2177153.0
SHP_29536,92423.5,2186677.8
SHP_29538,168735.5,4297887.5
SHP_29539,16570.4,385895.6
SHP_29540,78978.1,1927533.3
SHP_29542,61569.1,1490556.1
SHP_29544,98535.3,2325330.8
SHP_29547,80371.0,1908570.3
SHP_29551,167864.8,4279334.0
SHP_29552,160237.7,4092678.5
SHP_29554,19508.1,462855.3
SHP_29555,2944.1,55402.8
SHP_29556,149733.7,3814382.0
SHP_29557,75301.5,1800502.0
SHP_29559,173497.5,4405124.0
SHP_29560,79386.0,1938550.8
SHP_29562,44542.2,1086642.5
SHP_29563,96288.2,2327691.5
SHP_29564,43637.8,1065627.0
SHP_29565,16743.1,395513.0
SHP_29570,163306.6,4064513.8
SHP_29572,172458.3,4380454.0
SHP_29573,172625.5,4390653.0
SHP_29576,91792.7,2175779.3
SHP_29577,142171.7,3621428.0
SHP_29579,149798.0,3814636.5
SHP_29580,44838.8,1096267.3
SHP_29581,74512.5,1794377.6
SHP_29582,92176.6,2162934.5
SHP_29583,149787.3,3812706.5
SHP_29587,91018.5,2127008.0
SHP_29588,90927.6,2160136.5
SHP_29590,86824.4,2060104.0
SHP_29591,68061.5,1586563.8
SHP_29593,71199.4,1723389.5
SHP_29596,166824.6,4256392.0
SHP_29599,167938.1,4279659.0
SHP_29600,1684.8,24216.8
SHP_29601,128022.4,3158800.5
SHP_29602,196590.3,4891064.0
SHP_29607,193902.1,4822433.0
SHP_29611,76346.3,1814568.6
SHP_29613,163520.0,4085933.0
SHP_29615,169190.5,4308427.0
SHP_29621,118141.4,2851879.3
SHP_29624,95177.4,2254742.3
SHP_29626,193962.3,4823309.0
SHP_29627,98360.6,2300644.5
SHP_29628,84754.0,1999330.8
SHP_29629,162055.7,4020219.3
SHP_29630,100943.9,2387774.8
SHP_29632,195376.2,4855501.0
SHP_29633,80473.5,1909402.5
SHP_29635,64377.9,1558130.3
SHP_29637,166467.3,4247641.5
SHP_29639,172458.3,4380454.0
SHP_29642,87021.5,2059923.3
SHP_29647,75571.1,1819517.9
SHP_29652,86715.4,2055850.3
SHP_29653,167128.6,4261510.0
SHP_29655,168735.5,4297887.5
SHP_29658,122159.4,3106040.0
SHP_29659,94232.1,2223476.5
SHP_29661,53549.0,1296089.8
SHP_29662,187215.3,4640180.0
SHP_29663,89373.5,2157278.5
SHP_29666,67152.8,1635645.5
SHP_29669,44692.1,1092683.5
SHP_29671,1825.4,32692.2
SHP_29672,134861.7,3331597.3
SHP_29675,87882.6,2130592.5
SHP_29676,196360.5,4892473.0
SHP_29678,100358.8,2437151.0
SHP_29679,61198.9,1474162.5
SHP_29684,211928.5,5324901.0
SHP_29689,39993.9,939872.3
SHP_29692,44652.2,1091999.4
SHP_29693,83735.6,1987803.5
SHP_29696,193080.5,4794258.0
SHP_29699,44505.9,1082689.3
SHP_29701,190883.4,4758444.0
SHP_29704,142832.8,3633008.0
SHP_29706,173163.8,4402602.0
SHP_29710,81301.1,1973582.5
SHP_29711,94733.0,2237044.8
SHP_29714,84636.5,2039809.0
SHP_29720,183359.0,4575407.0
SHP_29721,79259.7,1868094.5
SHP_29722,2944.1,55402.8
SHP_29724,99359.3,2393344.5
SHP_29725,91768.8,2175547.3
SHP_29727,81962.2,1989162.0
SHP_29728,87478.3,2073011.6
SHP_29734,99304.8,2319118.5
SHP_29737,77332.0,1850744.4
SHP_29738,92417.4,2186569.3
SHP_29740,65278.0,1562072.1
SHP_29741,84434.8,2007548.4
SHP_29742,86858.2,2057529.9
SHP_29743,67613.8,1564632.6
SHP_29746,172667.4,4385908.0
SHP_29747,78180.2,1903737.5
SHP_29749,65278.0,1562072.1
SHP_29751,185250.4,4624340.5
SHP_29753,2944.1,55402.8
SHP_29755,92532.9,2220075.3
SHP_29756,65183.7,1585716.8
SHP_29757,102169.1,2387835.5
SHP_29758,59454.3,1447293.3
SHP_29759,80256.9,1912248.0
SHP_29760,87069.0,2059680.9
SHP_29762,77332.0,1850744.4
SHP_29763,193747.0,4818324.0
SHP_29765,192692.0,4796262.0
SHP_29767,186208.1,4647440.0
SHP_29769,90762.8,2189299.0
SHP_29770,100943.9,2387774.8
SHP_29772,150509.2,3833237.3
SHP_29773,78943.8,1882426.6
SHP_29775,156446.4,3998090.0
SHP_29776,97219.9,2347466.5
SHP_29777,86051.1,2030885.3
SHP_29779,85985.8,2013776.0
SHP_29780,20157.2,473578.3
SHP_29784,195026.2,4847341.0
SHP_29786,173735.2,4402221.0
SHP_29791,90512.2,2153502.0
SHP_29797,55592.3,1317528.8
SHP_29798,173381.0,4408221.5
SHP_29799,166892.7,4256029.0
SHP_29800,193874.5,4871251.5
SHP_29801,172326.4,4378835.5
SHP_29804,79695.7,1945916.8
SHP_29808,101586.0,2466076.5
SHP_29809,171938.2,4371256.5
SHP_29810,81168.5,1925082.3
SHP_29811,80906.8,1921214.3
SHP_29812,198055.0,4915600.0
SHP_29819,87615.4,2122925.8
SHP_29821,117029.4,2829456.5
SHP_29822,77579.0,1842173.9
SHP_29825,74339.4,1778100.0
SHP_29828,182622.1,4553748.0
SHP_29829,172460.0,4378207.0
SHP_29830,90642.6,2228088.0
SHP_29832,175320.7,4450920.0
SHP_29834,87074.6,2059087.6
SHP_29837,92088.6,2211702.5
SHP_29843,102169.1,2387835.5
SHP_29844,142625.0,3625655.5
SHP_29846,168665.4,4296115.0
SHP_29847,2944.1,55402.8
SHP_29850,89236.1,2165258.0
SHP_29851,170333.8,4302886.0
SHP_29857,88789.6,2175470.0
SHP_29861,90706.8,2155528.5
SHP_29862,86987.5,2058931.3
SHP_29864,86353.4,2052444.9
SHP_29865,82705.5,1958151.8
SHP_29866,81763.7,1943551.0
SHP_29869,169190.5,4308427.0
SHP_29870,87865.5,2077176.8
SHP_29871,75217.3,1778408.4
SHP_29872,92384.6,2192034.8
SHP_29874,197967.5,4922679.0
SHP_29875,166688.2,4253839.5
SHP_29877,87112.4,2059234.8
SHP_29879,86018.3,2043690.6
SHP_29880,65183.7,1585716.8
SHP_29881,31454.0,769440.4
SHP_29885,163473.8,4087180.0
SHP_29888,69970.7,1672033.5
SHP_29889,148149.8,3779648.5
SHP_29892,202982.0,5035913.0
SHP_29894,150115.8,3821025.5
SHP_29895,87466.3,2074869.6
SHP_29896,88610.2,2173547.5
SHP_29897,90137.2,2168569.5
SHP_29898,57112.2,1363462.1
SHP_29905,196697.9,4892069.0
SHP_29907,212909.4,5337524.0
SHP_29911,1860.4,31658.4
SHP_29913,94733.0,2237044.8
SHP_29914,86282.3,2050475.4
SHP_29916,101499.9,2500471.0
SHP_29920,84754.0,1999330.8
SHP_29923,87585.0,2075817.0
SHP_29924,19498.4,463420.7
SHP_29925,193560.8,4813864.0
SHP_29935,172183.5,4375343.0
SHP_29937,81462.8,1934267.5
SHP_29938,97029.5,2297215.3
SHP_29948,101267.1,2455231.5
SHP_29949,1832.8,30080.7
SHP_29952,74512.5,1794377.6
SHP_29956,84211.2,2001906.8
SHP_29959,168727.3,4296874.0
SHP_29961,87097.3,2060779.3
SHP_29962,172651.8,4382966.0
SHP_29963,91816.3,2177796.0
SHP_29964,91305.2,2167657.0
SHP_29966,172785.5,4395726.5
SHP_29967,87013.8,2059099.3
SHP_29968,92206.9,2213339.8
SHP_29971,87414.3,2067688.1
SHP_29973,1000.2,16975.6
SHP_29975,194622.0,4836245.0
SHP_29977,72771.3,1750220.9
SHP_29978,74339.4,1778100.0
SHP_29982,75571.1,1819517.9
SHP_29983,69532.7,1688574.5
SHP_29984,164106.1,4097328.0
SHP_29987,98449.0,2319081.5
SHP_29989,86682.4,2059640.0
SHP_29991,160772.4,4105928.8
SHP_29992,69970.7,1672033.5
SHP_29993,90771.7,2150526.0
SHP_29997,187215.3,4640180.0
SHP_29999,96049.5,2249824.0
SHP_30000,169398.8,4312645.5
SHP_30002,175238.3,4450556.5
SHP_30003,172163.8,4375336.0
SHP_30004,168151.4,4283460.5
SHP_30005,149380.2,3802055.3
SHP_30006,122172.7,3106187.3
SHP_30008,61569.1,1490556.1
SHP_30009,23122.6,552947.3
SHP_30010,91871.2,2178194.5
SHP_30013,196625.8,4883347.0
SHP_30014,83884.1,1995324.4
SHP_30019,83549.1,1986415.1
SHP_30020,80072.0,1912150.8
SHP_30022,91993.1,2184841.0
SHP_30023,172499.8,4382507.0
SHP_30029,82498.0,1929508.5
SHP_30031,177353.0,4412126.0
SHP_30032,172651.8,4382966.0
SHP_30033,17982.9,401355.7
SHP_30035,77191.6,1847792.8
SHP_30036,91885.0,2177483.3
SHP_30041,79067.2,1932812.9
SHP_30042,94232.1,2223476.5
SHP_30043,90699.0,2180305.5
SHP_30044,88685.0,2152120.3
SHP_30052,74328.6,1768283.6
SHP_30053,85851.5,2044507.3
SHP_30056,82705.5,1958151.8
SHP_30059,196443.2,4892748.0
SHP_30061,196624.9,4885531.0
SHP_30063,120998.1,3079142.3
SHP_30064,87013.8,2059099.3
SHP_30070,70134.4,1699484.0
SHP_30074,87605.6,2124796.8
SHP_30076,88531.5,2172369.5
SHP_30079,93083.8,2201877.3
SHP_30084,69156.0,1676445.9
SHP_30085,81008.9,1926911.8
SHP_30086,86282.3,2050475.4
SHP_30088,87864.7,2078411.5
SHP_30089,169450.3,4313207.0
SHP_30090,191672.0,4773357.0
SHP_30094,78860.8,1849589.9
SHP_30096,294.2,2765.0
SHP_30099,99570.1,2451326.5
SHP_30101,91610.9,2202970.3
SHP_30104,84071.5,1990579.6
SHP_30105,64599.2,1548719.8
SHP_30108,214878.6,5328847.5
SHP_30109,82498.0,1929508.5
SHP_30110,168665.4,4296115.0
SHP_30116,173991.6,4415232.0
SHP_30118,184836.2,4615230.0
SHP_30119,56238.0,1348214.0
SHP_30123,70770.9,1688059.1
SHP_30124,87396.6,2074359.0
SHP_30125,1750.9,27104.0
SHP_30126,92377.3,2216660.0
SHP_30131,87167.9,2069278.4
SHP_30132,174918.6,4440670.0
SHP_30133,85960.7,2042263.9
SHP_30139,166467.3,4247641.5
SHP_30140,194155.8,4827827.0
SHP_30142,1958.6,28092.8
SHP_30146,91885.0,2177483.3
SHP_30147,86858.2,2057529.9
SHP_30150,91708.8,2179308.5
SHP_30151,55123.0,1303479.4
SHP_30154,18348.5,438012.2
SHP_30155,65076.2,1551248.5
SHP_30158,75678.5,1819757.5
SHP_30160,171879.9,4372447.0
SHP_30163,172996.3,4399325.5
SHP_30164,863.4,13484.4
SHP_30165,69251.5,1683221.6
SHP_30167,80728.8,1922264.3
SHP_30169,85961.6,2036359.0
SHP_30170,103659.2,2423056.0
SHP_30172,175636.9,4460058.0
SHP_30174,195365.2,4857959.0
SHP_30175,93571.6,2216523.5
SHP_30176,98855.2,2325344.0
SHP_30177,56653.1,1389811.0
SHP_30178,90642.6,2228088.0
SHP_30180,170239.6,4334889.0
SHP_30181,93478.5,2213355.3
SHP_30190,194268.3,4924638.0
SHP_30191,70649.0,1685117.4
SHP_30192,172658.4,4385144.5
SHP_30196,194268.3,4924638.0
SHP_30199,95238.8,2289572.0
SHP_30200,89236.1,2165258.0
SHP_30201,171586.8,4362990.5
SHP_30209,172582.3,4384413.0
SHP_30210,87792.7,2077428.6
SHP_30213,123053.1,3119638.5
SHP_30214,52801.6,1281086.3
SHP_30215,197026.8,4896959.0
SHP_30222,74512.5,1794377.6
SHP_30223,41339.1,974062.2
SHP_30228,90712.9,2154108.3
SHP_30232,94723.0,2219034.3
SHP_30234,103601.1,2414016.8
SHP_30236,69452.7,1658347.3
SHP_30237,163175.5,4059392.5
SHP_30239,195507.7,4869839.5
SHP_30240,173958.8,4408568.5
SHP_30243,174044.9,4418694.0
SHP_30248,16612.6,386713.4
SHP_30249,1517.9,21515.9
SHP_30251,87090.2,2059588.4
SHP_30253,82314.4,1969936.5
SHP_30255,166356.7,4245465.0
SHP_30258,212283.1,5315632.0
SHP_30259,176598.9,4482273.5
SHP_30260,91708.8,2179308.5
SHP_30263,80331.2,1899879.3
SHP_30265,172347.8,4376207.0
SHP_30266,174809.6,4441331.5
SHP_30267,75934.9,1811826.4
SHP_30268,91471.0,2170870.5
SHP_30270,87126.6,2060921.3
SHP_30271,63231.4,1529032.8
SHP_30274,56535.2,1386083.3
SHP_30275,2543.7,45369.9
SHP_30276,87585.0,2075817.0
SHP_30277,173611.9,4407207.0
SHP_30279,172685.5,4385817.0
SHP_30285,773.0,10877.0
SHP_30288,90712.9,2154108.3
SHP_30292,127442.2,3142658.5
SHP_30293,88487.9,2154792.3
SHP_30294,78482.7,1844593.3
SHP_30295,171532.8,4367818.0
SHP_30296,44652.2,1091999.4
SHP_30297,41339.1,974062.2
SHP_30299,149798.0,3814636.5
SHP_30302,82179.6,1992178.1
SHP_30307,163189.6,4061895.0
SHP_30308,88685.0,2152120.3
SHP_30310,90699.0,2180305.5
SHP_30313,92377.9,2185889.8
SHP_30314,69640.8,1688414.0
SHP_30315,68365.7,1663063.9
SHP_30316,163306.6,4064513.8
SHP_30318,80468.3,1913374.9
SHP_30319,116073.0,2785204.0
SHP_30320,83577.0,1988152.5
SHP_30321,149086.3,3802294.3
SHP_30323,70714.5,1704805.8
SHP_30326,31914.2,778349.2
SHP_30330,211863.8,5323735.5
SHP_30335,41812.4,991304.9
SHP_30336,99665.1,2472511.0
SHP_30339,109748.2,2641785.0
SHP_30344,171972.1,4369907.5
SHP_30348,196590.3,4891064.0
SHP_30349,172914.2,4398335.0
SHP_30350,149924.9,3819951.5
SHP_30352,172914.2,4398335.0
SHP_30360,67408.3,1571160.8
SHP_30362,91860.1,2178097.0
SHP_30363,173342.7,4399126.0
SHP_30364,91576.9,2199942.5
SHP_30377,163447.8,4077846.5
SHP_30378,117029.4,2829456.5
SHP_30379,1599.6,23234.9
SHP_30381,172516.0,4386734.5
SHP_30382,80367.9,1957374.4
SHP_30386,84115.5,1992559.5
SHP_30389,89229.9,2189894.8
SHP_30390,195915.6,4873406.0
SHP_30391,197357.4,4897967.5
SHP_30393,178112.9,4444991.5
SHP_30395,91993.1,2184841.0
SHP_30396,117882.3,2788172.0
SHP_30397,92340.6,2218156.5
SHP_30399,88713.6,2093924.5
SHP_30405,86538.9,2041227.5
SHP_30406,104115.3,2432383.5
SHP_30410,91930.3,2167545.5
SHP_30416,121895.2,3099665.0
SHP_30418,88890.7,2163271.3
SHP_30420,79252.9,1864135.5
SHP_30421,150282.9,3820609.0
SHP_30427,23122.6,552947.3
SHP_30428,77941.4,1848892.1
SHP_30429,195560.8,4870634.0
SHP_30431,81080.4,1930738.5
SHP_30434,215154.6,5329868.0
SHP_30438,171972.1,4369907.5
SHP_30444,55123.0,1303479.4
SHP_30446,77191.6,1847792.8
SHP_30448,88066.9,2072551.5
SHP_30449,87373.1,2065933.9
SHP_30450,170209.1,4330604.0
SHP_30453,108363.6,2634033.3
SHP_30455,169629.4,4317559.5
SHP_30456,95058.5,2298063.3
SHP_30461,214878.6,5328847.5
SHP_30464,117957.6,2830471.0
SHP_30466,89349.8,2104610.5
SHP_30467,167592.0,4273510.0
SHP_30468,87530.8,2072707.8
SHP_30469,149057.0,3783990.0
SHP_30470,87467.2,2065584.3
SHP_30471,195026.2,4847341.0
SHP_30472,169783.3,4323807.5
SHP_30473,148614.5,3790311.8
SHP_30474,91792.7,2175779.3
SHP_30475,95184.9,2244034.8
SHP_30477,81168.5,1925082.3
SHP_30478,167284.8,4266330.0
SHP_30481,169110.8,4304160.0
SHP_30482,193514.7,4819240.0
SHP_30485,42162.1,1036085.4
SHP_30490,90878.6,2190665.3
SHP_30491,170289.3,4337121.5
SHP_30492,88250.9,2026733.8
SHP_30493,72725.9,1744285.1
SHP_30494,173134.3,4402739.5
SHP_30497,116073.0,2785204.0
SHP_30498,86570.5,2054442.1
SHP_30500,100588.7,2444662.5
SHP_30504,173097.5,4396618.5
SHP_30505,87864.7,2078411.5
SHP_30507,76755.0,1882879.8
SHP_30508,117029.4,2829456.5
SHP_30511,171586.8,4362990.5
SHP_30512,195365.2,4857959.0
SHP_30519,91387.3,2169566.3
SHP_30520,133682.7,3310257.3
SHP_30523,211065.1,5311625.5
SHP_30526,171839.6,4371806.5
SHP_30530,169110.8,4304160.0
SHP_30532,2804.4,54825.5
SHP_30533,148069.3,3769179.0
SHP_30534,77179.0,1847672.9
SHP_30536,91413.5,2170081.3
SHP_30541,1860.4,31658.4
SHP_30542,149057.0,3783990.0
SHP_30543,183090.2,4622442.0
SHP_30544,23122.6,552947.3
SHP_30546,173772.5,4417168.5
SHP_30553,195990.7,4879869.0
SHP_30556,173399.3,4408596.0
SHP_30559,94692.4,2267777.8
SHP_30561,56535.2,1386083.3
SHP_30564,87664.9,2070154.8
SHP_30568,79330.0,1892615.3
SHP_30577,87173.2,2059849.8
SHP_30578,192692.0,4796262.0
SHP_30579,87909.4,2132194.3
SHP_30582,92727.7,2194722.3
SHP_30592,78650.3,1924442.3
SHP_30593,88598.7,2171409.0
SHP_30595,172830.5,4397303.0
SHP_30598,67685.5,1576297.6
SHP_30602,78922.7,1927550.9
SHP_30605,65278.0,1562072.1
SHP_30607,87313.2,2071368.5
SHP_30608,166892.7,4256029.0
SHP_30609,91827.1,2177932.0
SHP_30610,88050.2,2076538.5
SHP_30613,91470.7,2243681.0
SHP_30615,77442.7,1843995.9
SHP_30621,2944.1,55402.8
SHP_30625,80272.9,1915237.6
SHP_30626,184089.9,4645122.0
SHP_30630,87280.8,2060997.8
SHP_30633,98782.0,2383364.3
SHP_30636,168735.5,4297887.5
SHP_30637,173116.8,4401529.0
SHP_30638,172347.8,4376207.0
SHP_30639,91693.4,2174711.3
SHP_30645,52782.1,1280843.0
SHP_30646,172996.3,4399325.5
SHP_30648,98360.6,2300644.5
SHP_30649,94682.4,2234207.5
SHP_30652,67152.8,1635645.5
SHP_30654,163460.2,4067234.5
SHP_30656,117894.6,2788672.5
SHP_30658,107963.9,2630098.3
SHP_30662,84211.2,2001906.8
SHP_30664,173483.4,4409680.0
SHP_30667,78992.0,1873243.1
SHP_30670,172182.9,4376801.0
SHP_30671,198550.7,4932261.0
SHP_30673,173727.0,4414553.0
SHP_30676,92259.7,2189667.8
SHP_30677,116073.0,2785204.0
SHP_30678,89511.5,2175120.0
SHP_30683,67152.8,1635645.5
SHP_30687,70372.7,1703840.0
SHP_30689,172460.0,4378207.0
SHP_30692,169110.8,4304160.0
SHP_30695,91930.3,2167545.5
SHP_30696,103601.1,2414016.8
SHP_30698,92950.7,2230600.0
SHP_30699,67458.0,1624607.3
SHP_30702,294.2,2765.0
SHP_30703,1517.9,21515.9
SHP_30705,173311.8,4403766.5
SHP_30706,136965.7,3385241.8
SHP_30708,212501.7,5327487.0
SHP_30709,88050.2,2076538.5
SHP_30710,85631.6,2036646.5
SHP_30711,87390.8,2067306.0
SHP_30712,80371.0,1908570.3
SHP_30713,134717.4,3329708.8
SHP_30715,163310.2,4063653.5
SHP_30717,87247.5,2060901.5
SHP_30718,94271.1,2230195.0
SHP_30719,79332.3,1866274.6
SHP_30722,198550.7,4932261.0
SHP_30724,86773.1,2058313.1
SHP_30727,55020.6,1296509.8
SHP_30730,99304.8,2319118.5
SHP_30733,170769.3,4344248.0
SHP_30736,80072.0,1912150.8
SHP_30737,94723.0,2219034.3
SHP_30739,86821.9,2057249.5
SHP_30741,172176.2,4373438.5
SHP_30742,172709.5,4388108.0
SHP_30744,94567.2,2232467.0
SHP_30746,77332.0,1850744.4
SHP_30747,195870.7,4870670.5
SHP_30748,87865.5,2077176.8
SHP_30749,173136.4,4396009.0
SHP_30750,80477.1,1959435.0
SHP_30751,99665.1,2472511.0
SHP_30754,142162.2,3615541.5
SHP_30755,23075.3,550604.9
SHP_30758,197062.8,4903091.5
SHP_30759,195026.2,4847341.0
SHP_30761,85631.6,2036646.5
SHP_30762,56535.2,1386083.3
SHP_30763,172479.8,4378479.0
SHP_30764,173381.0,4408221.5
SHP_30766,84434.8,2007548.4
SHP_30767,86074.3,2092030.6
SHP_30770,88631.4,2156003.0
SHP_30771,173146.6,4397167.5
SHP_30773,172651.8,4382966.0
SHP_30774,79749.0,1945408.1
SHP_30775,172460.0,4378207.0
SHP_30777,90642.6,2228088.0
SHP_30778,100588.7,2444662.5
SHP_30779,162847.3,4052841.0
SHP_30781,86773.1,2058313.1
SHP_30782,174694.7,4437785.0
SHP_30783,173136.4,4396009.0
SHP_30785,93107.2,2204778.8
SHP_30786,1832.8,30080.7
SHP_30787,84135.0,2001105.1
SHP_30788,142171.7,3621428.0
SHP_30789,149380.2,3802055.3
SHP_30790,173689.0,4416071.0
SHP_30791,856.5,12900.5
SHP_30792,68316.5,1661728.3
SHP_30795,177776.8,4437685.0
SHP_30796,87110.7,2060647.9
SHP_30799,193514.7,4819240.0
SHP_30800,87276.4,2062161.0
SHP_30806,86824.9,2107298.0
SHP_30808,45174.0,1097778.1
SHP_30812,79133.7,1855082.0
SHP_30814,167408.5,4268148.0
SHP_30817,91171.8,2165874.0
SHP_30818,198323.7,4926129.0
SHP_30819,87913.3,2077666.8
SHP_30821,67572.5,1572158.3
SHP_30822,87605.6,2124796.8
SHP_30823,91430.7,2196804.0
SHP_30826,91725.8,2175009.0
SHP_30827,78922.7,1927550.9
SHP_30829,163820.9,4073287.5
SHP_30832,65184.1,1552303.9
SHP_30835,92661.9,2170086.8
SHP_30836,173991.6,4415232.0
SHP_30841,95184.9,2244034.8
SHP_30842,83523.7,1979938.0
SHP_30851,701.5,9062.4
SHP_30852,2944.1,55402.8
SHP_30855,91965.7,2210372.0
SHP_30856,92436.0,2217564.3
SHP_30857,163613.1,4088460.5
SHP_30858,127809.8,3152424.5
SHP_30859,86911.0,2063022.8
SHP_30860,16570.4,385895.6
SHP_30861,77914.2,1863958.4
SHP_30862,19498.4,463420.7
SHP_30865,174915.4,4436894.0
SHP_30867,145576.8,3548351.5
SHP_30869,77914.2,1863958.4
SHP_30870,86665.1,2058746.3
SHP_30871,84939.1,2002288.8
SHP_30872,172129.3,4375230.0
SHP_30874,90878.6,2190665.3
SHP_30876,174331.2,4425062.0
SHP_30880,78992.0,1873243.1
SHP_30881,163310.2,4063653.5
SHP_30883,57011.5,1369534.0
SHP_30884,172635.1,4384707.0
SHP_30885,172878.2,4397909.0
SHP_30886,185346.6,4625208.0
SHP_30890,116073.0,2785204.0
SHP_30891,171401.8,4357609.0
SHP_30893,77130.8,1843820.8
SHP_30894,48812.6,1174470.5
SHP_30898,96274.7,2278461.8
SHP_30900,65899.4,1581248.8
SHP_30903,95715.5,2251729.3
SHP_30905,78336.8,1839919.8
SHP_30908,79701.6,1945978.5
SHP_30909,172671.0,4386968.5
SHP_30910,136960.5,3385167.3
SHP_30911,89763.2,2128986.0
SHP_30912,65278.0,1562072.1
SHP_30913,142426.4,3624870.0
SHP_30914,74328.6,1768283.6
SHP_30917,86911.0,2063022.8
SHP_30922,172453.7,4381539.0
SHP_30927,92169.8,2180533.3
SHP_30930,80239.9,1909812.8
SHP_30931,88882.3,2141133.8
SHP_30933,80807.1,1966822.3
SHP_30937,83273.9,1987586.6
SHP_30938,167585.8,4273222.0
SHP_30939,90203.2,2171283.5
SHP_30944,163473.8,4087180.0
SHP_30945,81008.9,1926911.8
SHP_30947,170209.1,4330604.0
SHP_30949,43951.2,1074196.0
SHP_30951,44652.2,1091999.4
SHP_30952,87768.2,2134300.8
SHP_30953,73592.0,1763829.1
SHP_30954,175238.3,4450556.5
SHP_30955,64998.3,1552518.3
SHP_30956,65183.2,1553089.1
SHP_30957,172528.3,4389065.5
SHP_30960,90084.5,2146632.3
SHP_30961,173136.7,4397620.0
SHP_30963,92436.0,2217564.3
SHP_30964,167408.5,4268148.0
SHP_30965,191688.9,4765850.0
SHP_30966,83312.4,1991370.0
SHP_30968,170916.2,4283878.0
SHP_30973,41339.1,974062.2
SHP_30974,101048.0,2387479.3
SHP_30976,84466.2,2028388.4
SHP_30978,169113.7,4306483.0
SHP_30979,2746.7,49360.3
SHP_30982,101848.2,2465624.0
SHP_30983,173501.5,4408681.5
SHP_30984,193461.6,4824308.0
SHP_30987,80072.0,1912150.8
SHP_30988,208487.7,5254060.5
SHP_30991,87341.8,2071180.6
SHP_30992,70681.8,1704502.5
SHP_30993,148243.2,3778249.0
SHP_30997,167350.1,4267530.0
SHP_30998,193902.1,4822433.0
SHP_31000,56535.2,1386083.3
SHP_31001,86858.2,2057529.9
SHP_31002,90501.6,2116541.5
SHP_31004,23114.2,552892.8
SHP_31005,80431.4,1918091.5
SHP_31007,71199.4,1723389.5
SHP_31012,20157.2,473578.3
SHP_31013,87110.7,2060647.9
SHP_31018,93679.8,2209909.3
SHP_31019,163306.6,4064513.8
SHP_31021,170209.1,4330604.0
SHP_31023,94723.0,2219034.3
SHP_31024,88383.1,2078028.1
SHP_31029,83069.6,2032577.4
SHP_31031,122832.2,3118366.8
SHP_31033,72162.3,1714437.3
SHP_31036,40321.9,943334.7
SHP_31038,87373.1,2065933.9
SHP_31039,89218.3,2105430.5
SHP_31042,2944.1,55402.8
SHP_31044,2259.2,42982.5
SHP_31045,91576.9,2199942.5
SHP_31046,90331.8,2149335.0
SHP_31050,173136.4,4396009.0
SHP_31051,79378.7,1893282.6
SHP_31056,208315.9,5250027.5
SHP_31057,41339.1,974062.2
SHP_31060,174178.4,4419982.0
SHP_31061,163853.8,4091384.5
SHP_31064,61634.2,1490291.5
SHP_31066,184888.8,4616622.0
SHP_31068,99665.1,2472511.0
SHP_31071,168835.9,4291650.0
SHP_31072,134580.5,3313574.5
SHP_31074,171295.0,4354704.0
SHP_31075,81646.2,1981588.0
SHP_31076,190984.3,4760425.0
SHP_31077,80072.0,1912150.8
SHP_31080,170916.2,4283878.0
SHP_31081,148936.7,3795404.8
SHP_31084,77331.8,1828251.4
SHP_31087,148614.5,3790311.8
SHP_31089,169852.2,4310962.0
SHP_31093,194507.7,4829928.0
SHP_31097,58487.3,1406357.3
SHP_31098,80272.9,1915237.6
SHP_31099,196952.9,4898266.0
SHP_31102,93803.1,2179640.0
SHP_31103,55592.3,1317528.8
SHP_31104,173494.5,4407303.5
SHP_31107,94969.0,2294305.8
SHP_31109,71439.1,1729771.0
SHP_31110,88896.6,2145732.8
SHP_31112,173483.4,4409680.0
SHP_31113,98201.4,2316231.8
SHP_31119,56127.2,1379303.8
SHP_31122,87051.7,2061272.5
SHP_31124,86785.5,2061830.3
SHP_31127,178275.9,4429654.0
SHP_31128,74250.3,1753187.5
SHP_31129,91913.8,2182015.0
SHP_31130,1868.2,30477.0
SHP_31133,99633.4,2414830.8
SHP_31134,120998.1,3079142.3
SHP_31136,20157.2,473578.3
SHP_31137,163649.5,4069183.5
SHP_31139,170837.2,4345370.5
SHP_31143,171950.0,4369617.0
SHP_31144,59540.2,1450323.6
SHP_31146,64768.2,1577468.5
SHP_31147,92436.0,2217564.3
SHP_31148,197105.8,4994674.5
SHP_31150,195966.0,4872931.0
SHP_31153,161638.1,4013840.8
SHP_31154,174457.4,4434390.5
SHP_31156,174694.7,4437785.0
SHP_31158,194644.4,4840329.0
SHP_31159,173155.1,4397312.0
SHP_31160,172544.2,4383247.5
SHP_31162,80473.5,1909402.5
SHP_31163,101901.3,2409683.0
SHP_31164,168735.5,4297887.5
SHP_31165,46260.6,1111911.0
SHP_31167,173547.6,4413451.0
SHP_31168,18348.5,438012.2
SHP_31169,103659.2,2423056.0
SHP_31170,192692.0,4796262.0
SHP_31174,77161.2,1891946.1
SHP_31175,79197.0,1854895.8
SHP_31180,171935.8,4375727.0
SHP_31181,73119.6,1757473.3
SHP_31184,101586.0,2466076.5
SHP_31186,98360.6,2300644.5
SHP_31187,83308.0,1976196.4
SHP_31191,84356.6,2009980.8
SHP_31192,212327.0,5324911.0
SHP_31193,212204.0,5329877.0
SHP_31194,92186.2,2183297.5
SHP_31195,169527.4,4314905.5
SHP_31198,72059.0,1742323.8
SHP_31200,84132.4,2001065.9
SHP_31207,778.7,8752.2
SHP_31209,87341.8,2071180.6
SHP_31213,41339.1,974062.2
SHP_31214,100564.1,2349125.8
SHP_31215,197023.6,4892883.5
SHP_31216,167546.5,4270888.0
SHP_31218,178165.6,4445954.0
SHP_31219,150438.1,3572757.5
SHP_31221,87865.5,2077176.8
SHP_31224,92042.0,2185977.0
SHP_31227,95209.9,2300222.3
SHP_31229,73529.7,1760416.8
SHP_31230,91357.8,2241886.3
SHP_31231,164076.9,4080643.8
SHP_31233,168357.8,4289108.5
SHP_31234,162983.2,4071929.5
SHP_31236,197062.8,4903091.5
SHP_31237,173947.2,4423961.0
SHP_31240,93478.5,2213355.3
SHP_31241,174802.8,4424763.5
SHP_31242,150115.8,3821025.5
SHP_31244,217881.7,5451239.0
SHP_31247,92729.5,2192842.8
SHP_31256,180748.7,4574409.5
SHP_31258,76291.8,1820828.6
SHP_31261,86282.3,2050475.4
SHP_31263,91698.7,2176696.0
SHP_31264,87478.3,2073011.6
SHP_31266,2543.7,45369.9
SHP_31267,102169.1,2387835.5
SHP_31268,91885.0,2177483.3
SHP_31269,91387.3,2169566.3
SHP_31273,23122.6,552947.3
SHP_31275,2944.1,55402.8
SHP_31277,45259.5,1101041.8
SHP_31278,86777.6,2109936.5
SHP_31280,116073.0,2785204.0
SHP_31282,55592.3,1317528.8
SHP_31285,150509.2,3833237.3
SHP_31289,172332.6,4376352.0
SHP_31291,78922.7,1927550.9
SHP_31295,92412.0,2215828.8
SHP_31297,172163.8,4375336.0
SHP_31298,172996.3,4399325.5
SHP_31301,75830.0,1792176.4
SHP_31303,95512.4,2247879.0
SHP_31306,87052.4,2111484.0
SHP_31309,86479.5,2054301.5
SHP_31311,92215.4,2183531.0
SHP_31312,84921.1,2022085.5
SHP_31314,167585.8,4273222.0
SHP_31316,94135.2,2253402.5
SHP_31320,91693.8,2201157.8
SHP_31321,163170.4,4061587.0
SHP_31322,87529.1,2066038.9
SHP_31323,39246.8,928655.6
SHP_31324,95257.2,2244398.0
SHP_31325,58834.3,1396083.6
SHP_31326,92088.6,2211702.5
SHP_31327,96274.7,2278461.8
SHP_31330,182661.0,4561742.0
SHP_31337,99359.3,2393344.5
SHP_31338,101586.0,2466076.5
SHP_31343,99304.8,2319118.5
SHP_31345,91470.7,2243681.0
SHP_31350,16612.6,386713.4
SHP_31352,73746.6,1766381.6
SHP_31355,65278.0,1562072.1
SHP_31357,45348.6,1102088.4
SHP_31359,2746.7,49360.3
SHP_31362,86440.7,2053061.1
SHP_31364,70036.1,1698114.8
SHP_31365,173204.4,4401019.5
SHP_31368,16208.5,379319.8
SHP_31370,84071.5,1990579.6
SHP_31371,167080.7,4261334.5
SHP_31372,172183.5,4375343.0
SHP_31373,92950.7,2230600.0
SHP_31374,91576.9,2199942.5
SHP_31378,101983.8,2476653.0
SHP_31379,86663.0,2057755.0
SHP_31380,86430.4,2053376.0
SHP_31381,156446.4,3998090.0
SHP_31382,195507.7,4869839.5
SHP_31387,19498.4,463420.7
SHP_31389,173803.7,4419081.0
SHP_31391,148256.6,3771807.8
SHP_31392,83550.6,1988066.1
SHP_31393,134735.3,3330798.3
SHP_31394,175238.3,4450556.5
SHP_31397,170862.9,4349850.0
SHP_31398,44860.2,1091896.3
SHP_31400,90331.8,2149335.0
SHP_31402,133502.1,3306715.5
SHP_31403,98782.0,2383364.3
SHP_31405,45076.6,1100061.5
SHP_31406,52531.4,1212172.1
SHP_31407,2039.4,32855.0
SHP_31408,91503.1,2201372.5
SHP_31411,41339.1,974062.2
SHP_31412,173740.0,4412645.5
SHP_31418,148834.4,3793906.0
SHP_31422,195560.8,4870634.0
SHP_31423,125260.5,3178675.0
SHP_31425,96824.6,2268463.5
SHP_31427,168728.0,4296739.0
SHP_31432,127706.8,3153351.0
SHP_31433,78943.8,1882426.6
SHP_31434,78336.8,1839919.8
SHP_31436,173727.0,4414553.0
SHP_31437,84581.4,2011573.0
SHP_31441,91308.7,2167691.0
SHP_31442,103207.8,2480113.5
SHP_31446,75153.7,1778501.6
SHP_31447,39928.1,937387.4
SHP_31449,195135.1,4855540.0
SHP_31454,87280.8,2060997.8
SHP_31455,171586.8,4362990.5
SHP_31456,108242.6,2638298.0
SHP_31457,86177.7,2046732.6
SHP_31460,99665.1,2472511.0
SHP_31461,90771.7,2150526.0
SHP_31462,18348.5,438012.2
SHP_31463,87751.7,2070180.5
SHP_31466,55592.3,1317528.8
SHP_31468,173501.5,4408681.5
SHP_31470,86023.2,2043619.4
SHP_31471,92398.1,2186221.0
SHP_31474,83549.1,1986415.1
SHP_31475,77179.0,1847672.9
SHP_31476,211612.2,5321361.0
SHP_31478,94981.6,2286405.3
SHP_31482,196939.3,4893510.0
SHP_31483,59602.0,1451751.5
SHP_31484,163305.1,4064690.0
SHP_31485,170573.0,4337416.0
SHP_31488,90627.1,2183058.8
SHP_31490,204324.8,5102045.0
SHP_31491,148761.3,3789963.8
SHP_31492,86280.6,2026302.1
SHP_31494,163163.0,4059122.0
SHP_31496,75129.4,1810103.8
SHP_31497,163574.0,4068693.0
SHP_31499,1958.6,28092.8
SHP_31502,212204.0,5329877.0
SHP_31506,80807.1,1966822.3
SHP_31513,45054.1,1099022.0
SHP_31514,175908.0,4467186.0
SHP_31515,172582.3,4384413.0
SHP_31516,197026.8,4896959.0
SHP_31517,172197.5,4373946.0
SHP_31519,16208.5,379319.8
SHP_31520,173116.2,4393509.5
SHP_31521,97354.9,2333688.5
SHP_31524,78922.7,1927550.9
SHP_31526,96288.2,2327691.5
SHP_31532,79058.0,1932797.4
SHP_31533,86858.2,2057529.9
SHP_31534,86665.1,2058746.3
SHP_31535,87476.9,2120277.0
SHP_31536,173217.8,4307792.5
SHP_31545,63662.4,1543365.4
SHP_31546,172738.5,4391909.0
SHP_31547,172544.2,4383247.5
SHP_31548,121854.4,3096169.0
SHP_31549,164106.1,4097328.0
SHP_31554,88938.0,2183129.0
SHP_31555,69970.7,1672033.5
SHP_31559,125231.1,3178342.5
SHP_31560,87632.7,2068359.5
SHP_31564,193780.8,4820274.0
SHP_31567,181231.2,4519624.5
SHP_31568,173116.5,4400014.5
SHP_31569,167938.1,4279659.0
SHP_31571,96824.6,2268463.5
SHP_31572,196443.2,4892748.0
SHP_31574,82619.1,1961231.9
SHP_31576,95715.5,2251729.3
SHP_31577,91645.1,2172881.0
SHP_31579,95238.8,2289572.0
SHP_31580,45397.0,1104077.1
SHP_31582,87162.2,2069134.5
SHP_31585,182661.0,4561742.0
SHP_31586,31454.0,769440.4
SHP_31588,212501.7,5327487.0
SHP_31590,172453.7,4381539.0
SHP_31595,197023.6,4892883.5
SHP_31597,190793.5,4756195.0
SHP_31599,92169.8,2180533.3
SHP_31600,150115.8,3821025.5
SHP_31602,127442.2,3142658.5
SHP_31604,120641.0,2924179.0
SHP_31607,86282.3,2050475.4
SHP_31610,87276.4,2062161.0
SHP_31611,49028.3,1189000.0
SHP_31612,90762.8,2189299.0
SHP_31616,103113.9,2402942.3
SHP_31628,79811.4,1949166.8
SHP_31630,79498.9,1894582.1
SHP_31632,172326.4,4378835.5
SHP_31633,95757.2,2258716.8
SHP_31634,75638.7,1821271.1
SHP_31635,82290.5,1959874.3
SHP_31640,173991.6,4415232.0
SHP_31641,88685.0,2152120.3
SHP_31646,170837.2,4345370.5
SHP_31647,82870.5,1963963.3
SHP_31648,117894.6,2788672.5
SHP_31650,87530.8,2072707.8
SHP_31654,39993.9,939872.3
SHP_31655,148614.5,3790311.8
SHP_31656,148248.8,3781957.5
SHP_31658,173740.0,4412645.5
SHP_31659,87891.8,2079064.1
SHP_31662,168735.5,4297887.5
SHP_31663,169585.7,4307103.0
SHP_31666,175238.3,4450556.5
SHP_31668,88250.9,2026733.8
SHP_31669,194384.8,4845698.0
SHP_31673,78874.2,1853391.9
SHP_31674,88826.8,2140140.8
SHP_31676,177463.9,4432738.0
SHP_31677,87419.6,2064113.5
SHP_31678,163970.4,4092595.5
SHP_31679,94271.1,2230195.0
SHP_31682,174457.4,4434390.5
SHP_31683,87051.7,2061272.5
SHP_31684,65899.4,1581248.8
SHP_31686,16570.4,385895.6
SHP_31689,173008.7,4398423.0
SHP_31691,75638.9,1821936.1
SHP_31692,57516.5,1406530.3
SHP_31693,89236.1,2165258.0
SHP_31695,79815.7,1899082.3
SHP_31698,96274.7,2278461.8
SHP_31701,175636.9,4460058.0
SHP_31705,89120.0,2166255.0
SHP_31706,78336.8,1839919.8
SHP_31707,103257.0,2504870.8
SHP_31711,172453.7,4381539.0
SHP_31717,86715.4,2055850.3
SHP_31719,85265.8,2026644.6
SHP_31723,98855.2,2325344.0
SHP_31724,42162.1,1036085.4
SHP_31725,87717.2,2130353.8
SHP_31727,91470.7,2243681.0
SHP_31729,102651.9,2399056.8
SHP_31731,87568.5,2068261.5
SHP_31733,168735.5,4297887.5
SHP_31739,87749.3,2077039.9
SHP_31742,163192.0,4059660.5
SHP_31743,167915.4,4282205.0
SHP_31747,95757.2,2258716.8
SHP_31748,20157.2,473578.3
SHP_31751,81480.6,1932136.3
SHP_31754,133682.7,3310257.3
SHP_31755,171586.8,4362990.5
SHP_31757,88066.9,2072551.5
SHP_31760,212676.3,5327736.5
SHP_31765,87632.7,2068359.5
SHP_31768,163853.8,4091384.5
SHP_31770,99665.1,2472511.0
SHP_31773,102246.3,2483132.0
SHP_31775,72074.9,1733740.9
SHP_31776,208315.9,5250027.5
SHP_31777,93803.1,2179640.0
SHP_31780,185450.0,4625795.5
SHP_31784,70714.5,1704805.8
SHP_31785,185258.1,4625183.0
SHP_31786,95636.2,2257348.8
SHP_31787,85652.8,2033507.0
SHP_31788,92206.9,2213339.8
SHP_31789,198373.2,4930958.0
SHP_31790,79523.3,1943867.4
SHP_31794,80418.9,1913647.0
SHP_31796,173207.3,4400222.5
SHP_31798,85652.8,2033507.0
SHP_31799,95209.9,2300222.3
SHP_31800,91384.1,2169516.3
SHP_31802,172651.8,4382966.0
SHP_31804,174915.4,4436894.0
SHP_31805,134072.4,3315659.0
SHP_31806,100588.7,2444662.5
SHP_31808,136969.7,3385226.8
SHP_31809,48690.4,1168090.6
SHP_31810,91816.3,2177796.0
SHP_31815,86289.4,2097445.8
SHP_31816,78530.9,1846842.8
SHP_31817,163104.5,4058752.8
SHP_31818,92436.0,2217564.3
SHP_31821,64346.1,1546803.8
SHP_31823,77191.6,1847792.8
SHP_31825,91827.1,2177932.0
SHP_31827,172183.5,4375343.0
SHP_31828,192183.4,4768151.0
SHP_31833,103433.0,2400438.5
SHP_31835,196939.3,4893510.0
SHP_31837,192270.9,4782959.0
SHP_31838,88050.2,2076538.5
SHP_31839,192615.2,4794209.0
SHP_31843,172460.0,4378207.0
SHP_31844,40501.8,957360.7
SHP_31845,91471.0,2170870.5
SHP_31846,80475.6,1965258.0
SHP_31847,87373.1,2065933.9
SHP_31849,173991.6,4415232.0
SHP_31850,103601.1,2414016.8
SHP_31851,127809.8,3152424.5
SHP_31852,148243.2,3778249.0
SHP_31856,89511.5,2175120.0
SHP_31857,170557.3,4343279.0
SHP_31858,173061.2,4400829.5
SHP_31859,87478.3,2073011.6
SHP_31861,168932.1,4300549.0
SHP_31862,64806.0,1546431.4
SHP_31864,116073.0,2785204.0
SHP_31865,92212.2,2189399.8
SHP_31866,61569.1,1490556.1
SHP_31874,170239.6,4334889.0
SHP_31875,79815.7,1899082.3
SHP_31878,209335.5,5268576.5
SHP_31879,167553.8,4271975.0
SHP_31880,67582.0,1573198.0
SHP_31881,847.4,12770.5
SHP_31882,86715.4,2055850.3
SHP_31885,173740.0,4412645.5
SHP_31889,162847.3,4052841.0
SHP_31892,133682.7,3310257.3
SHP_31894,62484.6,1515588.6
SHP_31895,2543.7,45369.9
SHP_31896,91573.9,2172402.3
SHP_31897,86430.4,2053376.0
SHP_31899,39246.8,928655.6
SHP_31903,79811.4,1949166.8
SHP_31904,95209.9,2300222.3
SHP_31906,135977.7,3369447.8
SHP_31909,166824.6,4256392.0
SHP_31910,172906.2,4389556.0
SHP_31911,172184.3,4375481.5
SHP_31915,100411.0,2419425.8
SHP_31921,149733.7,3814382.0
SHP_31923,93638.1,2215225.3
SHP_31924,87013.8,2059099.3
SHP_31925,148936.7,3795404.8
SHP_31927,149086.3,3802294.3
SHP_31928,73922.8,1773843.9
SHP_31929,163783.6,4075770.0
SHP_31934,72059.0,1742323.8
SHP_31936,136835.7,3385916.0
SHP_31937,87341.8,2071180.6
SHP_31940,148256.6,3771807.8
SHP_31941,127535.4,3148405.0
SHP_31942,67613.8,1564632.6
SHP_31944,173207.3,4400222.5
SHP_31946,170239.6,4334889.0
SHP_31948,86682.4,2059640.0
SHP_31950,83888.0,1995359.0
SHP_31951,133770.3,3315415.8
SHP_31953,76278.6,1831821.8
SHP_31954,173276.3,4404799.0
SHP_31955,134580.5,3313574.5
SHP_31958,103601.1,2414016.8
SHP_31959,95184.9,2244034.8
SHP_31964,93115.0,2228636.8
SHP_31966,167294.8,4267258.0
SHP_31967,172193.3,4373384.0
SHP_31969,78829.7,1855841.8
SHP_31971,141.5,1185.0
SHP_31974,172184.3,4375481.5
SHP_31975,172938.1,4389179.5
SHP_31977,78055.5,1911990.5
SHP_31979,168524.4,4285750.0
SHP_31982,172138.0,4382120.5
SHP_31983,90960.0,2159799.8
SHP_31985,90771.7,2150526.0
SHP_31987,1571.9,23544.2
SHP_31988,52531.4,1212172.1
SHP_31991,87590.1,2068359.8
SHP_31992,121399.8,3087854.5
SHP_31994,90604.3,2227984.3
SHP_31996,172066.7,4371408.5
SHP_31998,88107.2,2139925.5
SHP_31999,87909.5,2080129.9
SHP_32001,173727.0,4414553.0
SHP_32002,2847.0,55449.0
SHP_32003,778.7,8752.2
SHP_32005,92727.7,2194722.3
SHP_32007,133682.7,3310257.3
SHP_32012,16113.9,378027.2
SHP_32018,186036.0,4690983.0
SHP_32019,171649.3,4296455.5
SHP_32022,78860.8,1849589.9
SHP_32023,91434.8,2170945.3
SHP_32024,83523.7,1979938.0
SHP_32028,56491.7,1386453.0
SHP_32029,16723.4,377684.6
SHP_32030,94232.1,2223476.5
SHP_32032,31513.5,769889.0
SHP_32033,212327.0,5324911.0
SHP_32034,197023.6,4892883.5
SHP_32035,90106.9,2124053.0
SHP_32036,120998.1,3079142.3
SHP_32038,173162.8,4396578.5
SHP_32039,188418.4,4700250.5
SHP_32040,172738.5,4391909.0
SHP_32042,42674.4,1031555.0
SHP_32043,86704.4,2107340.8
SHP_32047,91308.7,2167691.0
SHP_32048,92436.0,2217564.3
SHP_32050,94567.2,2232467.0
SHP_32051,81646.2,1981588.0
SHP_32054,92819.3,2225108.0
SHP_32056,168727.3,4296874.0
SHP_32058,67572.5,1572158.3
SHP_32060,173274.4,4399948.0
SHP_32062,89229.9,2189894.8
SHP_32063,847.4,12770.5
SHP_32066,177850.7,4439593.0
SHP_32069,70863.0,1705815.8
SHP_32070,91161.7,2163680.5
SHP_32072,170035.8,4330429.0
SHP_32077,90927.6,2160136.5
SHP_32086,69640.8,1688414.0
SHP_32089,65277.8,1549232.3
SHP_32091,163148.1,4061133.5
SHP_32092,90960.0,2159799.8
SHP_32093,91503.1,2201372.5
SHP_32094,185460.7,4627601.0
SHP_32096,87337.4,2145853.0
SHP_32103,170209.1,4330604.0
SHP_32105,172737.3,4394355.0
SHP_32107,166820.2,4256433.5
SHP_32108,87996.5,2072017.9
SHP_32112,92340.6,2218156.5
SHP_32116,88672.8,2106762.5
SHP_32117,85265.8,2026644.6
SHP_32118,95132.9,2254359.5
SHP_32120,83523.7,1979938.0
SHP_32123,78055.5,1911990.5
SHP_32124,84581.4,2011573.0
SHP_32126,87909.4,2132194.3
SHP_32130,98782.0,2383364.3
SHP_32134,93632.8,2252247.8
SHP_32135,83549.1,1986415.1
SHP_32138,86826.9,2058821.4
SHP_32139,90724.4,2184743.3
SHP_32143,195164.6,4857697.0
SHP_32144,173246.4,4397652.0
SHP_32147,16612.6,386713.4
SHP_32149,173246.4,4397652.0
SHP_32151,45440.5,1108184.8
SHP_32153,91693.8,2201157.8
SHP_32156,96948.7,2292251.0
SHP_32157,1571.9,23544.2
SHP_32160,172944.4,4399291.0
SHP_32161,101499.9,2500471.0
SHP_32164,87865.5,2077176.8
SHP_32166,178226.0,4446604.0
SHP_32168,170413.6,4336483.5
SHP_32172,90930.6,2184339.0
SHP_32173,42162.1,1036085.4
SHP_32177,2746.7,49360.3
SHP_32178,211093.2,5312102.5
SHP_32183,90285.8,2224226.3
SHP_32184,81238.3,1929682.3
SHP_32186,90027.8,2145906.3
SHP_32189,171805.4,4373278.5
SHP_32190,172003.5,4372249.0
SHP_32191,127118.8,3137193.3
SHP_32192,212676.3,5327736.5
SHP_32193,150158.7,3817379.3
SHP_32194,91649.2,2200289.0
SHP_32195,91588.3,2172811.3
SHP_32198,174990.6,4429739.0
SHP_32199,87489.4,2065877.5
SHP_32202,169436.2,4304029.0
SHP_32206,173162.8,4396578.5
SHP_32207,95058.5,2298063.3
SHP_32212,2944.1,55402.8
SHP_32213,165107.6,4214483.0
SHP_32214,150115.8,3821025.5
SHP_32215,104011.6,2423308.3
SHP_32216,86826.9,2058821.4
SHP_32218,93083.8,2201877.3
SHP_32219,193923.5,4820841.0
SHP_32220,77856.3,1860708.5
SHP_32221,69674.6,1690553.5
SHP_32222,88066.9,2072551.5
SHP_32223,73171.1,1754823.4
SHP_32230,177135.1,4495906.5
SHP_32233,195870.7,4870670.5
SHP_32235,80473.5,1909402.5
SHP_32236,81894.1,1989229.8
SHP_32237,91463.9,2170427.0
SHP_32238,73950.0,1772901.8
SHP_32242,45397.0,1104077.1
SHP_32245,171586.8,4362990.5
SHP_32246,44835.2,1094937.0
SHP_32247,90712.9,2154108.3
SHP_32248,163371.2,4063212.0
SHP_32249,167546.5,4270888.0
SHP_32251,82507.6,1999341.0
SHP_32252,97658.9,2303500.0
SHP_32254,173350.7,4401299.5
SHP_32255,79356.4,1940187.8
SHP_32258,92107.6,2210788.3
SHP_32259,93831.9,2220471.0
SHP_32261,100358.8,2437151.0
SHP_32264,95209.9,2300222.3
SHP_32267,164030.1,4077403.0
SHP_32269,197240.1,4911337.0
SHP_32270,103277.3,2413434.8
SHP_32271,167592.0,4273510.0
SHP_32273,3212.5,64917.1
SHP_32274,23114.2,552892.8
SHP_32275,57112.2,1363462.1
SHP_32276,177325.4,4425355.0
SHP_32278,81480.6,1932136.3
SHP_32279,172347.8,4376207.0
SHP_32280,196652.4,4883519.0
SHP_32281,142700.7,3630084.5
SHP_32284,95209.9,2300222.3
SHP_32288,149057.0,3783990.0
SHP_32291,43637.8,1065627.0
SHP_32292,149667.0,3816064.5
SHP_32296,53640.1,1281710.5
SHP_32302,90618.1,2153724.3
SHP_32304,87026.4,2060128.8
SHP_32308,169139.5,4310200.0
SHP_32309,170202.7,4335461.5
SHP_32310,87828.9,2129325.0
SHP_32311,70465.8,1703089.9
SHP_32312,65278.0,1562072.1
SHP_32313,116073.0,2785204.0
SHP_32315,175636.9,4460058.0
SHP_32319,67001.4,1563828.0
SHP_32321,90461.4,2116244.5
SHP_32324,85974.2,2043703.0
SHP_32325,181231.2,4519624.5
SHP_32327,88387.4,2078108.1
SHP_32331,73438.3,1762689.4
SHP_32332,90462.1,2131602.0
SHP_32334,87373.1,2065933.9
SHP_32335,149360.4,3808708.0
SHP_32338,167128.6,4261510.0
SHP_32339,20157.2,473578.3
SHP_32342,75853.0,1821178.1
SHP_32344,88904.5,2141009.5
SHP_32345,85974.2,2043703.0
SHP_32349,194665.1,4831894.0
SHP_32353,64706.4,1565412.3
SHP_32356,2543.7,45369.9
SHP_32360,175320.1,4376757.0
SHP_32367,87247.5,2060901.5
SHP_32368,88107.2,2139925.5
SHP_32369,110177.4,2691348.8
SHP_32373,194061.8,4825438.0
SHP_32376,80468.3,1913374.9
SHP_32377,173163.8,4402602.0
SHP_32378,79335.5,1886956.6
SHP_32379,1662.3,27529.7
SHP_32380,95715.5,2251729.3
SHP_32381,73529.7,1760416.8
SHP_32382,149360.4,3808708.0
SHP_32388,174178.4,4419982.0
SHP_32389,86123.5,2048434.8
SHP_32393,78079.0,1912749.0
SHP_32396,71199.4,1723389.5
SHP_32401,171109.5,4349867.0
SHP_32402,66819.8,1629294.0
SHP_32404,88107.2,2139925.5
SHP_32409,98360.6,2300644.5
SHP_32411,92376.9,2165579.5
SHP_32415,192072.0,4765440.0
SHP_32417,85960.7,2042263.9
SHP_32421,95267.2,2246996.0
SHP_32424,133729.2,3312231.0
SHP_32425,197967.5,4922679.0
SHP_32429,78106.2,1911858.5
SHP_32431,101070.5,2452747.0
SHP_32432,170618.8,4343961.5
SHP_32435,80660.2,1923981.5
SHP_32438,172183.5,4375343.0
SHP_32446,171847.5,4367986.0
SHP_32447,81049.9,1969873.5
SHP_32448,80162.7,1911463.8
SHP_32449,173264.9,4405272.5
SHP_32452,101048.0,2387479.3
SHP_32455,173483.4,4409680.0
SHP_32457,172980.7,4395057.0
SHP_32459,215101.6,5331622.0
SHP_32460,95184.9,2244034.8
SHP_32461,102560.3,2390187.5
SHP_32463,191669.1,4773256.0
SHP_32464,173191.2,4401193.5
SHP_32466,84101.7,1989199.0
SHP_32469,99783.9,2402798.0
SHP_32470,92495.1,2190783.3
SHP_32473,54048.4,1285990.5
SHP_32475,218954.4,5395635.5
SHP_32481,171109.5,4349867.0
SHP_32485,98855.2,2325344.0
SHP_32486,1011.5,14813.2
SHP_32487,167553.8,4271975.0
SHP_32488,73529.7,1760416.8
SHP_32490,117330.2,2836235.0
SHP_32492,86964.6,2058486.4
SHP_32493,216.6,2091.4
SHP_32494,36521.3,869559.9
SHP_32495,12655.8,284073.3
SHP_32498,89120.0,2166255.0
SHP_32499,5271.9,97042.6
SHP_32500,70134.4,1699484.0
SHP_32505,87928.9,2133483.3
SHP_32507,92666.2,2235409.5
SHP_32509,128777.3,3165820.0
SHP_32510,102079.4,2477516.5
SHP_32511,76625.2,1876725.8
SHP_32518,85960.7,2042263.9
SHP_32519,91997.0,2162333.8
SHP_32520,84350.6,2010184.3
SHP_32522,96948.7,2292251.0
SHP_32523,80331.2,1899879.3
SHP_32525,212327.0,5324911.0
SHP_32527,134072.4,3315659.0
SHP_32529,80272.9,1915237.6
SHP_32530,90603.5,2232861.5
SHP_32531,2543.7,45369.9
SHP_32532,16113.9,378027.2
SHP_32533,99094.3,2319108.8
SHP_32534,90128.9,2147280.5
SHP_32538,63205.0,1527393.4
SHP_32540,92412.0,2215828.8
SHP_32541,62865.6,1529687.3
SHP_32542,178226.0,4446604.0
SHP_32545,81099.0,1935176.4
SHP_32546,174105.5,4426637.5
SHP_32548,118089.3,2835856.3
SHP_32550,76291.8,1820828.6
SHP_32551,172460.0,4378207.0
SHP_32553,2798.7,57113.3
SHP_32556,92212.2,2189399.8
SHP_32558,215154.6,5329868.0
SHP_32567,91470.7,2243681.0
SHP_32570,194168.0,4842777.0
SHP_32571,49028.3,1189000.0
SHP_32573,84071.5,1990579.6
SHP_32574,172528.3,4389065.5
SHP_32576,134735.3,3330798.3
SHP_32577,122546.3,3113873.5
SHP_32579,91376.0,2168722.8
SHP_32581,76625.2,1876725.8
SHP_32582,184973.3,4618316.5
SHP_32584,16013.7,377174.0
SHP_32588,173381.0,4408221.5
SHP_32589,44196.0,1077042.9
SHP_32590,92340.6,2218156.5
SHP_32592,64599.2,1548719.8
SHP_32596,193929.6,4821769.0
SHP_32598,69519.8,1690007.3
SHP_32600,86997.1,2109822.5
SHP_32602,194360.4,4845181.5
SHP_32603,213553.3,5363742.0
SHP_32605,195115.5,4854981.0
SHP_32607,86824.4,2060104.0
SHP_32608,91430.7,2196804.0
SHP_32609,163460.2,4067234.5
SHP_32610,88066.9,2072551.5
SHP_32611,172938.1,4389179.5
SHP_32612,84581.4,2011573.0
SHP_32615,141954.0,3612206.0
SHP_32617,71439.1,1729771.0
SHP_32618,79811.4,1949166.8
SHP_32620,167508.8,4268630.0
SHP_32621,75138.3,1779437.0
SHP_32624,177190.8,4497453.5
SHP_32626,87664.9,2070154.8
SHP_32627,79642.8,1946090.0
SHP_32628,192072.0,4765440.0
SHP_32629,173565.0,4405845.5
SHP_32632,171812.7,4370761.5
SHP_32633,92376.9,2165579.5
SHP_32635,91835.7,2151743.0
SHP_32639,172635.1,4384707.0
SHP_32641,91810.0,2202635.0
SHP_32642,56733.8,1392515.0
SHP_32644,149667.0,3816064.5
SHP_32648,195257.8,4853474.5
SHP_32649,88723.2,2095116.3
SHP_32650,70036.1,1698114.8
SHP_32651,178858.5,4463524.0
SHP_32652,38923.2,950595.0
SHP_32653,163783.6,4075770.0
SHP_32654,193780.8,4820274.0
SHP_32657,87390.9,2064551.3
SHP_32661,193962.3,4823309.0
SHP_32662,120897.7,2928318.0
SHP_32663,172416.4,4380671.0
SHP_32666,172326.4,4378835.5
SHP_32667,63833.3,1543604.8
SHP_32668,195033.8,4850309.0
SHP_32670,173350.7,4401299.5
SHP_32671,150509.2,3833237.3
SHP_32673,120998.1,3079142.3
SHP_32674,173105.9,4399768.0
SHP_32675,168360.1,4282233.0
SHP_32676,90253.1,2149724.3
SHP_32678,177628.8,4439086.0
SHP_32680,194949.1,4855036.5
SHP_32684,87051.7,2061272.5
SHP_32685,174044.9,4418694.0
SHP_32688,117957.6,2830471.0
SHP_32689,172950.0,4399406.5
SHP_32692,91512.6,2171305.0
SHP_32693,86065.8,2091316.4
SHP_32694,45397.0,1104077.1
SHP_32695,44896.3,1097381.8
SHP_32698,163017.4,4074518.5
SHP_32700,41196.6,971770.0
SHP_32703,163853.8,4091384.5
SHP_32707,76468.4,1834769.8
SHP_32709,74254.6,1753085.4
SHP_32711,82022.9,1948763.3
SHP_32712,92088.6,2211702.5
SHP_32713,172737.3,4394355.0
SHP_32714,168270.8,4274234.0
SHP_32715,193886.0,4821466.0
SHP_32718,110169.6,2692460.5
SHP_32719,185425.4,4618855.0
SHP_32720,168704.5,4288663.0
SHP_32721,73393.9,1759204.5
SHP_32729,2436.2,46215.1
SHP_32732,174044.9,4418694.0
SHP_32733,84350.6,2010184.3
SHP_32735,194812.1,4851714.0
SHP_32736,77808.4,1860493.1
SHP_32737,170769.3,4344248.0
SHP_32740,192652.5,4801754.0
SHP_32742,170413.6,4336483.5
SHP_32743,92661.9,2170086.8
SHP_32745,173991.6,4415232.0
SHP_32747,85961.6,2036359.0
SHP_32748,169303.9,4313920.0
SHP_32749,173052.2,4396506.5
SHP_32752,93107.2,2204778.8
SHP_32754,178226.0,4446604.0
SHP_32756,23075.3,550604.9
SHP_32757,133682.7,3310257.3
SHP_32761,91693.8,2174888.0
SHP_32763,173501.5,4408681.5
SHP_32764,87585.0,2075817.0
SHP_32766,79815.7,1899082.3
SHP_32767,180848.8,4577112.0
SHP_32770,16934.5,396719.6
SHP_32772,91732.4,2176460.3
SHP_32777,87373.1,2065933.9
SHP_32778,91654.3,2174511.0
SHP_32779,53640.1,1281710.5
SHP_32783,172460.0,4378207.0
SHP_32785,87811.7,2131681.5
SHP_32786,90712.9,2154108.3
SHP_32788,173061.2,4400829.5
SHP_32789,87707.7,2096081.3
SHP_32796,173335.3,4405406.0
SHP_32797,88487.9,2154792.3
SHP_32801,81027.5,1945883.0
SHP_32804,172369.2,4370743.5
SHP_32806,102079.4,2477516.5
SHP_32807,87291.0,2064772.5
SHP_32808,87341.8,2071180.6
SHP_32809,98855.2,2325344.0
SHP_32810,79467.9,1942297.1
SHP_32814,102560.3,2390187.5
SHP_32815,87547.3,2120832.5
SHP_32820,87530.8,2072707.8
SHP_32821,90144.1,2146178.5
SHP_32822,171161.0,4356792.5
SHP_32825,86177.7,2046732.6
SHP_32826,125212.4,3176548.5
SHP_32827,167934.6,4261265.5
SHP_32828,171060.6,4349993.0
SHP_32829,89036.9,2143331.0
SHP_32832,173740.0,4412645.5
SHP_32834,73922.8,1773843.9
SHP_32835,96049.5,2249824.0
SHP_32841,86824.4,2060104.0
SHP_32842,91490.4,2171545.8
SHP_32843,91965.7,2210372.0
SHP_32845,148696.0,3789227.0
SHP_32848,173116.2,4393509.5
SHP_32849,78106.2,1911858.5
SHP_32850,70856.4,1707005.9
SHP_32851,64456.5,1543598.8
SHP_32852,92372.1,2185786.0
SHP_32853,172347.8,4376207.0
SHP_32854,184935.8,4617310.0
SHP_32855,196676.1,4899223.0
SHP_32856,85265.8,2026644.6
SHP_32858,148761.3,3789963.8
SHP_32862,1015.2,14830.9
SHP_32863,90501.6,2116541.5
SHP_32866,193080.5,4794258.0
SHP_32867,172001.3,4370714.0
SHP_32869,102127.0,2387459.0
SHP_32870,163104.5,4058752.8
SHP_32871,84036.3,1988965.4
SHP_32873,174809.6,4441331.5
SHP_32874,85225.3,2024002.5
SHP_32876,100588.7,2444662.5
SHP_32879,172692.4,4386647.0
SHP_32880,91556.8,2172254.5
SHP_32881,194622.0,4836245.0
SHP_32882,93679.8,2209909.3
SHP_32883,86353.4,2052444.9
SHP_32885,89511.5,2175120.0
SHP_32888,170681.6,4346589.0
SHP_32889,173728.9,4412673.0
SHP_32892,70681.8,1704502.5
SHP_32894,171448.9,4358688.5
SHP_32897,1252.3,19122.0
SHP_32898,182731.6,4563338.0
SHP_32900,163176.5,4059495.0
SHP_32901,92377.9,2185889.8
SHP_32904,159415.9,3934510.0
SHP_32907,92665.9,2170148.8
SHP_32908,89349.8,2104610.5
SHP_32912,71199.4,1723389.5
SHP_32914,127535.4,3148405.0
SHP_32916,116073.0,2785204.0
SHP_32917,95091.6,2295968.0
SHP_32918,170308.3,4337062.0
SHP_32920,150354.6,3831387.3
SHP_32923,78829.7,1855841.8
SHP_32925,171936.5,4365378.5
SHP_32927,211767.9,5308135.0
SHP_32928,54388.3,1279911.0
SHP_32929,103257.0,2504870.8
SHP_32934,172338.4,4384368.5
SHP_32937,87751.7,2070180.5
SHP_32938,196615.8,4884662.0
SHP_32941,181749.2,4538848.5
SHP_32942,213537.3,5362817.0
SHP_32943,65278.0,1562072.1
SHP_32944,95257.2,2244398.0
SHP_32952,127118.8,3137193.3
SHP_32954,44563.2,1087079.3
SHP_32956,87850.3,2072840.3
SHP_32957,88487.9,2154792.3
SHP_32961,39246.8,928655.6
SHP_32962,195870.7,4870670.5
SHP_32965,87373.1,2065933.9
SHP_32966,86819.0,2058796.5
SHP_32968,88544.8,2149842.5
SHP_32969,73149.5,1766718.0
SHP_32973,778.7,8752.2
SHP_32975,170209.1,4330604.0
SHP_32977,69316.6,1682810.4
SHP_32978,87162.2,2069134.5
SHP_32979,84806.8,2020027.4
SHP_32980,92340.6,2218156.5
SHP_32988,87094.7,2117296.8
SHP_32989,116073.0,2785204.0
SHP_32993,133407.9,3267798.5
SHP_32995,163163.0,4059122.0
SHP_32996,3212.5,64917.1
SHP_32997,94730.4,2236911.3
SHP_33000,65278.0,1562072.1
SHP_33003,45488.4,1103337.9
SHP_33004,184799.1,4613456.0
SHP_33006,87276.4,2062161.0
SHP_33009,117476.2,2837807.5
SHP_33010,67001.4,1563828.0
SHP_33011,86773.1,2058313.1
SHP_33015,99665.1,2472511.0
SHP_33019,194665.1,4831894.0
SHP_33020,84211.2,2001906.8
SHP_33021,83007.4,1977817.5
SHP_33022,87560.5,2069568.8
SHP_33024,86570.5,2054442.1
SHP_33025,102505.4,2389492.0
SHP_33027,171805.1,4367542.5
SHP_33028,45174.0,1097778.1
SHP_33029,171295.0,4354704.0
SHP_33030,81894.1,1989229.8
SHP_33033,79539.8,1941902.6
SHP_33036,134728.5,3329406.3
SHP_33037,193941.3,4823044.0
SHP_33038,212283.1,5315632.0
SHP_33039,128777.3,3165820.0
SHP_33042,87097.3,2060779.3
SHP_33045,96948.7,2292251.0
SHP_33046,75955.2,1815917.0
SHP_33047,70649.0,1685117.4
SHP_33049,87126.6,2060921.3
SHP_33052,170539.0,4342436.5
SHP_33055,1868.2,30477.0
SHP_33057,73529.7,1760416.8
SHP_33059,43024.2,1053970.9
SHP_33066,204324.8,5102045.0
SHP_33067,173772.5,4417168.5
SHP_33068,92717.2,2170901.8
SHP_33071,144212.5,3532201.8
SHP_33074,87414.3,2067688.1
SHP_33076,133960.9,3316628.5
SHP_33077,122546.3,3113873.5
SHP_33079,171805.1,4367542.5
SHP_33080,57011.5,1369534.0
SHP_33084,84997.2,2044331.0
SHP_33088,100564.1,2349125.8
SHP_33089,87864.7,2078411.5
SHP_33090,177568.4,4436464.5
SHP_33094,81328.8,1976402.4
SHP_33097,91576.9,2199942.5
SHP_33098,90673.6,2157262.0
SHP_33099,164106.1,4097328.0
SHP_33100,149798.0,3814636.5
SHP_33104,192397.6,4784992.0
SHP_33105,1684.8,24216.8
SHP_33106,87013.8,2059099.3
SHP_33109,196615.8,4884662.0
SHP_33112,170916.2,4283878.0
SHP_33115,82737.6,2006483.8
SHP_33116,87746.9,2129264.0
SHP_33117,86819.0,2058796.5
SHP_33118,90603.5,2232861.5
SHP_33120,93803.1,2179640.0
SHP_33121,104115.3,2432383.5
SHP_33122,87607.8,2077514.9
SHP_33123,212238.9,5330210.5
SHP_33127,72074.9,1733740.9
SHP_33128,65278.0,1562072.1
SHP_33129,84065.3,1991864.0
SHP_33130,90642.6,2228088.0
SHP_33137,177316.1,4500009.5
SHP_33138,172830.5,4397303.0
SHP_33140,173740.0,4412645.5
SHP_33141,92532.9,2220075.3
SHP_33142,204324.8,5102045.0
SHP_33144,78842.7,1882099.4
SHP_33147,91395.7,2200398.0
SHP_33154,91471.0,2170870.5
SHP_33155,102372.4,2391937.0
SHP_33160,204324.8,5102045.0
SHP_33161,99359.3,2393344.5
SHP_33163,18219.2,405252.7
SHP_33165,87490.0,2073130.8
SHP_33166,103277.3,2413434.8
SHP_33174,110177.4,2691348.8
SHP_33175,67264.4,1620801.4
SHP_33177,77771.4,1905568.4
SHP_33178,101586.0,2466076.5
SHP_33180,79332.0,1939231.4
SHP_33182,45448.1,1103897.9
SHP_33184,79695.7,1945916.8
SHP_33187,90721.9,2155707.8
SHP_33191,195118.2,4801697.5
SHP_33195,117029.4,2829456.5
SHP_33196,23114.2,552892.8
SHP_33198,87828.9,2129325.0
SHP_33199,144212.5,3532201.8
SHP_33201,172183.5,4375343.0
SHP_33204,167128.6,4261510.0
SHP_33206,79003.6,1927697.3
SHP_33207,163473.8,4087180.0
SHP_33212,86824.4,2060104.0
SHP_33214,134735.3,3330798.3
SHP_33220,87466.3,2074869.6
SHP_33221,86349.0,2051045.4
SHP_33222,18348.5,438012.2
SHP_33228,92951.0,2230044.8
SHP_33229,110177.4,2691348.8
SHP_33235,65278.0,1562072.1
SHP_33238,168714.6,4295998.5
SHP_33239,89236.1,2165258.0
SHP_33241,167896.5,4270562.5
SHP_33242,213386.5,5360722.5
SHP_33243,90618.1,2153724.3
SHP_33245,69684.8,1691176.9
SHP_33248,212283.1,5315632.0
SHP_33249,56238.0,1348214.0
SHP_33250,173326.0,4403960.5
SHP_33259,192936.3,4801501.0
SHP_33262,91201.6,2166223.8
SHP_33263,102169.1,2387835.5
SHP_33264,171060.6,4349993.0
SHP_33266,208546.8,5253826.0
SHP_33267,218268.6,5458343.0
SHP_33268,83312.4,1991370.0
SHP_33271,148431.8,3774157.0
SHP_33272,1252.3,19122.0
SHP_33274,127442.2,3142658.5
SHP_33275,99570.1,2451326.5
SHP_33279,93151.7,2203039.3
SHP_33283,122546.3,3113873.5
SHP_33284,148614.5,3790311.8
SHP_33287,194949.1,4855036.5
SHP_33289,200351.6,4964060.0
SHP_33291,23464.0,557421.9
SHP_33297,100358.8,2437151.0
SHP_33299,120897.7,2928318.0
SHP_33304,141692.0,3613018.8
SHP_33306,173116.8,4401529.0
SHP_33310,19498.4,463420.7
SHP_33313,86436.4,2055290.5
SHP_33316,212327.0,5324911.0
SHP_33317,45397.0,1104077.1
SHP_33318,128777.3,3165820.0
SHP_33319,194949.1,4855036.5
SHP_33321,45052.2,1099103.4
SHP_33322,172692.4,4386647.0
SHP_33327,209122.2,5264171.0
SHP_33328,167851.8,4269894.5
SHP_33329,173136.7,4397620.0
SHP_33333,18348.5,438012.2
SHP_33334,76625.2,1876725.8
SHP_33336,91520.2,2171877.3
SHP_33339,100358.8,2437151.0
SHP_33342,98201.4,2316231.8
SHP_33344,78102.8,1862004.6
SHP_33345,41749.8,982624.7
SHP_33348,87751.7,2070180.5
SHP_33356,133682.7,3310257.3
SHP_33357,80272.9,1915237.6
SHP_33360,87079.5,2059857.1
SHP_33362,133960.9,3316628.5
SHP_33363,56206.2,1353848.0
SHP_33366,90027.8,2145906.3
SHP_33368,150115.8,3821025.5
SHP_33370,136835.7,3385916.0
SHP_33371,169436.2,4304029.0
SHP_33374,150509.2,3833237.3
SHP_33375,67556.3,1633267.3
SHP_33379,43637.8,1065627.0
SHP_33381,117957.6,2830471.0
SHP_33383,76303.0,1832089.5
SHP_33392,87341.8,2071180.6
SHP_33393,87615.4,2122925.8
SHP_33396,103030.2,2402320.3
SHP_33399,87359.0,2072734.9
SHP_33402,2543.7,45369.9
SHP_33403,91930.8,2208945.8
SHP_33406,172751.5,4393148.5
SHP_33408,86175.9,2025547.9
SHP_33412,69835.3,1686211.9
SHP_33413,77747.6,1822571.6
SHP_33416,133852.3,3290604.0
SHP_33417,193467.5,4824547.5
SHP_33422,117029.4,2829456.5
SHP_33423,196650.7,4892347.0
SHP_33424,142641.5,3487666.5
SHP_33426,134580.5,3313574.5
SHP_33428,92729.5,2192842.8
SHP_33431,171935.8,4375727.0
SHP_33433,168665.4,4296115.0
SHP_33435,173565.0,4405845.5
SHP_33438,98638.9,2306310.3
SHP_33439,42880.3,1032644.8
SHP_33440,87009.9,2059579.9
SHP_33443,96617.7,2228150.8
SHP_33445,172332.8,4378777.0
SHP_33447,79330.0,1892615.3
SHP_33450,45174.0,1097778.1
SHP_33458,170445.6,4331925.0
SHP_33459,163306.6,4064513.8
SHP_33462,171163.3,4288561.0
SHP_33463,87932.0,2079343.5
SHP_33464,87097.3,2060779.3
SHP_33465,163386.4,4064886.0
SHP_33467,52586.7,1254448.9
SHP_33468,61198.9,1474162.5
SHP_33470,195424.7,4859533.0
SHP_33471,148696.0,3789227.0
SHP_33473,87173.2,2059849.8
SHP_33475,70783.3,1705205.1
SHP_33476,87865.5,2077176.8
SHP_33478,86715.4,2055850.3
SHP_33479,88383.1,2078028.1
SHP_33480,15912.6,374670.9
SHP_33482,91816.3,2177796.0
SHP_33485,95184.9,2244034.8
SHP_33489,177568.4,4436464.5
SHP_33491,171955.1,4366135.0
SHP_33492,215101.6,5331622.0
SHP_33493,150288.4,3830779.5
SHP_33499,167078.7,4261610.0
SHP_33501,173772.5,4417168.5
SHP_33502,86123.5,2048434.8
SHP_33503,193948.6,4821900.0
SHP_33506,73573.7,1764015.1
SHP_33507,172644.3,4385713.0
SHP_33508,77130.8,1843820.8
SHP_33509,91908.8,2161751.0
SHP_33510,163346.9,4063960.0
SHP_33511,90818.3,2157118.5
SHP_33512,19508.1,462855.3
SHP_33513,87848.8,2072516.0
SHP_33516,43390.0,1060007.8
SHP_33517,173061.2,4400829.5
SHP_33521,108938.9,2651715.8
SHP_33527,103658.9,2422493.0
SHP_33529,133074.1,3221484.0
SHP_33530,65899.4,1581248.8
SHP_33532,101996.2,2477948.0
SHP_33533,87052.4,2111484.0
SHP_33534,88723.2,2095116.3
SHP_33537,169457.4,4315731.0
SHP_33538,77914.2,1863958.4
SHP_33540,98360.6,2300644.5
SHP_33545,167546.5,4270888.0
SHP_33546,172307.5,4378695.0
SHP_33548,127809.8,3152424.5
SHP_33552,91430.7,2196804.0
SHP_33556,171950.0,4369617.0
SHP_33557,172307.5,4378695.0
SHP_33558,92436.0,2217564.3
SHP_33560,71514.5,1703075.8
SHP_33561,172692.4,4386647.0
SHP_33562,174629.4,4436830.5
SHP_33564,193780.8,4820274.0
SHP_33565,41196.6,971770.0
SHP_33566,88304.5,2084077.8
SHP_33567,86939.5,2059669.3
SHP_33568,117476.2,2837807.5
SHP_33570,91579.2,2200682.5
SHP_33572,133407.9,3267798.5
SHP_33573,65184.1,1552303.9
SHP_33574,87253.9,2061245.4
SHP_33576,80660.2,1923981.5
SHP_33577,87478.3,2073011.6
SHP_33578,87529.1,2066038.9
SHP_33579,2436.2,46215.1
SHP_33582,42489.5,1041734.3
SHP_33584,87390.9,2064551.3
SHP_33586,89236.1,2165258.0
SHP_33590,80468.3,1913374.9
SHP_33591,170837.2,4345370.5
SHP_33592,117476.2,2837807.5
SHP_33595,92095.3,2208243.0
SHP_33596,103257.0,2504870.8
SHP_33597,177316.1,4500009.5
SHP_33598,103659.2,2423056.0
SHP_33600,122190.1,3106381.5
SHP_33602,86479.5,2054301.5
SHP_33605,72253.4,1746346.0
SHP_33610,87390.9,2064551.3
SHP_33613,67747.9,1576116.0
SHP_33615,43951.2,1074196.0
SHP_33621,91889.1,2177153.0
SHP_33623,87709.3,2076782.3
SHP_33625,87615.4,2122925.8
SHP_33627,48597.4,1168189.0
SHP_33631,91725.5,2175611.8
SHP_33632,93612.1,2216903.0
SHP_33641,173483.4,4409680.0
SHP_33642,171611.4,4361466.0
SHP_33647,91708.8,2179308.5
SHP_33648,1079.1,15777.1
SHP_33649,77914.2,1863958.4
SHP_33650,86280.6,2026302.1
SHP_33654,83760.9,1983018.5
SHP_33658,173746.1,4402235.0
SHP_33661,102824.2,2396095.5
SHP_33663,173061.2,4400829.5
SHP_33664,95184.6,2254858.3
SHP_33665,65291.0,1561731.8
SHP_33671,163613.1,4088460.5
SHP_33674,173381.0,4408221.5
SHP_33675,91734.6,2175074.3
SHP_33677,94271.1,2230195.0
SHP_33678,64661.9,1549968.0
SHP_33680,87511.9,2072632.4
SHP_33681,89677.6,2114827.5
SHP_33682,172267.4,4377629.0
SHP_33685,164114.0,4098732.5
SHP_33688,175238.3,4450556.5
SHP_33690,41196.6,971770.0
SHP_33692,83273.9,1987586.6
SHP_33694,60982.0,1444603.0
SHP_33695,171401.8,4357609.0
SHP_33696,169725.8,4317982.0
SHP_33698,172999.2,4400358.0
SHP_33699,80935.0,1945969.4
SHP_33703,171529.5,4364872.5
SHP_33709,68482.6,1653067.1
SHP_33712,212283.1,5315632.0
SHP_33713,101838.8,2406755.0
SHP_33715,101983.8,2476653.0
SHP_33719,197062.8,4903091.5
SHP_33722,87510.8,2117225.0
SHP_33723,78829.7,1855841.8
SHP_33724,193080.5,4794258.0
SHP_33727,57516.5,1406530.3
SHP_33733,90771.7,2150526.0
SHP_33737,72771.3,1750220.9
SHP_33742,44179.2,1076833.6
SHP_33743,173326.0,4403960.5
SHP_33744,86405.2,2051871.4
SHP_33745,75600.5,1818459.3
SHP_33746,196624.9,4885531.0
SHP_33752,197023.6,4892883.5
SHP_33754,728.5,10397.5
SHP_33755,2543.7,45369.9
SHP_33756,86177.7,2046732.6
SHP_33759,209284.8,5262091.5
SHP_33760,56535.2,1386083.3
SHP_33763,86858.2,2057529.9
SHP_33764,81894.1,1989229.8
SHP_33766,100847.7,2425252.5
SHP_33767,87276.4,2062161.0
SHP_33768,173573.4,4408762.5
SHP_33769,91835.7,2151743.0
SHP_33770,1592.9,23646.3
SHP_33776,92532.9,2220075.3
SHP_33779,43048.8,1056362.3
SHP_33780,80256.9,1912248.0
SHP_33781,169110.8,4304160.0
SHP_33782,208895.2,5260896.0
SHP_33783,168665.4,4296115.0
SHP_33787,148696.0,3789227.0
SHP_33788,90331.8,2149335.0
SHP_33789,149667.0,3816064.5
SHP_33790,194507.7,4829928.0
SHP_33795,49027.0,1191993.3
SHP_33796,173540.5,4407187.0
SHP_33797,116073.0,2785204.0
SHP_33798,64588.7,1545096.5
SHP_33800,2496.9,47454.9
SHP_33805,76291.8,1820828.6
SHP_33809,164255.5,4101964.3
SHP_33810,122546.3,3113873.5
SHP_33811,90027.8,2145906.3
SHP_33814,163447.8,4077846.5
SHP_33824,88723.2,2095116.3
SHP_33833,171532.8,4367818.0
SHP_33836,173727.0,4414553.0
SHP_33837,196952.9,4898266.0
SHP_33839,74339.4,1778100.0
SHP_33844,197224.9,4914708.0
SHP_33846,172478.7,4382278.5
SHP_33847,77130.8,1843820.8
SHP_33848,127809.8,3152424.5
SHP_33849,103101.6,2395488.8
SHP_33850,170209.1,4330604.0
SHP_33851,93831.9,2220471.0
SHP_33852,91520.2,2171877.3
SHP_33853,78482.7,1844593.3
SHP_33856,92005.0,2209536.0
SHP_33857,91889.1,2177153.0
SHP_33864,174197.6,4425868.0
SHP_33866,116073.0,2785204.0
SHP_33868,86466.8,2053034.9
SHP_33869,92729.5,2192842.8
SHP_33872,172044.1,4370471.5
SHP_33874,77379.7,1849329.9
SHP_33877,43540.5,1052845.8
SHP_33878,81252.1,1927636.6
SHP_33882,44542.2,1086642.5
SHP_33883,87736.3,2077561.9
SHP_33884,87860.2,2070680.4
SHP_33886,78969.3,1930082.0
SHP_33887,173136.4,4396009.0
SHP_33888,86663.0,2057755.0
SHP_33889,193244.9,4811735.0
SHP_33890,86570.5,2054442.1
SHP_33891,16259.8,382068.9
SHP_33894,170916.2,4283878.0
SHP_33895,173335.3,4405406.0
SHP_33899,212191.6,5314128.0
SHP_33905,67434.6,1563181.8
SHP_33907,95074.4,2253513.0
SHP_33910,80256.9,1912248.0
SHP_33911,71199.4,1723389.5
SHP_33913,212027.1,5312352.0
SHP_33915,87560.5,2069568.8
SHP_33916,172829.6,4388549.0
SHP_33922,86939.5,2059669.3
SHP_33923,167380.9,4269839.0
SHP_33925,88996.2,2163935.5
SHP_33926,82590.1,1956519.8
SHP_33927,185425.4,4618855.0
SHP_33930,87510.8,2073489.5
SHP_33934,95058.5,2298063.3
SHP_33936,163346.9,4063960.0
SHP_33941,77856.3,1860708.5
SHP_33943,177284.1,4497850.0
SHP_33948,87793.9,2133625.0
SHP_33949,168835.9,4291650.0
SHP_33951,86282.3,2050475.4
SHP_33958,99807.6,2331086.3
SHP_33959,85911.5,2040973.0
SHP_33961,16208.5,379319.8
SHP_33963,90771.7,2150526.0
SHP_33964,49028.3,1189000.0
SHP_33968,3212.5,64917.1
SHP_33972,163192.0,4059660.5
SHP_33973,173191.2,4401193.5
SHP_33974,103148.6,2406874.3
SHP_33975,91654.3,2174511.0
SHP_33976,88723.2,2095116.3
SHP_33977,167128.6,4261510.0
SHP_33987,134725.6,3315278.5
SHP_33988,173122.9,4396869.0
SHP_33989,167128.6,4261510.0
SHP_33990,173326.0,4403960.5
SHP_33992,194384.8,4845698.0
SHP_33994,80256.9,1912248.0
SHP_33997,81927.7,1955180.0
SHP_33998,87032.8,2059724.8
SHP_33999,198165.9,4917248.5
SHP_34001,197173.8,4897973.0
SHP_34007,204324.8,5102045.0
SHP_34008,1517.9,21515.9
SHP_34009,173573.4,4408762.5
SHP_34010,1750.9,27104.0
SHP_34011,43637.8,1065627.0
SHP_34014,86353.4,2052444.9
SHP_34018,100358.8,2437151.0
SHP_34023,86374.9,2097640.3
SHP_34025,101078.9,2461513.0
SHP_34026,82066.6,1949136.3
SHP_34028,71173.3,1720081.3
SHP_34029,92169.8,2180533.3
SHP_34030,195915.6,4873406.0
SHP_34031,81646.2,1981588.0
SHP_34032,180849.2,4575893.0
SHP_34033,97658.9,2303500.0
SHP_34036,193780.8,4820274.0
SHP_34038,84606.6,2038919.0
SHP_34041,90627.1,2183058.8
SHP_34045,51679.3,1228268.8
SHP_34048,163171.9,4059178.5
SHP_34049,136835.7,3385916.0
SHP_34050,127118.8,3137193.3
SHP_34052,133682.7,3310257.3
SHP_34054,70856.4,1707005.9
SHP_34055,102252.3,2483861.0
SHP_34058,173772.5,4417168.5
SHP_34059,89236.1,2165258.0
SHP_34062,77161.2,1891946.1
SHP_34068,168652.3,4286894.0
SHP_34077,87904.7,2081680.8
SHP_34078,88556.7,2170902.5
SHP_34083,81064.3,1926838.1
SHP_34085,95756.5,2259945.3
SHP_34087,45069.4,1096665.0
SHP_34088,88996.2,2163935.5
SHP_34091,87511.9,2072632.4
SHP_34094,172808.1,4397528.0
SHP_34096,81962.2,1989162.0
SHP_34099,53512.5,1270456.4
SHP_34104,89197.3,2105349.3
SHP_34106,169330.0,4312990.5
SHP_34108,61705.4,1491485.0
SHP_34110,192183.4,4768151.0
SHP_34111,80072.0,1912150.8
SHP_34114,87326.3,2063441.9
SHP_34116,87860.2,2070680.4
SHP_34118,88996.2,2163935.5
SHP_34121,88610.2,2173547.5
SHP_34122,87185.3,2060523.8
SHP_34123,185234.1,4623395.0
SHP_34127,87865.5,2077176.8
SHP_34128,88686.8,2159722.0
SHP_34129,164106.1,4097328.0
SHP_34130,78874.2,1853391.9
SHP_34132,168477.3,4279966.0
SHP_34134,56206.2,1353848.0
SHP_34136,52782.1,1280843.0
SHP_34140,1517.9,21515.9
SHP_34141,77161.2,1891946.1
SHP_34144,99711.3,2413895.3
SHP_34146,87909.4,2132194.3
SHP_34148,75878.8,1823850.5
SHP_34150,79794.6,1895190.3
SHP_34151,102079.4,2477516.5
SHP_34153,103020.3,2397496.5
SHP_34156,92800.9,2231153.5
SHP_34159,84356.6,2009980.8
SHP_34160,45054.1,1099022.0
SHP_34162,173191.7,4398801.0
SHP_34163,197357.4,4897967.5
SHP_34164,90429.2,2225724.8
SHP_34166,173307.8,4403265.5
SHP_34168,86353.4,2052444.9
SHP_34169,195033.8,4850309.0
SHP_34171,136835.7,3385916.0
SHP_34172,86777.6,2109936.5
SHP_34173,71022.3,1716222.0
SHP_34174,79080.2,1925531.8
SHP_34175,102169.1,2387835.5
SHP_34177,196624.9,4885531.0
SHP_34179,173136.4,4396009.0
SHP_34180,169190.5,4308427.0
SHP_34181,87094.7,2117296.8
SHP_34184,87861.9,2104506.0
SHP_34186,173727.0,4414553.0
SHP_34191,141923.9,3616538.5
SHP_34192,57888.3,1406661.3
SHP_34193,16688.6,387642.5
SHP_34195,148243.2,3778249.0
SHP_34196,192652.5,4801754.0
SHP_34198,117747.1,2827632.5
SHP_34200,78482.7,1844593.3
SHP_34202,86473.7,2099183.0
SHP_34203,79811.4,1949166.8
SHP_34205,172453.7,4381539.0
SHP_34208,87605.6,2124796.8
SHP_34212,76303.0,1832089.5
SHP_34213,170837.2,4345370.5
SHP_34214,79332.3,1866274.6
SHP_34219,87110.7,2060647.9
SHP_34220,85242.1,2006841.9
SHP_34221,83523.7,1979938.0
SHP_34222,196815.7,4888356.0
SHP_34226,171847.5,4367986.0
SHP_34227,195026.2,4847341.0
SHP_34232,87294.7,2061185.3
SHP_34234,172332.6,4376352.0
SHP_34238,87373.1,2065933.9
SHP_34239,173472.3,4406066.5
SHP_34243,97219.9,2347466.5
SHP_34245,93089.5,2236122.8
SHP_34252,168652.3,4286894.0
SHP_34253,168735.5,4297887.5
SHP_34256,87373.1,2065933.9
SHP_34257,171109.5,4349867.0
SHP_34260,86771.0,2057062.5
SHP_34261,167436.3,4268839.0
SHP_34262,86065.8,2091316.4
SHP_34264,91308.6,2167523.3
SHP_34265,70770.9,1688059.1
SHP_34270,211870.8,5309553.5
SHP_34274,80935.0,1945969.4
SHP_34275,117957.6,2830471.0
SHP_34276,55020.6,1296509.8
SHP_34280,172826.4,4395997.0
SHP_34282,95756.5,2259945.3
SHP_34283,44968.4,1098476.0
SHP_34287,85319.7,2029749.8
SHP_34289,170289.3,4337121.5
SHP_34291,163899.8,4091302.5
SHP_34293,92376.9,2165579.5
SHP_34294,173435.9,4406942.5
SHP_34295,16259.8,382068.9
SHP_34298,91387.3,2169566.3
SHP_34300,172326.4,4378835.5
SHP_34302,177190.8,4497453.5
SHP_34305,177692.7,4435482.0
SHP_34307,86448.0,2102631.8
SHP_34309,83549.1,1986415.1
SHP_34314,86123.5,2048434.8
SHP_34315,85830.1,2030533.4
SHP_34318,23075.3,550604.9
SHP_34319,87390.9,2064551.3
SHP_34320,90627.1,2183058.8
SHP_34322,87366.4,2121436.0
SHP_34323,87909.4,2132194.3
SHP_34327,52586.7,1254448.9
SHP_34329,88723.2,2095116.3
SHP_34330,170239.6,4334889.0
SHP_34331,92376.9,2165579.5
SHP_34332,167284.8,4266330.0
SHP_34336,87126.6,2060921.3
SHP_34337,86374.9,2097640.3
SHP_34338,86353.4,2052444.9
SHP_34340,167553.8,4271975.0
SHP_34342,87024.9,2058806.8
SHP_34344,71439.1,1729771.0
SHP_34345,170862.9,4349850.0
SHP_34346,178266.3,4450991.0
SHP_34349,69996.8,1697505.1
SHP_34352,117952.0,2828967.5
SHP_34353,57888.3,1406661.3
SHP_34354,86994.5,2058872.3
SHP_34355,171935.8,4375727.0
SHP_34358,144212.5,3532201.8
SHP_34360,70134.4,1699484.0
SHP_34361,79743.4,1895613.0
SHP_34369,2746.7,49360.3
SHP_34371,100125.4,2423706.5
SHP_34373,173160.7,4397761.0
SHP_34374,87110.7,2060647.9
SHP_34376,173573.4,4408762.5
SHP_34377,88904.5,2141009.5
SHP_34380,87914.6,2079222.4
SHP_34381,65184.1,1552303.9
SHP_34382,87861.9,2104506.0
SHP_34383,79003.6,1927697.3
SHP_34384,92376.9,2165579.5
SHP_34386,92950.7,2230600.0
SHP_34387,90771.7,2150526.0
SHP_34393,91407.0,2169587.8
SHP_34395,134861.7,3331597.3
SHP_34396,1006.9,14785.2
SHP_34397,110177.4,2691348.8
SHP_34400,42162.1,1036085.4
SHP_34403,73529.7,1760416.8
SHP_34405,167284.8,4266330.0
SHP_34406,196650.7,4892347.0
SHP_34409,116073.0,2785204.0
SHP_34410,87780.9,2078307.5
SHP_34412,135977.7,3369447.8
SHP_34413,78071.6,1912238.1
SHP_34416,86401.0,2052489.8
SHP_34418,87532.7,2128734.5
SHP_34419,87904.7,2081680.8
SHP_34424,80371.0,1908570.3
SHP_34428,169476.6,4311308.0
SHP_34430,216056.4,5365152.0
SHP_34431,194644.4,4840329.0
SHP_34435,174312.9,4427407.0
SHP_34436,177284.1,4497850.0
SHP_34438,87052.4,2111484.0
SHP_34441,99570.1,2451326.5
SHP_34442,167553.8,4271975.0
SHP_34443,162362.3,4041347.8
SHP_34445,91576.9,2199942.5
SHP_34446,78062.9,1912319.9
SHP_34447,194384.8,4845698.0
SHP_34448,103745.1,2422988.5
SHP_34450,67001.4,1563828.0
SHP_34451,195990.7,4879869.0
SHP_34452,87478.3,2073011.6
SHP_34456,100204.4,2425133.5
SHP_34457,100783.6,2351770.5
SHP_34459,163460.2,4067234.5
SHP_34460,43637.8,1065627.0
SHP_34463,117798.5,2829781.0
SHP_34464,87713.6,2071479.0
SHP_34466,104011.6,2423308.3
SHP_34471,195118.2,4801697.5
SHP_34472,86858.2,2057529.9
SHP_34473,92212.2,2189399.8
SHP_34477,92295.6,2194146.3
SHP_34480,173384.3,4403986.0
SHP_34481,70134.4,1699484.0
SHP_34484,90285.8,2224226.3
SHP_34485,172826.4,4395997.0
SHP_34486,172926.1,4392015.5
SHP_34489,96274.7,2278461.8
SHP_34497,57159.2,1402423.5
SHP_34498,90096.4,2146815.3
SHP_34506,87796.1,2070194.5
SHP_34508,83610.6,1980664.4
SHP_34509,44679.4,1089599.3
SHP_34511,80524.0,1921058.5
SHP_34512,1571.9,23544.2
SHP_34518,194074.9,4872206.0
SHP_34519,175238.3,4450556.5
SHP_34521,194384.8,4845698.0
SHP_34522,169457.4,4315731.0
SHP_34523,73751.4,1767810.0
SHP_34529,95209.9,2300222.3
SHP_34532,171812.7,4370761.5
SHP_34533,172163.8,4375336.0
SHP_34535,21534.2,490117.7
SHP_34536,53634.6,1276957.3
SHP_34537,83676.9,1984034.5
SHP_34538,99742.2,2415866.0
SHP_34540,168932.1,4300549.0
SHP_34541,88686.8,2159722.0
SHP_34544,818.3,12108.9
SHP_34545,1252.3,19122.0
SHP_34548,89197.3,2105349.3
SHP_34549,87763.4,2077294.1
SHP_34551,90353.8,2180014.0
SHP_34554,78811.3,1868435.6
SHP_34557,168932.1,4300549.0
SHP_34559,163820.9,4073287.5
SHP_34561,172432.8,4379968.5
SHP_34566,73085.3,1755859.6
SHP_34570,84071.5,1990579.6
SHP_34573,148354.0,3773307.5
SHP_34574,88387.4,2078108.1
SHP_34577,183359.0,4575407.0
SHP_34578,173473.4,4403430.0
SHP_34582,167851.8,4269894.5
SHP_34584,87370.4,2064061.0
SHP_34586,171401.8,4357609.0
SHP_34588,1759.1,32541.8
SHP_34590,2543.7,45369.9
SHP_34595,78922.7,1927550.9
SHP_34596,87419.6,2064113.5
SHP_34598,86576.9,2056936.6
SHP_34599,148761.3,3789963.8
SHP_34606,81480.6,1932136.3
SHP_34609,79749.0,1945408.1
SHP_34610,167380.9,4269839.0
SHP_34612,94643.5,2221305.0
SHP_34613,55123.0,1303479.4
SHP_34622,78009.2,1852802.0
SHP_34626,171448.9,4358688.5
SHP_34627,91767.9,2175479.0
SHP_34628,87909.4,2132194.3
SHP_34629,171805.4,4373278.5
SHP_34632,87332.3,2064598.5
SHP_34634,89197.3,2105349.3
SHP_34635,79539.8,1941902.6
SHP_34636,125200.6,3169937.0
SHP_34637,2944.1,55402.8
SHP_34638,142654.0,3629128.3
SHP_34643,166356.7,4245465.0
SHP_34644,197082.9,4806141.0
SHP_34648,41339.1,974062.2
SHP_34650,173274.4,4399948.0
SHP_34655,87632.7,2068359.5
SHP_34658,78650.2,1854525.3
SHP_34659,93803.1,2179640.0
SHP_34664,87238.7,2060849.0
SHP_34672,92436.0,2217564.3
SHP_34673,78918.4,1881828.1
SHP_34675,172347.8,4376207.0
SHP_34676,71199.4,1723389.5
SHP_34677,91618.0,2172888.8
SHP_34678,172519.1,4384323.5
SHP_34685,89036.9,2143331.0
SHP_34687,103658.9,2422493.0
SHP_34689,172020.8,4367875.0
SHP_34692,101805.5,2369641.5
SHP_34693,87568.5,2068261.5
SHP_34695,148614.5,3790311.8
SHP_34697,53540.4,1270538.4
SHP_34698,167078.7,4261610.0
SHP_34699,87069.0,2059680.9
SHP_34700,90960.0,2159799.8
SHP_34703,80256.9,1912248.0
SHP_34705,142426.4,3624870.0
SHP_34706,84363.0,2010343.6
SHP_34709,77941.4,1848892.1
SHP_34718,168704.5,4288663.0
SHP_34719,65184.1,1552303.9
SHP_34720,86570.5,2054442.1
SHP_34721,193780.8,4820274.0
SHP_34723,86778.9,2057073.6
SHP_34725,194384.8,4845698.0
SHP_34726,2039.4,32855.0
SHP_34729,172595.1,4382973.0
SHP_34732,172930.4,4389064.0
SHP_34733,177311.2,4425076.0
SHP_34734,64456.5,1543598.8
SHP_34735,173573.4,4408762.5
SHP_34736,173435.9,4406942.5
SHP_34738,195033.8,4850309.0
SHP_34739,94038.2,2218668.5
SHP_34740,46819.2,1118397.0
SHP_34741,109748.2,2641785.0
SHP_34742,170202.7,4335461.5
SHP_34744,94038.2,2218668.5
SHP_34745,101118.4,2390527.5
SHP_34746,86374.9,2097640.3
SHP_34748,170239.6,4334889.0
SHP_34749,172999.2,4400358.0
SHP_34751,93638.1,2215225.3
SHP_34752,171808.4,4371074.0
SHP_34753,85652.8,2033507.0
SHP_34754,198323.7,4926129.0
SHP_34755,168976.5,4307509.0
SHP_34756,91708.8,2179308.5
SHP_34757,163473.8,4087180.0
SHP_34758,88066.9,2072551.5
SHP_34759,94271.1,2230195.0
SHP_34760,16113.9,378027.2
SHP_34761,89511.5,2175120.0
SHP_34764,83273.9,1987586.6
SHP_34765,193929.6,4821769.0
SHP_34766,173569.9,4407361.0
SHP_34768,171348.3,4357489.0
SHP_34769,90328.4,2227893.3
SHP_34770,87352.9,2122082.3
SHP_34774,84657.0,2013475.4
SHP_34778,78126.7,1862655.6
SHP_34780,170202.7,4335461.5
SHP_34782,87909.5,2080129.9
SHP_34785,81080.4,1930738.5
SHP_34788,74322.1,1797787.6
SHP_34789,87478.3,2073011.6
SHP_34793,87517.0,2073776.8
SHP_34794,81008.9,1926911.8
SHP_34796,197130.7,4891644.0
SHP_34799,161252.1,4003040.0
SHP_34800,73149.5,1766718.0
SHP_34803,193292.5,4820723.0
SHP_34804,86440.7,2053061.1
SHP_34805,58440.5,1414431.8
SHP_34808,85652.8,2033507.0
SHP_34810,87511.9,2072632.4
SHP_34811,177234.3,4496592.5
SHP_34814,99359.3,2393344.5
SHP_34817,163447.8,4077846.5
SHP_34819,77747.6,1822571.6
SHP_34821,90712.9,2154108.3
SHP_34822,81072.5,1968740.1
SHP_34823,45285.4,1100672.1
SHP_34824,171586.8,4362990.5
SHP_34828,77856.3,1860708.5
SHP_34830,174325.6,4424960.5
SHP_34831,101477.9,2466295.0
SHP_34833,172371.3,4379592.0
SHP_34834,197224.9,4914708.0
SHP_34835,77791.5,1836784.8
SHP_34836,81134.3,1931337.1
SHP_34837,99094.3,2319108.8
SHP_34839,80728.8,1922264.3
SHP_34840,127118.8,3137193.3
SHP_34843,99094.3,2319108.8
SHP_34845,82507.6,1999341.0
SHP_34849,173263.6,4402180.0
SHP_34850,16150.9,371510.9
SHP_34851,60982.0,1444603.0
SHP_34852,87666.9,2078007.4
SHP_34854,91885.0,2177483.3
SHP_34855,167851.8,4269894.5
SHP_34857,163379.2,4064338.0
SHP_34858,92729.5,2192842.8
SHP_34864,93151.7,2203039.3
SHP_34868,168665.4,4296115.0
SHP_34869,168665.4,4296115.0
SHP_34871,173991.6,4415232.0
SHP_34873,52801.6,1281086.3
SHP_34876,71617.9,1676236.8
SHP_34878,86904.7,2109455.8
SHP_34881,103016.9,2398663.8
SHP_34882,77364.9,1849717.8
SHP_34885,86826.9,2058821.4
SHP_34888,81027.1,1968301.6
SHP_34889,88429.6,2151398.5
SHP_34890,16208.5,379319.8
SHP_34891,77941.4,1848892.1
SHP_34894,192270.9,4782959.0
SHP_34895,163309.5,4064760.0
SHP_34897,19297.1,459716.3
SHP_34899,43544.5,1067442.1
SHP_34900,84581.4,2011573.0
SHP_34902,70871.3,1716512.3
SHP_34905,18348.5,438012.2
SHP_34910,87568.5,2068261.5
SHP_34911,88789.6,2175470.0
SHP_34912,171896.7,4370185.5
SHP_34913,194622.0,4836245.0
SHP_34916,87751.7,2070180.5
SHP_34921,163473.8,4087180.0
SHP_34922,172994.0,4399867.0
SHP_34924,31718.7,772056.3
SHP_34925,1599.6,23234.9
SHP_34926,96049.5,2249824.0
SHP_34932,169783.3,4323807.5
SHP_34934,17982.9,401355.7
SHP_34937,166708.1,4250005.0
SHP_34938,172595.1,4382973.0
SHP_34941,73592.0,1763829.1
SHP_34943,91789.0,2175739.3
SHP_34945,212676.3,5327736.5
SHP_34948,2039.4,32855.0
SHP_34949,88107.2,2139925.5
SHP_34950,44179.2,1076833.6
SHP_34951,173540.5,4407187.0
SHP_34952,79555.7,1942599.9
SHP_34953,82144.3,1943237.4
SHP_34955,117957.6,2830471.0
SHP_34957,147999.2,3776048.5
SHP_34958,42674.4,1031555.0
SHP_34959,96362.4,2315514.8
SHP_34960,63833.3,1543604.8
SHP_34965,91997.0,2162333.8
SHP_34969,80371.0,1908570.3
SHP_34980,84211.2,2001906.8
SHP_34982,136835.7,3385916.0
SHP_34983,167284.8,4266330.0
SHP_34985,95447.1,2240486.0
SHP_34986,193902.1,4822433.0
SHP_34987,142832.8,3633008.0
SHP_34988,79332.0,1939231.4
SHP_34994,65485.7,1561498.9
SHP_35000,87882.9,2137175.8
SHP_35003,163473.8,4087180.0
SHP_35004,65071.9,1555960.5
SHP_35005,96049.5,2249824.0
SHP_35008,99570.1,2451326.5
SHP_35017,174809.6,4441331.5
SHP_35022,177358.1,4430625.0
SHP_35027,167508.8,4268630.0
SHP_35028,73138.5,1753229.8
SHP_35034,64588.7,1545096.5
SHP_35040,86778.9,2057073.6
SHP_35043,92169.8,2180533.3
SHP_35045,117476.2,2837807.5
SHP_35047,56424.6,1385903.3
SHP_35048,101586.0,2466076.5
SHP_35049,197006.9,4892896.0
SHP_35050,20157.2,473578.3
SHP_35051,78922.7,1927550.9
SHP_35052,94135.2,2253402.5
SHP_35053,133362.5,3304139.0
SHP_35054,87247.5,2060901.5
SHP_35056,84363.0,2010343.6
SHP_35057,91520.9,2171888.0
SHP_35059,88556.7,2170902.5
SHP_35060,81064.3,1926838.1
SHP_35065,175042.0,4442768.5
SHP_35068,87167.9,2069278.4
SHP_35071,116073.0,2785204.0
SHP_35073,87276.4,2062161.0
SHP_35074,773.0,10877.0
SHP_35076,149733.7,3814382.0
SHP_35078,97625.2,2297490.0
SHP_35079,84434.8,2007548.4
SHP_35080,123053.1,3119638.5
SHP_35082,89207.9,2167255.3
SHP_35086,149256.9,3787900.0
SHP_35088,70590.5,1712778.0
SHP_35091,23075.3,550604.9
SHP_35095,96049.5,2249824.0
SHP_35096,172460.0,4378207.0
SHP_35097,167851.8,4269894.5
SHP_35101,87476.9,2120277.0
SHP_35104,171586.8,4362990.5
SHP_35105,89045.1,2167150.8
SHP_35110,133960.9,3316628.5
SHP_35111,195365.2,4857959.0
SHP_35112,168735.5,4297887.5
SHP_35113,211065.1,5311625.5
SHP_35114,116434.3,2851365.0
SHP_35115,67710.0,1575436.3
SHP_35116,67896.2,1632863.9
SHP_35117,117029.4,2829456.5
SHP_35118,81008.9,1926911.8
SHP_35120,169621.4,4318248.5
SHP_35121,177692.7,4435482.0
SHP_35122,181497.2,4515299.0
SHP_35123,134735.3,3330798.3
SHP_35125,86915.3,2109606.5
SHP_35129,92088.6,2211702.5
SHP_35130,90960.0,2159799.8
SHP_35131,16113.9,378027.2
SHP_35133,78956.6,1894687.8
SHP_35135,91885.0,2177483.3
SHP_35136,182622.1,4553748.0
SHP_35137,193926.9,4822062.0
SHP_35138,213521.0,5363165.0
SHP_35139,46889.4,1125838.0
SHP_35142,167553.8,4271975.0
SHP_35143,85631.6,2036646.5
SHP_35146,193780.8,4820274.0
SHP_35148,94110.0,2201408.3
SHP_35150,90027.8,2145906.3
SHP_35151,53493.0,1269944.5
SHP_35152,2436.2,46215.1
SHP_35154,90916.8,2234383.5
SHP_35155,1684.8,24216.8
SHP_35156,86777.6,2109936.5
SHP_35159,94232.1,2223476.5
SHP_35161,163244.5,4062755.0
SHP_35163,175217.3,4452261.0
SHP_35169,214878.6,5328847.5
SHP_35174,92436.0,2217564.3
SHP_35176,86570.5,2054442.1
SHP_35178,195118.2,4801697.5
SHP_35184,173134.3,4402739.5
SHP_35185,208748.1,5259573.5
SHP_35189,93089.5,2236122.8
SHP_35190,174178.4,4419982.0
SHP_35192,195257.8,4853474.5
SHP_35195,103126.4,2406769.5
SHP_35196,102676.6,2491363.8
SHP_35198,73962.5,1764703.9
SHP_35199,92095.3,2208243.0
SHP_35203,194061.8,4825438.0
SHP_35205,167938.1,4279659.0
SHP_35210,16823.5,362395.9
SHP_35212,86289.4,2097445.8
SHP_35218,86773.1,2058313.1
SHP_35219,86822.9,2107052.5
SHP_35222,84434.8,2007548.4
SHP_35223,172332.6,4376352.0
SHP_35226,86570.5,2054442.1
SHP_35230,92412.0,2215828.8
SHP_35231,213230.4,5339659.0
SHP_35232,172751.5,4393148.5
SHP_35233,173999.1,4423353.0
SHP_35234,79248.3,1886003.0
SHP_35240,19508.1,462855.3
SHP_35241,82737.6,2006483.8
SHP_35242,89120.0,2166255.0
SHP_35243,148378.2,3781990.5
SHP_35247,148834.4,3793906.0
SHP_35248,103659.2,2423056.0
SHP_35249,172138.0,4382120.5
SHP_35259,87590.1,2068359.8
SHP_35262,90712.9,2154108.3
SHP_35265,172460.0,4378207.0
SHP_35271,104011.6,2423308.3
SHP_35275,86353.4,2052444.9
SHP_35277,1011.5,14813.2
SHP_35285,163473.8,4087180.0
SHP_35290,89229.9,2189894.8
SHP_35292,101954.1,2477901.5
SHP_35294,172737.3,4394355.0
SHP_35296,69970.7,1672033.5
SHP_35297,172582.3,4384413.0
SHP_35299,73116.8,1757434.8
SHP_35300,163302.8,4064653.0
SHP_35301,92563.9,2174903.3
SHP_35305,193465.1,4824378.0
SHP_35307,91479.5,2174586.3
SHP_35313,91734.6,2175074.3
SHP_35315,92225.8,2181558.0
SHP_35316,172381.9,4378223.0
SHP_35317,170793.9,4348994.5
SHP_35318,1860.4,31658.4
SHP_35319,84211.2,2001906.8
SHP_35323,170573.0,4337416.0
SHP_35324,65183.2,1553089.1
SHP_35326,173116.8,4401529.0
SHP_35327,172138.0,4382120.5
SHP_35330,177591.4,4431879.5
SHP_35332,87751.7,2070180.5
SHP_35335,1079.1,15777.1
SHP_35337,61410.3,1488594.6
SHP_35338,75853.0,1821178.1
SHP_35341,195289.3,4867985.0
SHP_35343,94567.2,2232467.0
SHP_35345,211494.0,5319902.5
SHP_35347,89805.9,2178880.0
SHP_35348,87052.4,2111484.0
SHP_35350,95407.6,2297253.0
SHP_35353,195362.8,4863554.0
SHP_35354,172479.8,4378479.0
SHP_35356,87852.7,2135759.0
SHP_35357,91889.1,2177153.0
SHP_35359,89349.8,2104610.5
SHP_35364,194622.0,4836245.0
SHP_35368,89064.9,2119535.3
SHP_35372,87097.3,2060779.3
SHP_35375,81894.1,1989229.8
SHP_35380,88107.2,2139925.5
SHP_35381,94938.3,2236525.8
SHP_35385,52764.8,1258654.3
SHP_35387,96948.7,2292251.0
SHP_35394,76625.2,1876725.8
SHP_35395,65119.6,1554186.0
SHP_35396,93089.5,2236122.8
SHP_35399,91997.0,2162333.8
SHP_35400,174331.2,4425062.0
SHP_35404,100527.2,2350292.5
SHP_35405,99703.5,2415076.8
SHP_35407,44896.3,1097381.8
SHP_35413,74322.1,1797787.6
SHP_35415,86349.0,2051045.4
SHP_35416,85265.8,2026644.6
SHP_35417,177834.5,4439926.0
SHP_35423,92249.8,2183960.5
SHP_35424,100810.8,2357501.0
SHP_35428,88685.0,2152120.3
SHP_35431,209335.5,5268576.5
SHP_35434,171081.9,4354467.0
SHP_35437,169246.4,4301592.0
SHP_35440,128777.3,3165820.0
SHP_35441,193902.1,4822433.0
SHP_35442,214878.6,5328847.5
SHP_35444,177332.2,4497266.0
SHP_35445,193741.2,4918560.5
SHP_35448,87240.0,2116422.0
SHP_35450,91645.0,2174091.3
SHP_35451,96274.7,2278461.8
SHP_35455,1750.9,27104.0
SHP_35456,93638.9,2215230.8
SHP_35457,163204.9,4059245.8
SHP_35458,150509.2,3833237.3
SHP_35464,171163.3,4288561.0
SHP_35466,102801.5,2395748.0
SHP_35468,172560.9,4384792.0
SHP_35475,81064.3,1926838.1
SHP_35479,77914.2,1863958.4
SHP_35480,92377.3,2216660.0
SHP_35485,87736.3,2077561.9
SHP_35487,121895.2,3099665.0
SHP_35488,91693.5,2174712.5
SHP_35490,98782.0,2383364.3
SHP_35491,173116.5,4400014.5
SHP_35492,103411.2,2509169.5
SHP_35495,86289.4,2097445.8
SHP_35497,93341.6,2191753.0
SHP_35498,172183.5,4375343.0
SHP_35503,2944.1,55402.8
SHP_35511,87713.6,2071479.0
SHP_35513,83545.1,1981291.8
SHP_35514,109748.2,2641785.0
SHP_35515,2259.2,42982.5
SHP_35520,85911.5,2040973.0
SHP_35521,215154.6,5329868.0
SHP_35522,93225.6,2206749.0
SHP_35525,56206.2,1353848.0
SHP_35526,94567.2,2232467.0
SHP_35531,172808.1,4397528.0
SHP_35533,173307.8,4403265.5
SHP_35534,92197.5,2183338.8
SHP_35536,52586.7,1254448.9
SHP_35538,99807.6,2331086.3
SHP_35540,1252.3,19122.0
SHP_35542,173276.3,4404799.0
SHP_35548,170793.9,4348994.5
SHP_35550,84350.6,2010184.3
SHP_35551,133362.5,3304139.0
SHP_35553,95273.2,2243992.8
SHP_35555,172786.9,4396756.0
SHP_35558,172738.5,4391909.0
SHP_35560,99531.2,2412613.0
SHP_35563,89511.5,2175120.0
SHP_35567,109748.2,2641785.0
SHP_35568,80251.8,1957335.8
SHP_35570,73180.4,1766620.8
SHP_35571,195205.8,4850724.0
SHP_35574,94465.2,2231311.5
SHP_35576,193780.8,4820274.0
SHP_35577,56383.7,1386262.5
SHP_35579,98360.6,2300644.5
SHP_35580,80239.9,1909812.8
SHP_35583,100847.7,2425252.5
SHP_35587,594.7,7916.0
SHP_35589,66600.8,1557070.4
SHP_35591,86777.6,2109936.5
SHP_35592,1011.5,14813.2
SHP_35595,163460.2,4067234.5
SHP_35597,173611.9,4407207.0
SHP_35598,86562.8,2054667.5
SHP_35599,173958.8,4408568.5
SHP_35601,79356.4,1940187.8
SHP_35604,71439.1,1729771.0
SHP_35605,100527.2,2350292.5
SHP_35606,78067.9,1861588.5
SHP_35607,79811.4,1949166.8
SHP_35608,91201.6,2166223.8
SHP_35612,87110.7,2060647.9
SHP_35613,133362.5,3304139.0
SHP_35614,16208.5,379319.8
SHP_35616,78180.2,1903737.5
SHP_35618,91576.9,2199942.5
SHP_35619,91889.1,2177153.0
SHP_35620,91520.2,2171877.3
SHP_35626,87079.5,2059857.1
SHP_35627,173772.5,4417168.5
SHP_35630,91965.7,2210372.0
SHP_35632,81927.7,1955180.0
SHP_35633,194074.9,4872206.0
SHP_35636,87021.5,2059923.3
SHP_35637,150115.8,3821025.5
SHP_35638,91830.5,2176429.5
SHP_35641,86612.6,2052361.3
SHP_35642,193558.2,4826939.0
SHP_35644,77914.2,1863958.4
SHP_35646,87909.4,2132194.3
SHP_35649,171108.6,4352487.0
SHP_35650,79560.9,1942300.6
SHP_35653,86374.9,2097640.3
SHP_35658,85961.6,2036359.0
SHP_35661,163393.6,4064495.5
SHP_35662,41339.1,974062.2
SHP_35663,93612.1,2216903.0
SHP_35668,87152.6,2065288.3
SHP_35671,103708.9,2408143.0
SHP_35672,170289.3,4337121.5
SHP_35673,148378.2,3781990.5
SHP_35675,190984.3,4760425.0
SHP_35678,99531.2,2412613.0
SHP_35679,92666.2,2235409.5
SHP_35680,170308.3,4337062.0
SHP_35682,166892.7,4256029.0
SHP_35683,87466.3,2074869.6
SHP_35684,52694.0,1279526.8
SHP_35685,45216.2,1103576.8
SHP_35687,92950.7,2230600.0
SHP_35688,87069.0,2059680.9
SHP_35691,100527.2,2350292.5
SHP_35694,2259.2,42982.5
SHP_35698,208895.2,5260896.0
SHP_35700,67529.4,1573626.0
SHP_35701,86858.2,2057529.9
SHP_35702,172453.7,4381539.0
SHP_35703,196558.9,4895454.0
SHP_35705,108242.6,2638298.0
SHP_35706,74512.5,1794377.6
SHP_35710,45718.5,1099837.0
SHP_35711,88610.2,2173547.5
SHP_35716,168524.4,4285750.0
SHP_35717,76625.2,1876725.8
SHP_35718,79560.9,1942300.6
SHP_35720,75571.1,1819517.9
SHP_35723,183571.0,4582499.0
SHP_35727,171532.8,4367818.0
SHP_35728,78811.3,1868435.6
SHP_35729,52764.8,1258654.3
SHP_35730,91908.8,2161751.0
SHP_35731,135977.7,3369447.8
SHP_35732,79749.0,1945408.1
SHP_35733,45348.6,1102088.4
SHP_35735,90771.7,2150526.0
SHP_35737,193533.9,4814051.0
SHP_35738,86440.7,2053061.1
SHP_35741,133362.5,3304139.0
SHP_35742,173977.2,4409312.0
SHP_35743,79405.3,1890717.3
SHP_35744,43637.8,1065627.0
SHP_35745,80906.8,1921214.3
SHP_35746,92666.2,2235409.5
SHP_35750,110248.8,2694137.3
SHP_35752,83577.0,1988152.5
SHP_35753,172687.9,4383395.5
SHP_35756,185384.5,4625626.5
SHP_35757,163460.2,4067234.5
SHP_35758,78811.3,1868435.6
SHP_35763,75853.0,1821178.1
SHP_35764,91490.4,2171545.8
SHP_35765,86665.1,2058746.3
SHP_35767,83523.6,1987512.0
SHP_35768,57112.2,1363462.1
SHP_35770,142171.7,3621428.0
SHP_35771,80331.2,1899879.3
SHP_35772,91088.7,2186005.3
SHP_35774,193902.1,4822433.0
SHP_35777,83978.7,1989657.8
SHP_35778,98360.6,2300644.5
SHP_35779,87489.4,2065877.5
SHP_35782,117940.9,2849643.5
SHP_35783,169139.5,4310200.0
SHP_35784,45069.4,1096665.0
SHP_35785,127118.8,3137193.3
SHP_35786,194949.1,4855036.5
SHP_35787,77331.8,1828251.4
SHP_35795,78073.0,1902095.3
SHP_35803,173207.3,4400222.5
SHP_35804,78992.0,1873243.1
SHP_35806,87280.8,2060997.8
SHP_35807,163649.5,4069183.5
SHP_35810,168714.6,4295998.5
SHP_35811,91835.7,2151743.0
SHP_35814,171812.7,4370761.5
SHP_35817,71625.3,1702574.3
SHP_35819,70723.1,1687977.3
SHP_35821,204324.8,5102045.0
SHP_35824,67408.3,1571160.8
SHP_35826,177332.2,4497266.0
SHP_35827,92729.5,2192842.8
SHP_35829,46819.2,1118397.0
SHP_35831,185460.7,4627601.0
SHP_35832,80618.8,1959726.6
SHP_35833,79342.4,1892792.9
SHP_35835,108363.6,2634033.3
SHP_35836,92295.6,2194146.3
SHP_35838,31454.0,769440.4
SHP_35840,91520.9,2171888.0
SHP_35844,101499.9,2500471.0
SHP_35845,86824.4,2060104.0
SHP_35847,89349.8,2104610.5
SHP_35849,194188.4,4828123.5
SHP_35851,79356.4,1940187.8
SHP_35852,171532.8,4367818.0
SHP_35853,83312.4,1991370.0
SHP_35857,99477.7,2423219.0
SHP_35858,192692.0,4796262.0
SHP_35860,92107.6,2210788.3
SHP_35862,148761.3,3789963.8
SHP_35865,79560.9,1942300.6
SHP_35868,174070.8,4416744.0
SHP_35871,87632.7,2068359.5
SHP_35875,89207.9,2167255.3
SHP_35876,170793.9,4348994.5
SHP_35877,78233.0,1904511.6
SHP_35881,86430.4,2053376.0
SHP_35882,195190.9,4856336.0
SHP_35883,87013.8,2059099.3
SHP_35886,53640.1,1281710.5
SHP_35887,78922.7,1927550.9
SHP_35890,65278.0,1562072.1
SHP_35892,79539.8,1941902.6
SHP_35893,88789.6,2175470.0
SHP_35895,46899.9,1121550.1
SHP_35897,134717.4,3329708.8
SHP_35900,89229.9,2189894.8
SHP_35902,163485.3,4082033.5
SHP_35903,86289.4,2097445.8
SHP_35908,53082.1,1273046.4
SHP_35917,92563.9,2174903.3
SHP_35919,89207.9,2167255.3
SHP_35920,77747.6,1822571.6
SHP_35923,53640.1,1281710.5
SHP_35926,193941.3,4823044.0
SHP_35928,81064.3,1926838.1
SHP_35929,173136.4,4396009.0
SHP_35931,171690.3,4369662.0
SHP_35934,51257.6,1244116.8
SHP_35936,134725.6,3315278.5
SHP_35937,42162.1,1036085.4
SHP_35940,100588.7,2444662.5
SHP_35941,78755.6,1925393.0
SHP_35943,81894.1,1989229.8
SHP_35944,84939.1,2002288.8
SHP_35945,96049.5,2249824.0
SHP_35947,56006.3,1354385.4
SHP_35948,89049.8,2101555.5
SHP_35956,1620.0,26614.9
SHP_35957,92295.6,2194146.3
SHP_35958,53640.1,1281710.5
SHP_35959,194507.7,4829928.0
SHP_35960,173435.9,4406942.5
SHP_35963,149360.4,3808708.0
SHP_35968,92384.6,2192034.8
SHP_35972,173162.8,4396578.5
SHP_35973,167851.8,4269894.5
SHP_35974,91374.0,2199992.3
SHP_35975,215154.6,5329868.0
SHP_35977,167204.4,4263770.5
SHP_35978,79811.4,1949166.8
SHP_35982,196443.2,4892748.0
SHP_35984,87510.8,2073489.5
SHP_35986,94232.1,2223476.5
SHP_35988,195205.8,4850724.0
SHP_35989,87110.7,2060647.9
SHP_35990,86289.4,2097445.8
SHP_35992,87585.0,2075817.0
SHP_35993,93089.5,2236122.8
SHP_35996,1517.9,21515.9
SHP_35999,31454.0,769440.4
SHP_36000,61569.1,1490556.1
SHP_36003,81962.2,1989162.0
SHP_36004,211494.0,5319902.5
SHP_36005,122546.3,3113873.5
SHP_36006,90999.2,2126874.0
SHP_36007,86430.4,2053376.0
SHP_36009,87414.3,2067688.1
SHP_36011,55020.6,1296509.8
SHP_36016,172692.4,4386647.0
SHP_36019,212027.1,5312352.0
SHP_36022,209122.2,5264171.0
SHP_36023,209306.4,5267616.0
SHP_36028,94038.2,2218668.5
SHP_36029,87763.4,2077294.1
SHP_36031,198323.7,4926129.0
SHP_36034,169330.0,4312990.5
SHP_36036,168735.5,4297887.5
SHP_36038,85985.8,2013776.0
SHP_36039,89623.2,2115960.3
SHP_36040,83950.1,1997277.3
SHP_36041,192615.2,4794209.0
SHP_36042,103658.9,2422493.0
SHP_36043,99742.2,2415866.0
SHP_36044,77856.3,1860708.5
SHP_36046,51257.6,1244116.8
SHP_36049,149057.0,3783990.0
SHP_36050,81502.0,1977156.5
SHP_36054,43637.8,1065627.0
SHP_36057,84350.6,2010184.3
SHP_36059,74339.4,1778100.0
SHP_36062,116073.0,2785204.0
SHP_36063,194384.8,4845698.0
SHP_36066,82705.5,1958151.8
SHP_36068,86479.5,2054301.5
SHP_36069,90771.7,2150526.0
SHP_36070,77770.1,1822772.1
SHP_36072,141468.0,3605951.3
SHP_36075,150132.8,3817010.8
SHP_36078,163649.5,4069183.5
SHP_36079,93083.8,2201877.3
SHP_36082,85851.5,2044507.3
SHP_36083,57112.2,1363462.1
SHP_36084,166892.7,4256029.0
SHP_36086,214878.6,5328847.5
SHP_36087,193923.5,4820841.0
SHP_36093,94171.3,2223053.8
SHP_36096,99570.1,2451326.5
SHP_36099,149787.3,3812706.5
SHP_36101,173210.2,4402371.5
SHP_36103,174197.6,4425868.0
SHP_36105,194665.6,4831897.5
SHP_36106,169110.8,4304160.0
SHP_36107,94465.2,2231311.5
SHP_36108,177463.9,4432738.0
SHP_36115,1252.3,19122.0
SHP_36118,174995.5,4427903.5
SHP_36119,136965.7,3385241.8
SHP_36121,79896.7,1863649.9
SHP_36123,126155.1,3093933.5
SHP_36124,95294.7,2252113.5
SHP_36125,197173.8,4897973.0
SHP_36126,97707.1,2308550.3
SHP_36128,171532.8,4367818.0
SHP_36129,98535.3,2325330.8
SHP_36131,75680.0,1821901.1
SHP_36132,82290.5,1959874.3
SHP_36133,87094.7,2117296.8
SHP_36134,45397.0,1104077.1
SHP_36137,218954.4,5395635.5
SHP_36138,171586.8,4362990.5
SHP_36140,173483.4,4409680.0
SHP_36142,14040.5,310875.2
SHP_36147,18348.5,438012.2
SHP_36149,88107.2,2139925.5
SHP_36151,171260.8,4357058.0
SHP_36154,85851.5,2044507.3
SHP_36156,93151.7,2203039.3
SHP_36162,99256.6,2399184.8
SHP_36164,172163.8,4375336.0
SHP_36165,91088.7,2186005.3
SHP_36167,194836.4,4841846.0
SHP_36169,99304.8,2319118.5
SHP_36171,173483.4,4409680.0
SHP_36174,195026.2,4847341.0
SHP_36175,55592.3,1317528.8
SHP_36176,81064.3,1926838.1
SHP_36178,171348.3,4357489.0
SHP_36179,116073.0,2785204.0
SHP_36184,2436.2,46215.1
SHP_36189,80825.3,1966835.8
SHP_36190,87914.6,2079222.4
SHP_36191,70694.6,1687902.8
SHP_36194,92417.4,2186569.3
SHP_36195,42162.1,1036085.4
SHP_36196,185156.5,4616782.0
SHP_36202,173286.6,4402059.0
SHP_36203,96948.7,2292251.0
SHP_36205,197026.8,4896959.0
SHP_36207,195033.8,4850309.0
SHP_36208,195382.1,4874077.5
SHP_36215,209306.4,5267616.0
SHP_36220,86440.7,2053061.1
SHP_36221,82737.6,2006483.8
SHP_36224,20157.2,473578.3
SHP_36229,75571.1,1819517.9
SHP_36230,173279.1,4404924.5
SHP_36232,79695.7,1945916.8
SHP_36233,90927.6,2160136.5
SHP_36237,41403.7,976818.1
SHP_36238,67685.5,1576297.6
SHP_36240,86967.1,2058503.5
SHP_36241,117733.7,2827577.5
SHP_36244,83523.7,1979938.0
SHP_36249,93831.9,2220471.0
SHP_36250,172889.1,4389310.0
SHP_36251,173740.0,4412645.5
SHP_36252,197062.8,4903091.5
SHP_36254,211065.1,5311625.5
SHP_36258,183359.0,4575407.0
SHP_36260,170509.0,4340987.5
SHP_36261,169498.0,4311923.0
SHP_36263,81837.7,1944309.9
SHP_36267,167436.3,4268839.0
SHP_36268,168616.0,4297952.5
SHP_36270,204324.8,5102045.0
SHP_36272,82705.5,1958151.8
SHP_36276,88097.9,2169635.5
SHP_36283,194149.1,4842436.0
SHP_36285,136835.7,3385916.0
SHP_36288,142619.1,3625615.5
SHP_36289,116073.0,2785204.0
SHP_36290,172267.4,4377629.0
SHP_36291,99304.8,2319118.5
SHP_36293,77400.9,1850296.5
SHP_36294,83531.7,1980426.8
SHP_36295,172709.5,4388108.0
SHP_36296,71439.1,1729771.0
SHP_36297,65184.1,1552303.9
SHP_36299,64963.8,1549998.3
SHP_36300,175137.5,4431721.5
SHP_36303,172939.3,4399272.5
SHP_36305,142833.8,3633031.0
SHP_36308,16113.9,378027.2
SHP_36309,65278.0,1562072.1
SHP_36314,103148.6,2406874.3
SHP_36317,99665.1,2472511.0
SHP_36318,148614.5,3790311.8
SHP_36319,99564.8,2412925.8
SHP_36321,100847.7,2425252.5
SHP_36325,173727.0,4414553.0
SHP_36327,91434.8,2170945.3
SHP_36328,172906.2,4389556.0
SHP_36330,174324.3,4431773.5
SHP_36333,42215.8,1022092.8
SHP_36334,87792.7,2077428.6
SHP_36336,100783.6,2351770.5
SHP_36338,168665.4,4296115.0
SHP_36339,127382.0,3132704.5
SHP_36340,173483.4,4409680.0
SHP_36342,91708.8,2179308.5
SHP_36347,856.5,12900.5
SHP_36348,66600.8,1557070.4
SHP_36349,194544.4,4837200.0
SHP_36352,78138.7,1863219.5
SHP_36354,149256.9,3787900.0
SHP_36356,191688.9,4765850.0
SHP_36358,172163.8,4375336.0
SHP_36360,89349.8,2104610.5
SHP_36363,86962.4,2058770.5
SHP_36368,172737.3,4394355.0
SHP_36370,100564.1,2349125.8
SHP_36374,101477.9,2466295.0
SHP_36375,79539.8,1941902.6
SHP_36376,83817.0,1988140.6
SHP_36379,57112.2,1363462.1
SHP_36381,167585.8,4273222.0
SHP_36385,185347.9,4619757.5
SHP_36386,83549.1,1986415.1
SHP_36392,169626.1,4311825.5
SHP_36394,178112.9,4444991.5
SHP_36396,192072.0,4765440.0
SHP_36397,173061.2,4400829.5
SHP_36398,174802.8,4424763.5
SHP_36399,122908.7,3119603.8
SHP_36402,170486.4,4340423.5
SHP_36403,79811.4,1949166.8
SHP_36406,72162.3,1714437.3
SHP_36407,101838.8,2406755.0
SHP_36409,136835.7,3385916.0
SHP_36413,195365.2,4857959.0
SHP_36415,77401.4,1816048.0
SHP_36417,167408.5,4268148.0
SHP_36419,87390.8,2067306.0
SHP_36421,90627.1,2183058.8
SHP_36425,73573.7,1764015.1
SHP_36428,2944.1,55402.8
SHP_36429,79811.4,1949166.8
SHP_36431,194384.8,4845698.0
SHP_36434,168835.9,4291650.0
SHP_36435,144212.5,3532201.8
SHP_36438,78755.6,1925393.0
SHP_36439,127769.0,3151731.0
SHP_36440,91835.7,2151743.0
SHP_36442,101848.2,2465624.0
SHP_36445,63833.3,1543604.8
SHP_36446,43048.8,1056362.3
SHP_36447,98360.6,2300644.5
SHP_36448,88685.0,2152120.3
SHP_36450,1889.6,30846.3
SHP_36451,98782.0,2383364.3
SHP_36454,195872.2,4878562.0
SHP_36456,102972.0,2496998.0
SHP_36459,70392.1,1707442.4
SHP_36465,93143.3,2247304.8
SHP_36469,212909.4,5337524.0
SHP_36473,67487.0,1616945.8
SHP_36474,2847.0,55449.0
SHP_36477,172996.3,4399325.5
SHP_36479,167826.8,4279158.0
SHP_36481,156446.4,3998090.0
SHP_36483,127706.8,3153351.0
SHP_36487,64377.9,1558130.3
SHP_36489,91088.7,2186005.3
SHP_36494,195536.7,4862808.0
SHP_36497,169330.0,4312990.5
SHP_36499,71439.1,1729771.0
SHP_36501,86570.5,2054442.1
SHP_36502,85851.5,2044507.3
SHP_36503,87780.9,2078307.5
SHP_36504,174197.6,4425868.0
SHP_36505,65899.4,1581248.8
SHP_36510,87199.8,2060641.0
SHP_36511,1868.2,30477.0
SHP_36512,182622.1,4553748.0
SHP_36515,163581.6,4088914.5
SHP_36518,87341.8,2071180.6
SHP_36519,168728.0,4296739.0
SHP_36520,87283.0,2062234.9
SHP_36523,102127.0,2387459.0
SHP_36524,96617.7,2228150.8
SHP_36530,75571.1,1819517.9
SHP_36538,213230.4,5339659.0
SHP_36539,195033.8,4850309.0
SHP_36540,133502.1,3306715.5
SHP_36541,91315.7,2168801.5
SHP_36542,52694.0,1279526.8
SHP_36545,70590.5,1712778.0
SHP_36546,212909.4,5337524.0
SHP_36547,167851.8,4269894.5
SHP_36548,185384.5,4625626.5
SHP_36550,116073.0,2785204.0
SHP_36555,102676.6,2491363.8
SHP_36557,170523.0,4336624.0
SHP_36558,197302.6,4911708.5
SHP_36560,65071.9,1555960.5
SHP_36561,79259.7,1868094.5
SHP_36562,172807.4,4397011.0
SHP_36564,63205.0,1527393.4
SHP_36569,148696.0,3789227.0
SHP_36570,98449.0,2319081.5
SHP_36572,90771.7,2150526.0
SHP_36573,147999.2,3776048.5
SHP_36575,86282.3,2050475.4
SHP_36577,70134.4,1699484.0
SHP_36578,46260.6,1111911.0
SHP_36582,172163.8,4375336.0
SHP_36587,67109.0,1565910.9
SHP_36594,91490.7,2171091.8
SHP_36597,92398.1,2186221.0
SHP_36601,87605.6,2124796.8
SHP_36602,45054.1,1099022.0
SHP_36603,91215.9,2193933.3
SHP_36607,167851.8,4269894.5
SHP_36609,87713.6,2071479.0
SHP_36611,81168.5,1925082.3
SHP_36612,52908.6,1284171.8
SHP_36613,87051.7,2061272.5
SHP_36614,43540.5,1052845.8
SHP_36615,72253.4,1746346.0
SHP_36616,172528.3,4389065.5
SHP_36618,180436.8,4569876.5
SHP_36620,46819.2,1118397.0
SHP_36622,86663.0,2057755.0
SHP_36624,86479.5,2054301.5
SHP_36629,208487.7,5254060.5
SHP_36632,65578.6,1588790.6
SHP_36635,93563.0,2208423.3
SHP_36638,1750.9,27104.0
SHP_36640,142426.4,3624870.0
SHP_36645,169110.8,4304160.0
SHP_36646,209284.8,5262091.5
SHP_36647,91882.7,2178535.3
SHP_36649,79003.6,1927697.3
SHP_36653,87909.4,2132194.3
SHP_36655,89218.3,2105430.5
SHP_36657,79335.5,1886956.6
SHP_36658,80468.3,1913374.9
SHP_36660,169741.5,4320882.5
SHP_36661,87052.4,2111484.0
SHP_36662,166892.7,4256029.0
SHP_36664,213351.8,5344928.0
SHP_36668,89236.1,2165258.0
SHP_36669,173958.8,4408568.5
SHP_36674,72074.9,1733740.9
SHP_36677,148431.8,3774157.0
SHP_36678,88723.2,2095116.3
SHP_36681,170445.6,4331925.0
SHP_36682,76291.8,1820828.6
SHP_36685,94839.6,2238396.3
SHP_36688,122925.7,3121835.8
SHP_36689,59437.0,1436488.1
SHP_36690,1571.7,23542.7
SHP_36692,763.6,11584.6
SHP_36693,110177.4,2691348.8
SHP_36697,72725.9,1744285.1
SHP_36700,91576.9,2199942.5
SHP_36702,196650.7,4892347.0
SHP_36703,168500.9,4284715.5
SHP_36704,102965.7,2399060.0
SHP_36710,1727.0,31561.0
SHP_36711,194061.8,4825438.0
SHP_36713,103257.0,2504870.8
SHP_36716,83555.6,1976799.5
SHP_36719,184983.0,4602544.0
SHP_36721,133682.7,3310257.3
SHP_36723,94567.2,2232467.0
SHP_36724,88066.9,2072551.5
SHP_36727,194836.4,4841846.0
SHP_36728,174312.9,4427407.0
SHP_36730,92666.2,2235409.5
SHP_36732,170739.1,4338215.0
SHP_36734,715.3,10292.0
SHP_36736,64599.2,1548719.8
SHP_36737,194061.8,4825438.0
SHP_36742,91732.4,2176460.3
SHP_36743,178112.9,4444991.5
SHP_36744,117894.6,2788672.5
SHP_36749,75753.6,1818573.1
SHP_36751,45397.0,1104077.1
SHP_36753,193747.0,4818324.0
SHP_36754,16688.6,387642.5
SHP_36755,86123.5,2048434.8
SHP_36757,77191.6,1847792.8
SHP_36760,177316.1,4500009.5
SHP_36761,92950.7,2230600.0
SHP_36762,167938.1,4279659.0
SHP_36763,87611.6,2077548.9
SHP_36768,87390.8,2067306.0
SHP_36769,174044.9,4418694.0
SHP_36771,79539.8,1941902.6
SHP_36772,75712.1,1818076.0
SHP_36773,150115.8,3821025.5
SHP_36774,79743.4,1895613.0
SHP_36778,67572.5,1572158.3
SHP_36780,134725.6,3315278.5
SHP_36785,82619.1,1961231.9
SHP_36786,1495.4,19088.7
SHP_36787,149360.4,3808708.0
SHP_36788,168727.3,4296874.0
SHP_36789,90642.6,2228088.0
SHP_36791,173740.0,4412645.5
SHP_36792,194061.8,4825438.0
SHP_36793,84466.2,2028388.4
SHP_36794,133729.2,3312231.0
SHP_36795,193780.8,4820274.0
SHP_36797,197224.9,4914708.0
SHP_36798,173232.4,4404259.5
SHP_36801,92532.9,2220075.3
SHP_36805,81168.5,1925082.3
SHP_36806,100588.7,2444662.5
SHP_36814,103708.9,2408143.0
SHP_36817,93632.8,2210228.0
SHP_36822,80256.9,1912248.0
SHP_36824,212676.3,5327736.5
SHP_36828,44335.4,1083420.0
SHP_36829,195205.8,4850724.0
SHP_36831,88066.9,2072551.5
SHP_36832,195365.2,4857959.0
SHP_36838,92107.6,2210788.3
SHP_36841,87628.2,2083800.1
SHP_36846,67487.0,1616945.8
SHP_36848,78336.8,1839919.8
SHP_36850,53285.4,1263904.9
SHP_36852,168665.4,4296115.0
SHP_36853,101437.3,2459843.3
SHP_36860,87605.6,2124796.8
SHP_36861,87280.8,2060997.8
SHP_36862,81646.2,1981588.0
SHP_36863,87897.3,2079102.4
SHP_36864,57233.3,1379081.1
SHP_36865,90699.0,2180305.5
SHP_36867,88723.2,2095116.3
SHP_36869,79539.8,1941902.6
SHP_36870,169450.3,4313207.0
SHP_36871,193902.1,4822433.0
SHP_36873,95636.2,2257348.8
SHP_36876,66600.8,1557070.4
SHP_36884,80906.8,1921214.3
SHP_36886,77161.2,1891946.1
SHP_36887,212238.9,5330210.5
SHP_36891,173061.2,4400829.5
SHP_36892,93568.2,2212239.8
SHP_36893,109748.2,2641785.0
SHP_36896,56318.9,1361452.9
SHP_36897,170793.9,4348994.5
SHP_36898,94984.1,2239560.3
SHP_36899,81894.1,1989229.8
SHP_36900,76109.6,1827627.8
SHP_36908,87749.3,2077039.9
SHP_36910,77551.0,1887160.8
SHP_36911,55123.0,1303479.4
SHP_36913,87560.5,2069568.8
SHP_36915,171163.3,4288561.0
SHP_36917,80937.2,1968075.1
SHP_36918,134088.3,3317882.5
SHP_36921,195118.2,4801697.5
SHP_36922,183356.1,4575577.0
SHP_36923,86994.5,2058872.3
SHP_36925,109748.2,2641785.0
SHP_36928,78943.8,1882426.6
SHP_36933,52868.6,1282035.9
SHP_36937,173311.8,4403766.5
SHP_36938,77961.1,1837052.6
SHP_36939,87786.3,2097026.4
SHP_36945,80728.8,1922264.3
SHP_36946,167390.5,4263457.0
SHP_36947,60982.0,1444603.0
SHP_36948,90646.3,2185567.8
SHP_36949,87390.9,2064551.3
SHP_36952,174820.3,4439284.0
SHP_36953,87390.9,2064551.3
SHP_36957,71106.5,1694314.3
SHP_36959,197142.0,4895479.5
SHP_36960,93478.5,2213355.3
SHP_36963,86479.5,2054301.5
SHP_36964,56238.0,1348214.0
SHP_36966,98535.3,2325330.8
SHP_36967,77914.2,1863958.4
SHP_36968,101957.5,2478507.0
SHP_36969,90328.4,2227893.3
SHP_36971,94465.2,2231311.5
SHP_36973,193962.3,4823309.0
SHP_36977,185425.4,4618855.0
SHP_36982,190984.3,4760425.0
SHP_36985,195736.0,4872297.0
SHP_36986,172483.8,4380033.5
SHP_36991,80728.8,1922264.3
SHP_36992,193962.3,4823309.0
SHP_36993,167826.8,4279158.0
SHP_36995,173991.6,4415232.0
SHP_36996,84356.6,2009980.8
SHP_36997,77791.5,1836784.8
SHP_36998,88723.2,2095116.3
SHP_37001,82507.6,1999341.0
SHP_37007,84638.9,2007855.9
SHP_37010,173483.4,4409680.0
SHP_37012,88383.1,2078028.1
SHP_37013,91521.8,2169613.3
SHP_37015,89229.9,2189894.8
SHP_37017,86826.9,2058821.4
SHP_37018,87709.3,2076782.3
SHP_37020,41339.1,974062.2
SHP_37022,77161.2,1891946.1
SHP_37023,87162.2,2069134.5
SHP_37024,91693.8,2201157.8
SHP_37025,208895.2,5260896.0
SHP_37027,167078.7,4261610.0
SHP_37028,75934.9,1811826.4
SHP_37029,2944.1,55402.8
SHP_37030,167262.7,4266827.5
SHP_37031,174661.1,4437413.5
SHP_37033,91357.5,2169171.5
SHP_37034,173483.4,4409680.0
SHP_37039,43540.5,1052845.8
SHP_37041,174629.4,4436830.5
SHP_37047,83586.4,1980465.3
SHP_37049,169330.0,4312990.5
SHP_37052,92377.3,2216660.0
SHP_37053,56238.0,1348214.0
SHP_37055,65899.4,1581248.8
SHP_37060,80386.7,1916199.4
SHP_37064,100358.8,2437151.0
SHP_37066,88383.1,2078028.1
SHP_37068,84581.4,2011573.0
SHP_37073,168652.3,4286894.0
SHP_37074,85319.7,2029749.8
SHP_37076,88996.2,2163935.5
SHP_37080,83096.4,2031381.0
SHP_37081,90721.9,2155707.8
SHP_37082,177176.2,4498155.5
SHP_37083,89229.9,2189894.8
SHP_37084,127525.7,3135209.5
SHP_37085,87717.2,2130353.8
SHP_37087,92107.6,2210788.3
SHP_37088,70451.5,1682642.5
SHP_37093,194622.0,4836245.0
SHP_37094,171957.4,4370954.0
SHP_37095,61705.4,1491485.0
SHP_37098,195870.7,4870670.5
SHP_37100,197026.8,4896959.0
SHP_37101,196558.9,4895454.0
SHP_37102,65184.1,1552303.9
SHP_37108,71143.2,1723629.8
SHP_37109,77941.4,1848892.1
SHP_37110,169110.8,4304160.0
SHP_37111,103101.6,2395488.8
SHP_37114,198323.7,4926129.0
SHP_37116,98782.0,2383364.3
SHP_37117,197062.8,4903091.5
SHP_37118,162847.3,4052841.0
SHP_37119,56398.3,1385960.4
SHP_37121,83096.4,2031381.0
SHP_37124,87390.8,2067306.0
SHP_37126,172808.1,4397528.0
SHP_37128,101477.9,2466295.0
SHP_37129,18584.5,408916.3
SHP_37132,86374.9,2097640.3
SHP_37133,70134.4,1699484.0
SHP_37134,171773.2,4365665.0
SHP_37137,92107.6,2210788.3
SHP_37138,195938.5,4869927.0
SHP_37142,88598.7,2171409.0
SHP_37143,122748.1,3117632.5
SHP_37146,90027.8,2145906.3
SHP_37147,78181.0,1869336.0
SHP_37148,83491.2,1980058.8
SHP_37151,84606.6,2038919.0
SHP_37153,99359.3,2393344.5
SHP_37155,134861.7,3331597.3
SHP_37157,142833.8,3633031.0
SHP_37158,133362.5,3304139.0
SHP_37159,86289.4,2097445.8
SHP_37162,80239.9,1909812.8
SHP_37167,194622.0,4836245.0
SHP_37170,81013.3,1923764.6
SHP_37171,715.3,10292.0
SHP_37173,45216.2,1103576.8
SHP_37176,78102.8,1862004.6
SHP_37178,90144.1,2146178.5
SHP_37183,193962.3,4823309.0
SHP_37185,75878.8,1823850.5
SHP_37186,87605.6,2124796.8
SHP_37188,86715.4,2055850.3
SHP_37189,98855.2,2325344.0
SHP_37193,193886.0,4821466.0
SHP_37194,87079.5,2059857.1
SHP_37196,85652.8,2033507.0
SHP_37204,77161.2,1891946.1
SHP_37205,40501.8,957360.7
SHP_37209,170837.2,4345370.5
SHP_37215,134735.3,3330798.3
SHP_37218,74512.5,1794377.6
SHP_37224,167508.8,4268630.0
SHP_37225,91531.4,2197277.0
SHP_37226,177692.7,4435482.0
SHP_37227,88850.0,2139641.3
SHP_37229,67110.8,1565943.5
SHP_37231,86570.5,2054442.1
SHP_37232,90298.8,2227775.3
SHP_37234,77551.0,1887160.8
SHP_37239,80602.7,1922703.5
SHP_37240,163649.5,4069183.5
SHP_37242,101078.9,2461513.0
SHP_37247,171556.3,4368024.5
SHP_37248,92532.9,2220075.3
SHP_37251,127706.8,3153351.0
SHP_37253,79342.4,1892792.9
SHP_37254,96611.1,2263436.3
SHP_37255,46260.6,1111911.0
SHP_37256,75724.5,1782462.5
SHP_37257,163331.8,4063460.5
SHP_37258,84211.2,2001906.8
SHP_37260,84356.6,2009980.8
SHP_37262,173191.7,4398801.0
SHP_37265,87786.3,2097026.4
SHP_37267,172238.0,4379691.5
SHP_37269,172962.5,4399598.5
SHP_37270,163649.5,4069183.5
SHP_37272,98201.4,2316231.8
SHP_37273,86663.9,2055202.8
SHP_37274,81049.9,1969873.5
SHP_37275,93839.0,2224789.0
SHP_37277,70871.3,1716512.3
SHP_37278,217881.7,5451239.0
SHP_37280,169580.0,4307171.5
SHP_37281,149667.0,3816064.5
SHP_37282,169110.8,4304160.0
SHP_37285,53082.1,1273046.4
SHP_37286,89349.8,2104610.5
SHP_37288,172183.5,4375343.0
SHP_37289,172066.7,4371408.5
SHP_37290,39246.8,928655.6
SHP_37291,172183.5,4375343.0
SHP_37295,172939.3,4399272.5
SHP_37296,46260.6,1111911.0
SHP_37297,101513.8,2466702.5
SHP_37302,171693.9,4368010.0
SHP_37305,127809.8,3152424.5
SHP_37307,44679.4,1089599.3
SHP_37308,172163.8,4375336.0
SHP_37309,91816.9,2177727.5
SHP_37310,56424.6,1385903.3
SHP_37313,75129.4,1810103.8
SHP_37314,41339.1,974062.2
SHP_37315,19508.1,462855.3
SHP_37318,90331.8,2149335.0
SHP_37319,193747.0,4818324.0
SHP_37321,45348.6,1102088.4
SHP_37332,171693.9,4368010.0
SHP_37333,163473.8,4087180.0
SHP_37335,87510.8,2117225.0
SHP_37337,81646.2,1981588.0
SHP_37338,90978.9,2241819.5
SHP_37340,44335.4,1083420.0
SHP_37341,100204.4,2425133.5
SHP_37343,64712.6,1572129.5
SHP_37344,173399.3,4408596.0
SHP_37349,95756.5,2259945.3
SHP_37353,99359.3,2393344.5
SHP_37354,86822.8,2058632.3
SHP_37358,180436.8,4569876.5
SHP_37360,78829.7,1855841.8
SHP_37361,70036.1,1698114.8
SHP_37368,90699.0,2180305.5
SHP_37371,64963.8,1549998.3
SHP_37372,192332.6,4788876.0
SHP_37374,73950.0,1772901.8
SHP_37377,194197.6,4826764.0
SHP_37379,133682.7,3310257.3
SHP_37382,16570.4,385895.6
SHP_37383,173991.6,4415232.0
SHP_37384,63205.0,1527393.4
SHP_37388,170568.1,4336447.5
SHP_37389,73149.5,1766718.0
SHP_37390,91413.3,2200634.8
SHP_37392,196386.2,4892615.0
SHP_37393,2603.1,46998.7
SHP_37394,94924.3,2293699.5
SHP_37397,167585.8,4273222.0
SHP_37400,1750.9,27104.0
SHP_37401,61569.1,1490556.1
SHP_37403,95756.5,2259945.3
SHP_37404,184836.2,4615230.0
SHP_37405,120998.1,3079142.3
SHP_37406,61634.2,1490291.5
SHP_37407,149979.2,3819442.0
SHP_37408,81013.3,1923764.6
SHP_37410,79003.6,1927697.3
SHP_37411,2798.7,57113.3
SHP_37412,70036.1,1698114.8
SHP_37416,89036.9,2143331.0
SHP_37420,87294.7,2061185.3
SHP_37421,91710.3,2174871.5
SHP_37423,197062.8,4903091.5
SHP_37424,75770.9,1818789.3
SHP_37426,98638.9,2306310.3
SHP_37431,87768.2,2134300.8
SHP_37432,2436.2,46215.1
SHP_37437,196764.1,4888704.0
SHP_37440,173435.9,4406942.5
SHP_37445,18655.6,435403.9
SHP_37446,186208.1,4647440.0
SHP_37449,67297.5,1568506.9
SHP_37456,163447.8,4077846.5
SHP_37458,61569.1,1490556.1
SHP_37459,172978.6,4399849.5
SHP_37460,90878.6,2190665.3
SHP_37467,172658.4,4385144.5
SHP_37468,212909.4,5337524.0
SHP_37469,148696.0,3789227.0
SHP_37470,87253.9,2061245.4
SHP_37471,53357.1,1267846.9
SHP_37473,99304.8,2319118.5
SHP_37475,87069.0,2059680.9
SHP_37476,56782.0,1393720.8
SHP_37478,47251.7,1138139.4
SHP_37480,174197.6,4425868.0
SHP_37481,202919.9,4535831.0
SHP_37482,173350.7,4401299.5
SHP_37487,98723.6,2409277.5
SHP_37488,90137.2,2168569.5
SHP_37490,133729.2,3312231.0
SHP_37492,197023.6,4892883.5
SHP_37494,171812.7,4370761.5
SHP_37495,173307.8,4403265.5
SHP_37496,87605.6,2124796.8
SHP_37497,86289.4,2097445.8
SHP_37500,172657.0,4386016.0
SHP_37501,64.8,514.5
SHP_37503,133682.7,3310257.3
SHP_37505,82921.7,1945558.4
SHP_37507,215154.6,5329868.0
SHP_37511,134735.3,3330798.3
SHP_37513,88996.2,2163935.5
SHP_37518,173163.8,4402602.0
SHP_37523,175238.3,4450556.5
SHP_37524,86357.7,2051206.0
SHP_37525,91571.0,2158449.0
SHP_37526,69452.7,1658347.3
SHP_37529,87632.7,2068359.5
SHP_37530,45216.2,1103576.8
SHP_37531,170529.1,4340769.0
SHP_37533,87052.4,2111484.0
SHP_37535,168654.0,4300125.0
SHP_37539,173116.8,4401529.0
SHP_37541,64631.4,1574633.3
SHP_37547,1495.4,19088.7
SHP_37548,167864.8,4279334.0
SHP_37549,173740.0,4412645.5
SHP_37552,173740.0,4412645.5
SHP_37554,90658.8,2157382.3
SHP_37555,170618.8,4343961.5
SHP_37556,79335.5,1886956.6
SHP_37559,90792.7,2190419.3
SHP_37562,86715.4,2055850.3
SHP_37563,1571.9,23544.2
SHP_37565,208315.9,5250027.5
SHP_37566,100847.7,2425252.5
SHP_37571,168863.1,4295618.0
SHP_37572,56424.6,1385903.3
SHP_37574,167436.3,4268839.0
SHP_37576,175320.1,4376757.0
SHP_37578,1750.9,27104.0
SHP_37580,79335.5,1886956.6
SHP_37582,87235.0,2062587.0
SHP_37583,79252.9,1864135.5
SHP_37584,78180.2,1903737.5
SHP_37588,91171.8,2165874.0
SHP_37590,91645.1,2172881.0
SHP_37591,134826.8,3334359.5
SHP_37594,212909.4,5337524.0
SHP_37595,101983.8,2476653.0
SHP_37597,54667.3,1288230.3
SHP_37598,101078.9,2461513.0
SHP_37599,63833.3,1543604.8
SHP_37600,70723.1,1687977.3
SHP_37601,175042.0,4442768.5
SHP_37602,172154.8,4375910.0
SHP_37605,98591.0,2322614.0
SHP_37606,86682.4,2059640.0
SHP_37607,89120.0,2166255.0
SHP_37609,91905.7,2208355.5
SHP_37616,169498.0,4311923.0
SHP_37618,93478.5,2213355.3
SHP_37622,64586.0,1573175.1
SHP_37624,174918.6,4440670.0
SHP_37626,87240.0,2116422.0
SHP_37632,93089.5,2236122.8
SHP_37633,90096.4,2146815.3
SHP_37634,87090.2,2059588.4
SHP_37636,172807.4,4397011.0
SHP_37637,75659.5,1789570.0
SHP_37642,172683.9,4388490.5
SHP_37644,174694.7,4437785.0
SHP_37645,173116.2,4393509.5
SHP_37647,167585.8,4273222.0
SHP_37648,172165.3,4377828.0
SHP_37649,49027.0,1191993.3
SHP_37650,2944.1,55402.8
SHP_37651,173163.8,4402602.0
SHP_37655,99359.3,2393344.5
SHP_37659,173307.8,4403265.5
SHP_37660,2543.7,45369.9
SHP_37661,167851.8,4269894.5
SHP_37667,87632.7,2068359.5
SHP_37668,94984.1,2239560.3
SHP_37670,79794.6,1895190.3
SHP_37671,90878.6,2190665.3
SHP_37672,82179.6,1992178.1
SHP_37673,69970.7,1672033.5
SHP_37677,173134.3,4402739.5
SHP_37678,1750.9,27104.0
SHP_37682,167128.6,4261510.0
SHP_37683,167436.3,4268839.0
SHP_37684,172683.9,4388490.5
SHP_37688,102560.3,2390187.5
SHP_37690,133729.2,3312231.0
SHP_37691,80728.8,1922264.3
SHP_37692,213230.4,5339659.0
SHP_37694,172176.2,4373438.5
SHP_37696,125002.1,3172845.0
SHP_37697,90932.1,2162128.0
SHP_37698,87793.9,2133625.0
SHP_37700,63833.3,1543604.8
SHP_37701,85652.8,2033507.0
SHP_37707,93083.8,2201877.3
SHP_37709,87390.9,2064551.3
SHP_37711,51724.2,1225380.8
SHP_37713,87864.7,2078411.5
SHP_37714,94465.2,2231311.5
SHP_37716,92772.3,2195220.5
SHP_37717,194507.7,4829928.0
SHP_37719,163104.5,4058752.8
SHP_37721,92717.2,2170901.8
SHP_37723,141654.7,3608380.0
SHP_37725,90699.0,2180305.5
SHP_37727,48812.6,1174470.5
SHP_37728,195118.2,4801697.5
SHP_37729,86570.5,2054442.1
SHP_37730,196764.6,4888707.5
SHP_37743,94232.1,2223476.5
SHP_37745,95096.0,2295771.3
SHP_37748,172619.6,4389843.5
SHP_37749,173803.7,4419081.0
SHP_37753,172528.3,4389065.5
SHP_37755,168735.5,4297887.5
SHP_37758,86282.3,2050475.4
SHP_37759,212676.3,5327736.5
SHP_37766,86570.5,2054442.1
SHP_37767,196615.8,4884662.0
SHP_37768,45069.4,1096665.0
SHP_37775,135977.7,3369447.8
SHP_37776,178266.3,4450991.0
SHP_37777,67582.0,1573198.0
SHP_37780,91618.0,2172888.8
SHP_37782,86612.6,2052361.3
SHP_37783,213386.5,5360722.5
SHP_37785,169783.3,4323807.5
SHP_37788,168976.5,4307509.0
SHP_37793,173472.3,4406066.5
SHP_37794,102560.3,2390187.5
SHP_37795,117391.0,2829636.3
SHP_37796,81806.3,1986033.4
SHP_37797,91965.7,2210372.0
SHP_37801,209335.5,5268576.5
SHP_37806,172307.5,4378695.0
SHP_37807,172154.8,4375910.0
SHP_37811,82290.5,1959874.3
SHP_37812,174750.0,4438428.5
SHP_37813,133362.5,3304139.0
SHP_37814,186036.0,4690983.0
SHP_37815,44179.2,1076833.6
SHP_37816,174809.6,4441331.5
SHP_37817,86562.8,2054667.5
SHP_37818,134725.6,3315278.5
SHP_37819,94039.9,2221127.0
SHP_37821,81008.9,1926911.8
SHP_37822,171935.8,4375727.0
SHP_37824,79642.8,1946090.0
SHP_37825,103601.1,2414016.8
SHP_37826,186036.0,4690983.0
SHP_37827,171812.7,4370761.5
SHP_37828,39246.8,928655.6
SHP_37829,92480.9,2192203.8
SHP_37830,173335.3,4405406.0
SHP_37831,193244.9,4811735.0
SHP_37832,84581.4,2011573.0
SHP_37834,177278.4,4497451.0
SHP_37835,174044.9,4418694.0
SHP_37836,91902.4,2177570.3
SHP_37838,193780.8,4820274.0
SHP_37839,76755.0,1882879.8
SHP_37840,70392.1,1707442.4
SHP_37844,42489.5,1041734.3
SHP_37845,84581.4,2011573.0
SHP_37852,162055.7,4020219.3
SHP_37855,92377.3,2216660.0
SHP_37858,122780.1,3118002.8
SHP_37865,163341.1,4063888.3
SHP_37866,81168.5,1925082.3
SHP_37868,23114.2,552892.8
SHP_37869,98638.9,2306310.3
SHP_37870,56238.0,1348214.0
SHP_37871,91384.0,2169710.8
SHP_37876,91297.3,2167530.3
SHP_37879,80468.3,1913374.9
SHP_37880,172819.5,4390897.0
SHP_37882,169459.5,4311246.0
SHP_37884,75775.7,1813747.4
SHP_37885,94567.2,2232467.0
SHP_37886,85459.1,2050469.3
SHP_37889,23122.6,552947.3
SHP_37890,193962.3,4823309.0
SHP_37891,1727.0,31561.0
SHP_37893,69640.8,1688414.0
SHP_37894,73171.1,1754823.4
SHP_37896,73421.8,1772109.3
SHP_37898,92176.6,2162934.5
SHP_37902,84350.6,2010184.3
SHP_37903,91520.9,2171888.0
SHP_37904,79356.4,1940187.8
SHP_37905,173589.6,4411153.0
SHP_37906,204324.8,5102045.0
SHP_37907,87096.5,2059125.6
SHP_37908,87097.3,2060779.3
SHP_37911,93089.5,2236122.8
SHP_37914,171805.4,4373278.5
SHP_37915,173838.6,4417571.5
SHP_37916,92436.0,2217564.3
SHP_37918,92088.6,2211702.5
SHP_37919,91430.7,2196804.0
SHP_37922,69835.3,1686211.9
SHP_37923,185250.4,4624340.5
SHP_37925,67517.7,1564380.8
SHP_37927,212909.4,5337524.0
SHP_37936,88067.0,2072552.3
SHP_37940,84795.4,2034979.9
SHP_37943,80468.3,1913374.9
SHP_37944,127706.8,3153351.0
SHP_37947,167826.8,4279158.0
SHP_37948,83995.8,2004396.4
SHP_37949,177190.8,4497453.5
SHP_37951,191844.8,4775529.0
SHP_37955,87904.1,2022149.5
SHP_37957,73746.6,1766381.6
SHP_37958,76346.3,1814568.6
SHP_37960,87909.4,2132194.3
SHP_37962,177190.8,4497453.5
SHP_37969,94974.2,2244932.5
SHP_37970,2543.7,45369.9
SHP_37971,141954.0,3612206.0
SHP_37972,81902.4,1964181.8
SHP_37975,818.3,12108.9
SHP_37977,90927.6,2160136.5
SHP_37981,197062.8,4903091.5
SHP_37989,97044.6,2340154.5
SHP_37990,169585.7,4307103.0
SHP_37993,88097.9,2169635.5
SHP_37995,86401.0,2052489.8
SHP_37996,133407.9,3267798.5
SHP_38003,99304.8,2319118.5
SHP_38004,172416.4,4380671.0
SHP_38005,45348.6,1102088.4
SHP_38007,64456.5,1543598.8
SHP_38011,78922.7,1927550.9
SHP_38013,173160.7,4397761.0
SHP_38017,160237.7,4092678.5
SHP_38025,174457.4,4434390.5
SHP_38026,148696.0,3789227.0
SHP_38027,87467.2,2065584.3
SHP_38028,82314.4,1969936.5
SHP_38032,195052.3,4847733.0
SHP_38034,39246.8,928655.6
SHP_38039,175238.3,4450556.5
SHP_38040,91876.5,2178481.3
SHP_38042,169741.5,4320882.5
SHP_38044,91477.1,2170697.0
SHP_38050,86282.3,2050475.4
SHP_38056,84211.2,2001906.8
SHP_38057,44679.4,1089599.3
SHP_38059,172326.4,4378835.5
SHP_38060,80473.5,1909402.5
SHP_38062,133502.1,3306715.5
SHP_38066,172432.8,4379968.5
SHP_38067,95257.2,2244398.0
SHP_38068,42674.4,1031555.0
SHP_38070,41749.8,982624.7
SHP_38071,173618.1,4414464.0
SHP_38073,195616.6,4877608.0
SHP_38078,195376.2,4855501.0
SHP_38080,168151.4,4283460.5
SHP_38081,87762.0,2078197.4
SHP_38082,193962.3,4823309.0
SHP_38086,68705.7,1666645.1
SHP_38087,87090.2,2059588.4
SHP_38092,94465.2,2231311.5
SHP_38095,23122.6,552947.3
SHP_38096,163574.0,4068693.0
SHP_38097,73553.7,1765237.5
SHP_38098,135977.7,3369447.8
SHP_38100,79539.8,1941902.6
SHP_38102,156446.4,3998090.0
SHP_38107,88715.2,2093779.8
SHP_38109,93761.0,2219384.8
SHP_38113,87751.7,2070180.5
SHP_38114,53533.0,1296744.0
SHP_38116,177402.6,4497889.5
SHP_38117,82179.6,1992178.1
SHP_38119,42650.6,1032980.1
SHP_38121,19305.6,459967.9
SHP_38125,62484.6,1515588.6
SHP_38126,78922.7,1927550.9
SHP_38127,19508.1,462855.3
SHP_38129,93143.3,2247304.8
SHP_38133,16113.9,378027.2
SHP_38135,64963.8,1549998.3
SHP_38137,161638.1,4013840.8
SHP_38138,156446.4,3998090.0
SHP_38139,80272.9,1915237.6
SHP_38144,74403.4,1796650.3
SHP_38148,94429.5,2265301.3
SHP_38149,172176.2,4373438.5
SHP_38150,193802.9,4821730.0
SHP_38151,90331.8,2149335.0
SHP_38152,148614.5,3790311.8
SHP_38153,167610.0,4273274.0
SHP_38154,99237.4,2398315.8
SHP_38156,169722.0,4323658.0
SHP_38157,178112.9,4444991.5
SHP_38164,79259.7,1868094.5
SHP_38165,195536.7,4862808.0
SHP_38166,86051.1,2030885.3
SHP_38170,92206.9,2213339.8
SHP_38172,173116.5,4400014.5
SHP_38173,82870.5,1963963.3
SHP_38175,99783.9,2402798.0
SHP_38179,120641.0,2924179.0
SHP_38180,56238.0,1348214.0
SHP_38184,87547.3,2120832.5
SHP_38185,172332.6,4376352.0
SHP_38189,16150.9,371510.9
SHP_38191,171812.7,4370761.5
SHP_38192,173191.2,4401193.5
SHP_38194,67408.3,1571160.8
SHP_38197,78860.8,1849589.9
SHP_38198,191688.9,4765850.0
SHP_38202,92377.9,2185889.8
SHP_38208,167380.9,4269839.0
SHP_38210,86289.4,2097445.8
SHP_38214,185064.0,4620417.0
SHP_38216,70645.9,1676382.0
SHP_38217,193190.5,4803508.0
SHP_38219,163649.5,4069183.5
SHP_38220,171163.3,4288561.0
SHP_38221,86440.7,2053061.1
SHP_38222,171365.1,4357761.0
SHP_38223,77976.5,1866490.6
SHP_38228,44896.3,1097381.8
SHP_38229,93083.8,2201877.3
SHP_38231,82144.3,1943237.4
SHP_38233,167436.3,4268839.0
SHP_38234,86665.1,2058746.3
SHP_38235,87860.2,2070680.4
SHP_38237,73673.6,1766306.5
SHP_38239,56897.1,1394985.0
SHP_38249,92436.0,2217564.3
SHP_38252,173991.6,4415232.0
SHP_38253,72725.9,1744285.1
SHP_38257,163447.8,4077846.5
SHP_38258,1495.4,19088.7
SHP_38259,116073.0,2785204.0
SHP_38260,98360.6,2300644.5
SHP_38263,83523.7,1979938.0
SHP_38271,88383.1,2078028.1
SHP_38273,91576.9,2199942.5
SHP_38274,173155.1,4397312.0
SHP_38275,99665.1,2472511.0
SHP_38276,133407.9,3267798.5
SHP_38277,99304.8,2319118.5
SHP_38279,1860.4,31658.4
SHP_38280,174105.5,4426637.5
SHP_38283,77770.1,1822772.1
SHP_38285,97354.9,2333688.5
SHP_38287,133407.9,3267798.5
SHP_38289,98360.6,2300644.5
SHP_38291,65119.6,1554186.0
SHP_38292,164255.5,4101964.3
SHP_38293,94038.2,2218668.5
SHP_38294,56238.0,1348214.0
SHP_38295,87313.2,2071368.5
SHP_38296,86440.7,2053061.1
SHP_38298,104011.6,2423308.3
SHP_38302,173690.0,4415490.0
SHP_38303,169436.2,4304029.0
SHP_38305,99256.6,2399184.8
SHP_38306,167436.3,4268839.0
SHP_38308,79701.6,1945978.5
SHP_38313,92304.5,2194288.8
SHP_38314,87370.4,2064061.0
SHP_38318,172939.3,4399272.5
SHP_38320,83549.1,1986415.1
SHP_38323,83312.4,1991370.0
SHP_38324,1684.8,24216.8
SHP_38326,77170.4,1841568.4
SHP_38329,728.5,10397.5
SHP_38330,103257.0,2504870.8
SHP_38334,173326.0,4403960.5
SHP_38335,72059.0,1742323.8
SHP_38337,85974.2,2043703.0
SHP_38338,92487.4,2192302.8
SHP_38339,65184.1,1552303.9
SHP_38341,65278.0,1562072.1
SHP_38343,84163.9,2002682.1
SHP_38345,103016.9,2398663.8
SHP_38346,93083.8,2201877.3
SHP_38348,65807.7,1596977.5
SHP_38349,1620.0,26614.9
SHP_38353,67572.5,1572158.3
SHP_38357,173116.8,4401529.0
SHP_38358,94271.1,2230195.0
SHP_38361,80618.8,1959726.6
SHP_38362,149057.0,3783990.0
SHP_38363,168735.5,4297887.5
SHP_38364,141654.7,3608380.0
SHP_38365,102866.2,2398041.5
SHP_38369,75713.7,1818021.6
SHP_38375,170767.3,4344759.5
SHP_38378,63833.3,1543604.8
SHP_38380,195476.4,4862141.0
SHP_38381,92304.5,2194288.8
SHP_38383,166824.6,4256392.0
SHP_38384,193747.0,4818324.0
SHP_38385,75153.7,1778501.6
SHP_38386,127809.8,3152424.5
SHP_38388,163117.4,4059862.3
SHP_38390,79356.4,1940187.8
SHP_38392,87244.7,2071051.4
SHP_38393,97415.8,2293805.0
SHP_38396,169336.9,4307482.0
SHP_38397,170739.1,4338215.0
SHP_38398,101983.0,2477619.8
SHP_38399,86874.1,2061619.3
SHP_38401,91531.4,2197277.0
SHP_38403,64588.7,1545096.5
SHP_38404,163232.0,4065406.0
SHP_38405,174457.4,4434390.5
SHP_38408,82144.3,1943237.4
SHP_38409,163853.8,4091384.5
SHP_38413,91384.1,2169516.3
SHP_38414,193920.3,4816645.0
SHP_38418,70590.5,1712778.0
SHP_38419,94733.0,2237044.8
SHP_38420,174269.4,4428713.5
SHP_38424,102169.1,2387835.5
SHP_38426,103113.9,2402942.3
SHP_38432,100588.7,2444662.5
SHP_38434,2543.7,45369.9
SHP_38441,120641.0,2924179.0
SHP_38446,148761.3,3789963.8
SHP_38447,96274.7,2278461.8
SHP_38451,86289.4,2097445.8
SHP_38455,117029.4,2829456.5
SHP_38456,86020.3,2089559.8
SHP_38458,163125.3,4061570.5
SHP_38459,173497.5,4405124.0
SHP_38460,52877.2,1283755.3
SHP_38461,86826.9,2058821.4
SHP_38466,171586.8,4362990.5
SHP_38475,78874.2,1853391.9
SHP_38476,174324.3,4431773.5
SHP_38478,172304.8,4378859.0
SHP_38479,173681.0,4402228.5
SHP_38489,171972.1,4369907.5
SHP_38490,93083.8,2201877.3
SHP_38494,208487.7,5254060.5
SHP_38495,94723.0,2219034.3
SHP_38500,67487.0,1616945.8
SHP_38502,87069.0,2059680.9
SHP_38507,97354.9,2333688.5
SHP_38508,87743.2,2127488.3
SHP_38516,74403.4,1796650.3
SHP_38518,258.0,2501.3
SHP_38520,122546.3,3113873.5
SHP_38523,88250.9,2026733.8
SHP_38525,77689.1,1858974.1
SHP_38527,102002.5,2502043.0
SHP_38529,91867.0,2178396.0
SHP_38531,173136.7,4397620.0
SHP_38532,91799.9,2177545.8
SHP_38533,92412.0,2215828.8
SHP_38534,83817.0,1988140.6
SHP_38535,173326.0,4403960.5
SHP_38540,172163.8,4375336.0
SHP_38542,98360.6,2300644.5
SHP_38544,133682.7,3310257.3
SHP_38545,90461.4,2116244.5
SHP_38549,198323.7,4926129.0
SHP_38551,87861.9,2104506.0
SHP_38553,65278.0,1562072.1
SHP_38556,71510.6,1730180.4
SHP_38557,90960.0,2159799.8
SHP_38558,92692.1,2194291.0
SHP_38560,173589.6,4411153.0
SHP_38562,78071.6,1912238.1
SHP_38563,91765.2,2201584.5
SHP_38565,169110.8,4304160.0
SHP_38567,88050.2,2076538.5
SHP_38568,57574.6,1400991.5
SHP_38572,63038.1,1537412.5
SHP_38578,84211.2,2001906.8
SHP_38581,51724.2,1225380.8
SHP_38585,93478.5,2213355.3
SHP_38587,90618.1,2153724.3
SHP_38589,87414.3,2067688.1
SHP_38590,2543.7,45369.9
SHP_38593,2430.6,45173.2
SHP_38594,91871.2,2178194.5
SHP_38595,195118.2,4801697.5
SHP_38596,87414.3,2067688.1
SHP_38601,80371.0,1908570.3
SHP_38602,171935.8,4375727.0
SHP_38603,97817.4,2364852.0
SHP_38605,169708.0,4320546.5
SHP_38606,46111.7,1125228.4
SHP_38608,98782.0,2383364.3
SHP_38612,173191.7,4398801.0
SHP_38613,1865.8,30734.0
SHP_38616,172033.1,4371256.5
SHP_38617,171573.0,4361264.0
SHP_38618,147822.5,3773432.0
SHP_38619,173134.3,4402739.5
SHP_38620,141692.0,3613018.8
SHP_38622,172183.5,4375343.0
SHP_38623,171401.8,4357609.0
SHP_38624,148761.3,3789963.8
SHP_38625,64588.7,1545096.5
SHP_38627,103257.0,2504870.8
SHP_38629,168151.4,4283460.5
SHP_38631,91219.0,2199092.3
SHP_38634,173740.0,4412645.5
SHP_38638,169783.3,4323807.5
SHP_38640,2746.7,49360.3
SHP_38641,215154.6,5329868.0
SHP_38642,64645.0,1545684.0
SHP_38647,91790.6,2177446.8
SHP_38648,53640.1,1281710.5
SHP_38649,45448.1,1103897.9
SHP_38652,81873.0,1944926.5
SHP_38653,84363.0,2010343.6
SHP_38657,87013.8,2059099.3
SHP_38659,93060.7,2228260.3
SHP_38661,87276.4,2062161.0
SHP_38666,101586.0,2466076.5
SHP_38667,174436.5,4432637.5
SHP_38673,42880.3,1032644.8
SHP_38674,87144.3,2060282.1
SHP_38676,172738.5,4391909.0
SHP_38678,193902.1,4822433.0
SHP_38684,90771.7,2150526.0
SHP_38685,80468.3,1913374.9
SHP_38686,87605.6,2124796.8
SHP_38689,170525.3,4335998.5
SHP_38695,87848.8,2072516.0
SHP_38697,41196.6,971770.0
SHP_38699,74250.3,1753187.5
SHP_38700,173311.8,4403767.0
SHP_38703,172582.3,4384413.0
SHP_38704,94271.1,2230195.0
SHP_38705,78336.8,1839919.8
SHP_38706,164030.1,4077403.0
SHP_38707,87373.1,2065933.9
SHP_38708,84101.7,1989199.0
SHP_38709,196697.9,4892069.0
SHP_38711,174457.4,4434390.5
SHP_38713,69970.7,1672033.5
SHP_38716,87235.0,2062587.0
SHP_38717,173399.3,4408596.0
SHP_38723,163439.6,4064228.0
SHP_38724,149380.2,3802055.3
SHP_38725,56424.6,1385903.3
SHP_38726,188418.4,4700250.5
SHP_38727,183154.7,4571057.0
SHP_38729,56653.1,1389811.0
SHP_38730,78336.8,1839919.8
SHP_38731,76291.8,1820828.6
SHP_38732,48812.6,1174470.5
SHP_38733,172478.7,4382278.5
SHP_38734,1592.9,23646.3
SHP_38743,141.5,1185.0
SHP_38744,213351.8,5344928.0
SHP_38746,172692.4,4386647.0
SHP_38747,117029.4,2829456.5
SHP_38750,2944.1,55402.8
SHP_38751,94567.2,2232467.0
SHP_38756,172996.3,4399325.5
SHP_38761,87478.3,2073011.6
SHP_38762,87510.8,2073489.5
SHP_38763,89236.1,2165258.0
SHP_38765,87253.9,2061245.4
SHP_38767,79196.5,1854893.8
SHP_38769,133896.4,3317629.8
SHP_38770,92281.6,2187304.3
SHP_38773,172544.6,4389039.5
SHP_38774,39246.8,928655.6
SHP_38777,198550.7,4932261.0
SHP_38778,19498.4,463420.7
SHP_38780,72913.5,1750890.6
SHP_38782,74403.4,1796650.3
SHP_38784,64346.1,1546803.8
SHP_38785,173274.4,4399948.0
SHP_38788,98360.6,2300644.5
SHP_38790,90027.8,2145906.3
SHP_38791,88050.2,2076538.5
SHP_38793,196624.9,4885531.0
SHP_38795,92666.2,2235409.5
SHP_38797,87097.7,2060679.5
SHP_38798,91413.5,2170081.3
SHP_38800,101464.2,2461804.8
SHP_38802,169585.7,4307103.0
SHP_38804,19498.4,463420.7
SHP_38806,77876.3,1899538.9
SHP_38812,49028.3,1189000.0
SHP_38817,44563.2,1087079.3
SHP_38823,194383.4,4832908.0
SHP_38824,78087.7,1912832.1
SHP_38826,173252.4,4405728.0
SHP_38828,86785.5,2061830.3
SHP_38831,86665.1,2058746.3
SHP_38834,94567.2,2232467.0
SHP_38835,75955.2,1815917.0
SHP_38836,86282.3,2050475.4
SHP_38838,194812.1,4851714.0
SHP_38846,172458.3,4380454.0
SHP_38849,65416.3,1560842.0
SHP_38852,79386.0,1938550.8
SHP_38856,177402.6,4497889.5
SHP_38864,77161.2,1891946.1
SHP_38866,57942.4,1407636.3
SHP_38868,94981.6,2286405.3
SHP_38871,87127.0,2059571.5
SHP_38874,735.4,10488.9
SHP_38876,148614.5,3790311.8
SHP_38879,168863.1,4295618.0
SHP_38881,212283.1,5315632.0
SHP_38882,78206.7,1900221.1
SHP_38887,90331.8,2149335.0
SHP_38888,194061.8,4825438.0
SHP_38890,163473.8,4087180.0
SHP_38892,163613.1,4088460.5
SHP_38893,194360.4,4845181.5
SHP_38895,91708.8,2179308.5
SHP_38896,141.5,1185.0
SHP_38897,93728.5,2216817.5
SHP_38898,101078.9,2461513.0
SHP_38904,173204.4,4401019.5
SHP_38906,173061.2,4400829.5
SHP_38907,103101.3,2410915.0
SHP_38909,149256.9,3787900.0
SHP_38910,177135.1,4495906.5
SHP_38911,71106.5,1694314.3
SHP_38912,116073.0,2785204.0
SHP_38915,172950.0,4399406.5
SHP_38916,174457.4,4434390.5
SHP_38918,163244.5,4062755.0
SHP_38919,101834.2,2472888.0
SHP_38920,83586.4,1980465.3
SHP_38921,80256.9,1912248.0
SHP_38923,196624.9,4885531.0
SHP_38924,92487.4,2192302.8
SHP_38926,90285.8,2224226.3
SHP_38927,86773.1,2058313.1
SHP_38928,78336.8,1839919.8
SHP_38930,87811.7,2131681.5
SHP_38931,133682.7,3310257.3
SHP_38932,192692.0,4796262.0
SHP_38934,86570.5,2054442.1
SHP_38941,87174.7,2059860.6
SHP_38948,197610.4,4901145.0
SHP_38950,81064.3,1926838.1
SHP_38953,2944.1,55402.8
SHP_38958,78992.0,1873243.1
SHP_38960,194507.7,4829928.0
SHP_38961,76788.2,1828110.3
SHP_38962,73492.8,1760280.8
SHP_38963,87585.0,2075817.0
SHP_38964,94723.0,2219034.3
SHP_38966,86374.9,2097640.3
SHP_38971,167436.3,4268839.0
SHP_38972,44946.6,1094363.3
SHP_38974,83995.8,2004396.4
SHP_38975,102169.1,2387835.5
SHP_38976,86896.8,2058014.1
SHP_38977,184089.9,4645122.0
SHP_38979,163649.5,4069183.5
SHP_38980,87352.9,2122082.3
SHP_38981,91674.5,2174508.8
SHP_38983,95238.8,2289572.0
SHP_38986,94271.1,2230195.0
SHP_38990,1843.1,32914.0
SHP_38996,46596.9,1128268.3
SHP_38997,83273.9,1987586.6
SHP_38998,100358.8,2437151.0
SHP_39000,148243.2,3778249.0
SHP_39001,100783.6,2351770.5
SHP_39004,77161.2,1891946.1
SHP_39005,90721.9,2155707.8
SHP_39007,90712.9,2154108.3
SHP_39008,193080.5,4794258.0
SHP_39011,87793.9,2133625.0
SHP_39012,197074.6,4896370.0
SHP_39013,163264.3,4078517.0
SHP_39014,195565.3,4863634.0
SHP_39020,87615.4,2122925.8
SHP_39021,90721.9,2155707.8
SHP_39022,82737.6,2006483.8
SHP_39023,78067.9,1861588.5
SHP_39025,95004.9,2287042.3
SHP_39029,172595.1,4382973.0
SHP_39033,77689.1,1858974.1
SHP_39034,89229.9,2189894.8
SHP_39042,178808.1,4462614.5
SHP_39048,90515.8,2153873.3
SHP_39051,100564.1,2349125.8
SHP_39052,51724.2,1225380.8
SHP_39053,23122.6,552947.3
SHP_39054,90285.8,2224226.3
SHP_39055,168735.5,4297887.5
SHP_39061,120998.1,3079142.3
SHP_39062,172197.5,4373946.0
SHP_39063,86896.8,2058014.1
SHP_39065,192072.0,4765440.0
SHP_39066,83308.0,1976196.4
SHP_39067,167128.6,4261510.0
SHP_39075,90285.8,2224226.3
SHP_39077,87786.3,2097026.4
SHP_39078,58487.3,1406357.3
SHP_39079,173399.3,4408596.0
SHP_39080,173204.4,4401019.5
SHP_39082,95962.3,2267270.0
SHP_39086,91700.3,2174765.3
SHP_39092,122956.5,3118643.8
SHP_39094,83069.6,2032577.4
SHP_39095,80331.2,1899879.3
SHP_39096,109463.6,2639067.3
SHP_39097,148291.0,3772630.5
SHP_39098,53357.1,1267846.9
SHP_39099,85134.1,2041873.1
SHP_39100,91810.4,2177658.3
SHP_39103,172683.9,4388490.5
SHP_39105,73468.4,1765937.0
SHP_39106,78218.3,1869910.8
SHP_39107,195966.0,4872931.0
SHP_39109,56486.4,1386377.1
SHP_39110,88050.2,2076538.5
SHP_39111,193941.3,4823044.0
SHP_39112,91866.1,2178121.8
SHP_39113,204324.8,5102045.0
SHP_39115,193826.8,4821049.0
SHP_39117,91413.5,2170081.3
SHP_39118,110177.4,2691348.8
SHP_39120,168932.1,4300549.0
SHP_39121,87904.7,2081680.8
SHP_39123,81902.4,1964181.8
SHP_39124,78218.3,1869910.8
SHP_39125,91088.7,2186005.3
SHP_39126,117957.6,2830471.0
SHP_39128,85242.1,2006841.9
SHP_39132,23114.2,552892.8
SHP_39133,61569.1,1490556.1
SHP_39140,86594.3,2031951.1
SHP_39141,102079.4,2477516.5
SHP_39147,163853.8,4091384.5
SHP_39148,133852.3,3290604.0
SHP_39151,77914.2,1863958.4
SHP_39154,95209.9,2300222.3
SHP_39155,213351.8,5344928.0
SHP_39156,57677.0,1402924.1
SHP_39158,90429.2,2225724.8
SHP_39160,177850.7,4439593.0
SHP_39164,109748.2,2641785.0
SHP_39166,78943.8,1882426.6
SHP_39169,81999.2,1956073.6
SHP_39170,88752.2,2094678.8
SHP_39172,98782.0,2383364.3
SHP_39174,178808.1,4462614.5
SHP_39175,172692.1,4383696.5
SHP_39176,116073.0,2785204.0
SHP_39179,87709.3,2076782.3
SHP_39181,209284.8,5262091.5
SHP_39184,80445.7,1958489.9
SHP_39186,173690.0,4415490.0
SHP_39187,87763.4,2077294.1
SHP_39191,134735.3,3330798.3
SHP_39192,163393.6,4064495.5
SHP_39193,173656.8,4413046.5
SHP_39195,53082.1,1273046.4
SHP_39196,193874.4,4821900.0
SHP_39199,172582.3,4384413.0
SHP_39200,174809.6,4441331.5
SHP_39201,172154.8,4375910.0
SHP_39202,92653.6,2187949.0
SHP_39203,92436.0,2217564.3
SHP_39204,87414.3,2067688.1
SHP_39206,78860.8,1849589.9
SHP_39209,102708.2,2394970.5
SHP_39210,91415.2,2169622.0
SHP_39212,163406.2,4064903.0
SHP_39213,87763.4,2077294.1
SHP_39215,86987.5,2058931.3
SHP_39216,43951.2,1074196.0
SHP_39217,19508.1,462855.3
SHP_39218,173991.6,4415232.0
SHP_39219,150354.6,3831387.3
SHP_39220,95756.5,2259945.3
SHP_39221,86313.6,2052039.8
SHP_39224,142426.4,3624870.0
SHP_39225,182237.3,4549019.0
SHP_39229,56424.6,1385903.3
SHP_39230,94232.1,2223476.5
SHP_39236,86570.5,2054442.1
SHP_39237,175238.3,4450556.5
SHP_39238,91645.1,2172881.0
SHP_39239,116073.0,2785204.0
SHP_39243,45054.1,1099022.0
SHP_39246,97415.8,2293805.0
SHP_39248,167128.6,4261510.0
SHP_39250,94723.0,2219034.3
SHP_39251,48812.6,1174470.5
SHP_39252,86123.5,2048434.8
SHP_39255,78922.7,1927550.9
SHP_39256,97433.0,2294670.3
SHP_39257,96617.7,2228150.8
SHP_39258,81168.5,1925082.3
SHP_39259,102560.3,2390187.5
SHP_39260,173134.3,4402739.5
SHP_39261,87390.9,2064551.3
SHP_39263,173649.1,4402949.0
SHP_39264,51604.7,1223458.0
SHP_39265,87829.0,2077752.5
SHP_39266,81646.2,1981588.0
SHP_39268,90328.4,2227893.3
SHP_39270,167826.8,4279158.0
SHP_39271,174809.6,4441331.5
SHP_39276,188418.4,4700250.5
SHP_39278,87128.9,2059317.1
SHP_39280,87763.4,2077294.1
SHP_39284,56238.0,1348214.0
SHP_39285,87864.7,2078411.5
SHP_39287,97658.9,2303500.0
SHP_39288,170523.0,4336624.0
SHP_39289,163176.9,4060632.0
SHP_39290,173540.5,4407187.0
SHP_39291,80987.5,1969087.3
SHP_39295,133960.9,3316628.5
SHP_39298,175238.3,4450556.5
SHP_39299,206898.5,5155107.0
SHP_39301,149787.3,3812706.5
SHP_39303,1684.8,24216.8
SHP_39305,195205.8,4850724.0
SHP_39306,91482.6,2171016.8
SHP_39307,167350.1,4267530.0
SHP_39308,91395.7,2200398.0
SHP_39313,86349.0,2051045.4
SHP_39315,91898.9,2179220.0
SHP_39317,170618.8,4343961.5
SHP_39318,166467.3,4247641.5
SHP_39320,100810.8,2357501.0
SHP_39324,77379.7,1849329.9
SHP_39327,86562.8,2054667.5
SHP_39328,95257.2,2244398.0
SHP_39329,87560.5,2069568.8
SHP_39330,173116.8,4401529.0
SHP_39332,74339.4,1778100.0
SHP_39335,85269.5,2027750.4
SHP_39337,2039.4,32855.0
SHP_39341,169110.8,4304160.0
SHP_39343,173977.2,4409312.0
SHP_39348,97206.7,2332682.3
SHP_39350,173263.6,4402180.0
SHP_39352,168477.3,4279966.0
SHP_39353,91434.8,2170945.3
SHP_39356,87913.3,2077666.8
SHP_39357,86282.3,2050475.4
SHP_39360,80534.5,1909587.5
SHP_39362,163485.3,4082033.5
SHP_39364,92377.9,2185889.8
SHP_39365,102169.1,2387835.5
SHP_39367,197062.8,4903091.5
SHP_39370,48812.6,1174470.5
SHP_39371,97658.9,2303500.0
SHP_39373,82290.5,1959874.3
SHP_39374,86896.8,2058014.1
SHP_39376,156446.4,3998090.0
SHP_39377,194149.1,4842436.0
SHP_39378,170573.0,4337416.0
SHP_39379,169330.0,4312990.5
SHP_39382,182731.6,4563338.0
SHP_39385,93564.3,2210420.3
SHP_39387,167938.1,4279659.0
SHP_39390,56238.0,1348214.0
SHP_39392,116073.0,2785204.0
SHP_39396,65450.5,1561218.8
SHP_39399,167623.5,4271424.0
SHP_39401,100588.7,2444662.5
SHP_39403,73468.4,1765937.0
SHP_39406,96274.7,2278461.8
SHP_39407,97415.8,2293805.0
SHP_39412,44835.2,1094937.0
SHP_39414,16150.9,371510.9
SHP_39417,141468.0,3605951.3
SHP_39420,87605.6,2124796.8
SHP_39421,102560.3,2390187.5
SHP_39428,103659.2,2423056.0
SHP_39432,83098.2,2031991.0
SHP_39433,149733.7,3814382.0
SHP_39434,84921.1,2022085.5
SHP_39436,56535.2,1386083.3
SHP_39437,86570.5,2054442.1
SHP_39442,93050.6,2231724.3
SHP_39444,45174.0,1097778.1
SHP_39448,172751.5,4393148.5
SHP_39452,79310.0,1864429.1
SHP_39453,74403.4,1796650.3
SHP_39455,91693.8,2174888.0
SHP_39457,87811.7,2131681.5
SHP_39461,193190.2,4803502.0
SHP_39463,172129.3,4375230.0
SHP_39466,86357.7,2051206.0
SHP_39467,879.1,9943.6
SHP_39470,173116.8,4401529.0
SHP_39471,90501.6,2116541.5
SHP_39472,171984.0,4370959.5
SHP_39476,86915.3,2109606.5
SHP_39483,163899.8,4091302.5
SHP_39485,99665.1,2472511.0
SHP_39486,83577.0,1988152.5
SHP_39489,77914.2,1863958.4
SHP_39490,170529.1,4340769.0
SHP_39492,87347.8,2063855.0
SHP_39493,87126.6,2060921.3
SHP_39494,63833.3,1543604.8
SHP_39495,87861.9,2104506.0
SHP_39496,91503.1,2201372.5
SHP_39497,45054.1,1099022.0
SHP_39500,20157.2,473578.3
SHP_39501,149256.9,3787900.0
SHP_39503,86479.5,2054301.5
SHP_39504,75571.1,1819517.9
SHP_39506,87177.4,2061284.1
SHP_39507,93245.4,2239423.5
SHP_39511,65291.0,1561731.8
SHP_39512,18584.5,408916.3
SHP_39514,97305.5,2342405.0
SHP_39517,195870.7,4870670.5
SHP_39519,73198.6,1757602.8
SHP_39520,168652.3,4286894.0
SHP_39522,79252.9,1864135.5
SHP_39523,142162.2,3615541.5
SHP_39524,168665.4,4296115.0
SHP_39525,83978.7,1989657.8
SHP_39528,61198.9,1474162.5
SHP_39531,149256.9,3787900.0
SHP_39533,173569.9,4407361.0
SHP_39535,170916.2,4283878.0
SHP_39539,194644.4,4840329.0
SHP_39540,91719.8,2201099.3
SHP_39543,150115.8,3821025.5
SHP_39544,168524.4,4285750.0
SHP_39548,87529.1,2066038.9
SHP_39549,18348.5,438012.2
SHP_39554,127706.8,3153351.0
SHP_39556,194678.0,4838234.0
SHP_39563,170641.9,4339496.0
SHP_39565,82066.6,1949136.3
SHP_39568,87489.4,2065877.5
SHP_39571,196650.7,4892347.0
SHP_39572,198323.7,4926129.0
SHP_39573,82498.0,1929508.5
SHP_39575,1684.8,24216.8
SHP_39576,2798.7,57113.3
SHP_39577,91105.1,2196790.3
SHP_39578,167553.8,4271975.0
SHP_39581,86704.4,2107340.8
SHP_39583,1252.3,19122.0
SHP_39585,195870.7,4870670.5
SHP_39587,170523.0,4336624.0
SHP_39588,141.5,1185.0
SHP_39591,169130.0,4310027.0
SHP_39592,87717.2,2130353.8
SHP_39595,127382.0,3132704.5
SHP_39596,93083.8,2201877.3
SHP_39597,117476.2,2837807.5
SHP_39598,87395.3,2074287.0
SHP_39600,169072.9,4309663.0
SHP_39601,195536.7,4862808.0
SHP_39606,192435.5,4784565.0
SHP_39608,150845.2,3843032.3
SHP_39611,163574.0,4068693.0
SHP_39612,90501.6,2116541.5
SHP_39613,73272.8,1763833.4
SHP_39618,81313.6,1976304.0
SHP_39619,169408.1,4305028.0
SHP_39624,55020.6,1296509.8
SHP_39625,72059.0,1742323.8
SHP_39626,93060.7,2228260.3
SHP_39627,86511.9,2053484.5
SHP_39628,91247.7,2192293.5
SHP_39630,94232.1,2223476.5
SHP_39632,67098.2,1565423.0
SHP_39633,87709.3,2076782.3
SHP_39637,92665.9,2170148.8
SHP_39642,87864.7,2078411.5
SHP_39643,86777.6,2109936.5
SHP_39644,136835.7,3385916.0
SHP_39645,77747.6,1822571.6
SHP_39651,193886.0,4821466.0
SHP_39658,149798.0,3814636.5
SHP_39660,89229.9,2189894.8
SHP_39662,79055.5,1932574.6
SHP_39664,77791.5,1836784.8
SHP_39668,90699.0,2180305.5
SHP_39671,164080.8,4097229.0
SHP_39673,88723.2,2095116.3
SHP_39678,85974.2,2043703.0
SHP_39680,100125.4,2423706.5
SHP_39681,117391.0,2829636.3
SHP_39682,87713.6,2071479.0
SHP_39687,166824.6,4256392.0
SHP_39689,87861.9,2104506.0
SHP_39691,173191.2,4401193.5
SHP_39692,99640.0,2413399.5
SHP_39693,93404.6,2236958.3
SHP_39694,193902.1,4822433.0
SHP_39695,133407.9,3267798.5
SHP_39696,1684.8,24216.8
SHP_39708,91430.7,2196804.0
SHP_39710,79254.3,1936385.4
SHP_39711,215154.6,5329868.0
SHP_39713,91470.7,2243681.0
SHP_39714,52531.4,1212172.1
SHP_39716,90878.6,2190665.3
SHP_39717,73673.6,1766306.5
SHP_39718,169934.3,4323424.5
SHP_39719,89360.3,2191560.0
SHP_39720,87806.7,2129875.3
SHP_39721,64962.1,1555567.0
SHP_39723,92197.5,2183338.8
SHP_39726,150158.7,3817379.3
SHP_39730,194507.7,4829928.0
SHP_39731,43390.0,1060007.8
SHP_39732,91520.9,2171888.0
SHP_39734,171921.9,4370518.0
SHP_39735,127442.2,3142658.5
SHP_39736,177568.4,4436464.5
SHP_39737,156446.4,3998090.0
SHP_39738,49028.3,1189000.0
SHP_39739,196783.3,4884733.0
SHP_39744,213230.4,5339659.0
SHP_39745,101076.5,2389784.0
SHP_39746,87605.6,2124796.8
SHP_39748,173204.4,4401019.5
SHP_39750,173838.6,4417571.5
SHP_39751,90144.1,2146178.5
SHP_39752,56535.2,1386083.3
SHP_39753,196650.7,4892347.0
SHP_39754,53450.1,1266362.3
SHP_39755,87341.8,2071180.6
SHP_39756,77747.6,1822571.6
SHP_39757,86065.8,2091316.4
SHP_39763,81238.3,1929682.3
SHP_39766,102560.3,2390187.5
SHP_39767,78842.7,1882099.4
SHP_39768,190883.4,4758444.0
SHP_39770,209335.5,5268576.5
SHP_39775,164042.0,4077638.0
SHP_39776,86123.5,2048434.8
SHP_39777,212283.1,5315632.0
SHP_39780,102505.4,2389492.0
SHP_39789,92316.0,2191081.5
SHP_39790,45412.8,1107617.9
SHP_39796,194812.1,4851714.0
SHP_39799,213230.4,5339659.0
SHP_39801,81646.2,1981588.0
SHP_39803,174661.1,4437413.5
SHP_39804,52764.8,1258654.3
SHP_39806,56039.7,1311418.5
SHP_39807,169629.4,4317559.5
SHP_39808,163447.8,4077846.5
SHP_39810,193510.9,4806965.0
SHP_39811,77170.4,1841568.4
SHP_39817,193560.8,4813864.0
SHP_39819,172683.9,4388490.5
SHP_39822,16113.9,378027.2
SHP_39824,192089.1,4776976.5
SHP_39825,41339.1,974062.2
SHP_39827,71143.2,1723629.8
SHP_39828,77401.4,1816048.0
SHP_39829,86168.5,2050053.8
SHP_39830,100783.6,2351770.5
SHP_39831,70770.9,1688059.1
SHP_39833,80419.0,1908853.0
SHP_39835,171980.2,4370861.5
SHP_39842,163165.4,4060453.0
SHP_39843,134580.5,3313574.5
SHP_39847,58487.3,1406357.3
SHP_39849,171586.8,4362990.5
SHP_39851,184890.8,4616653.5
SHP_39853,57190.2,1403118.3
SHP_39854,57234.8,1402601.5
SHP_39858,87914.6,2079222.4
SHP_39860,99359.3,2393344.5
SHP_39863,91692.9,2174706.5
SHP_39865,81013.3,1923764.6
SHP_39869,98782.0,2383364.3
SHP_39871,172347.8,4376207.0
SHP_39872,45069.4,1096665.0
SHP_39873,86280.6,2026302.1
SHP_39874,91693.4,2174711.3
SHP_39875,172453.7,4381539.0
SHP_39876,87026.4,2060128.8
SHP_39880,98201.4,2316231.8
SHP_39882,91693.5,2174712.5
SHP_39885,92095.3,2208243.0
SHP_39886,175636.9,4460058.0
SHP_39887,90960.0,2159799.8
SHP_39890,79252.9,1864135.5
SHP_39891,78650.3,1924442.3
SHP_39894,45412.8,1107617.9
SHP_39896,86967.9,2058368.5
SHP_39901,69452.7,1658347.3
SHP_39903,86282.3,2050475.4
SHP_39904,172670.7,4385392.0
SHP_39905,91827.1,2177932.0
SHP_39906,2944.1,55402.8
SHP_39907,166763.2,4251616.5
SHP_39909,84806.8,2020027.4
SHP_39910,195205.8,4850724.0
SHP_39914,170916.2,4283878.0
SHP_39917,39951.8,939579.7
SHP_39919,53306.7,1271360.1
SHP_39921,173689.0,4416071.0
SHP_39927,78860.8,1849589.9
SHP_39929,121956.8,3097089.0
SHP_39930,80251.8,1957335.8
SHP_39933,172692.1,4383696.5
SHP_39936,192228.0,4782271.0
SHP_39939,2436.2,46215.1
SHP_39943,88576.0,2172818.8
SHP_39944,100358.8,2437151.0
SHP_39945,91649.3,2174237.8
SHP_39946,193303.4,4820903.0
SHP_39947,94038.2,2218668.5
SHP_39949,20157.2,473578.3
SHP_39950,195915.6,4873406.0
SHP_39951,194061.8,4825438.0
SHP_39952,81480.6,1932136.3
SHP_39953,91816.2,2177794.0
SHP_39955,88789.6,2175470.0
SHP_39956,166824.6,4256392.0
SHP_39958,91768.8,2175547.3
SHP_39961,174312.9,4427407.0
SHP_39964,167284.8,4266330.0
SHP_39965,73529.7,1760416.8
SHP_39966,103659.2,2423056.0
SHP_39969,100358.8,2437151.0
SHP_39972,73962.5,1764703.9
SHP_39974,92005.0,2209536.0
SHP_39975,81753.1,1987971.5
SHP_39980,173958.8,4408568.5
SHP_39987,163171.9,4059178.5
SHP_39990,195118.2,4801697.5
SHP_39992,77170.4,1841568.4
SHP_39993,133960.9,3316628.5
SHP_39994,170239.6,4334889.0
SHP_39997,166892.7,4256029.0
SHP_39999,561.0,6197.2
SHP_40004,101078.9,2461513.0
SHP_40006,53533.0,1296744.0
SHP_40007,102965.7,2399060.0
SHP_40008,204324.8,5102045.0
SHP_40010,193080.5,4794258.0
SHP_40011,149667.0,3816064.5
SHP_40012,150115.8,3821025.5
SHP_40013,173326.0,4403960.5
SHP_40014,87865.5,2077176.8
SHP_40016,173116.8,4401529.0
SHP_40019,77808.4,1860493.1
SHP_40024,169398.8,4312645.5
SHP_40027,99742.2,2415866.0
SHP_40028,63662.4,1543365.4
SHP_40029,185346.6,4625208.0
SHP_40030,92436.0,2217564.3
SHP_40031,173540.5,4407187.0
SHP_40032,2543.7,45369.9
SHP_40034,86715.4,2055850.3
SHP_40035,86523.4,2053822.9
SHP_40036,70534.9,1702080.8
SHP_40037,87267.9,2062089.9
SHP_40039,197610.4,4901145.0
SHP_40040,198323.7,4926129.0
SHP_40043,95184.6,2254858.3
SHP_40045,89045.1,2167150.8
SHP_40048,173191.7,4398801.0
SHP_40052,212191.6,5314128.0
SHP_40054,167707.4,4265829.5
SHP_40055,174044.9,4418694.0
SHP_40057,78922.7,1927550.9
SHP_40059,171812.7,4370761.5
SHP_40061,85851.5,2044507.3
SHP_40064,65278.0,1562072.1
SHP_40069,162847.3,4052841.0
SHP_40070,185450.0,4625795.5
SHP_40071,78042.0,1911796.8
SHP_40073,127809.8,3152424.5
SHP_40075,167808.0,4278053.5
SHP_40077,93638.9,2215230.8
SHP_40079,53357.1,1267846.9
SHP_40080,193923.5,4820841.0
SHP_40081,96824.6,2268463.5
SHP_40083,88672.8,2106762.5
SHP_40087,171882.3,4366468.5
SHP_40093,80367.9,1957374.4
SHP_40094,87882.6,2130592.5
SHP_40095,80256.9,1912248.0
SHP_40097,109748.2,2641785.0
SHP_40098,172751.5,4393148.5
SHP_40099,172999.2,4400358.0
SHP_40102,195870.7,4870670.5
SHP_40104,174318.1,4427466.0
SHP_40107,1571.7,23542.7
SHP_40108,167128.6,4261510.0
SHP_40111,91965.7,2210372.0
SHP_40114,1592.9,23646.3
SHP_40115,82144.3,1949250.6
SHP_40116,173611.9,4407207.0
SHP_40118,80888.5,1966989.0
SHP_40119,191444.0,4768251.0
SHP_40125,103016.9,2398663.8
SHP_40126,173342.7,4399126.0
SHP_40127,87478.3,2073011.6
SHP_40129,172519.1,4384323.5
SHP_40130,87605.6,2124796.8
SHP_40131,148696.0,3789227.0
SHP_40133,172163.8,4375336.0
SHP_40135,88383.1,2078028.1
SHP_40136,86436.4,2055290.5
SHP_40137,92340.6,2218156.5
SHP_40139,90699.0,2180305.5
SHP_40141,91997.0,2162333.8
SHP_40142,196650.7,4892347.0
SHP_40144,193560.8,4813864.0
SHP_40147,170916.2,4283878.0
SHP_40149,102169.1,2387835.5
SHP_40152,94723.0,2219034.3
SHP_40155,92666.2,2235409.5
SHP_40156,83425.9,1978743.0
SHP_40163,77401.4,1816048.0
SHP_40164,86448.0,2102631.8
SHP_40166,211767.9,5308135.0
SHP_40167,83537.9,1987743.0
SHP_40173,91150.2,2194661.5
SHP_40174,52531.4,1212172.1
SHP_40175,80072.0,1912150.8
SHP_40176,88487.9,2154792.3
SHP_40179,87341.8,2071180.6
SHP_40184,64768.2,1577468.5
SHP_40185,172347.8,4376207.0
SHP_40188,81798.8,1943752.3
SHP_40192,90106.9,2124053.0
SHP_40193,93083.8,2201877.3
SHP_40194,125260.5,3178675.0
SHP_40196,174457.4,4434390.5
SHP_40197,197240.1,4911337.0
SHP_40200,101586.0,2466076.5
SHP_40204,169330.0,4312990.5
SHP_40207,121678.4,3091783.5
SHP_40208,94974.2,2244932.5
SHP_40211,86824.4,2060104.0
SHP_40212,98855.2,2325344.0
SHP_40213,148936.7,3795404.8
SHP_40216,169783.3,4323807.5
SHP_40220,92377.3,2216660.0
SHP_40223,91905.7,2208355.5
SHP_40225,83523.7,1979938.0
SHP_40228,92412.0,2215828.8
SHP_40229,99742.2,2415866.0
SHP_40231,65785.6,1567033.5
SHP_40232,93679.8,2209909.3
SHP_40234,121678.4,3091783.5
SHP_40237,92063.0,2180912.0
SHP_40242,86280.6,2026302.1
SHP_40250,134256.4,3322435.5
SHP_40252,163306.6,4064513.8
SHP_40258,160763.1,4105864.5
SHP_40259,43540.5,1052845.8
SHP_40260,172519.6,4388104.0
SHP_40261,167934.6,4261265.5
SHP_40263,103433.0,2400438.5
SHP_40265,92295.6,2194146.3
SHP_40276,193465.1,4824378.0
SHP_40281,88250.9,2026733.8
SHP_40282,174010.9,4416459.0
SHP_40284,42528.2,1038810.8
SHP_40288,195026.2,4847341.0
SHP_40290,195966.0,4872931.0
SHP_40291,172416.4,4380671.0
SHP_40292,173399.3,4408596.0
SHP_40299,172044.1,4370471.5
SHP_40301,91490.4,2171545.8
SHP_40303,116073.0,2785204.0
SHP_40304,86177.7,2046732.6
SHP_40305,89626.4,2115587.0
SHP_40308,91641.5,2174168.3
SHP_40311,213521.0,5363165.0
SHP_40312,194188.4,4828123.5
SHP_40314,171448.9,4358688.5
SHP_40317,99304.8,2319118.5
SHP_40318,101996.2,2477948.0
SHP_40319,90313.6,2148606.0
SHP_40320,195536.7,4862808.0
SHP_40321,173116.2,4393509.5
SHP_40322,100588.7,2444662.5
SHP_40323,101586.0,2466076.5
SHP_40324,94038.2,2218668.5
SHP_40326,208791.5,5260537.0
SHP_40332,174436.5,4432637.5
SHP_40335,127118.8,3137193.3
SHP_40338,75997.0,1807425.9
SHP_40339,172453.7,4381539.0
SHP_40343,103257.0,2504870.8
SHP_40349,174918.6,4440670.0
SHP_40354,94038.2,2218668.5
SHP_40355,173279.1,4404924.5
SHP_40356,79539.8,1941902.6
SHP_40357,101499.9,2500471.0
SHP_40359,93803.1,2179640.0
SHP_40360,170239.6,4334889.0
SHP_40361,87280.8,2060997.8
SHP_40363,196615.8,4884662.0
SHP_40364,173116.5,4400014.5
SHP_40365,170308.3,4337062.0
SHP_40370,212909.4,5337524.0
SHP_40371,336.0,3197.0
SHP_40374,90916.8,2234383.5
SHP_40376,77469.2,1840926.5
SHP_40378,93310.2,2242805.0
SHP_40380,211870.8,5309553.5
SHP_40381,175908.0,4467186.0
SHP_40383,42674.4,1031555.0
SHP_40385,87128.9,2059317.1
SHP_40386,160237.7,4092678.5
SHP_40387,561.0,6197.2
SHP_40388,51900.7,1228223.8
SHP_40391,87280.8,2060997.8
SHP_40394,87240.0,2116422.0
SHP_40395,1889.6,30846.3
SHP_40400,87069.0,2059680.9
SHP_40402,78922.7,1927550.9
SHP_40405,193100.1,4816724.0
SHP_40406,167623.5,4271424.0
SHP_40407,168151.4,4283460.5
SHP_40408,87419.6,2064113.5
SHP_40409,16259.8,382068.9
SHP_40410,193529.1,4811730.0
SHP_40411,83312.4,1991370.0
SHP_40412,171125.2,4356727.5
SHP_40413,173474.0,4407951.0
SHP_40416,93083.8,2201877.3
SHP_40417,170916.2,4283878.0
SHP_40421,82144.3,1943237.4
SHP_40425,183359.0,4575407.0
SHP_40426,81480.6,1932136.3
SHP_40427,73529.7,1760416.8
SHP_40428,172020.8,4367875.0
SHP_40431,101837.7,2471727.5
SHP_40433,172651.8,4382966.0
SHP_40437,83995.8,2004396.4
SHP_40441,86682.4,2059640.0
SHP_40443,193920.3,4816645.0
SHP_40444,173735.2,4402221.0
SHP_40448,169200.6,4297327.0
SHP_40450,87511.9,2072632.4
SHP_40456,172980.7,4399605.0
SHP_40460,91332.6,2199158.8
SHP_40461,173122.9,4396868.0
SHP_40462,87046.5,2059820.5
SHP_40463,77689.1,1858974.1
SHP_40464,69208.6,1681516.6
SHP_40465,91997.0,2162333.8
SHP_40467,120641.0,2924179.0
SHP_40468,197062.8,4903091.5
SHP_40471,73553.7,1765237.5
SHP_40472,90627.1,2183058.8
SHP_40473,55123.0,1303479.4
SHP_40474,18584.5,408916.3
SHP_40479,96824.6,2268463.5
SHP_40481,171532.8,4367818.0
SHP_40483,166356.7,4245465.0
SHP_40485,173399.3,4408596.0
SHP_40486,55807.2,1344764.4
SHP_40489,101464.2,2461804.8
SHP_40490,100527.2,2350292.5
SHP_40494,56535.2,1386083.3
SHP_40495,177568.4,4436464.5
SHP_40496,99704.0,2415080.5
SHP_40499,3212.5,64917.1
SHP_40501,168652.3,4286894.0
SHP_40502,92304.5,2194288.8
SHP_40504,110177.4,2691348.8
SHP_40509,55123.0,1303479.4
SHP_40510,43540.5,1052845.8
SHP_40511,44193.9,1077001.4
SHP_40514,87390.9,2064551.3
SHP_40518,15587.6,372493.1
SHP_40519,77689.1,1858974.1
SHP_40522,174820.3,4439284.0
SHP_40524,101070.5,2452747.0
SHP_40525,78102.8,1862004.6
SHP_40527,91395.7,2200398.0
SHP_40528,177316.1,4500009.5
SHP_40530,16570.4,385895.6
SHP_40531,45174.0,1097778.1
SHP_40534,69684.8,1691176.9
SHP_40538,87341.8,2071180.6
SHP_40541,56127.2,1379303.8
SHP_40542,148696.0,3789227.0
SHP_40545,172751.5,4393148.5
SHP_40546,79332.3,1866274.6
SHP_40549,83978.7,1989657.8
SHP_40550,87177.4,2061284.1
SHP_40552,91470.7,2243681.0
SHP_40558,75571.1,1819517.9
SHP_40560,167851.8,4269894.5
SHP_40561,78922.7,1927550.9
SHP_40562,81502.0,1977156.5
SHP_40563,172416.4,4380671.0
SHP_40564,91800.3,2177622.3
SHP_40566,96824.6,2268463.5
SHP_40567,91444.0,2167953.8
SHP_40570,87283.0,2062234.9
SHP_40571,116073.0,2785204.0
SHP_40573,173280.2,4405826.0
SHP_40574,117940.9,2849643.5
SHP_40575,194360.4,4845181.5
SHP_40578,80473.5,1909402.5
SHP_40579,44896.3,1097381.8
SHP_40581,174178.4,4419982.0
SHP_40584,103016.9,2398663.8
SHP_40589,80256.9,1912248.0
SHP_40593,86778.9,2057073.6
SHP_40596,148761.3,3789963.8
SHP_40599,78126.7,1862655.6
SHP_40600,87882.3,2081310.8
SHP_40601,91965.7,2210372.0
SHP_40603,173902.9,4413256.5
SHP_40604,87097.7,2060679.5
SHP_40605,86123.5,2048434.8
SHP_40608,91654.3,2174511.0
SHP_40610,81006.5,1968425.5
SHP_40613,166871.9,4257046.0
SHP_40616,46596.9,1128268.3
SHP_40617,172458.3,4380454.0
SHP_40621,122832.2,3118366.8
SHP_40624,149057.0,3783990.0
SHP_40627,81013.3,1923764.6
SHP_40631,172629.0,4386290.0
SHP_40632,195938.5,4869927.0
SHP_40635,125260.5,3178675.0
SHP_40637,169450.3,4313207.0
SHP_40638,195560.8,4870634.0
SHP_40639,170509.0,4340987.5
SHP_40640,173565.0,4405845.5
SHP_40642,81013.3,1923764.6
SHP_40643,80418.9,1913647.0
SHP_40648,86682.4,2059640.0
SHP_40649,18348.5,438012.2
SHP_40650,1517.9,21515.9
SHP_40652,141954.0,3612206.0
SHP_40655,70036.1,1698114.8
SHP_40656,44096.0,1075920.4
SHP_40662,171060.6,4349993.0
SHP_40667,80728.8,1922264.3
SHP_40670,67468.5,1563657.3
SHP_40671,66600.8,1557070.4
SHP_40672,192062.4,4771713.0
SHP_40675,102505.4,2389492.0
SHP_40678,90461.4,2116244.5
SHP_40679,90462.1,2131602.0
SHP_40680,90393.0,2150675.0
SHP_40687,87909.4,2132194.3
SHP_40689,91523.6,2142724.5
SHP_40690,136969.7,3385226.8
SHP_40691,173008.7,4398423.0
SHP_40694,72977.6,1763942.0
SHP_40695,195164.6,4857697.0
SHP_40696,78336.8,1839919.8
SHP_40697,120641.0,2924179.0
SHP_40704,87751.7,2070180.5
SHP_40705,172544.5,4383218.0
SHP_40706,170739.1,4338215.0
SHP_40707,41196.6,971770.0
SHP_40710,86440.7,2053061.1
SHP_40711,173163.8,4402602.0
SHP_40712,57011.5,1369534.0
SHP_40717,71227.4,1687416.5
SHP_40718,164106.1,4097328.0
SHP_40719,56238.0,1348214.0
SHP_40720,93107.2,2204778.8
SHP_40721,172939.3,4399272.5
SHP_40722,164106.1,4097328.0
SHP_40723,173501.5,4408681.5
SHP_40725,173252.4,4405728.0
SHP_40726,75775.7,1813747.4
SHP_40727,197026.8,4896959.0
SHP_40732,194812.1,4851714.0
SHP_40734,51358.1,1231952.9
SHP_40736,194205.3,4873408.5
SHP_40737,78829.7,1855841.8
SHP_40738,91521.8,2171902.0
SHP_40742,91965.7,2210372.0
SHP_40743,94038.2,2218668.5
SHP_40746,191901.5,4776474.0
SHP_40747,168665.4,4296115.0
SHP_40748,86682.4,2059640.0
SHP_40751,121399.8,3087854.5
SHP_40753,90515.8,2153873.3
SHP_40755,43024.2,1053970.9
SHP_40756,173243.7,4399601.5
SHP_40758,86374.9,2097640.3
SHP_40762,90673.6,2157262.0
SHP_40763,86858.2,2057529.9
SHP_40767,117940.9,2849643.5
SHP_40768,166688.2,4253839.5
SHP_40769,95343.3,2255918.3
SHP_40771,121854.4,3096169.0
SHP_40772,172338.4,4384368.5
SHP_40775,95294.7,2252113.5
SHP_40777,97939.9,2312808.8
SHP_40778,92107.6,2210788.3
SHP_40780,19508.1,462855.3
SHP_40781,195164.6,4857697.0
SHP_40786,173947.2,4423961.0
SHP_40789,2543.7,45369.9
SHP_40793,173156.9,4398489.5
SHP_40794,45069.4,1096665.0
SHP_40796,100783.6,2351770.5
SHP_40799,198550.7,4932261.0
SHP_40800,93564.3,2210420.3
SHP_40802,134735.3,3330798.3
SHP_40803,76346.3,1814568.6
SHP_40806,172020.8,4367875.0
SHP_40807,90627.1,2183058.8
SHP_40808,73962.5,1764703.9
SHP_40811,1868.2,30477.0
SHP_40812,57942.4,1407636.3
SHP_40813,86473.7,2099183.0
SHP_40814,141954.0,3612206.0
SHP_40815,86663.0,2057755.0
SHP_40816,94567.2,2232467.0
SHP_40819,168500.9,4284715.5
SHP_40820,197062.8,4903091.5
SHP_40821,57858.7,1413262.5
SHP_40823,94232.1,2223476.5
SHP_40824,44838.8,1096267.3
SHP_40825,101477.9,2466295.0
SHP_40826,94924.3,2293699.5
SHP_40827,173223.2,4307807.5
SHP_40830,53533.0,1296744.0
SHP_40831,84434.8,2007548.4
SHP_40833,164080.8,4097229.0
SHP_40839,95699.8,2257096.5
SHP_40841,197758.6,4924174.0
SHP_40845,93143.3,2247304.8
SHP_40846,133502.1,3306715.5
SHP_40847,84921.1,2022085.5
SHP_40850,116434.3,2851365.0
SHP_40852,87464.6,2074903.4
SHP_40854,198323.7,4926129.0
SHP_40857,91827.1,2177932.0
SHP_40858,83545.1,1981291.8
SHP_40861,195026.2,4847341.0
SHP_40864,196939.3,4893510.0
SHP_40865,86858.2,2057529.9
SHP_40871,99570.1,2451326.5
SHP_40873,78336.8,1839919.8
SHP_40877,44179.2,1076833.6
SHP_40880,147999.2,3776048.5
SHP_40881,91490.4,2171545.8
SHP_40883,70668.3,1684765.9
SHP_40885,86289.4,2097445.8
SHP_40886,78235.5,1904550.0
SHP_40890,92436.0,2217564.3
SHP_40891,95074.4,2253513.0
SHP_40894,83577.0,1988152.5
SHP_40895,43048.8,1056362.3
SHP_40897,173335.3,4405406.0
SHP_40898,163104.5,4058752.8
SHP_40899,75878.8,1823850.5
SHP_40900,79353.5,1868830.0
SHP_40901,79252.9,1864135.5
SHP_40902,77331.8,1828251.4
SHP_40904,80367.9,1957374.4
SHP_40907,88572.4,2156837.5
SHP_40908,182622.1,4553748.0
SHP_40909,99633.4,2414830.8
SHP_40910,97671.9,2308358.0
SHP_40916,89499.3,2114492.5
SHP_40920,94723.0,2219034.3
SHP_40923,77771.4,1905568.4
SHP_40924,83425.9,1978743.0
SHP_40926,83577.0,1988152.5
SHP_40927,172453.7,4381539.0
SHP_40929,52421.3,1252480.9
SHP_40931,117029.4,2829456.5
SHP_40936,66600.8,1557070.4
SHP_40938,81064.3,1926838.1
SHP_40939,166824.6,4256392.0
SHP_40943,56240.9,1354597.8
SHP_40945,163305.7,4064699.8
SHP_40946,197302.6,4911708.5
SHP_40951,87084.0,2060627.0
SHP_40952,45397.0,1104077.1
SHP_40953,90027.8,2145906.3
SHP_40954,173384.3,4403986.0
SHP_40955,195026.2,4847341.0
SHP_40956,134256.4,3322435.5
SHP_40957,73116.8,1757434.8
SHP_40961,171649.3,4296455.5
SHP_40962,215154.6,5329868.0
SHP_40964,117940.9,2849643.5
SHP_40965,97206.7,2332682.3
SHP_40966,172460.0,4378207.0
SHP_40968,18160.9,403821.6
SHP_40972,185346.6,4625208.0
SHP_40973,86289.4,2097445.8
SHP_40974,85960.7,2042263.9
SHP_40975,163331.8,4063460.5
SHP_40976,178858.5,4463524.0
SHP_40978,87244.7,2071051.4
SHP_40980,133852.3,3290604.0
SHP_40981,76303.0,1832089.5
SHP_40983,101339.3,2394117.8
SHP_40989,149086.3,3802294.3
SHP_40990,196676.1,4899223.0
SHP_40991,68705.7,1666645.1
SHP_40998,168807.3,4289826.5
SHP_40999,170209.1,4330604.0
SHP_41000,167811.2,4276968.5
SHP_41001,83577.0,1988152.5
SHP_41004,87679.4,2076486.6
SHP_41010,87763.4,2077294.1
SHP_41011,193510.9,4806965.0
SHP_41014,117476.2,2837807.5
SHP_41016,88996.2,2163935.5
SHP_41017,78482.7,1844593.3
SHP_41019,173136.4,4396009.0
SHP_41020,194622.0,4836245.0
SHP_41021,108363.6,2634033.3
SHP_41024,91579.2,2200682.5
SHP_41027,79794.6,1895190.3
SHP_41030,93630.1,2210209.5
SHP_41031,192072.0,4765440.0
SHP_41034,197758.6,4924174.0
SHP_41037,86778.9,2057073.6
SHP_41038,215154.6,5329868.0
SHP_41039,64963.8,1549998.3
SHP_41047,94723.0,2219034.3
SHP_41052,76291.8,1820828.6
SHP_41053,67132.5,1566337.5
SHP_41056,97415.8,2293805.0
SHP_41057,163899.8,4091302.5
SHP_41063,16208.5,379319.8
SHP_41066,87556.3,2128423.0
SHP_41068,150115.8,3821025.5
SHP_41069,175217.3,4452261.0
SHP_41070,103148.6,2406874.3
SHP_41073,78842.7,1882099.4
SHP_41077,92935.8,2198156.3
SHP_41079,173470.9,4404023.0
SHP_41084,169303.9,4313920.0
SHP_41085,163613.1,4088460.5
SHP_41086,117476.2,2837807.5
SHP_41087,197026.8,4896959.0
SHP_41090,70714.5,1704805.8
SHP_41091,44335.4,1083420.0
SHP_41095,103709.8,2422899.8
SHP_41096,91470.7,2243681.0
SHP_41100,77170.4,1841568.4
SHP_41103,173497.5,4405124.0
SHP_41104,44679.4,1089599.3
SHP_41106,45348.6,1102088.4
SHP_41109,79518.2,1895920.1
SHP_41112,190793.5,4756195.0
SHP_41113,2543.7,45369.9
SHP_41117,103113.9,2402942.3
SHP_41118,87390.9,2064551.3
SHP_41119,209284.8,5262091.5
SHP_41121,87079.5,2059857.1
SHP_41123,127442.2,3142658.5
SHP_41124,172826.4,4395997.0
SHP_41126,174105.5,4426637.5
SHP_41129,133682.7,3310257.3
SHP_41131,167294.8,4267258.0
SHP_41132,65899.4,1581248.8
SHP_41133,55020.6,1296509.8
SHP_41134,87152.6,2065288.3
SHP_41136,87679.4,2076486.6
SHP_41137,148864.2,3794606.5
SHP_41139,127706.8,3153351.0
SHP_41140,117029.4,2829456.5
SHP_41143,172453.7,4381539.0
SHP_41144,84071.5,1990579.6
SHP_41145,167128.6,4261510.0
SHP_41147,92532.9,2220075.3
SHP_41148,86374.9,2097640.3
SHP_41150,70590.5,1712778.0
SHP_41151,169110.8,4304160.0
SHP_41153,87664.9,2070154.8
SHP_41154,83346.9,2034871.4
SHP_41157,172737.3,4394355.0
SHP_41166,149354.3,3805581.5
SHP_41167,94733.0,2237044.8
SHP_41170,56486.4,1386377.1
SHP_41171,91503.1,2201372.5
SHP_41172,1727.0,31561.0
SHP_41175,212676.3,5327736.5
SHP_41177,209284.8,5262091.5
SHP_41180,194622.0,4836245.0
SHP_41182,3060.1,57481.6
SHP_41184,108242.6,2638298.0
SHP_41185,163473.8,4087180.0
SHP_41188,173589.6,4411153.0
SHP_41189,149798.0,3814636.5
SHP_41190,100527.2,2350292.5
SHP_41193,86715.4,2055850.3
SHP_41195,168665.4,4296115.0
SHP_41196,103709.8,2422899.8
SHP_41199,173069.3,4391651.0
SHP_41201,81020.6,1966173.8
SHP_41210,86824.4,2060104.0
SHP_41212,86289.4,2097445.8
SHP_41213,87110.7,2060647.9
SHP_41217,93089.5,2236122.8
SHP_41219,92206.9,2213339.8
SHP_41220,91816.3,2177796.0
SHP_41222,159415.9,3934510.0
SHP_41223,58440.5,1414431.8
SHP_41228,87032.8,2059724.8
SHP_41229,2847.0,55449.0
SHP_41230,79815.7,1899082.3
SHP_41232,86874.1,2061619.3
SHP_41233,196796.4,4897672.0
SHP_41235,193306.2,4821327.0
SHP_41237,172183.5,4375343.0
SHP_41238,215154.6,5329868.0
SHP_41239,70203.5,1700286.4
SHP_41241,196625.8,4883347.0
SHP_41242,172654.6,4385211.0
SHP_41243,69316.6,1682810.4
SHP_41247,88904.5,2141009.5
SHP_41250,211612.2,5321361.0
SHP_41251,75878.8,1823850.5
SHP_41252,56394.6,1385923.8
SHP_41255,109748.2,2641785.0
SHP_41257,133682.7,3310257.3
SHP_41259,19508.1,462855.3
SHP_41260,70694.6,1687902.8
SHP_41264,95756.5,2259945.3
SHP_41266,79353.5,1868830.0
SHP_41267,91708.8,2179308.5
SHP_41270,213553.3,5363742.0
SHP_41271,174629.4,4436830.5
SHP_41273,101805.5,2369641.5
SHP_41278,85319.7,2029749.8
SHP_41280,172649.3,4385496.0
SHP_41284,142162.2,3615541.5
SHP_41285,91571.0,2158449.0
SHP_41288,171109.5,4349867.0
SHP_41292,18415.9,441992.5
SHP_41293,77689.1,1858974.1
SHP_41294,88067.0,2072552.3
SHP_41295,87177.4,2061284.1
SHP_41296,91697.5,2176675.3
SHP_41297,75129.4,1810103.8
SHP_41299,192072.0,4765440.0
SHP_41303,48812.6,1174470.5
SHP_41308,163853.8,4091384.5
SHP_41311,103020.3,2397496.5
SHP_41312,87530.8,2072707.8
SHP_41314,150115.8,3821025.5
SHP_41315,87460.8,2123040.5
SHP_41316,94232.1,2223476.5
SHP_41317,133502.1,3306715.5
SHP_41318,175320.7,4450920.0
SHP_41320,79749.0,1945408.1
SHP_41323,87713.6,2071479.0
SHP_41325,103433.0,2400438.5
SHP_41326,3060.1,57481.6
SHP_41329,86778.9,2057073.6
SHP_41331,86466.8,2053034.9
SHP_41334,65183.2,1553089.1
SHP_41336,87917.7,2079243.8
SHP_41337,195560.8,4870634.0
SHP_41338,134072.4,3315659.0
SHP_41341,91355.5,2241849.5
SHP_41343,177568.4,4436464.5
SHP_41344,1684.8,24216.8
SHP_41345,169388.3,4303738.0
SHP_41348,100358.8,2437151.0
SHP_41351,57112.2,1363462.1
SHP_41354,102676.6,2491363.8
SHP_41355,42674.4,1031555.0
SHP_41357,192089.1,4776976.5
SHP_41361,163447.8,4077846.5
SHP_41364,43048.8,1056362.3
SHP_41365,87560.5,2069568.8
SHP_41366,173136.4,4396009.0
SHP_41373,215154.6,5329868.0
SHP_41375,168735.5,4297887.5
SHP_41376,163853.8,4091384.5
SHP_41377,167329.1,4267590.0
SHP_41378,88487.9,2154792.3
SHP_41379,171882.3,4366468.5
SHP_41382,121212.8,3082781.3
SHP_41385,171529.5,4364872.5
SHP_41388,91732.4,2176460.3
SHP_41389,45757.9,1114411.1
SHP_41390,172163.8,4375336.0
SHP_41392,16570.4,385895.6
SHP_41395,91018.5,2127008.0
SHP_41396,183433.1,4637129.0
SHP_41397,86858.2,2057529.9
SHP_41399,90673.6,2157262.0
SHP_41400,80239.9,1909812.8
SHP_41401,174010.9,4416459.0
SHP_41402,195310.2,4852554.0
SHP_41403,142700.7,3630084.5
SHP_41410,56491.7,1386453.0
SHP_41411,15587.6,372493.1
SHP_41412,94089.1,2219801.0
SHP_41418,134725.6,3315278.5
SHP_41419,87698.5,2130222.5
SHP_41420,208895.2,5260896.0
SHP_41422,181231.2,4519624.5
SHP_41427,74181.6,1771069.4
SHP_41430,84356.6,2009980.8
SHP_41434,78079.0,1912749.0
SHP_41436,100588.7,2444662.5
SHP_41437,86282.3,2050475.4
SHP_41438,78829.7,1855841.8
SHP_41448,64599.2,1548719.8
SHP_41450,94567.2,2232467.0
SHP_41452,148696.0,3789227.0
SHP_41453,83984.6,1988526.5
SHP_41457,172138.0,4382120.5
SHP_41464,128158.3,3160681.5
SHP_41465,195164.6,4857697.0
SHP_41468,195966.0,4872931.0
SHP_41472,81989.7,1955928.3
SHP_41474,86426.5,2055272.0
SHP_41478,54088.2,1267716.5
SHP_41479,172003.5,4372249.0
SHP_41482,148243.2,3778249.0
SHP_41486,173326.0,4403960.5
SHP_41487,171693.9,4368010.0
SHP_41489,80521.9,1961304.1
SHP_41491,44896.3,1097381.8
SHP_41492,100847.7,2425252.5
SHP_41493,1015.2,14830.9
SHP_41501,87390.8,2067306.0
SHP_41502,133421.7,3305351.8
SHP_41503,65807.7,1596977.5
SHP_41506,85225.3,2024002.5
SHP_41507,172183.5,4375343.0
SHP_41515,78067.9,1861588.5
SHP_41516,91392.8,2169529.5
SHP_41517,117940.9,2849643.5
SHP_41518,90771.7,2150526.0
SHP_41522,81020.6,1966173.8
SHP_41524,169330.0,4312990.5
SHP_41525,75138.3,1779437.0
SHP_41526,78127.1,1862658.3
SHP_41528,87828.9,2129325.0
SHP_41531,56238.0,1348214.0
SHP_41532,173264.9,4405272.5
SHP_41534,78829.7,1855841.8
SHP_41536,83273.9,1987586.6
SHP_41538,73592.0,1763829.1
SHP_41539,80728.8,1922264.3
SHP_41541,193941.3,4823044.0
SHP_41542,64963.8,1549998.3
SHP_41543,102078.6,2477537.0
SHP_41545,193949.5,4827478.0
SHP_41549,194622.0,4836245.0
SHP_41550,44542.2,1086642.5
SHP_41553,92487.4,2192302.8
SHP_41555,89677.6,2114827.5
SHP_41559,61858.8,1500040.4
SHP_41560,169140.2,4310171.5
SHP_41561,102651.9,2399056.8
SHP_41568,172683.9,4388490.5
SHP_41569,172780.7,4396661.0
SHP_41572,85961.6,2036359.0
SHP_41574,95238.8,2289572.0
SHP_41577,77747.6,1822571.6
SHP_41581,172183.5,4375343.0
SHP_41584,51449.4,1222271.1
SHP_41586,92095.3,2208243.0
SHP_41591,23122.6,552947.3
SHP_41594,86051.1,2030885.3
SHP_41595,87341.8,2071180.6
SHP_41597,122546.3,3113873.5
SHP_41598,156446.4,3998090.0
SHP_41599,70590.5,1712778.0
SHP_41601,73149.5,1766718.0
SHP_41603,87110.7,2060647.9
SHP_41607,101363.9,2463164.3
SHP_41608,194628.2,4834661.0
SHP_41609,101048.0,2387479.3
SHP_41610,172066.7,4371408.5
SHP_41611,184890.8,4616653.5
SHP_41613,174318.1,4427466.0
SHP_41615,83360.1,2034890.8
SHP_41616,88250.9,2026733.8
SHP_41618,85225.3,2024002.5
SHP_41620,83549.1,1986415.1
SHP_41622,92376.9,2165579.5
SHP_41623,78218.3,1869910.8
SHP_41629,44990.6,1098603.4
SHP_41630,40321.9,943334.7
SHP_41631,149360.4,3808708.0
SHP_41632,136835.7,3385916.0
SHP_41633,117747.1,2827632.5
SHP_41634,81894.1,1989229.8
SHP_41639,168665.4,4296115.0
SHP_41643,39246.8,928655.6
SHP_41646,76487.6,1803193.3
SHP_41649,169110.8,4304160.0
SHP_41654,184935.8,4617310.0
SHP_41657,56127.2,1379303.8
SHP_41660,87253.9,2061245.4
SHP_41661,80072.0,1912150.8
SHP_41663,59602.0,1451751.5
SHP_41665,56722.8,1360615.4
SHP_41666,57858.7,1413262.5
SHP_41668,79979.5,1899247.6
SHP_41672,90353.8,2180014.0
SHP_41674,173727.0,4414553.0
SHP_41676,178858.5,4463524.0
SHP_41678,86280.6,2026302.1
SHP_41679,213553.3,5363742.0
SHP_41681,185220.6,4623372.0
SHP_41682,135977.7,3369447.8
SHP_41683,90603.5,2232861.5
SHP_41684,101983.8,2476653.0
SHP_41686,56240.9,1354597.8
SHP_41687,2543.7,45369.9
SHP_41691,85319.7,2029749.8
SHP_41692,133682.7,3310257.3
SHP_41693,127706.8,3153351.0
SHP_41694,2436.2,46215.1
SHP_41696,148696.0,3789227.0
SHP_41698,133682.7,3310257.3
SHP_41699,121399.8,3087854.5
SHP_41700,98360.6,2300644.5
SHP_41701,163649.5,4069183.5
SHP_41702,82569.3,1956400.8
SHP_41704,172326.4,4378835.5
SHP_41707,218954.4,5395635.5
SHP_41711,173747.8,4411242.0
SHP_41713,804.7,11969.9
SHP_41715,197063.9,4895227.0
SHP_41716,117029.4,2829456.5
SHP_41718,175238.3,4450556.5
SHP_41719,181231.2,4519624.5
SHP_41721,93478.5,2213355.3
SHP_41722,76303.0,1832089.5
SHP_41724,87709.3,2076782.3
SHP_41725,177692.7,4435482.0
SHP_41726,74250.3,1753187.5
SHP_41727,86168.5,2050053.8
SHP_41735,83007.4,1977817.5
SHP_41739,19508.1,462855.3
SHP_41744,148761.3,3789963.8
SHP_41749,52915.7,1284080.4
SHP_41751,181231.2,4519624.5
SHP_41756,163445.5,4064612.3
SHP_41757,88904.5,2141009.5
SHP_41759,212676.3,5327736.5
SHP_41761,80468.3,1913374.9
SHP_41764,75138.3,1779437.0
SHP_41766,93115.0,2228636.8
SHP_41776,53634.6,1276957.3
SHP_41777,84921.1,2022085.5
SHP_41779,148696.0,3789227.0
SHP_41780,173540.5,4407187.0
SHP_41781,83096.4,2031381.0
SHP_41785,173134.4,4397875.5
SHP_41787,81902.4,1964181.8
SHP_41790,91876.5,2178481.3
SHP_41791,163853.8,4091384.5
SHP_41793,92340.6,2218156.5
SHP_41794,94465.2,2231311.5
SHP_41795,65800.3,1596844.5
SHP_41798,87026.4,2060128.8
SHP_41801,16612.6,386713.4
SHP_41803,173772.5,4417168.5
SHP_41806,610.1,8144.5
SHP_41808,117957.6,2830471.0
SHP_41810,87620.0,2069133.8
SHP_41812,86704.4,2107340.8
SHP_41815,167436.3,4268839.0
SHP_41818,80477.1,1959435.0
SHP_41819,185487.0,4627258.0
SHP_41825,83863.0,1986706.1
SHP_41826,67710.0,1575436.3
SHP_41827,170837.2,4345370.5
SHP_41832,171483.3,4367100.0
SHP_41834,91889.1,2177153.0
SHP_41835,83555.6,1976799.5
SHP_41839,167284.8,4266330.0
SHP_41842,85319.7,2029749.8
SHP_41847,103257.0,2504870.8
SHP_41848,86538.9,2041227.5
SHP_41851,52694.0,1279526.8
SHP_41853,53533.0,1296744.0
SHP_41855,127972.9,3157826.8
SHP_41856,171448.9,4358688.5
SHP_41859,121678.4,3091783.5
SHP_41863,170035.8,4330429.0
SHP_41866,71439.1,1729771.0
SHP_41868,86020.3,2089559.8
SHP_41870,39246.8,928655.6
SHP_41871,194507.7,4829928.0
SHP_41875,1860.4,31658.4
SHP_41876,56398.3,1385960.4
SHP_41879,87615.4,2122925.8
SHP_41881,94271.1,2230195.0
SHP_41887,159415.9,3934510.0
SHP_41893,1571.7,23542.7
SHP_41899,79749.0,1945408.1
SHP_41902,96948.7,2292251.0
SHP_41905,193780.8,4820274.0
SHP_41906,181231.2,4519624.5
SHP_41910,167128.6,4261510.0
SHP_41911,173116.8,4401529.0
SHP_41912,173116.8,4401529.0
SHP_41913,63833.3,1543604.8
SHP_41914,45174.0,1097778.1
SHP_41915,93478.5,2213355.3
SHP_41923,79335.5,1886956.6
SHP_41924,95273.2,2243992.8
SHP_41927,87460.8,2123040.5
SHP_41928,87489.4,2065877.5
SHP_41930,87094.7,2117296.8
SHP_41931,90712.9,2154108.3
SHP_41932,102169.1,2387835.5
SHP_41933,172184.3,4375481.5
SHP_41937,77404.3,1848942.9
SHP_41939,91940.2,2209010.3
SHP_41940,2039.4,32855.0
SHP_41942,87865.5,2077176.8
SHP_41944,103257.0,2504870.8
SHP_41945,127706.8,3153351.0
SHP_41949,86289.4,2097445.8
SHP_41951,86665.1,2058746.3
SHP_41952,90978.9,2241819.5
SHP_41957,150233.7,3827672.8
SHP_41964,91965.7,2210372.0
SHP_41965,3212.5,64917.1
SHP_41966,163473.8,4087180.0
SHP_41968,2798.7,57113.3
SHP_41969,81927.7,1955180.0
SHP_41972,79794.6,1895190.3
SHP_41974,84806.8,2020027.4
SHP_41975,177692.7,4435482.0
SHP_41976,163853.8,4091384.5
SHP_41977,17982.9,401355.7
SHP_41981,53526.8,1277554.3
SHP_41982,121678.4,3091783.5
SHP_41985,167546.5,4270888.0
SHP_41986,103708.9,2408143.0
SHP_41991,161252.1,4003040.0
SHP_41992,87084.5,2059023.5
SHP_41994,195135.1,4855540.0
SHP_41998,172808.1,4397528.0
SHP_41999,212283.1,5315632.0
SHP_42001,170209.1,4330604.0
SHP_42002,84434.8,2007548.4
SHP_42003,90642.6,2228088.0
SHP_42009,171483.3,4367100.0
SHP_42012,172066.7,4371408.5
SHP_42014,196624.9,4885531.0
SHP_42019,163104.5,4058752.8
SHP_42021,80371.0,1908570.3
SHP_42023,80381.9,1957410.3
SHP_42026,57282.3,1404087.5
SHP_42032,16100.2,381655.8
SHP_42033,102169.1,2387835.5
SHP_42039,92950.7,2230600.0
SHP_42042,89590.1,2136940.3
SHP_42043,92715.4,2194036.3
SHP_42047,122159.4,3106040.0
SHP_42053,2436.2,46215.1
SHP_42055,169436.2,4304029.0
SHP_42056,87913.3,2077666.8
SHP_42057,167555.6,4272915.5
SHP_42058,56842.0,1393158.0
SHP_42060,103148.6,2406874.3
SHP_42061,101499.9,2500471.0
SHP_42065,96948.7,2292251.0
SHP_42067,169346.4,4307721.0
SHP_42070,78285.4,1840768.3
SHP_42072,168476.3,4284710.0
SHP_42073,149798.0,3814636.5
SHP_42080,197026.8,4896959.0
SHP_42082,44542.2,1086642.5
SHP_42083,65119.6,1554186.0
SHP_42086,87467.2,2065584.3
SHP_42087,80468.3,1913374.9
SHP_42090,59454.3,1447293.3
SHP_42091,196676.1,4899223.0
SHP_42094,79259.7,1868094.5
SHP_42095,173116.8,4401529.0
SHP_42097,87605.6,2124796.8
SHP_42098,44505.9,1082689.3
SHP_42099,214878.6,5328847.5
SHP_42101,169431.3,4313406.0
SHP_42102,195190.9,4856336.0
SHP_42103,95238.8,2289572.0
SHP_42104,172054.5,4376785.5
SHP_42105,117957.6,2830471.0
SHP_42107,168976.5,4307509.0
SHP_42108,44179.2,1076833.6
SHP_42109,86663.0,2057755.0
SHP_42110,95447.1,2240486.0
SHP_42112,91902.4,2177570.3
SHP_42115,91649.3,2174237.8
SHP_42117,92436.0,2217564.3
SHP_42121,75217.3,1778408.4
SHP_42122,56535.2,1386083.3
SHP_42127,87373.1,2065933.9
SHP_42129,182731.6,4563338.0
SHP_42130,90978.9,2241819.5
SHP_42132,121678.4,3091783.5
SHP_42133,87185.3,2060523.8
SHP_42134,212283.1,5315632.0
SHP_42136,69996.8,1697505.1
SHP_42137,100943.9,2387774.8
SHP_42140,87280.8,2060997.8
SHP_42141,171773.2,4365665.0
SHP_42142,1832.8,30080.7
SHP_42143,209504.2,5270222.5
SHP_42144,172369.2,4370743.5
SHP_42146,80473.5,1909402.5
SHP_42149,85058.4,2014652.6
SHP_42150,177692.7,4435482.0
SHP_42151,79811.4,1949166.8
SHP_42152,195915.6,4873406.0
SHP_42153,81902.4,1964181.8
SHP_42154,169459.5,4311246.0
SHP_42156,57112.2,1363462.1
SHP_42157,166763.2,4251616.5
SHP_42160,172780.7,4396661.0
SHP_42161,79330.0,1892615.3
SHP_42171,85225.3,2024002.5
SHP_42172,42847.4,1032140.8
SHP_42177,79335.5,1886956.6
SHP_42178,88487.9,2154792.3
SHP_42180,91885.0,2177483.3
SHP_42184,103277.3,2413434.8
SHP_42186,90771.7,2150526.0
SHP_42188,87473.0,2126157.5
SHP_42190,84806.8,2020027.4
SHP_42191,88050.2,2076538.5
SHP_42192,168932.1,4300549.0
SHP_42193,192332.6,4788876.0
SHP_42194,87489.4,2065877.5
SHP_42196,92259.7,2189667.8
SHP_42199,95756.5,2259945.3
SHP_42201,66600.8,1557070.4
SHP_42202,101983.0,2477619.8
SHP_42204,78106.2,1911858.5
SHP_42207,71143.2,1723629.8
SHP_42210,92194.2,2183366.0
SHP_42214,81021.8,1970368.9
SHP_42215,83535.5,1989148.8
SHP_42216,92259.7,2189667.8
SHP_42217,90878.6,2190665.3
SHP_42226,91333.0,2168859.3
SHP_42232,172479.8,4378479.0
SHP_42235,180746.4,4575104.0
SHP_42239,172882.1,4388519.0
SHP_42243,3212.5,64917.1
SHP_42244,88723.2,2095116.3
SHP_42250,90461.4,2116244.5
SHP_42252,90627.1,2183058.8
SHP_42254,171938.2,4371256.5
SHP_42255,98855.2,2325344.0
SHP_42256,175636.9,4460058.0
SHP_42260,120998.1,3079142.3
SHP_42264,185487.0,4627258.0
SHP_42268,185384.5,4625626.5
SHP_42269,169725.8,4317982.0
SHP_42271,196815.7,4888356.0
SHP_42275,86168.5,2050053.8
SHP_42276,175395.0,4454977.5
SHP_42277,163292.7,4063328.0
SHP_42279,149517.4,3811616.3
SHP_42280,44968.4,1098476.0
SHP_42283,79979.5,1899247.6
SHP_42284,41196.6,971770.0
SHP_42286,193780.8,4820274.0
SHP_42287,149798.0,3814636.5
SHP_42291,172381.9,4378223.0
SHP_42292,204324.8,5102045.0
SHP_42293,173977.2,4409312.0
SHP_42294,80728.8,1922264.3
SHP_42295,92522.4,2193016.5
SHP_42298,93839.0,2224789.0
SHP_42299,73149.5,1766718.0
SHP_42300,72771.3,1750220.9
SHP_42301,93225.6,2206749.0
SHP_42302,173113.6,4397279.0
SHP_42303,67408.3,1571160.8
SHP_42304,212283.1,5315632.0
SHP_42305,171448.9,4358688.5
SHP_42306,93143.3,2247304.8
SHP_42309,175908.0,4467186.0
SHP_42311,88050.2,2076538.5
SHP_42312,171081.9,4354467.0
SHP_42314,195536.7,4862808.0
SHP_42316,148256.6,3771807.8
SHP_42319,172619.6,4389843.5
SHP_42321,195026.2,4847341.0
SHP_42325,116073.0,2785204.0
SHP_42327,80239.9,1909812.8
SHP_42329,196459.5,4894466.0
SHP_42331,99304.8,2319118.5
SHP_42334,79743.4,1895613.0
SHP_42335,167128.6,4261510.0
SHP_42337,169450.3,4313207.0
SHP_42339,194644.4,4840329.0
SHP_42343,87347.8,2063855.0
SHP_42344,174178.4,4419982.0
SHP_42347,167284.8,4266330.0
SHP_42348,191844.8,4775529.0
SHP_42350,87126.6,2060921.3
SHP_42352,87052.4,2111484.0
SHP_42353,164136.5,4095117.0
SHP_42355,86523.4,2053822.9
SHP_42360,45448.8,1106285.8
SHP_42361,71643.0,1707969.1
SHP_42362,166763.2,4251616.5
SHP_42363,86177.7,2046732.6
SHP_42364,85961.6,2036359.0
SHP_42365,68319.7,1662855.1
SHP_42366,133362.5,3304139.0
SHP_42368,56842.0,1393158.0
SHP_42369,42650.6,1032980.1
SHP_42371,2944.1,55402.8
SHP_42372,78829.7,1855841.8
SHP_42377,63833.3,1543604.8
SHP_42381,84363.0,2010343.6
SHP_42382,56842.0,1393158.0
SHP_42383,87026.4,2060128.8
SHP_42384,193941.3,4823044.0
SHP_42385,61198.9,1474162.5
SHP_42389,148761.3,3789963.8
SHP_42392,94271.1,2230195.0
SHP_42395,80239.9,1909812.8
SHP_42396,2944.1,55402.8
SHP_42400,65626.8,1593714.0
SHP_42402,173573.4,4408762.5
SHP_42404,174681.9,4438292.5
SHP_42407,91430.7,2196804.0
SHP_42408,173160.7,4397761.0
SHP_42410,23122.6,552947.3
SHP_42411,172999.2,4400358.0
SHP_42414,87511.9,2072632.4
SHP_42419,72162.3,1714437.3
SHP_42421,78034.4,1911679.5
SHP_42424,70134.4,1699484.0
SHP_42427,177190.8,4497453.5
SHP_42430,172165.3,4377828.0
SHP_42433,82870.5,1963963.3
SHP_42438,181841.2,4541050.5
SHP_42440,78874.2,1853391.9
SHP_42442,1684.8,24216.8
SHP_42443,172544.5,4383218.0
SHP_42444,173435.9,4406942.5
SHP_42446,127809.8,3152424.5
SHP_42447,91835.7,2151743.0
SHP_42448,91993.1,2184841.0
SHP_42449,172266.7,4380594.5
SHP_42462,204324.8,5102045.0
SHP_42463,195289.3,4867985.0
SHP_42464,96948.7,2292251.0
SHP_42470,211612.2,5321361.0
SHP_42471,79794.6,1895190.3
SHP_42473,78922.7,1927550.9
SHP_42476,78336.8,1839919.8
SHP_42477,134005.9,3317771.5
SHP_42479,173191.7,4398801.0
SHP_42480,49028.3,1189000.0
SHP_42487,2543.7,45369.9
SHP_42492,91790.6,2177446.8
SHP_42493,86177.7,2046732.6
SHP_42496,86822.8,2058632.3
SHP_42497,87909.4,2132194.3
SHP_42499,91637.1,2173529.8
SHP_42500,96597.3,2332888.0
SHP_42503,56653.1,1389811.0
SHP_42504,87837.7,2077831.0
SHP_42506,172994.0,4399867.0
SHP_42510,70770.9,1688059.1
SHP_42511,169139.5,4310200.0
SHP_42514,172631.1,4385701.0
SHP_42518,102560.3,2390187.5
SHP_42520,86473.7,2099183.0
SHP_42524,87235.0,2062587.0
SHP_42526,171556.3,4368024.5
SHP_42527,93089.5,2236122.8
SHP_42528,65205.5,1550628.6
SHP_42529,83984.6,1988526.5
SHP_42532,87605.6,2124796.8
SHP_42533,86826.9,2058821.4
SHP_42534,46899.9,1121550.1
SHP_42536,87913.3,2077666.8
SHP_42538,701.5,9062.4
SHP_42544,135977.7,3369447.8
SHP_42549,148696.0,3789227.0
SHP_42551,174457.4,4434390.5
SHP_42553,87352.9,2122082.3
SHP_42557,87628.2,2083800.1
SHP_42558,208748.1,5259573.5
SHP_42559,16208.5,379319.8
SHP_42561,173029.2,4397876.0
SHP_42562,86704.4,2107340.8
SHP_42564,167623.5,4271424.0
SHP_42565,63662.4,1543365.4
SHP_42568,100588.7,2444662.5
SHP_42569,208546.8,5253826.0
SHP_42570,75638.9,1821936.1
SHP_42571,76443.8,1841396.4
SHP_42574,87713.6,2071479.0
SHP_42578,168652.3,4286894.0
SHP_42582,172544.2,4383247.5
SHP_42583,44679.4,1089599.3
SHP_42585,86177.7,2046732.6
SHP_42586,171120.7,4353596.5
SHP_42590,87144.3,2060282.1
SHP_42592,91088.7,2186005.3
SHP_42593,2543.7,45369.9
SHP_42597,85457.0,2031283.8
SHP_42599,87467.2,2065584.3
SHP_42601,19498.4,463420.7
SHP_42602,75753.6,1818573.1
SHP_42604,87632.7,2068359.5
SHP_42609,177850.7,4439593.0
SHP_42611,88487.9,2154792.3
SHP_42614,88487.9,2154792.3
SHP_42616,67433.4,1623845.0
SHP_42618,102169.1,2387835.5
SHP_42624,74403.4,1796650.3
SHP_42626,172332.6,4376352.0
SHP_42627,172878.2,4397909.0
SHP_42628,173435.9,4406942.5
SHP_42631,133167.5,3301541.0
SHP_42632,95392.8,2245113.5
SHP_42637,169749.3,4315168.5
SHP_42639,172066.7,4371408.5
SHP_42643,120998.1,3079142.3
SHP_42646,148865.8,3794637.0
SHP_42647,78482.7,1844593.3
SHP_42648,167826.8,4279158.0
SHP_42649,94038.2,2218668.5
SHP_42650,80667.7,1911123.1
SHP_42652,45397.0,1104077.1
SHP_42654,79248.3,1886003.0
SHP_42656,141692.0,3613018.8
SHP_42659,91840.7,2178134.8
SHP_42661,191688.9,4765850.0
SHP_42664,195966.0,4872931.0
SHP_42665,92729.5,2192842.8
SHP_42671,89511.5,2175120.0
SHP_42674,197142.0,4895479.5
SHP_42676,215154.6,5329868.0
SHP_42677,3212.5,64917.1
SHP_42682,86020.3,2089559.8
SHP_42683,73149.5,1766718.0
SHP_42685,116073.0,2785204.0
SHP_42686,109463.6,2639067.3
SHP_42687,117772.1,2827706.5
SHP_42688,193962.3,4823309.0
SHP_42689,195990.7,4879869.0
SHP_42690,197062.8,4903091.5
SHP_42691,101080.8,2390104.3
SHP_42692,172737.3,4394355.0
SHP_42693,101837.7,2471727.5
SHP_42695,2944.1,55402.8
SHP_42698,80371.0,1908570.3
SHP_42699,64586.0,1573175.1
SHP_42701,172197.5,4373946.0
SHP_42702,53540.4,1270538.4
SHP_42704,78336.8,1839919.8
SHP_42705,212327.0,5324911.0
SHP_42708,76550.3,1879539.8
SHP_42710,52877.2,1283755.3
SHP_42712,70030.7,1686535.1
SHP_42715,92715.4,2194036.3
SHP_42716,102169.1,2387835.5
SHP_42717,73529.7,1760416.8
SHP_42720,148863.4,3794117.5
SHP_42721,75715.8,1807861.3
SHP_42723,86479.5,2054301.5
SHP_42724,89349.8,2104610.5
SHP_42725,1252.3,19122.0
SHP_42729,195915.6,4873406.0
SHP_42732,172479.8,4378479.0
SHP_42734,91816.6,2177799.8
SHP_42737,172687.9,4383395.5
SHP_42738,84728.8,2040834.0
SHP_42742,172625.5,4390653.0
SHP_42746,174457.4,4434390.5
SHP_42748,177295.7,4498089.0
SHP_42749,193902.1,4822433.0
SHP_42750,100411.0,2419425.8
SHP_42751,170289.3,4337121.5
SHP_42752,80256.9,1912248.0
SHP_42754,617.1,8219.7
SHP_42758,162983.2,4071929.5
SHP_42759,218954.4,5395635.5
SHP_42760,195536.7,4862808.0
SHP_42763,80473.5,1909402.5
SHP_42764,79386.0,1938550.8
SHP_42765,172687.9,4383395.5
SHP_42766,197220.7,4916118.0
SHP_42769,70534.5,1682932.1
SHP_42770,81999.2,1956073.6
SHP_42772,73573.7,1764015.1
SHP_42773,173116.8,4401529.0
SHP_42776,69970.7,1672033.5
SHP_42779,194384.8,4845698.0
SHP_42782,163309.5,4064760.0
SHP_42783,86715.4,2055850.3
SHP_42784,185425.4,4618855.0
SHP_42785,64599.2,1548719.8
SHP_42786,136620.1,3383269.0
SHP_42787,91817.8,2176293.8
SHP_42788,92249.8,2183960.5
SHP_42790,87177.4,2061284.1
SHP_42792,125212.4,3176548.5
SHP_42798,85960.7,2042263.9
SHP_42799,69996.8,1697505.1
SHP_42801,120897.7,2928318.0
SHP_42802,193874.5,4871251.5
SHP_42803,77401.4,1816048.0
SHP_42804,156446.4,3998090.0
SHP_42806,172930.4,4389064.0
SHP_42808,67685.5,1576297.6
SHP_42810,84115.5,1992559.5
SHP_42811,133473.1,3306613.5
SHP_42813,101499.9,2500471.0
SHP_42814,94974.2,2244932.5
SHP_42816,110169.6,2692460.5
SHP_42817,79332.3,1866274.6
SHP_42818,86969.7,2059126.0
SHP_42819,110177.4,2691348.8
SHP_42820,193747.0,4818324.0
SHP_42827,79252.9,1864135.5
SHP_42828,170557.3,4343279.0
SHP_42831,99570.1,2451326.5
SHP_42833,79539.8,1941902.6
SHP_42836,174002.0,4423456.5
SHP_42840,172657.0,4386016.0
SHP_42841,101805.5,2369641.5
SHP_42844,46889.4,1125838.0
SHP_42848,88904.5,2141009.5
SHP_42849,45054.1,1099022.0
SHP_42851,170862.9,4349850.0
SHP_42853,64766.6,1552846.5
SHP_42857,173303.6,4400874.5
SHP_42858,90627.1,2183058.8
SHP_42860,69996.8,1697505.1
SHP_42861,116073.0,2785204.0
SHP_42862,149089.6,3784544.0
SHP_42863,80534.5,1909587.5
SHP_42865,120998.1,3079142.3
SHP_42866,172738.5,4391909.0
SHP_42868,87909.4,2132194.3
SHP_42877,171972.1,4369907.5
SHP_42880,163256.6,4065622.0
SHP_42882,117957.6,2830471.0
SHP_42883,85911.5,2040973.0
SHP_42884,99304.8,2319118.5
SHP_42885,196339.7,4877095.0
SHP_42890,83817.0,1988140.6
SHP_42891,172340.8,4379230.5
SHP_42893,66823.4,1629334.1
SHP_42894,173029.2,4397876.0
SHP_42895,148378.2,3781990.5
SHP_42896,91636.2,2173063.5
SHP_42897,1331.8,21074.2
SHP_42898,173335.3,4405406.0
SHP_42901,133729.2,3312231.0
SHP_42902,58111.8,1418468.9
SHP_42904,163461.3,4064707.0
SHP_42906,85225.3,2024002.5
SHP_42907,80272.9,1915237.6
SHP_42908,102079.4,2477516.5
SHP_42910,59602.0,1451751.5
SHP_42911,91693.5,2174712.5
SHP_42913,102138.2,2479354.8
SHP_42914,89229.9,2189894.8
SHP_42916,174044.9,4418694.0
SHP_42917,202919.9,4535831.0
SHP_42925,193747.0,4818324.0
SHP_42927,110177.4,2691348.8
SHP_42929,183524.0,4638457.0
SHP_42930,165107.6,4214483.0
SHP_42932,177190.8,4497453.5
SHP_42934,79332.3,1866274.6
SHP_42937,173953.0,4408741.5
SHP_42940,190883.4,4758444.0
SHP_42942,89349.8,2104610.5
SHP_42945,172163.8,4375336.0
SHP_42946,87244.7,2071051.4
SHP_42947,177316.1,4500009.5
SHP_42948,79252.9,1864135.5
SHP_42950,2944.1,55402.8
SHP_42953,86123.5,2048434.8
SHP_42954,75549.9,1817110.5
SHP_42956,63833.3,1543604.8
SHP_42958,167938.1,4279659.0
SHP_42959,197173.8,4897973.0
SHP_42960,172670.7,4385392.0
SHP_42964,89504.4,2114582.0
SHP_42967,66600.8,1557070.4
SHP_42969,95257.2,2244398.0
SHP_42971,45397.0,1104077.1
SHP_42973,172519.1,4384323.5
SHP_42974,75217.3,1778408.4
SHP_42976,86374.9,2097640.3
SHP_42977,211612.2,5321361.0
SHP_42979,92800.9,2231153.5
SHP_42980,172780.9,4391564.5
SHP_42981,81646.2,1981588.0
SHP_42982,44179.2,1076833.6
SHP_42983,86430.4,2053376.0
SHP_42987,87112.4,2059234.8
SHP_42991,99359.3,2393344.5
SHP_42993,173163.8,4402602.0
SHP_42997,88544.8,2149842.5
SHP_42998,193786.8,4815130.0
SHP_43000,87110.7,2060647.9
SHP_43002,170289.3,4337121.5
SHP_43012,70036.1,1698114.8
SHP_43014,62484.6,1515588.6
SHP_43016,92340.6,2218156.5
SHP_43018,170557.3,4343279.0
SHP_43024,93912.5,2208722.3
SHP_43029,80728.8,1922264.3
SHP_43031,92340.6,2218156.5
SHP_43034,78956.6,1894687.8
SHP_43042,71106.5,1694314.3
SHP_43045,84434.8,2007548.4
SHP_43048,102651.9,2399056.8
SHP_43050,83735.6,1987803.5
SHP_43053,167436.3,4268839.0
SHP_43055,31454.0,769440.4
SHP_43056,83577.0,1988152.5
SHP_43059,195872.2,4878562.0
SHP_43060,100527.2,2350292.5
SHP_43061,118141.4,2851879.3
SHP_43064,195369.3,4867467.0
SHP_43065,81238.3,1929682.3
SHP_43067,149733.7,3814382.0
SHP_43070,77941.4,1848892.1
SHP_43071,167284.8,4266330.0
SHP_43074,66600.8,1557070.4
SHP_43079,84754.0,1999330.8
SHP_43084,91828.4,2175840.8
SHP_43086,97219.9,2347466.5
SHP_43089,83346.9,2034871.4
SHP_43090,84211.2,2001906.8
SHP_43091,172163.8,4375336.0
SHP_43092,99742.2,2415866.0
SHP_43094,78512.7,1868105.4
SHP_43096,172326.4,4378835.5
SHP_43097,64940.8,1552583.1
SHP_43098,102247.1,2483145.5
SHP_43099,16113.9,378027.2
SHP_43101,169722.0,4323658.0
SHP_43104,87852.7,2135759.0
SHP_43105,49028.3,1189000.0
SHP_43107,168665.4,4296115.0
SHP_43109,92095.3,2208243.0
SHP_43111,167128.6,4261510.0
SHP_43114,86785.5,2061830.3
SHP_43117,196624.9,4885531.0
SHP_43119,77130.8,1843820.8
SHP_43121,80431.4,1918091.5
SHP_43127,85960.7,2042263.9
SHP_43132,168727.3,4296874.0
SHP_43133,863.4,13484.4
SHP_43134,172453.7,4381539.0
SHP_43135,85851.5,2044507.3
SHP_43137,70723.1,1687977.3
SHP_43139,70607.6,1708384.9
SHP_43140,204324.8,5102045.0
SHP_43141,172630.0,4389957.0
SHP_43143,148213.5,3781467.8
SHP_43146,93728.5,2216817.5
SHP_43147,94232.1,2223476.5
SHP_43149,84071.5,1990579.6
SHP_43150,172163.8,4375336.0
SHP_43153,167915.4,4282205.0
SHP_43155,169724.2,4323786.5
SHP_43157,87464.6,2074903.4
SHP_43159,117957.6,2830471.0
SHP_43160,84581.4,2011573.0
SHP_43163,75217.3,1778408.4
SHP_43165,177353.0,4412126.0
SHP_43166,75713.7,1818021.6
SHP_43168,173641.3,4402024.5
SHP_43170,171586.8,4362990.5
SHP_43171,167553.8,4271975.0
SHP_43173,91531.5,2203840.3
SHP_43174,65278.0,1562072.1
SHP_43179,192615.2,4794209.0
SHP_43181,87707.7,2096081.3
SHP_43183,91902.4,2177570.3
SHP_43184,172830.5,4397303.0
SHP_43187,86466.8,2053034.9
SHP_43188,87167.9,2069278.4
SHP_43189,174044.9,4418694.0
SHP_43191,88066.9,2072551.5
SHP_43192,83549.1,1986415.1
SHP_43193,80893.7,1963949.8
SHP_43194,141692.0,3613018.8
SHP_43195,84341.4,2027868.5
SHP_43196,56842.0,1393158.0
SHP_43200,194628.2,4834661.0
SHP_43201,197224.9,4914708.0
SHP_43202,79743.4,1895613.0
SHP_43203,63038.1,1537412.5
SHP_43205,194812.1,4851714.0
SHP_43207,87511.9,2072632.4
SHP_43208,172685.5,4385817.0
SHP_43210,53533.0,1296744.0
SHP_43212,134725.6,3315278.5
SHP_43215,45448.8,1106285.8
SHP_43216,80477.1,1959435.0
SHP_43219,169457.4,4315731.0
SHP_43222,91490.4,2171545.8
SHP_43224,57516.5,1406530.3
SHP_43226,215154.6,5329868.0
SHP_43227,100358.8,2437151.0
SHP_43228,218954.4,5395635.5
SHP_43230,212283.1,5315632.0
SHP_43231,141692.0,3613018.8
SHP_43234,174990.6,4429739.0
SHP_43238,194497.5,4836513.0
SHP_43241,86777.6,2109936.5
SHP_43243,84115.5,1992559.5
SHP_43244,197758.6,4924174.0
SHP_43245,92532.9,2220075.3
SHP_43247,168932.1,4300549.0
SHP_43248,142171.7,3621428.0
SHP_43249,174197.6,4425868.0
SHP_43250,91816.2,2177794.0
SHP_43251,78079.0,1912749.0
SHP_43252,73592.6,1765928.3
SHP_43253,67483.0,1571409.1
SHP_43257,169584.0,4307031.0
SHP_43259,85851.5,2044507.3
SHP_43265,91528.9,2171929.0
SHP_43266,173370.9,4398669.5
SHP_43267,88904.5,2141009.5
SHP_43268,79794.6,1895190.3
SHP_43273,169585.7,4307103.0
SHP_43275,211093.2,5312102.5
SHP_43276,1511.9,21425.7
SHP_43279,172267.4,4377629.0
SHP_43280,164114.0,4098732.5
SHP_43283,177295.7,4498089.0
SHP_43284,173958.8,4408568.5
SHP_43285,87173.2,2059849.8
SHP_43286,148431.8,3774157.0
SHP_43287,84065.3,1991864.0
SHP_43294,52764.8,1258654.3
SHP_43298,172165.3,4377828.0
SHP_43299,36521.3,869559.9
SHP_43300,83523.7,1979938.0
SHP_43301,65278.0,1562072.1
SHP_43303,149089.6,3784544.0
SHP_43306,48812.6,1174470.5
SHP_43308,107920.1,2541746.0
SHP_43310,135977.7,3369447.8
SHP_43311,99304.8,2319118.5
SHP_43314,162983.2,4071929.5
SHP_43318,101513.8,2466702.5
SHP_43321,99742.2,2415866.0
SHP_43324,77130.8,1843820.8
SHP_43325,174197.6,4425868.0
SHP_43326,133074.1,3221484.0
SHP_43327,31454.0,769440.4
SHP_43329,31546.6,767334.2
SHP_43330,87177.4,2061284.1
SHP_43332,87850.3,2072840.3
SHP_43333,86755.3,2060650.5
SHP_43334,91810.0,2202635.0
SHP_43337,171448.9,4358688.5
SHP_43338,167583.5,4273526.5
SHP_43341,163439.6,4064228.0
SHP_43342,91598.1,2172676.5
SHP_43344,85961.6,2036359.0
SHP_43346,172582.3,4384413.0
SHP_43347,90298.8,2227775.3
SHP_43349,167128.6,4261510.0
SHP_43350,93107.2,2204778.8
SHP_43352,56424.6,1385903.3
SHP_43354,47316.7,1130918.8
SHP_43357,78992.0,1873243.1
SHP_43363,87167.9,2069278.4
SHP_43369,150288.4,3830779.5
SHP_43375,173116.5,4400014.5
SHP_43378,14052.9,325472.1
SHP_43379,173.6,1763.5
SHP_43382,163853.8,4091384.5
SHP_43386,91610.9,2202970.3
SHP_43387,192072.0,4765440.0
SHP_43391,172692.1,4383696.5
SHP_43392,77856.3,1860708.5
SHP_43393,91649.3,2174237.8
SHP_43396,86785.5,2061830.3
SHP_43398,172453.7,4381539.0
SHP_43400,49028.3,1189000.0
SHP_43401,163176.5,4059495.0
SHP_43403,87811.7,2131681.5
SHP_43404,163613.1,4088460.5
SHP_43405,87069.0,2059680.9
SHP_43406,90515.8,2153873.3
SHP_43408,90027.8,2145906.3
SHP_43411,148614.5,3790311.8
SHP_43412,204324.8,5102045.0
SHP_43416,172340.8,4379230.5
SHP_43418,148761.3,3789963.8
SHP_43420,80438.3,1960070.9
SHP_43421,86663.0,2057755.0
SHP_43423,103016.9,2398663.8
SHP_43426,168652.3,4286894.0
SHP_43427,177568.4,4436464.5
SHP_43429,149360.4,3808708.0
SHP_43434,148291.0,3772630.5
SHP_43437,82590.1,1956519.8
SHP_43438,16208.5,379319.8
SHP_43441,86430.4,2053376.0
SHP_43443,3212.5,64917.1
SHP_43446,148761.3,3789963.8
SHP_43448,120998.1,3079142.3
SHP_43450,92377.3,2216660.0
SHP_43454,87590.1,2068359.8
SHP_43457,208315.9,5250027.5
SHP_43458,86819.0,2058796.5
SHP_43461,88598.7,2171409.0
SHP_43464,136835.7,3385916.0
SHP_43465,90627.1,2183058.8
SHP_43466,80272.9,1915237.6
SHP_43468,187215.3,4640180.0
SHP_43469,87235.0,2062587.0
SHP_43472,127382.0,3132704.5
SHP_43474,169647.8,4316821.0
SHP_43475,148614.5,3790311.8
SHP_43478,166467.3,4247641.5
SHP_43481,87909.4,2132194.3
SHP_43487,856.5,12900.5
SHP_43491,94730.4,2236911.3
SHP_43494,83535.5,1989148.8
SHP_43497,133672.3,3276073.5
SHP_43500,98855.2,2325344.0
SHP_43501,171805.4,4373278.5
SHP_43502,85960.7,2042263.9
SHP_43507,117476.2,2837807.5
SHP_43508,175320.1,4376757.0
SHP_43511,80473.5,1909402.5
SHP_43513,163853.8,4091384.5
SHP_43514,49028.3,1189000.0
SHP_43515,83346.9,2034871.4
SHP_43516,92436.0,2217564.3
SHP_43518,56082.7,1352758.0
SHP_43520,173399.3,4408596.0
SHP_43521,77914.2,1863958.4
SHP_43522,2543.7,45369.9
SHP_43527,92259.7,2189667.8
SHP_43530,167585.8,4273222.0
SHP_43531,171053.4,4352446.5
SHP_43533,85961.6,2036359.0
SHP_43534,87341.8,2071180.6
SHP_43540,92249.5,2210390.0
SHP_43541,78106.2,1911858.5
SHP_43543,92304.5,2194288.8
SHP_43546,173347.8,4402241.0
SHP_43547,88672.8,2106762.5
SHP_43548,127319.5,3131529.0
SHP_43550,85974.2,2043703.0
SHP_43551,69316.6,1682810.4
SHP_43553,101586.0,2466076.5
SHP_43559,88050.2,2076538.5
SHP_43565,91088.7,2186005.3
SHP_43568,79041.0,1883291.3
SHP_43571,80371.0,1908570.3
SHP_43572,83523.6,1987512.0
SHP_43577,166467.3,4247641.5
SHP_43578,23189.0,552793.2
SHP_43581,168735.5,4297887.5
SHP_43582,166467.3,4247641.5
SHP_43590,90792.7,2190419.3
SHP_43594,100564.1,2349125.8
SHP_43595,54021.6,1285635.5
SHP_43599,101901.3,2409683.0
SHP_43600,173155.1,4397312.0
SHP_43601,172670.7,4385392.0
SHP_43602,97207.5,2341803.0
SHP_43603,80349.3,1957403.0
SHP_43607,96824.6,2268463.5
SHP_43608,100358.8,2437151.0
SHP_43613,163473.8,4087180.0
SHP_43614,166467.3,4247641.5
SHP_43615,68365.7,1663063.9
SHP_43618,172751.5,4393148.5
SHP_43619,101957.5,2478507.0
SHP_43620,172671.0,4386968.5
SHP_43621,171980.2,4370861.5
SHP_43625,103800.3,2510311.5
SHP_43626,87751.7,2070180.5
SHP_43629,167284.8,4266330.0
SHP_43631,149777.7,3812607.3
SHP_43632,134088.3,3317882.5
SHP_43633,128321.5,3163633.5
SHP_43634,90960.0,2159799.8
SHP_43635,56231.4,1354817.6
SHP_43636,87373.1,2065933.9
SHP_43638,53533.0,1296744.0
SHP_43640,92985.1,2174990.3
SHP_43642,163899.8,4091302.5
SHP_43643,90429.2,2225724.8
SHP_43644,125002.1,3172845.0
SHP_43645,192183.4,4768151.0
SHP_43650,92088.6,2211702.5
SHP_43651,55807.2,1344764.4
SHP_43653,79561.9,1942497.3
SHP_43660,91792.7,2175779.3
SHP_43662,84071.5,1990579.6
SHP_43667,90942.6,2162185.3
SHP_43668,84638.9,2007855.9
SHP_43669,87780.9,2078307.5
SHP_43670,196783.3,4884733.0
SHP_43673,197130.7,4891644.0
SHP_43674,193941.3,4823044.0
SHP_43675,1011.5,14813.2
SHP_43679,77179.0,1847672.9
SHP_43681,101848.2,2465624.0
SHP_43683,95343.3,2255918.3
SHP_43684,191444.0,4768251.0
SHP_43685,84806.8,2020027.4
SHP_43689,167329.1,4267590.0
SHP_43693,88429.6,2151398.5
SHP_43696,69628.1,1691599.1
SHP_43697,128001.9,3158335.0
SHP_43698,173346.3,4401012.0
SHP_43699,174436.5,4432637.5
SHP_43700,77597.7,1849796.5
SHP_43705,89349.8,2104610.5
SHP_43707,53526.8,1277554.3
SHP_43713,92088.6,2211702.5
SHP_43714,87605.6,2124796.8
SHP_43718,91760.6,2177773.0
SHP_43728,87341.8,2071180.6
SHP_43729,91993.1,2184841.0
SHP_43731,79196.5,1854893.8
SHP_43736,110177.4,2691348.8
SHP_43738,95343.3,2255918.3
SHP_43740,185258.1,4625183.0
SHP_43741,173155.1,4397312.0
SHP_43742,177568.4,4436464.5
SHP_43743,48500.3,1167417.5
SHP_43745,98201.4,2316231.8
SHP_43749,160237.7,4092678.5
SHP_43750,170793.9,4348994.5
SHP_43751,167934.6,4261265.5
SHP_43752,156446.4,3998090.0
SHP_43754,92532.9,2220075.3
SHP_43756,43436.6,1065542.4
SHP_43761,2543.7,45369.9
SHP_43762,87852.7,2135759.0
SHP_43763,194268.3,4924638.0
SHP_43765,45348.6,1102088.4
SHP_43766,177402.6,4497889.5
SHP_43771,88487.9,2154792.3
SHP_43772,204324.8,5102045.0
SHP_43774,122546.3,3113873.5
SHP_43775,82498.0,1929508.5
SHP_43776,51900.7,1228223.8
SHP_43778,148761.3,3789963.8
SHP_43780,173116.5,4400014.5
SHP_43781,91520.0,2171088.0
SHP_43782,194678.0,4838234.0
SHP_43783,90313.6,2148606.0
SHP_43784,92653.6,2187949.0
SHP_43786,102676.6,2491363.8
SHP_43787,88487.9,2154792.3
SHP_43789,83857.8,1992760.0
SHP_43793,87664.9,2070154.8
SHP_43795,81013.3,1923764.6
SHP_43796,65184.1,1552303.9
SHP_43802,106645.9,2596131.0
SHP_43804,77379.7,1849329.9
SHP_43806,2944.1,55402.8
SHP_43809,92495.1,2190783.3
SHP_43813,86353.4,2052444.9
SHP_43817,86858.2,2057529.9
SHP_43820,67819.8,1577418.5
SHP_43822,95257.2,2244398.0
SHP_43823,65071.9,1555960.5
SHP_43825,176946.8,4485554.5
SHP_43826,80468.3,1913374.9
SHP_43827,197074.6,4896370.0
SHP_43829,18167.4,404931.7
SHP_43830,86018.3,2043690.6
SHP_43832,80807.1,1966822.3
SHP_43835,122780.1,3118002.8
SHP_43841,82826.4,2006342.4
SHP_43843,196443.2,4892748.0
SHP_43844,194384.8,4845698.0
SHP_43851,172381.9,4378223.0
SHP_43852,163649.5,4069183.5
SHP_43853,56206.2,1353848.0
SHP_43854,87904.7,2081680.8
SHP_43857,197357.4,4897967.5
SHP_43861,156446.4,3998090.0
SHP_43862,77689.1,1858974.1
SHP_43865,87882.9,2137175.8
SHP_43867,79304.1,1867129.0
SHP_43868,16934.5,396719.6
SHP_43869,18348.5,438012.2
SHP_43870,84071.5,1990579.6
SHP_43871,78842.7,1882099.4
SHP_43872,172432.8,4379968.5
SHP_43873,74322.1,1797787.6
SHP_43875,101983.0,2477619.8
SHP_43876,173540.5,4407187.0
SHP_43877,193277.4,4803303.0
SHP_43882,87065.2,2059088.8
SHP_43884,172044.1,4370471.5
SHP_43886,172657.0,4386016.0
SHP_43887,87848.8,2072516.0
SHP_43889,91816.9,2177727.5
SHP_43890,93089.5,2236122.8
SHP_43892,16259.8,382068.9
SHP_43893,77179.0,1847672.9
SHP_43894,174694.7,4437785.0
SHP_43897,195026.2,4847341.0
SHP_43903,169629.4,4317559.5
SHP_43904,204324.8,5102045.0
SHP_43906,91693.8,2201157.8
SHP_43908,95756.5,2259945.3
SHP_43909,167078.7,4261610.0
SHP_43911,53306.0,1291278.0
SHP_43912,173991.6,4415232.0
SHP_43914,218643.7,5390623.0
SHP_43917,1868.2,30477.0
SHP_43920,93112.2,2229295.3
SHP_43921,87026.4,2060128.8
SHP_43925,84036.3,1988965.4
SHP_43926,148149.8,3779648.5
SHP_43929,170916.2,4283878.0
SHP_43932,47251.7,1138139.4
SHP_43934,172499.8,4382507.0
SHP_43936,212101.1,5312962.5
SHP_43938,2259.2,42982.5
SHP_43939,184888.8,4616622.0
SHP_43943,116073.0,2785204.0
SHP_43945,94997.5,2239089.8
SHP_43946,191444.0,4768251.0
SHP_43947,16208.5,379319.8
SHP_43953,89236.1,2165258.0
SHP_43955,215154.6,5329868.0
SHP_43958,82569.3,1956400.8
SHP_43961,78029.7,1911568.9
SHP_43964,142162.2,3615541.5
SHP_43965,170808.9,4349746.5
SHP_43967,86904.7,2109455.8
SHP_43971,133502.1,3306715.5
SHP_43975,57888.3,1406661.3
SHP_43977,181231.2,4519624.5
SHP_43979,86440.7,2053061.1
SHP_43980,168735.5,4297887.5
SHP_43981,19498.4,463420.7
SHP_43984,170354.4,4340277.0
SHP_43985,87248.8,2060910.6
SHP_43986,87506.9,2065883.1
SHP_43987,87707.7,2096081.3
SHP_43988,173207.3,4403836.0
SHP_43990,89360.3,2191560.0
SHP_43994,67582.0,1573198.0
SHP_43995,2543.7,45369.9
SHP_43996,81989.7,1955928.3
SHP_43998,172544.2,4383247.5
SHP_44000,212327.0,5324911.0
SHP_44001,79310.0,1864429.1
SHP_44003,172738.5,4391909.0
SHP_44004,55123.0,1303479.4
SHP_44008,169783.3,4323807.5
SHP_44015,193529.1,4811730.0
SHP_44016,177914.7,4441874.0
SHP_44019,79539.8,1941902.6
SHP_44020,160237.7,4092678.5
SHP_44021,171529.5,4364872.5
SHP_44023,91576.9,2199942.5
SHP_44025,163176.5,4059495.0
SHP_44026,172737.3,4394355.0
SHP_44030,87460.8,2123040.5
SHP_44034,193510.9,4806965.0
SHP_44035,64599.2,1548719.8
SHP_44038,40501.8,957360.7
SHP_44041,177316.1,4500009.5
SHP_44043,215154.6,5329868.0
SHP_44048,102045.7,2503125.3
SHP_44051,86594.3,2031951.1
SHP_44052,97044.6,2340154.5
SHP_44053,185995.1,4689864.0
SHP_44055,133403.3,3270040.0
SHP_44057,86405.2,2051871.4
SHP_44058,87013.8,2059099.3
SHP_44061,1495.4,19088.7
SHP_44063,82737.6,2006483.8
SHP_44066,87024.9,2058806.8
SHP_44068,178112.9,4444991.5
SHP_44069,44851.0,1090979.4
SHP_44073,177316.1,4500009.5
SHP_44074,110177.4,2691348.8
SHP_44076,183154.7,4571057.0
SHP_44080,144212.5,3532201.8
SHP_44081,80660.2,1923981.5
SHP_44082,167299.6,4266985.0
SHP_44083,80468.3,1913374.9
SHP_44084,163649.5,4069183.5
SHP_44086,57112.2,1363462.1
SHP_44087,59540.2,1450323.6
SHP_44090,133729.2,3312231.0
SHP_44093,86440.7,2053061.1
SHP_44094,90771.7,2150526.0
SHP_44095,91902.4,2177570.3
SHP_44097,173501.5,4401432.0
SHP_44099,99256.6,2399184.8
SHP_44103,16259.8,382068.9
SHP_44107,197026.8,4896959.0
SHP_44108,1517.9,21515.9
SHP_44116,79794.6,1895190.3
SHP_44118,1571.9,23544.2
SHP_44119,78336.8,1839919.8
SHP_44122,69316.6,1682810.4
SHP_44124,48812.6,1174470.5
SHP_44130,86858.2,2057529.9
SHP_44140,77686.5,1905346.8
SHP_44141,45076.6,1100061.5
SHP_44142,133362.5,3304139.0
SHP_44146,93143.3,2247304.8
SHP_44149,173136.4,4396009.0
SHP_44150,87359.0,2072734.9
SHP_44153,173311.8,4403766.5
SHP_44154,167436.3,4268839.0
SHP_44155,43540.5,1052845.8
SHP_44156,87244.7,2071051.4
SHP_44157,85225.3,2024002.5
SHP_44158,86289.4,2097445.8
SHP_44160,142426.4,3624870.0
SHP_44162,81902.4,1964181.8
SHP_44164,91415.2,2169622.0
SHP_44166,87126.6,2060921.3
SHP_44168,190755.9,4755937.0
SHP_44170,167128.6,4261510.0
SHP_44174,79887.1,1900578.8
SHP_44175,94271.1,2230195.0
SHP_44176,171125.2,4356727.5
SHP_44179,91576.9,2199942.5
SHP_44180,170035.8,4330429.0
SHP_44181,175008.5,4427531.0
SHP_44182,79979.5,1899247.6
SHP_44184,196650.7,4892347.0
SHP_44188,173286.6,4402059.0
SHP_44191,65349.7,1583555.1
SHP_44192,71510.6,1730180.4
SHP_44195,83638.2,1990711.9
SHP_44196,79196.5,1854893.8
SHP_44202,69970.7,1672033.5
SHP_44203,91790.6,2177446.8
SHP_44205,175397.3,4452783.5
SHP_44206,167623.5,4271424.0
SHP_44208,194812.1,4851714.0
SHP_44212,23189.0,552793.2
SHP_44215,173200.3,4399153.5
SHP_44216,89349.8,2104610.5
SHP_44221,171483.3,4367100.0
SHP_44223,61705.4,1491485.0
SHP_44229,213230.4,5339659.0
SHP_44231,197224.9,4914708.0
SHP_44237,196443.2,4892748.0
SHP_44238,167546.5,4270888.0
SHP_44239,169511.0,4314872.5
SHP_44243,44179.2,1076833.6
SHP_44244,185347.9,4619757.5
SHP_44245,117772.1,2827706.5
SHP_44246,92098.5,2164280.0
SHP_44248,59414.4,1436694.5
SHP_44251,208895.2,5260896.0
SHP_44252,89654.0,2114296.0
SHP_44256,39246.8,928655.6
SHP_44260,90771.7,2150526.0
SHP_44263,168665.4,4296115.0
SHP_44265,92384.6,2192034.8
SHP_44266,69316.6,1682810.4
SHP_44270,167284.8,4266330.0
SHP_44272,170239.6,4334889.0
SHP_44273,77161.2,1891946.1
SHP_44275,79811.4,1949166.8
SHP_44277,92729.5,2192842.8
SHP_44279,172197.5,4373946.0
SHP_44281,88996.2,2163935.5
SHP_44282,116073.0,2785204.0
SHP_44284,99615.3,2413838.5
SHP_44285,149360.4,3808708.0
SHP_44286,149787.3,3812706.5
SHP_44287,83863.0,1986706.1
SHP_44288,197026.8,4896959.0
SHP_44289,170573.0,4337416.0
SHP_44290,44490.4,1082513.9
SHP_44293,65278.0,1562072.1
SHP_44295,164136.5,4095117.0
SHP_44296,89236.1,2165258.0
SHP_44297,51358.1,1231952.9
SHP_44299,71143.2,1723629.8
SHP_44300,91576.9,2199942.5
SHP_44301,31718.7,772056.3
SHP_44302,172197.5,4373946.0
SHP_44304,1684.8,24216.8
SHP_44305,85457.0,2031283.8
SHP_44308,149667.0,3816064.5
SHP_44309,169140.2,4310171.5
SHP_44310,86874.1,2061619.3
SHP_44311,169139.5,4310200.0
SHP_44314,133852.3,3290604.0
SHP_44316,78068.3,1911343.3
SHP_44317,175042.0,4442768.5
SHP_44318,169741.5,4320882.5
SHP_44319,173772.5,4417168.5
SHP_44322,86123.5,2048434.8
SHP_44327,167408.5,4268148.0
SHP_44331,149821.3,3813245.0
SHP_44333,95184.9,2244034.8
SHP_44334,87709.3,2076782.3
SHP_44336,172020.8,4367875.0
SHP_44340,31454.0,769440.4
SHP_44341,134735.3,3330798.3
SHP_44343,173307.8,4403265.5
SHP_44357,173540.5,4407187.0
SHP_44358,92340.6,2218156.5
SHP_44361,172289.1,4379866.0
SHP_44362,91444.0,2167953.8
SHP_44364,89511.5,2175120.0
SHP_44365,91531.4,2197277.0
SHP_44367,149086.3,3802294.3
SHP_44370,75955.2,1815917.0
SHP_44371,133682.7,3310257.3
SHP_44375,80256.9,1912248.0
SHP_44380,167808.0,4278053.5
SHP_44381,87751.7,2070180.5
SHP_44382,89064.9,2119535.3
SHP_44383,71620.1,1676277.5
SHP_44387,74403.4,1796650.3
SHP_44391,150115.8,3821025.5
SHP_44393,169783.3,4323807.5
SHP_44397,70871.3,1716512.3
SHP_44403,101118.4,2390527.5
SHP_44404,192417.8,4797819.5
SHP_44405,92950.7,2230600.0
SHP_44406,173210.2,4402371.5
SHP_44408,195966.0,4872931.0
SHP_44411,163487.2,4076610.5
SHP_44413,55045.1,1292979.3
SHP_44415,91588.3,2172811.3
SHP_44418,87909.4,2132194.3
SHP_44421,169457.4,4315731.0
SHP_44422,73529.7,1760416.8
SHP_44424,90285.8,2224226.3
SHP_44425,87110.7,2060647.9
SHP_44426,91732.4,2176460.3
SHP_44427,90622.6,2228092.5
SHP_44430,83531.7,1980426.8
SHP_44431,86826.9,2058821.4
SHP_44433,92495.1,2190783.3
SHP_44434,172183.5,4375343.0
SHP_44435,135977.7,3369447.8
SHP_44438,97551.0,2306906.8
SHP_44439,150354.6,3831387.3
SHP_44440,99477.7,2423219.0
SHP_44441,56240.9,1354597.8
SHP_44442,173953.0,4408741.5
SHP_44443,93089.5,2236122.8
SHP_44445,170239.6,4334889.0
SHP_44446,91579.2,2200682.5
SHP_44449,79412.1,1890218.3
SHP_44452,102505.4,2389492.0
SHP_44453,86479.5,2054301.5
SHP_44455,208895.2,5260896.0
SHP_44456,98007.2,2355864.3
SHP_44459,84356.6,2009980.8
SHP_44463,212327.0,5324911.0
SHP_44464,89229.9,2189894.8
SHP_44468,172864.3,4397623.5
SHP_44469,85652.8,2033507.0
SHP_44470,102169.1,2387835.5
SHP_44471,87746.9,2129264.0
SHP_44474,80463.8,1909302.3
SHP_44478,173276.3,4404799.0
SHP_44479,92316.0,2191081.5
SHP_44481,87759.8,2069667.6
SHP_44482,177568.4,4436464.5
SHP_44484,196599.3,4891312.0
SHP_44488,170681.6,4346589.0
SHP_44495,1620.0,26614.9
SHP_44496,91215.5,2158301.0
SHP_44498,69752.8,1691753.9
SHP_44501,87280.8,2060997.8
SHP_44504,87666.9,2078007.4
SHP_44505,195205.8,4850724.0
SHP_44506,125260.5,3178675.0
SHP_44507,76346.3,1814568.6
SHP_44509,53309.4,1289621.6
SHP_44513,92206.9,2213339.8
SHP_44516,44141.8,1079292.0
SHP_44517,134861.7,3331597.3
SHP_44518,177353.0,4412126.0
SHP_44519,80371.0,1908570.3
SHP_44520,85138.3,2050275.5
SHP_44522,87751.7,2070180.5
SHP_44524,198025.0,4923556.0
SHP_44525,41339.1,974062.2
SHP_44527,86426.5,2055272.0
SHP_44528,211494.0,5319902.5
SHP_44534,177105.1,4486755.5
SHP_44535,23464.0,557421.9
SHP_44538,19498.4,463420.7
SHP_44540,67685.5,1576297.6
SHP_44541,177152.3,4494380.0
SHP_44543,212204.0,5329877.0
SHP_44544,170916.2,4283878.0
SHP_44546,127525.7,3135209.5
SHP_44547,79794.6,1895190.3
SHP_44549,92727.7,2194722.3
SHP_44550,80850.1,1963736.5
SHP_44551,99783.9,2402798.0
SHP_44554,172183.5,4375343.0
SHP_44555,90618.1,2153724.3
SHP_44557,65485.7,1561498.9
SHP_44558,172786.9,4396756.0
SHP_44559,79561.9,1942497.3
SHP_44560,185487.0,4627258.0
SHP_44565,80331.2,1899879.3
SHP_44568,92095.3,2208243.0
SHP_44569,93107.2,2204778.8
SHP_44571,122190.1,3106381.5
SHP_44574,91384.0,2169710.8
SHP_44575,44563.2,1087079.3
SHP_44577,171448.9,4358688.5
SHP_44579,95208.2,2255594.3
SHP_44582,191669.1,4773256.0
SHP_44583,168863.1,4295618.0
SHP_44584,69532.7,1688574.5
SHP_44586,91965.7,2210372.0
SHP_44587,172751.5,4393148.5
SHP_44590,87390.9,2064551.3
SHP_44591,78829.7,1855841.8
SHP_44593,218954.4,5395635.5
SHP_44595,91882.7,2178535.3
SHP_44597,90515.8,2153873.3
SHP_44598,195872.2,4878562.0
SHP_44601,102651.9,2399056.8
SHP_44606,88387.4,2078108.1
SHP_44607,177152.3,4494380.0
SHP_44608,103257.0,2504870.8
SHP_44609,169626.1,4311825.5
SHP_44612,103257.0,2504870.8
SHP_44615,86374.9,2097640.3
SHP_44618,167634.2,4273490.0
SHP_44621,99256.6,2399184.8
SHP_44623,87152.3,2060399.0
SHP_44624,169621.4,4318248.5
SHP_44625,56782.0,1393720.8
SHP_44627,208315.9,5250027.5
SHP_44628,195164.6,4857697.0
SHP_44629,78829.7,1855841.8
SHP_44630,92929.4,2227348.3
SHP_44631,91708.8,2179308.5
SHP_44635,1079.1,15777.1
SHP_44639,183524.0,4638457.0
SHP_44643,84728.8,2040834.0
SHP_44646,77331.8,1828251.4
SHP_44649,95184.9,2244034.8
SHP_44651,194644.4,4840329.0
SHP_44653,54759.7,1292742.3
SHP_44655,86349.0,2051045.4
SHP_44657,65349.7,1583555.1
SHP_44659,174070.8,4416744.0
SHP_44660,83735.6,1987803.5
SHP_44661,87510.8,2117225.0
SHP_44662,43390.0,1060007.8
SHP_44664,127706.8,3153351.0
SHP_44665,2098.8,34680.6
SHP_44668,174325.6,4424960.5
SHP_44670,191994.2,4778042.0
SHP_44671,173540.5,4407187.0
SHP_44672,172458.3,4380454.0
SHP_44677,86123.5,2048434.8
SHP_44678,57270.6,1377276.3
SHP_44680,173772.5,4417168.5
SHP_44681,173871.3,4418561.5
SHP_44684,59414.4,1436694.5
SHP_44686,168863.1,4295618.0
SHP_44687,172176.2,4373438.5
SHP_44688,197224.9,4914708.0
SHP_44689,172808.1,4397528.0
SHP_44692,141954.0,3612206.0
SHP_44694,171935.8,4375727.0
SHP_44696,172830.5,4397303.0
SHP_44698,142654.0,3629128.3
SHP_44701,91734.6,2175074.3
SHP_44702,77179.0,1847672.9
SHP_44703,92377.9,2185889.8
SHP_44704,83346.9,2034871.4
SHP_44705,79058.0,1932797.4
SHP_44706,82951.5,1970182.8
SHP_44719,150115.8,3821025.5
SHP_44720,81013.3,1923764.6
SHP_44723,121212.8,3082781.3
SHP_44724,80468.3,1913374.9
SHP_44726,89120.0,2166255.0
SHP_44729,168976.5,4307509.0
SHP_44731,71510.6,1730180.4
SHP_44732,92436.0,2217564.3
SHP_44734,149256.9,3787900.0
SHP_44736,133960.9,3316628.5
SHP_44737,78650.2,1854525.3
SHP_44746,103083.2,2405555.8
SHP_44749,167808.0,4278053.5
SHP_44751,87065.2,2059088.8
SHP_44752,163366.5,4066964.8
SHP_44754,95184.9,2244034.8
SHP_44755,86826.9,2058821.4
SHP_44757,16612.6,386713.4
SHP_44758,171879.9,4372447.0
SHP_44762,63833.3,1543604.8
SHP_44763,196443.2,4892748.0
SHP_44764,196650.7,4892347.0
SHP_44774,100588.7,2444662.5
SHP_44775,121678.4,3091783.5
SHP_44776,110177.4,2691348.8
SHP_44777,194383.4,4832908.0
SHP_44778,167419.8,4264143.0
SHP_44779,175006.8,4429453.0
SHP_44780,93225.6,2206749.0
SHP_44781,87605.6,2124796.8
SHP_44782,73553.7,1765237.5
SHP_44784,197240.1,4911337.0
SHP_44786,92197.5,2183338.8
SHP_44787,90987.7,2185855.0
SHP_44789,195026.2,4847341.0
SHP_44790,87167.9,2069278.4
SHP_44791,94271.1,2230195.0
SHP_44799,74250.3,1753187.5
SHP_44801,2603.1,46998.7
SHP_44804,209504.2,5270222.5
SHP_44805,212283.1,5315632.0
SHP_44806,92376.9,2165579.5
SHP_44807,109748.2,2641785.0
SHP_44810,173279.4,4405916.0
SHP_44811,81646.2,1981588.0
SHP_44812,45069.4,1096665.0
SHP_44814,172326.4,4378835.5
SHP_44815,92376.9,2165579.5
SHP_44816,89197.3,2105349.3
SHP_44819,86177.7,2046732.6
SHP_44822,76755.0,1882879.8
SHP_44823,77914.2,1863958.4
SHP_44827,90757.1,2156301.3
SHP_44830,120998.1,3079142.3
SHP_44831,149086.3,3802294.3
SHP_44835,193529.1,4811730.0
SHP_44836,150509.2,3833237.3
SHP_44841,173435.9,4406942.5
SHP_44843,97144.7,2341030.3
SHP_44844,67428.0,1570137.3
SHP_44846,1007.1,14787.2
SHP_44847,72253.4,1746346.0
SHP_44848,173836.2,4406053.5
SHP_44853,93112.2,2229295.3
SHP_44856,117798.5,2829781.0
SHP_44857,174330.9,4429425.0
SHP_44858,135977.7,3369447.8
SHP_44861,81301.1,1973582.5
SHP_44863,176598.9,4482273.5
SHP_44866,39246.8,928655.6
SHP_44870,68381.6,1651442.4
SHP_44871,90771.7,2150526.0
SHP_44872,42674.4,1031555.0
SHP_44873,2039.4,32855.0
SHP_44874,135977.7,3369447.8
SHP_44875,172347.8,4376207.0
SHP_44877,86858.2,2057529.9
SHP_44878,98855.2,2325344.0
SHP_44879,194949.1,4855036.5
SHP_44880,85974.2,2043703.0
SHP_44881,87848.8,2072516.0
SHP_44882,86966.3,2058498.3
SHP_44885,73172.7,1766582.4
SHP_44887,65800.3,1596844.5
SHP_44888,20157.2,473578.3
SHP_44892,133362.5,3304139.0
SHP_44894,122908.7,3119603.8
SHP_44900,194729.7,4839620.0
SHP_44902,65278.0,1562072.1
SHP_44903,172453.7,4381539.0
SHP_44907,196676.1,4899223.0
SHP_44909,45449.7,1098911.8
SHP_44913,174312.9,4427407.0
SHP_44915,101983.8,2476653.0
SHP_44917,87489.4,2065877.5
SHP_44918,84921.1,2022085.5
SHP_44923,92249.8,2183960.5
SHP_44926,65057.2,1552896.3
SHP_44928,192119.7,4781054.0
SHP_44930,62825.3,1531176.8
SHP_44931,170289.3,4337121.5
SHP_44932,170525.3,4335998.5
SHP_44935,195877.8,4883696.0
SHP_44938,77856.3,1860708.5
SHP_44940,90878.6,2190665.3
SHP_44941,172183.5,4375343.0
SHP_44942,53082.1,1273046.4
SHP_44943,79749.0,1945408.1
SHP_44944,92235.1,2161530.8
SHP_44945,93074.5,2200377.3
SHP_44946,101951.9,2475877.5
SHP_44947,89642.3,2115460.0
SHP_44948,167915.4,4282205.0
SHP_44951,79335.5,1886956.6
SHP_44952,99477.7,2423219.0
SHP_44953,96824.6,2268463.5
SHP_44954,172737.3,4394355.0
SHP_44956,92951.0,2230044.8
SHP_44959,92563.9,2174903.3
SHP_44961,87746.9,2129264.0
SHP_44962,64588.7,1545096.5
SHP_44969,91933.6,2178939.0
SHP_44972,95273.2,2243992.8
SHP_44975,96947.0,2338752.0
SHP_44980,91406.0,2169968.3
SHP_44981,100783.6,2351770.5
SHP_44983,86858.2,2057529.9
SHP_44987,88050.2,2076538.5
SHP_44988,77961.1,1837052.6
SHP_44991,196650.7,4892347.0
SHP_44992,87473.0,2126157.5
SHP_44995,78811.3,1868435.6
SHP_44996,88250.9,2026733.8
SHP_44999,171586.8,4362990.5
SHP_45008,91576.9,2199942.5
SHP_45012,2746.7,49360.3
SHP_45016,181231.2,4519624.5
SHP_45017,87476.9,2120277.0
SHP_45018,86123.5,2048434.8
SHP_45021,69640.8,1688414.0
SHP_45024,91692.9,2174706.5
SHP_45025,109748.2,2641785.0
SHP_45027,90642.6,2228088.0
SHP_45029,193923.5,4820841.0
SHP_45031,177190.8,4497453.5
SHP_45036,167546.5,4270888.0
SHP_45037,91357.5,2169171.5
SHP_45040,94465.2,2231311.5
SHP_45044,70714.5,1704805.8
SHP_45045,41250.7,973571.6
SHP_45047,134735.3,3330798.3
SHP_45048,44179.2,1076833.6
SHP_45049,87848.8,2072516.0
SHP_45052,163232.0,4065406.0
SHP_45053,117957.6,2830471.0
SHP_45055,169783.3,4323807.5
SHP_45059,90106.9,2124053.0
SHP_45061,166356.7,4245465.0
SHP_45067,176946.8,4485554.5
SHP_45071,133074.1,3221484.0
SHP_45072,86874.1,2061619.3
SHP_45073,92005.0,2209536.0
SHP_45074,80072.0,1912150.8
SHP_45075,193080.5,4794258.0
SHP_45077,87332.3,2064598.5
SHP_45080,173547.6,4413451.0
SHP_45082,91579.2,2200682.5
SHP_45085,81502.0,1977156.5
SHP_45086,92376.9,2165579.5
SHP_45088,16150.9,371510.9
SHP_45089,2543.7,45369.9
SHP_45090,76291.8,1820828.6
SHP_45099,88050.2,2076538.5
SHP_45100,127706.8,3153351.0
SHP_45102,18336.3,406290.6
SHP_45103,91571.0,2158449.0
SHP_45104,167294.8,4267258.0
SHP_45107,61569.1,1490556.1
SHP_45108,98360.6,2300644.5
SHP_45111,91708.8,2179308.5
SHP_45112,195966.0,4872931.0
SHP_45113,45448.8,1106285.8
SHP_45115,163306.6,4064513.8
SHP_45119,90532.6,2152959.0
SHP_45121,75129.4,1810103.8
SHP_45122,101586.0,2466076.5
SHP_45123,163306.6,4064513.8
SHP_45124,45285.4,1100672.1
SHP_45125,93115.0,2228636.8
SHP_45126,91434.8,2170945.3
SHP_45129,99256.6,2399184.8
SHP_45133,87511.9,2072632.4
SHP_45134,95184.9,2244034.8
SHP_45137,87478.3,2073011.6
SHP_45138,85652.8,2033507.0
SHP_45143,122908.7,3119603.8
SHP_45149,91161.7,2163680.5
SHP_45152,77689.1,1858974.1
SHP_45155,76806.8,1826330.1
SHP_45156,98957.0,2285706.0
SHP_45159,87865.5,2077176.8
SHP_45160,58679.2,1410451.5
SHP_45161,62993.5,1530574.5
SHP_45165,78922.7,1927550.9
SHP_45167,80418.9,1913647.0
SHP_45168,79353.5,1868830.0
SHP_45171,46819.2,1118397.0
SHP_45172,90878.6,2190665.3
SHP_45175,82276.4,1952657.6
SHP_45176,2039.4,32855.0
SHP_45177,135977.7,3369447.8
SHP_45178,79603.4,1886747.5
SHP_45179,197302.6,4911708.5
SHP_45181,87709.3,2076782.3
SHP_45182,82315.2,1969944.1
SHP_45183,87605.6,2124796.8
SHP_45188,44157.4,1078666.9
SHP_45191,88429.6,2151398.5
SHP_45192,86430.4,2053376.0
SHP_45194,70723.1,1687977.3
SHP_45196,75571.1,1819517.9
SHP_45197,213521.0,5363165.0
SHP_45199,177402.6,4497889.5
SHP_45201,86704.4,2107340.8
SHP_45202,174197.6,4425868.0
SHP_45204,175015.2,4442384.5
SHP_45205,133407.9,3267798.5
SHP_45206,2259.2,42982.5
SHP_45209,73132.9,1753101.3
SHP_45210,198055.0,4915600.0
SHP_45211,87126.6,2060921.3
SHP_45213,194061.8,4825438.0
SHP_45215,86665.1,2058746.3
SHP_45216,90328.4,2227893.3
SHP_45218,142426.4,3624870.0
SHP_45219,193529.1,4811730.0
SHP_45221,86824.4,2060104.0
SHP_45222,148243.2,3778249.0
SHP_45223,81646.2,1981588.0
SHP_45224,169436.2,4304029.0
SHP_45225,90673.6,2157262.0
SHP_45226,42746.8,1034448.6
SHP_45229,91357.5,2169171.5
SHP_45230,212985.6,5328169.5
SHP_45233,90642.6,2228088.0
SHP_45234,88904.5,2141009.5
SHP_45235,101234.8,2456585.3
SHP_45238,1662.3,27529.7
SHP_45240,193780.8,4820274.0
SHP_45248,174995.5,4427903.5
SHP_45249,73119.6,1757473.3
SHP_45250,93571.6,2216523.5
SHP_45251,2039.4,32855.0
SHP_45253,102553.2,2506043.0
SHP_45258,94723.0,2219034.3
SHP_45260,86826.9,2058821.4
SHP_45261,170666.1,4339106.5
SHP_45262,70707.4,1714619.4
SHP_45269,2944.1,55402.8
SHP_45270,103101.6,2395488.8
SHP_45271,215154.6,5329868.0
SHP_45272,178266.3,4450991.0
SHP_45273,78887.9,1928722.0
SHP_45275,150295.1,3830847.0
SHP_45276,92452.6,2164136.5
SHP_45280,171938.2,4371256.5
SHP_45281,16150.9,371510.9
SHP_45283,48812.6,1174470.5
SHP_45284,102079.4,2477516.5
SHP_45285,83098.2,2031991.0
SHP_45288,56398.3,1385960.4
SHP_45289,148614.5,3790311.8
SHP_45291,101513.8,2466702.5
SHP_45292,180848.8,4577112.0
SHP_45293,52877.2,1283755.3
SHP_45295,89511.5,2175120.0
SHP_45301,86562.8,2054667.5
SHP_45302,74512.5,1794377.6
SHP_45303,84636.5,2039809.0
SHP_45305,65349.7,1583555.1
SHP_45309,43951.2,1074196.0
SHP_45310,101363.9,2463164.3
SHP_45312,101437.3,2459843.3
SHP_45313,1868.2,30477.0
SHP_45315,95208.2,2255594.3
SHP_45318,81252.1,1927636.6
SHP_45320,94038.2,2218668.5
SHP_45321,173435.9,4406942.5
SHP_45322,51955.1,1233556.4
SHP_45325,191964.1,4777458.5
SHP_45327,90144.1,2146178.5
SHP_45328,172906.2,4389556.0
SHP_45329,144152.7,3530555.3
SHP_45332,80906.8,1921214.3
SHP_45335,90771.7,2150526.0
SHP_45336,87395.3,2074287.0
SHP_45339,75549.9,1817110.5
SHP_45342,83098.2,2031991.0
SHP_45346,168500.9,4284715.5
SHP_45349,197130.7,4891644.0
SHP_45353,45069.4,1096665.0
SHP_45354,79274.8,1877287.9
SHP_45355,102079.4,2477516.5
SHP_45357,173236.7,4398054.0
SHP_45358,103658.9,2422493.0
SHP_45360,195870.7,4870670.5
SHP_45363,193560.8,4813864.0
SHP_45365,2944.1,55402.8
SHP_45366,128158.3,3160681.5
SHP_45367,172003.5,4372249.0
SHP_45370,160284.3,4093800.0
SHP_45376,103257.0,2504870.8
SHP_45381,93051.9,2200129.3
SHP_45383,172432.8,4379968.5
SHP_45386,69208.6,1681516.6
SHP_45387,92070.6,2179359.0
SHP_45391,84356.6,2009980.8
SHP_45392,193941.3,4823044.0
SHP_45395,194507.7,4829928.0
SHP_45396,77771.4,1905568.4
SHP_45398,195872.2,4878562.0
SHP_45403,101586.0,2466076.5
SHP_45404,85319.7,2029749.8
SHP_45405,87850.3,2072840.3
SHP_45406,197026.8,4896959.0
SHP_45408,71606.9,1703274.0
SHP_45409,79979.5,1899247.6
SHP_45411,136960.5,3385167.3
SHP_45412,45174.0,1097778.1
SHP_45413,94039.9,2221127.0
SHP_45415,55592.3,1317528.8
SHP_45417,77856.3,1860708.5
SHP_45420,167636.3,4273509.0
SHP_45421,213386.5,5360722.5
SHP_45422,57858.7,1413262.5
SHP_45424,98201.4,2316231.8
SHP_45426,125065.1,3176216.5
SHP_45427,180849.2,4575893.0
SHP_45428,195870.7,4870670.5
SHP_45430,170837.2,4345370.5
SHP_45433,150509.2,3833237.3
SHP_45435,173252.4,4405728.0
SHP_45437,133362.5,3304139.0
SHP_45438,1592.9,23646.3
SHP_45440,80381.9,1957410.3
SHP_45441,101363.9,2463164.3
SHP_45444,170412.8,4327883.0
SHP_45445,86349.0,2051045.4
SHP_45447,85985.8,2013776.0
SHP_45450,91965.7,2210372.0
SHP_45451,43544.5,1067442.1
SHP_45453,77161.2,1891946.1
SHP_45455,102560.3,2390187.5
SHP_45456,88715.2,2093779.8
SHP_45462,95756.5,2259945.3
SHP_45464,171946.6,4370379.5
SHP_45465,3060.1,57481.6
SHP_45466,78336.8,1839919.8
SHP_45468,99088.0,2315961.0
SHP_45471,79794.6,1895190.3
SHP_45472,197130.7,4891644.0
SHP_45475,77161.2,1891946.1
SHP_45476,166467.3,4247641.5
SHP_45481,103113.9,2402942.3
SHP_45484,100588.7,2444662.5
SHP_45485,86858.2,2057529.9
SHP_45487,164030.1,4077403.0
SHP_45488,84101.7,1989199.0
SHP_45489,167524.6,4273296.0
SHP_45492,79335.5,1886956.6
SHP_45493,163460.2,4067234.5
SHP_45495,168524.4,4285750.0
SHP_45497,39951.8,939579.7
SHP_45498,77976.5,1866490.6
SHP_45499,149787.3,3812706.5
SHP_45500,163485.3,4082033.5
SHP_45501,87337.4,2145853.0
SHP_45503,117029.4,2829456.5
SHP_45504,181231.2,4519624.5
SHP_45506,2543.7,45369.9
SHP_45509,196650.7,4892347.0
SHP_45510,166467.3,4247641.5
SHP_45513,92042.6,2154119.5
SHP_45514,77856.3,1860708.5
SHP_45515,194168.0,4842777.0
SHP_45518,53836.8,1279208.0
SHP_45523,78482.7,1844593.3
SHP_45524,1000.2,16975.6
SHP_45526,74250.3,1753187.5
SHP_45527,168665.4,4296115.0
SHP_45530,99570.1,2451326.5
SHP_45532,168976.5,4307509.0
SHP_45533,86289.4,2097445.8
SHP_45534,173279.4,4405916.0
SHP_45535,172163.8,4375336.0
SHP_45537,117747.1,2827632.5
SHP_45538,70372.7,1703840.0
SHP_45540,212283.1,5315632.0
SHP_45541,86858.2,2057529.9
SHP_45542,168932.1,4300549.0
SHP_45543,79518.2,1895920.1
SHP_45545,172176.2,4373438.5
SHP_45550,79979.5,1899247.6
SHP_45551,173728.9,4412673.0
SHP_45552,167284.8,4266330.0
SHP_45555,77332.0,1850744.4
SHP_45560,98360.6,2300644.5
SHP_45562,91588.3,2172811.3
SHP_45563,168704.5,4288663.0
SHP_45567,80367.9,1957374.4
SHP_45568,71173.3,1720081.3
SHP_45569,99665.1,2472511.0
SHP_45570,88685.0,2152120.3
SHP_45574,87529.1,2066038.9
SHP_45575,91470.7,2243681.0
SHP_45579,54388.3,1279911.0
SHP_45580,171348.3,4357489.0
SHP_45581,92666.2,2235409.5
SHP_45584,100588.7,2444662.5
SHP_45586,77161.2,1891946.1
SHP_45588,87291.0,2064772.5
SHP_45591,133167.5,3301541.0
SHP_45592,74403.4,1796650.3
SHP_45593,167851.8,4269894.5
SHP_45596,80463.8,1909302.3
SHP_45599,194812.1,4851714.0
SHP_45600,53325.0,1276230.0
SHP_45601,79794.6,1895190.3
SHP_45602,80473.5,1909402.5
SHP_45603,173399.3,4408596.0
SHP_45604,172651.8,4382966.0
SHP_45607,81646.2,1981588.0
SHP_45610,116073.0,2785204.0
SHP_45611,86430.4,2053376.0
SHP_45612,197758.6,4924174.0
SHP_45619,88715.2,2093779.8
SHP_45623,61569.1,1490556.1
SHP_45624,85974.2,2043703.0
SHP_45625,75997.0,1807425.9
SHP_45626,86953.7,2058709.8
SHP_45628,92929.4,2227348.3
SHP_45629,91830.5,2176429.5
SHP_45630,194384.8,4845698.0
SHP_45632,86562.8,2054667.5
SHP_45633,197062.8,4903091.5
SHP_45638,87530.8,2072707.8
SHP_45641,45308.6,1096841.0
SHP_45644,192332.6,4788876.0
SHP_45645,163306.6,4064513.8
SHP_45648,172183.5,4375343.0
SHP_45649,86479.5,2054301.5
SHP_45651,84730.2,2041788.4
SHP_45652,45448.8,1106285.8
SHP_45653,197240.1,4911337.0
SHP_45654,173008.7,4398423.0
SHP_45658,18336.3,406290.6
SHP_45659,166356.7,4245465.0
SHP_45664,134735.3,3330798.3
SHP_45668,65076.2,1551248.5
SHP_45671,71510.6,1730180.4
SHP_45674,69316.6,1682810.4
SHP_45678,40873.2,967869.8
SHP_45679,103113.9,2402942.3
SHP_45681,79252.9,1864135.5
SHP_45682,92376.9,2165579.5
SHP_45683,49028.3,1189000.0
SHP_45686,23075.3,550604.9
SHP_45690,67572.5,1572158.3
SHP_45691,168524.4,4285750.0
SHP_45693,87235.0,2062587.0
SHP_45696,102079.4,2477516.5
SHP_45697,163075.6,4057545.0
SHP_45698,74250.3,1753187.5
SHP_45699,167436.3,4268839.0
SHP_45700,198025.0,4923556.0
SHP_45701,172737.3,4394355.0
SHP_45702,168665.4,4296115.0
SHP_45703,212327.0,5324911.0
SHP_45704,82705.5,1958151.8
SHP_45706,86479.5,2054301.5
SHP_45709,100564.1,2349125.8
SHP_45710,39246.8,928655.6
SHP_45712,165107.6,4214483.0
SHP_45713,133682.7,3310257.3
SHP_45714,90721.9,2155707.8
SHP_45716,88473.0,2079035.1
SHP_45718,169190.5,4308427.0
SHP_45719,167284.8,4266330.0
SHP_45720,120641.0,2924179.0
SHP_45721,168901.1,4306258.0
SHP_45723,117894.6,2788672.5
SHP_45726,92384.6,2192034.8
SHP_45730,81873.0,1944926.5
SHP_45732,87506.2,2127632.3
SHP_45734,93632.8,2210228.0
SHP_45736,77914.2,1863958.4
SHP_45739,87332.3,2064598.5
SHP_45740,87313.2,2071368.5
SHP_45743,88487.9,2154792.3
SHP_45744,178226.0,4446604.0
SHP_45745,89236.1,2165258.0
SHP_45747,57112.2,1363462.1
SHP_45749,170209.1,4330604.0
SHP_45750,1750.9,27104.0
SHP_45755,92063.0,2180912.0
SHP_45756,18348.5,438012.2
SHP_45757,168665.4,4296115.0
SHP_45758,89236.1,2165258.0
SHP_45759,163341.7,4063895.0
SHP_45760,172619.6,4389843.5
SHP_45763,80431.4,1918091.5
SHP_45765,194812.1,4851714.0
SHP_45767,170413.6,4336483.5
SHP_45769,191533.9,4770502.0
SHP_45773,48597.4,1168189.0
SHP_45775,56127.2,1379303.8
SHP_45776,163306.6,4064513.8
SHP_45778,92088.6,2211702.5
SHP_45779,172980.7,4399605.0
SHP_45780,172478.7,4382278.5
SHP_45781,196443.2,4892748.0
SHP_45785,99088.0,2315961.0
SHP_45786,177135.1,4495906.5
SHP_45787,91384.0,2169710.8
SHP_45790,174324.3,4431773.5
SHP_45792,171586.8,4362990.5
SHP_45793,116073.0,2785204.0
SHP_45795,99703.5,2415076.8
SHP_45797,183359.0,4575407.0
SHP_45799,195560.8,4870634.0
SHP_45800,190793.5,4756195.0
SHP_45801,163680.3,4089718.0
SHP_45804,209335.5,5268576.5
SHP_45805,82013.9,1951721.8
SHP_45807,86715.4,2055850.3
SHP_45808,81763.7,1943551.0
SHP_45809,96073.1,2254668.0
SHP_45810,172737.3,4394355.0
SHP_45816,194812.1,4851714.0
SHP_45818,12655.8,284073.3
SHP_45819,208315.9,5250027.5
SHP_45823,135977.7,3369447.8
SHP_45826,86773.1,2058313.1
SHP_45830,193080.5,4794258.0
SHP_45833,173122.9,4396868.0
SHP_45834,93679.8,2209909.3
SHP_45835,83346.9,2034871.4
SHP_45836,52531.4,1212172.1
SHP_45838,83312.4,1991370.0
SHP_45840,84806.8,2020027.4
SHP_45841,79467.9,1942297.1
SHP_45842,172667.4,4385908.0
SHP_45846,31914.2,778349.2
SHP_45847,168735.5,4297887.5
SHP_45848,92717.2,2170901.8
SHP_45849,87560.5,2069568.8
SHP_45851,18219.2,405252.7
SHP_45853,91708.8,2179308.5
SHP_45855,128777.3,3165820.0
SHP_45857,103708.9,2408143.0
SHP_45858,79335.5,1886956.6
SHP_45863,1495.4,19088.7
SHP_45866,79603.4,1886747.5
SHP_45869,87079.5,2059857.1
SHP_45870,93679.8,2209909.3
SHP_45874,169190.5,4308427.0
SHP_45875,79252.9,1864135.5
SHP_45876,148614.5,3790311.8
SHP_45877,610.1,8144.5
SHP_45878,93912.5,2208722.3
SHP_45882,88789.6,2175470.0
SHP_45884,80728.8,1922264.3
SHP_45885,85058.4,2014652.6
SHP_45892,171163.3,4288561.0
SHP_45897,78956.6,1894687.8
SHP_45901,170767.3,4344759.5
SHP_45904,197220.7,4916118.0
SHP_45905,142171.7,3621428.0
SHP_45906,65076.2,1551248.5
SHP_45907,170529.1,4340769.0
SHP_45909,135977.7,3369447.8
SHP_45913,91817.8,2176293.8
SHP_45914,173991.6,4415232.0
SHP_45915,88487.9,2154792.3
SHP_45916,173243.0,4398558.0
SHP_45917,86785.5,2061830.3
SHP_45919,73172.7,1766582.4
SHP_45920,172483.8,4380033.5
SHP_45922,160237.7,4092678.5
SHP_45924,133682.7,3310257.3
SHP_45926,79979.5,1899247.6
SHP_45927,87904.7,2081680.8
SHP_45930,172544.6,4389039.5
SHP_45932,94643.5,2221305.0
SHP_45933,173772.5,4417168.5
SHP_45938,45259.5,1101041.8
SHP_45939,80468.3,1913374.9
SHP_45940,167851.8,4269894.5
SHP_45943,879.1,9943.6
SHP_45950,170209.1,4330604.0
SHP_45951,88723.2,2095116.3
SHP_45952,80935.0,1945969.4
SHP_45953,92088.6,2211702.5
SHP_45954,84466.2,2028388.4
SHP_45955,167436.3,4268839.0
SHP_45956,16208.5,379319.8
SHP_45961,92436.0,2217564.3
SHP_45962,53406.8,1268465.0
SHP_45963,83995.8,2004396.4
SHP_45964,91171.8,2165874.0
SHP_45965,173346.3,4401012.0
SHP_45967,56535.2,1386083.3
SHP_45968,87478.3,2073011.6
SHP_45969,67747.9,1576116.0
SHP_45972,212327.0,5324911.0
SHP_45973,85974.2,2043703.0
SHP_45975,92095.3,2208243.0
SHP_45976,92005.0,2209536.0
SHP_45978,128777.3,3165820.0
SHP_45979,93040.4,2200174.8
SHP_45981,87110.7,2060647.9
SHP_45983,195870.7,4870670.5
SHP_45984,212909.4,5337524.0
SHP_45986,100847.7,2425252.5
SHP_45987,87419.6,2064113.5
SHP_45990,99256.6,2399184.8
SHP_45991,87473.0,2126157.5
SHP_45992,167808.0,4278053.5
SHP_45993,171812.7,4370761.5
SHP_46001,90027.8,2145906.3
SHP_46002,53533.0,1296744.0
SHP_46003,87897.3,2079102.4
SHP_46007,81894.1,1989229.8
SHP_46008,92169.8,2180533.3
SHP_46010,64588.7,1545096.5
SHP_46015,45448.8,1106285.8
SHP_46016,91649.2,2200289.0
SHP_46018,83577.0,1988152.5
SHP_46023,172044.1,4370471.5
SHP_46024,116073.0,2785204.0
SHP_46025,91470.7,2243681.0
SHP_46026,80728.8,1922264.3
SHP_46027,100588.7,2444662.5
SHP_46029,92377.3,2216660.0
SHP_46030,56383.7,1386262.5
SHP_46031,170239.6,4334889.0
SHP_46032,195966.0,4872931.0
SHP_46036,173204.4,4401019.5
SHP_46041,53306.7,1271360.1
SHP_46042,102169.1,2387835.5
SHP_46043,88050.2,2076538.5
SHP_46045,194644.4,4840329.0
SHP_46048,82705.5,1958151.8
SHP_46054,169072.9,4309663.0
SHP_46055,101057.6,2389687.5
SHP_46060,69802.7,1693326.4
SHP_46062,94997.5,2239089.8
SHP_46063,23122.6,552947.3
SHP_46065,87052.4,2111484.0
SHP_46069,89229.9,2189894.8
SHP_46070,66600.8,1557070.4
SHP_46073,127809.8,3152424.5
SHP_46077,85851.5,2044507.3
SHP_46078,69452.7,1658347.3
SHP_46079,86715.4,2055850.3
SHP_46081,96824.6,2268463.5
SHP_46082,86177.7,2046732.6
SHP_46086,86123.5,2048434.8
SHP_46091,172844.2,4391044.5
SHP_46093,167592.0,4273510.0
SHP_46094,95177.4,2254742.3
SHP_46096,87605.6,2124796.8
SHP_46097,70707.4,1714619.4
SHP_46099,76221.4,1798897.5
SHP_46100,72324.0,1741812.3
SHP_46102,87749.3,2077039.9
SHP_46104,164106.1,4097328.0
SHP_46107,117476.2,2837807.5
SHP_46108,86939.5,2059669.3
SHP_46109,127442.2,3142658.5
SHP_46111,86177.7,2046732.6
SHP_46112,1495.4,19088.7
SHP_46113,194472.1,4834689.5
SHP_46118,63833.3,1543604.8
SHP_46119,88882.3,2141133.8
SHP_46120,208146.4,5244892.5
SHP_46121,91600.8,2255657.0
SHP_46124,23075.3,550604.9
SHP_46126,87664.9,2070154.8
SHP_46127,95209.9,2300222.3
SHP_46128,173116.5,4400014.5
SHP_46129,83817.0,1988140.6
SHP_46130,191241.1,4763401.0
SHP_46131,171950.0,4369617.0
SHP_46134,83523.7,1979938.0
SHP_46135,87530.8,2072707.8
SHP_46136,92448.1,2186881.8
SHP_46140,173274.4,4399948.0
SHP_46141,167555.6,4272915.5
SHP_46150,61569.1,1490556.1
SHP_46154,84754.0,1999330.8
SHP_46155,168476.3,4284710.0
SHP_46162,177834.5,4439926.0
SHP_46164,125231.1,3178342.5
SHP_46167,128001.9,3158335.0
SHP_46171,81064.3,1926838.1
SHP_46173,70619.5,1707009.5
SHP_46175,160772.4,4105928.8
SHP_46176,92376.9,2165579.5
SHP_46177,99477.7,2423219.0
SHP_46178,173191.7,4398801.0
SHP_46180,31914.2,778349.2
SHP_46181,80162.7,1911463.8
SHP_46184,117957.6,2830471.0
SHP_46185,70714.5,1704805.8
SHP_46186,75678.5,1819757.5
SHP_46191,64588.7,1545096.5
SHP_46192,64963.8,1549998.3
SHP_46193,99531.2,2412613.0
SHP_46194,70134.4,1699484.0
SHP_46196,92715.4,2194036.3
SHP_46199,77191.6,1847792.8
SHP_46203,121895.2,3099665.0
SHP_46204,99359.3,2393344.5
SHP_46205,100588.7,2444662.5
SHP_46206,172668.7,4386931.0
SHP_46207,70707.4,1714619.4
SHP_46208,88723.2,2095116.3
SHP_46210,167546.5,4270888.0
SHP_46211,74512.5,1794377.6
SHP_46212,94723.0,2219034.3
SHP_46214,80807.1,1966822.3
SHP_46215,181231.2,4519624.5
SHP_46216,182622.1,4553748.0
SHP_46220,87763.4,2077294.1
SHP_46221,86858.2,2057529.9
SHP_46228,78755.6,1925393.0
SHP_46229,71199.4,1723389.5
SHP_46231,91300.7,2167531.0
SHP_46232,117772.1,2827706.5
SHP_46235,177316.1,4500009.5
SHP_46237,45348.6,1102088.4
SHP_46239,97305.5,2342405.0
SHP_46241,41339.1,974062.2
SHP_46242,76625.2,1876725.8
SHP_46244,172347.8,4376207.0
SHP_46246,180436.8,4569876.5
SHP_46254,193100.1,4816724.0
SHP_46255,71022.3,1716222.0
SHP_46256,84921.1,2022085.5
SHP_46259,18348.5,438012.2
SHP_46261,101499.9,2500471.0
SHP_46262,103016.9,2398663.8
SHP_46263,173311.8,4403767.0
SHP_46264,87280.8,2060997.8
SHP_46265,78650.3,1924442.3
SHP_46266,64963.8,1549998.3
SHP_46267,141954.0,3612206.0
SHP_46269,134725.6,3315278.5
SHP_46275,94567.2,2232467.0
SHP_46276,81168.5,1925082.3
SHP_46279,87352.9,2122082.3
SHP_46280,173991.6,4415232.0
SHP_46281,184973.3,4618316.5
SHP_46282,87556.3,2128423.0
SHP_46283,100588.7,2444662.5
SHP_46284,90393.0,2150675.0
SHP_46285,116073.0,2785204.0
SHP_46289,47251.7,1138139.4
SHP_46290,90627.1,2183058.8
SHP_46291,78106.2,1911858.5
SHP_46292,177284.1,4497850.0
SHP_46293,79743.4,1895613.0
SHP_46296,80256.9,1912248.0
SHP_46297,87511.9,2072632.4
SHP_46300,93679.8,2209909.3
SHP_46303,215154.6,5329868.0
SHP_46305,87069.0,2059680.9
SHP_46306,87680.9,2078132.3
SHP_46308,83577.0,1988152.5
SHP_46309,86821.9,2057249.5
SHP_46310,2543.7,45369.9
SHP_46312,190653.5,4696030.0
SHP_46315,163256.6,4065622.0
SHP_46317,86819.0,2058796.5
SHP_46319,90532.6,2152959.0
SHP_46322,173274.4,4399948.0
SHP_46323,45412.8,1107617.9
SHP_46324,81238.3,1929682.3
SHP_46325,84211.2,2001906.8
SHP_46329,87751.7,2070180.5
SHP_46333,169498.0,4311923.0
SHP_46335,78482.7,1844593.3
SHP_46336,66600.8,1557070.4
SHP_46338,56206.2,1353848.0
SHP_46339,75770.9,1818789.3
SHP_46341,178112.9,4444991.5
SHP_46342,195118.2,4801697.5
SHP_46345,87414.3,2067688.1
SHP_46346,86778.9,2057073.6
SHP_46347,94974.2,2244932.5
SHP_46349,87510.8,2117225.0
SHP_46350,170837.2,4345370.5
SHP_46353,171586.8,4362990.5
SHP_46356,79105.3,1932845.0
SHP_46358,86665.1,2058746.3
SHP_46359,86824.9,2107298.0
SHP_46365,90658.8,2157382.3
SHP_46367,87390.8,2067306.0
SHP_46369,65899.4,1581248.8
SHP_46371,68316.5,1661728.3
SHP_46373,93051.9,2200129.3
SHP_46374,79058.0,1932797.4
SHP_46376,142833.8,3633031.0
SHP_46377,77161.2,1891946.1
SHP_46382,191241.1,4763401.0
SHP_46384,88050.2,2076538.5
SHP_46386,84921.1,2022085.5
SHP_46387,91693.5,2174712.5
SHP_46388,173836.2,4406053.5
SHP_46391,76625.2,1876725.8
SHP_46394,195365.2,4857959.0
SHP_46396,91933.6,2178939.0
SHP_46398,73529.7,1760416.8
SHP_46401,87419.6,2064113.5
SHP_46407,87909.5,2080129.9
SHP_46416,81238.3,1929682.3
SHP_46422,122546.3,3113873.5
SHP_46424,183433.1,4637129.0
SHP_46425,86274.3,2026258.5
SHP_46427,91637.1,2173529.8
SHP_46435,70590.5,1712778.0
SHP_46436,87628.2,2083800.1
SHP_46438,91965.7,2210372.0
SHP_46441,50709.9,1239862.5
SHP_46442,149360.4,3808708.0
SHP_46443,92169.8,2180533.3
SHP_46446,96948.7,2292251.0
SHP_46447,73529.7,1760416.8
SHP_46449,64456.5,1543598.8
SHP_46453,173772.5,4417168.5
SHP_46454,53082.1,1273046.4
SHP_46456,92377.3,2216660.0
SHP_46459,202919.9,4535831.0
SHP_46462,87104.4,2060725.8
SHP_46463,185425.4,4618855.0
SHP_46465,195966.0,4872931.0
SHP_46468,101954.1,2477901.5
SHP_46470,86177.7,2046732.6
SHP_46471,171812.7,4370761.5
SHP_46472,163473.8,4087180.0
SHP_46477,67880.3,1578476.8
SHP_46484,171957.4,4370954.0
SHP_46485,133362.5,3304139.0
SHP_46486,90499.6,2153443.0
SHP_46489,212327.0,5324911.0
SHP_46491,90027.8,2145906.3
SHP_46494,16570.4,385895.6
SHP_46496,172381.9,4378223.0
SHP_46498,2543.7,45369.9
SHP_46499,195164.6,4857697.0
SHP_46500,71643.0,1707969.1
SHP_46501,72253.4,1746346.0
SHP_46503,92532.9,2220075.3
SHP_46504,172844.2,4391044.5
SHP_46507,173335.3,4405406.0
SHP_46508,86665.1,2058746.3
SHP_46509,193080.5,4794258.0
SHP_46510,79412.1,1890218.3
SHP_46518,172692.1,4383696.5
SHP_46523,90916.8,2234383.5
SHP_46526,44542.2,1086642.5
SHP_46527,172737.3,4394355.0
SHP_46531,167524.6,4273296.0
SHP_46532,95756.5,2259945.3
SHP_46543,87167.9,2069278.4
SHP_46544,195954.3,4886026.0
SHP_46547,45174.0,1097778.1
SHP_46549,40873.2,967869.8
SHP_46552,197023.6,4892883.5
SHP_46554,167583.5,4273526.5
SHP_46556,87664.9,2070154.8
SHP_46558,18348.5,438012.2
SHP_46559,87585.0,2075817.0
SHP_46562,92772.3,2195220.5
SHP_46565,169437.1,4310411.0
SHP_46567,170573.0,4337416.0
SHP_46568,194383.4,4832908.0
SHP_46570,98855.2,2325344.0
SHP_46571,91430.7,2196804.0
SHP_46577,87169.2,2060439.9
SHP_46579,81798.8,1943752.3
SHP_46581,87722.7,2130385.5
SHP_46583,82705.5,1958151.8
SHP_46584,163256.6,4065622.0
SHP_46585,78055.5,1911990.5
SHP_46586,190793.5,4756195.0
SHP_46591,90978.9,2241819.5
SHP_46594,81902.4,1964181.8
SHP_46595,82569.3,1956400.8
SHP_46596,173483.4,4409680.0
SHP_46600,69628.1,1691599.1
SHP_46601,138.3,1270.2
SHP_46603,87679.4,2076486.6
SHP_46604,87751.7,2070180.5
SHP_46606,93310.2,2242805.0
SHP_46607,67613.8,1564632.6
SHP_46608,177353.0,4412126.0
SHP_46612,172882.1,4388519.0
SHP_46615,82870.5,1963963.3
SHP_46616,77914.2,1863958.4
SHP_46617,57112.2,1363462.1
SHP_46618,85652.8,2033507.0
SHP_46619,67408.3,1571160.8
SHP_46620,172340.8,4379230.5
SHP_46622,53533.0,1296744.0
SHP_46624,172844.2,4391044.5
SHP_46626,88092.2,2081914.0
SHP_46630,133074.1,3221484.0
SHP_46636,87235.0,2062587.0
SHP_46641,102553.2,2506043.0
SHP_46642,173589.6,4411153.0
SHP_46643,173483.4,4409680.0
SHP_46645,134725.6,3315278.5
SHP_46649,177568.4,4436464.5
SHP_46650,75713.7,1818021.6
SHP_46651,195289.3,4867985.0
SHP_46655,167553.8,4271975.0
SHP_46656,3060.1,57481.6
SHP_46657,93478.5,2213355.3
SHP_46659,64588.7,1545096.5
SHP_46666,177568.4,4436464.5
SHP_46667,65278.0,1562072.1
SHP_46668,149097.9,3800820.8
SHP_46673,92295.6,2194146.3
SHP_46674,196339.7,4877095.0
SHP_46676,87390.9,2064551.3
SHP_46677,171401.8,4357609.0
SHP_46680,94682.4,2234207.5
SHP_46681,161638.1,4013840.8
SHP_46682,91430.7,2196804.0
SHP_46684,93083.8,2201877.3
SHP_46685,20157.2,473578.3
SHP_46687,92316.0,2191081.5
SHP_46692,87051.7,2061272.5
SHP_46694,86473.7,2099183.0
SHP_46695,127118.8,3137193.3
SHP_46697,173210.2,4402371.5
SHP_46698,80469.6,1914628.6
SHP_46699,20157.2,473578.3
SHP_46700,212283.1,5315632.0
SHP_46701,1684.8,24216.8
SHP_46702,75571.1,1819517.9
SHP_46706,65450.5,1561218.8
SHP_46707,170539.0,4342436.5
SHP_46713,136835.7,3385916.0
SHP_46714,108363.6,2634033.3
SHP_46716,193558.2,4826939.0
SHP_46718,134088.3,3317882.5
SHP_46721,55592.3,1317528.8
SHP_46722,90960.0,2159799.8
SHP_46724,87185.3,2060523.8
SHP_46726,57112.2,1363462.1
SHP_46728,43637.8,1065627.0
SHP_46734,95392.8,2245113.5
SHP_46735,94271.1,2230195.0
SHP_46736,93107.2,2204778.8
SHP_46738,166824.6,4256392.0
SHP_46740,75549.9,1817110.5
SHP_46742,172703.4,4389080.5
SHP_46743,109748.2,2641785.0
SHP_46749,135977.7,3369447.8
SHP_46750,84699.6,2019221.1
SHP_46753,100847.7,2425252.5
SHP_46756,87280.8,2060997.8
SHP_46757,1750.9,27104.0
SHP_46762,87529.1,2066038.9
SHP_46765,172165.3,4377828.0
SHP_46775,175238.3,4450556.5
SHP_46776,149787.3,3812706.5
SHP_46778,52586.7,1254448.9
SHP_46781,70036.1,1698114.8
SHP_46789,134725.6,3315278.5
SHP_46790,92281.6,2187304.3
SHP_46792,172350.7,4378045.5
SHP_46793,173204.4,4401019.5
SHP_46794,197967.5,4922679.0
SHP_46796,81480.6,1932136.3
SHP_46797,173275.5,4405889.0
SHP_46799,42650.6,1032980.1
SHP_46801,78650.3,1924442.3
SHP_46805,15912.6,374670.9
SHP_46806,76181.5,1833698.3
SHP_46808,74250.3,1753187.5
SHP_46809,79642.8,1946090.0
SHP_46810,53640.1,1281710.5
SHP_46812,174457.4,4434390.5
SHP_46813,77161.2,1891946.1
SHP_46815,177834.5,4439926.0
SHP_46817,43901.4,1060738.8
SHP_46819,208791.5,5260537.0
SHP_46821,100125.4,2423706.5
SHP_46822,170916.2,4283878.0
SHP_46824,92176.6,2162934.5
SHP_46827,90604.3,2227984.3
SHP_46829,39909.6,937343.6
SHP_46830,91503.1,2201372.5
SHP_46832,56020.9,1352369.4
SHP_46834,197240.1,4911337.0
SHP_46837,92107.6,2210788.3
SHP_46839,172030.1,4371287.0
SHP_46840,65899.4,1581248.8
SHP_46841,94038.2,2218668.5
SHP_46845,144152.7,3530555.3
SHP_46848,88576.0,2172818.8
SHP_46850,167561.7,4272803.5
SHP_46858,101118.4,2390527.5
SHP_46859,175238.3,4450556.5
SHP_46861,163853.8,4091384.5
SHP_46863,173116.5,4400014.5
SHP_46864,73085.3,1755859.6
SHP_46869,81013.3,1923764.6
SHP_46870,168976.5,4307509.0
SHP_46871,83312.4,1991370.0
SHP_46872,87341.8,2071180.6
SHP_46873,77331.8,1828251.4
SHP_46876,85319.7,2029749.8
SHP_46877,120998.1,3079142.3
SHP_46878,87560.5,2069568.8
SHP_46879,78943.8,1882426.6
SHP_46882,86065.8,2091316.4
SHP_46885,103601.1,2414016.8
SHP_46890,15912.6,374670.9
SHP_46891,100358.8,2437151.0
SHP_46894,96049.5,2249824.0
SHP_46896,172340.8,4379230.5
SHP_46903,172138.0,4382120.5
SHP_46906,91693.5,2174712.5
SHP_46909,172183.5,4375343.0
SHP_46910,171208.8,4352098.5
SHP_46912,95715.5,2251729.3
SHP_46913,92729.5,2192842.8
SHP_46919,142654.0,3629128.3
SHP_46921,169190.5,4308427.0
SHP_46923,173136.7,4397620.0
SHP_46925,177568.4,4436464.5
SHP_46928,91573.9,2172402.3
SHP_46929,81008.9,1926911.8
SHP_46932,209122.2,5264171.0
SHP_46933,144084.5,3529373.5
SHP_46935,67685.5,1576297.6
SHP_46940,45174.0,1097778.1
SHP_46946,177834.5,4439926.0
SHP_46949,87709.3,2076782.3
SHP_46952,128777.3,3165820.0
SHP_46953,174590.4,4420928.5
SHP_46954,90515.8,2153873.3
SHP_46955,93637.4,2215220.5
SHP_46956,89049.8,2101555.5
SHP_46958,196783.3,4884733.0
SHP_46959,172737.3,4394355.0
SHP_46966,173727.0,4414553.0
SHP_46968,90978.9,2241819.5
SHP_46969,44335.4,1083420.0
SHP_46972,211870.8,5309553.5
SHP_46973,87152.6,2065288.3
SHP_46974,167608.3,4273258.0
SHP_46977,197062.8,4903091.5
SHP_46978,72253.4,1746346.0
SHP_46981,174694.7,4437785.0
SHP_46983,71643.0,1707969.1
SHP_46985,173435.9,4406942.5
SHP_46988,68319.7,1662855.1
SHP_46990,86289.4,2097445.8
SHP_46991,92169.8,2180533.3
SHP_46993,86665.1,2058746.3
SHP_46994,182622.1,4553748.0
SHP_46995,91579.2,2200682.5
SHP_46996,89677.6,2114827.5
SHP_46999,170236.3,4337753.5
SHP_47002,212676.3,5327736.5
SHP_47006,87291.0,2064772.5
SHP_47007,173540.5,4407187.0
SHP_47008,135977.7,3369447.8
SHP_47010,175636.9,4460058.0
SHP_47013,172416.4,4380671.0
SHP_47014,79539.8,1941902.6
SHP_47015,193780.8,4820274.0
SHP_47016,86777.6,2109936.5
SHP_47018,52987.2,1284928.9
SHP_47020,215154.6,5329868.0
SHP_47024,88904.5,2141009.5
SHP_47025,69156.0,1676445.9
SHP_47026,149086.3,3802294.3
SHP_47027,80371.0,1908570.3
SHP_47029,160237.7,4092678.5
SHP_47030,83535.5,1989148.8
SHP_47031,101363.9,2463164.3
SHP_47033,172182.9,4376801.0
SHP_47034,90699.0,2180305.5
SHP_47036,91725.8,2175009.0
SHP_47037,599.9,8037.3
SHP_47038,86168.5,2050053.8
SHP_47039,91768.8,2175547.3
SHP_47041,92951.0,2230044.8
SHP_47042,175636.9,4460058.0
SHP_47044,172889.1,4389310.0
SHP_47045,88938.0,2183129.0
SHP_47046,57112.2,1363462.1
SHP_47049,90792.7,2190419.3
SHP_47050,763.6,11584.6
SHP_47051,44652.2,1091999.4
SHP_47055,44563.2,1087079.3
SHP_47056,164114.0,4098732.5
SHP_47058,86822.8,2058632.3
SHP_47059,93341.6,2191753.0
SHP_47060,150845.2,3843032.3
SHP_47061,65485.7,1561498.9
SHP_47062,95829.2,2259596.0
SHP_47067,67572.5,1572158.3
SHP_47069,164076.9,4080643.8
SHP_47075,174144.0,4412959.0
SHP_47078,177692.7,4435482.0
SHP_47080,1684.8,24216.8
SHP_47082,78860.8,1849589.9
SHP_47086,87390.9,2064551.3
SHP_47087,87632.7,2068359.5
SHP_47088,183379.5,4575739.0
SHP_47090,172432.8,4379968.5
SHP_47093,172582.3,4384413.0
SHP_47094,93728.5,2216817.5
SHP_47095,42602.2,1040049.8
SHP_47101,163473.8,4087180.0
SHP_47103,169511.6,4314193.5
SHP_47108,86440.7,2053061.1
SHP_47111,20157.2,473578.3
SHP_47113,194472.1,4834689.5
SHP_47115,195164.6,4857697.0
SHP_47117,167623.5,4271424.0
SHP_47120,16570.4,385895.6
SHP_47122,214878.6,5328847.5
SHP_47124,103148.6,2406874.3
SHP_47125,80371.0,1908570.3
SHP_47128,99648.5,2414069.0
SHP_47133,195205.8,4850724.0
SHP_47134,197610.4,4901145.0
SHP_47138,90771.7,2150526.0
SHP_47145,1832.8,30080.7
SHP_47147,75571.1,1819517.9
SHP_47150,57282.3,1404087.5
SHP_47151,57516.5,1406530.3
SHP_47152,96049.5,2249824.0
SHP_47153,193902.1,4822433.0
SHP_47155,87722.7,2130385.5
SHP_47157,186208.1,4647440.0
SHP_47161,96948.7,2292251.0
SHP_47162,168735.5,4297887.5
SHP_47163,87104.4,2060725.8
SHP_47165,87585.0,2075817.0
SHP_47167,78943.8,1882426.6
SHP_47169,94038.2,2218668.5
SHP_47170,79979.5,1899247.6
SHP_47172,86353.4,2052444.9
SHP_47173,185487.0,4627258.0
SHP_47174,163232.0,4065406.0
SHP_47175,122925.7,3121835.8
SHP_47177,88882.3,2141133.8
SHP_47181,96274.7,2278461.8
SHP_47183,100847.7,2425252.5
SHP_47184,134735.3,3330798.3
SHP_47185,92316.0,2191081.5
SHP_47187,163485.3,4082033.5
SHP_47188,20157.2,473578.3
SHP_47189,87762.0,2077355.0
SHP_47190,45718.5,1099837.0
SHP_47191,173067.3,4390322.0
SHP_47192,172923.1,4396645.5
SHP_47193,148761.3,3789963.8
SHP_47194,177278.4,4497451.0
SHP_47195,77689.1,1858974.1
SHP_47197,98360.6,2300644.5
SHP_47198,91600.8,2255657.0
SHP_47199,97658.9,2303500.0
SHP_47203,168735.5,4297887.5
SHP_47205,109436.6,2638899.0
SHP_47207,168652.3,4286894.0
SHP_47208,172289.1,4379866.0
SHP_47211,167585.8,4273222.0
SHP_47213,43901.4,1060738.8
SHP_47214,196590.3,4891064.0
SHP_47216,170793.9,4348994.5
SHP_47218,73149.5,1766718.0
SHP_47223,193080.5,4794258.0
SHP_47224,56535.2,1386083.3
SHP_47226,193475.7,4810459.0
SHP_47231,84439.7,2001579.4
SHP_47233,194812.1,4851714.0
SHP_47234,55592.3,1317528.8
SHP_47236,99704.0,2415080.5
SHP_47237,73950.0,1772901.8
SHP_47240,79332.3,1866274.6
SHP_47241,39246.8,928655.6
SHP_47242,87390.9,2064551.3
SHP_47243,93630.1,2210209.5
SHP_47245,67685.5,1576297.6
SHP_47248,94429.5,2265301.3
SHP_47252,2543.7,45369.9
SHP_47253,87489.4,2065877.5
SHP_47256,89511.5,2175120.0
SHP_47257,167128.6,4261510.0
SHP_47259,90313.6,2148606.0
SHP_47264,1000.2,16975.6
SHP_47270,735.4,10488.9
SHP_47271,175667.9,4461666.5
SHP_47272,45340.7,1099687.0
SHP_47273,194168.0,4842777.0
SHP_47277,91308.6,2167523.3
SHP_47280,173276.3,4404799.0
SHP_47281,78956.6,1894687.8
SHP_47282,87152.3,2060399.0
SHP_47283,171972.1,4369907.5
SHP_47285,64588.7,1545096.5
SHP_47286,65899.4,1581248.8
SHP_47288,103601.1,2414016.8
SHP_47295,49028.3,1189000.0
SHP_47300,63662.4,1543365.4
SHP_47302,94723.0,2219034.3
SHP_47304,172183.5,4375343.0
SHP_47305,86755.3,2060650.5
SHP_47307,172347.8,4376207.0
SHP_47309,173977.2,4409312.0
SHP_47310,77856.3,1860708.5
SHP_47312,77331.8,1828251.4
SHP_47315,65450.5,1561218.8
SHP_47316,79887.1,1900578.8
SHP_47317,171448.9,4358688.5
SHP_47318,86771.0,2057062.5
SHP_47319,83549.1,1986415.1
SHP_47328,142700.7,3630084.5
SHP_47330,163899.8,4091302.5
SHP_47331,175238.3,4450556.5
SHP_47334,213537.3,5362817.0
SHP_47335,64726.0,1545750.0
SHP_47336,91767.9,2175479.0
SHP_47339,51358.1,1231952.9
SHP_47341,183524.0,4638457.0
SHP_47343,87620.6,2077662.1
SHP_47346,173191.2,4401193.5
SHP_47348,159415.9,3934510.0
SHP_47351,87280.8,2060997.8
SHP_47352,90604.3,2227984.3
SHP_47353,86819.0,2058796.5
SHP_47356,172458.3,4380454.0
SHP_47358,87560.5,2069568.8
SHP_47359,57190.2,1403118.3
SHP_47360,90737.7,2156215.3
SHP_47363,86562.8,2054667.5
SHP_47364,168665.4,4296115.0
SHP_47365,120998.1,3079142.3
SHP_47367,87131.8,2059568.6
SHP_47371,90150.4,2120308.3
SHP_47376,44679.4,1089599.3
SHP_47378,91860.1,2178097.0
SHP_47380,173565.0,4405845.5
SHP_47382,78530.9,1846842.8
SHP_47383,78992.0,1873243.1
SHP_47384,1011.5,14813.2
SHP_47385,133407.9,3267798.5
SHP_47388,172906.2,4389556.0
SHP_47390,172999.2,4400358.0
SHP_47392,77161.2,1891946.1
SHP_47393,80475.6,1965258.0
SHP_47394,208796.2,5252757.0
SHP_47395,194836.4,4841846.0
SHP_47396,88723.2,2095116.3
SHP_47397,169852.2,4310962.0
SHP_47399,103083.2,2405555.8
SHP_47402,91465.6,2171577.3
SHP_47406,173871.3,4418561.5
SHP_47408,879.1,9943.6
SHP_47410,86349.0,2051045.4
SHP_47411,89236.1,2165258.0
SHP_47412,77771.4,1905568.4
SHP_47413,78235.5,1904550.0
SHP_47418,175042.0,4442768.5
SHP_47420,149057.0,3783990.0
SHP_47421,89590.1,2136940.3
SHP_47422,86020.3,2089559.8
SHP_47424,87781.1,2077862.5
SHP_47425,57888.3,1406661.3
SHP_47426,172738.5,4391909.0
SHP_47429,101586.0,2466076.5
SHP_47430,167643.1,4273871.5
SHP_47431,87786.3,2097026.4
SHP_47435,173399.3,4408596.0
SHP_47436,52531.4,1212172.1
SHP_47440,120641.0,2924179.0
SHP_47441,83425.9,1978743.0
SHP_47442,168665.4,4296115.0
SHP_47443,91430.7,2196804.0
SHP_47445,101070.5,2452747.0
SHP_47446,67297.5,1568506.9
SHP_47448,86570.5,2054442.1
SHP_47451,149733.7,3814382.0
SHP_47453,86374.9,2097640.3
SHP_47454,173472.3,4406066.5
SHP_47459,63833.3,1543604.8
SHP_47460,1620.0,26614.9
SHP_47464,79353.5,1868830.0
SHP_47466,46260.6,1111911.0
SHP_47468,80468.3,1913374.9
SHP_47474,77686.5,1905346.8
SHP_47476,209284.8,5262091.5
SHP_47483,63231.4,1529032.8
SHP_47485,78860.8,1849589.9
SHP_47488,193962.3,4823309.0
SHP_47489,89590.1,2136940.3
SHP_47490,172326.4,4378835.5
SHP_47491,172165.3,4377828.0
SHP_47493,82146.6,1949055.8
SHP_47497,177152.3,4494380.0
SHP_47499,70783.3,1705205.1
SHP_47500,173052.2,4396506.5
SHP_47501,98360.6,2300644.5
SHP_47505,90500.4,2116533.3
SHP_47507,90978.9,2241819.5
SHP_47509,95184.9,2244034.8
SHP_47513,175397.3,4452783.5
SHP_47515,61569.1,1490556.1
SHP_47519,87768.2,2134300.8
SHP_47520,172416.4,4380671.0
SHP_47521,92316.0,2191081.5
SHP_47523,42674.4,1031555.0
SHP_47525,52586.7,1254448.9
SHP_47526,108363.6,2634033.3
SHP_47527,83863.0,1986706.1
SHP_47529,149798.0,3814636.5
SHP_47532,173116.5,4400014.5
SHP_47534,87909.5,2080129.9
SHP_47535,193962.3,4823309.0
SHP_47540,49028.3,1189000.0
SHP_47545,173838.6,4417571.5
SHP_47546,173991.6,4415232.0
SHP_47547,72059.0,1742323.8
SHP_47550,120641.0,2924179.0
SHP_47551,95184.9,2244034.8
SHP_47552,67110.8,1565943.5
SHP_47555,173681.0,4402228.5
SHP_47558,167128.6,4261510.0
SHP_47560,149097.9,3800820.8
SHP_47561,168665.4,4296115.0
SHP_47566,79248.0,1867883.8
SHP_47567,148864.2,3794606.5
SHP_47569,95184.9,2244034.8
SHP_47570,75571.1,1819517.9
SHP_47575,40169.5,945759.9
SHP_47577,75571.1,1819517.9
SHP_47578,127809.8,3152424.5
SHP_47579,90500.4,2116533.3
SHP_47580,182959.0,4628030.0
SHP_47585,2039.4,32855.0
SHP_47587,87046.5,2059820.5
SHP_47588,82022.9,1948763.3
SHP_47590,102138.2,2479354.8
SHP_47591,149733.7,3814382.0
SHP_47592,77433.7,1850886.9
SHP_47593,103708.9,2408143.0
SHP_47595,148696.0,3789227.0
SHP_47596,86175.9,2025547.9
SHP_47599,92412.0,2215828.8
SHP_47600,171483.3,4367100.0
SHP_47601,127442.2,3142658.5
SHP_47604,78488.7,1846010.3
SHP_47605,87904.1,2022149.5
SHP_47608,212283.1,5315632.0
SHP_47612,102560.3,2390187.5
SHP_47614,162983.2,4071929.5
SHP_47617,16150.9,371510.9
SHP_47619,144152.7,3530555.3
SHP_47621,86177.7,2046732.6
SHP_47624,87390.8,2067306.0
SHP_47625,133074.1,3221484.0
SHP_47626,163460.2,4067234.5
SHP_47631,87909.5,2080129.9
SHP_47632,91792.7,2175779.3
SHP_47637,53533.0,1296744.0
SHP_47641,174995.5,4427903.5
SHP_47643,91908.8,2161751.0
SHP_47644,91362.2,2169040.5
SHP_47645,169497.7,4311918.5
SHP_47646,191241.1,4763401.0
SHP_47648,97206.7,2332682.3
SHP_47651,79003.6,1927697.3
SHP_47653,171879.9,4372447.0
SHP_47655,81646.2,1981588.0
SHP_47656,120998.1,3079142.3
SHP_47659,86177.7,2046732.6
SHP_47662,78106.2,1911858.5
SHP_47663,86020.3,2089559.8
SHP_47666,98782.0,2383364.3
SHP_47667,80728.8,1922264.3
SHP_47668,167128.6,4261510.0
SHP_47669,168665.4,4296115.0
SHP_47672,92212.2,2189399.8
SHP_47674,174420.7,4434630.5
SHP_47675,148696.0,3789227.0
SHP_47676,122956.5,3118643.8
SHP_47678,62484.6,1515588.6
SHP_47680,79254.3,1936385.4
SHP_47682,75965.1,1823663.1
SHP_47683,83577.0,1988152.5
SHP_47686,103101.6,2395488.8
SHP_47687,133682.7,3310257.3
SHP_47688,84356.6,2009980.8
SHP_47696,91598.1,2172676.5
SHP_47698,92100.5,2180980.5
SHP_47700,167655.5,4273969.0
SHP_47701,80239.9,1909812.8
SHP_47705,89229.9,2189894.8
SHP_47707,172629.0,4386290.0
SHP_47709,80854.4,1965694.4
SHP_47710,173134.3,4402739.5
SHP_47711,211494.0,5319902.5
SHP_47712,98201.4,2316231.8
SHP_47716,99088.0,2315961.0
SHP_47718,82705.5,1958151.8
SHP_47719,101477.9,2466295.0
SHP_47720,87185.3,2060523.8
SHP_47723,136965.7,3385241.8
SHP_47729,70203.5,1700286.4
SHP_47730,173470.9,4404023.0
SHP_47731,173501.5,4401432.0
SHP_47733,80524.0,1921058.5
SHP_47734,81480.6,1932136.3
SHP_47737,1620.0,26614.9
SHP_47738,41196.6,971770.0
SHP_47739,16259.8,382068.9
SHP_47740,86177.7,2046732.6
SHP_47741,173540.5,4407187.0
SHP_47742,44096.0,1075920.4
SHP_47743,103311.7,2438278.5
SHP_47746,91692.9,2174706.5
SHP_47748,196991.3,4894309.0
SHP_47749,170707.6,4346546.5
SHP_47751,83550.6,1988066.1
SHP_47760,17982.9,401355.7
SHP_47761,90603.5,2232861.5
SHP_47762,166892.7,4256029.0
SHP_47763,74250.3,1753187.5
SHP_47764,2436.2,46215.1
SHP_47766,79539.8,1941902.6
SHP_47767,70505.1,1706982.1
SHP_47769,170837.2,4345370.5
SHP_47771,55123.0,1303479.4
SHP_47772,177176.2,4498155.5
SHP_47773,2944.1,55402.8
SHP_47774,102965.7,2399060.0
SHP_47776,56889.0,1394927.3
SHP_47777,103016.9,2398663.8
SHP_47780,117798.5,2829781.0
SHP_47781,88580.3,2135884.8
SHP_47782,173474.0,4403438.0
SHP_47783,55123.0,1303479.4
SHP_47785,76625.2,1876725.8
SHP_47786,87390.9,2064551.3
SHP_47788,173399.3,4408596.0
SHP_47789,92212.2,2189399.8
SHP_47790,173740.0,4412645.5
SHP_47791,45397.0,1104077.1
SHP_47794,177628.8,4439086.0
SHP_47796,192332.6,4788876.0
SHP_47799,65485.7,1561498.9
SHP_47802,79009.7,1880362.5
SHP_47803,44563.2,1087079.3
SHP_47804,56039.7,1311418.5
SHP_47807,80727.9,1928720.5
SHP_47809,735.4,10488.9
SHP_47813,88996.2,2163935.5
SHP_47814,142832.8,3633008.0
SHP_47816,40501.8,957360.7
SHP_47817,18348.5,438012.2
SHP_47818,173410.1,4402571.0
SHP_47822,89642.3,2115460.0
SHP_47825,85457.0,2031283.8
SHP_47826,86430.4,2053376.0
SHP_47827,172521.1,4381632.0
SHP_47829,87294.7,2061185.3
SHP_47833,99359.3,2393344.5
SHP_47835,89220.9,2185918.8
SHP_47837,84795.4,2034979.9
SHP_47838,117029.4,2829456.5
SHP_47840,1750.9,27104.0
SHP_47844,97550.5,2346601.0
SHP_47847,77873.0,1905763.3
SHP_47850,218954.4,5395635.5
SHP_47851,171950.0,4369617.0
SHP_47852,77179.0,1847672.9
SHP_47855,193902.1,4822433.0
SHP_47857,127118.8,3137193.3
SHP_47859,1832.8,30080.7
SHP_47862,87373.1,2065933.9
SHP_47863,195052.3,4847733.0
SHP_47864,100483.9,2415215.0
SHP_47869,173733.4,4402464.5
SHP_47873,212283.1,5315632.0
SHP_47875,92005.0,2209536.0
SHP_47876,95512.4,2247879.0
SHP_47877,90978.9,2241819.5
SHP_47880,87909.5,2080129.9
SHP_47883,138.3,1270.2
SHP_47884,127118.8,3137193.3
SHP_47887,195164.6,4857697.0
SHP_47889,169546.7,4305824.0
SHP_47891,127118.8,3137193.3
SHP_47893,93679.8,2209909.3
SHP_47894,89120.0,2166255.0
SHP_47896,91997.0,2162333.8
SHP_47898,85319.7,2029749.8
SHP_47899,117029.4,2829456.5
SHP_47900,173350.7,4401299.5
SHP_47901,2944.1,55402.8
SHP_47902,79332.0,1939231.4
SHP_47903,87094.7,2117296.8
SHP_47904,196443.2,4892748.0
SHP_47905,212676.3,5327736.5
SHP_47906,72891.1,1752600.8
SHP_47909,45054.1,1099022.0
SHP_47913,208315.9,5250027.5
SHP_47915,73085.3,1755859.6
SHP_47917,67408.3,1571160.8
SHP_47918,100783.6,2351770.5
SHP_47920,87267.9,2062089.9
SHP_47923,74512.5,1794377.6
SHP_47926,163853.8,4091384.5
SHP_47928,70134.4,1699484.0
SHP_47930,77914.2,1863958.4
SHP_47932,95636.2,2257348.8
SHP_47933,80371.0,1908570.3
SHP_47936,204324.8,5102045.0
SHP_47937,171264.5,4342754.5
SHP_47938,194812.1,4851714.0
SHP_47939,1868.2,30477.0
SHP_47941,87464.6,2074903.4
SHP_47943,91643.8,2173014.3
SHP_47946,128777.3,3165820.0
SHP_47947,77545.6,1833570.0
SHP_47948,1680.4,23401.0
SHP_47949,66600.8,1557070.4
SHP_47953,45069.4,1096665.0
SHP_47954,79811.4,1949166.8
SHP_47958,91490.4,2171545.8
SHP_47959,70723.1,1687977.3
SHP_47963,23122.6,552947.3
SHP_47964,92951.0,2230044.8
SHP_47965,74239.0,1750091.0
SHP_47966,196783.3,4884733.0
SHP_47971,170681.6,4346589.0
SHP_47972,55123.0,1303479.4
SHP_47973,177353.0,4412126.0
SHP_47975,76625.2,1876725.8
SHP_47976,45174.0,1097778.1
SHP_47977,173547.6,4413451.0
SHP_47982,166467.3,4247641.5
SHP_47985,171840.6,4368097.5
SHP_47986,53357.1,1267846.9
SHP_47987,80371.0,1908570.3
SHP_47989,172737.3,4394355.0
SHP_47990,87811.7,2131681.5
SHP_47991,173573.4,4408762.5
SHP_47992,214878.6,5328847.5
SHP_47994,94271.1,2230195.0
SHP_47996,88904.5,2141009.5
SHP_47997,850.7,13300.6
SHP_47999,65184.1,1552303.9
SHP_48000,172289.1,4379866.0
SHP_48002,88996.2,2163935.5
SHP_48003,92005.0,2209536.0
SHP_48005,174178.4,4419982.0
SHP_48008,97415.8,2293805.0
SHP_48013,88685.0,2152120.3
SHP_48016,172163.8,4375336.0
SHP_48017,71620.1,1676277.5
SHP_48018,87529.1,2066038.9
SHP_48019,45259.5,1101041.8
SHP_48022,87679.4,2129949.5
SHP_48023,93083.8,2201877.3
SHP_48025,166467.3,4247641.5
SHP_48029,41749.8,982624.7
SHP_48034,195872.2,4878562.0
SHP_48037,49028.3,1189000.0
SHP_48039,172914.2,4398335.0
SHP_48042,88904.5,2141009.5
SHP_48044,83273.9,1987586.6
SHP_48045,90927.6,2160136.5
SHP_48046,73149.5,1766718.0
SHP_48049,90618.1,2153724.3
SHP_48052,196443.2,4892748.0
SHP_48054,212676.3,5327736.5
SHP_48055,194678.0,4838234.0
SHP_48057,108938.9,2651715.8
SHP_48062,133852.3,3290604.0
SHP_48063,167204.4,4263770.5
SHP_48065,173836.2,4406053.5
SHP_48066,78943.8,1882426.6
SHP_48069,71199.4,1723389.5
SHP_48071,87489.4,2065877.5
SHP_48075,164030.1,4077403.0
SHP_48077,45348.6,1102088.4
SHP_48078,92452.6,2164136.5
SHP_48079,167578.1,4273137.5
SHP_48081,102169.1,2387835.5
SHP_48083,197062.8,4903091.5
SHP_48085,83425.9,1978743.0
SHP_48088,177190.8,4497453.5
SHP_48090,103561.3,2510848.8
SHP_48091,172595.1,4382973.0
SHP_48092,116073.0,2785204.0
SHP_48097,195990.7,4879869.0
SHP_48102,163783.6,4075770.0
SHP_48104,185220.6,4623372.0
SHP_48106,92169.8,2180533.3
SHP_48108,87556.3,2128423.0
SHP_48109,87489.4,2065877.5
SHP_48110,93074.5,2200377.3
SHP_48111,171839.6,4371806.5
SHP_48115,87904.1,2022149.5
SHP_48117,134735.3,3330798.3
SHP_48119,88304.5,2084077.8
SHP_48127,172453.7,4381539.0
SHP_48129,62484.6,1515588.6
SHP_48130,64963.8,1549998.3
SHP_48134,92384.6,2192034.8
SHP_48136,174178.4,4419982.0
SHP_48137,46889.4,1125838.0
SHP_48140,92376.9,2165579.5
SHP_48144,80906.8,1921214.3
SHP_48145,196443.2,4892748.0
SHP_48146,94110.0,2201408.3
SHP_48149,91528.9,2171929.0
SHP_48151,80935.0,1945969.4
SHP_48152,44355.6,1084065.1
SHP_48156,87864.7,2078411.5
SHP_48157,212101.1,5312962.5
SHP_48159,80272.9,1915237.6
SHP_48160,92095.3,2208243.0
SHP_48162,70856.4,1707005.9
SHP_48163,89677.6,2114827.5
SHP_48167,75217.3,1778408.4
SHP_48169,166892.7,4256029.0
SHP_48170,91828.4,2175840.8
SHP_48175,121212.8,3082781.3
SHP_48181,133672.4,3309977.8
SHP_48183,92532.9,2220075.3
SHP_48187,73529.7,1760416.8
SHP_48188,87167.9,2069278.4
SHP_48191,55020.6,1296509.8
SHP_48193,102505.4,2389492.0
SHP_48194,15587.6,372493.1
SHP_48195,86473.7,2099183.0
SHP_48197,83577.0,1988152.5
SHP_48198,149733.7,3814382.0
SHP_48199,31454.0,769440.4
SHP_48200,80457.3,1913968.6
SHP_48204,87473.0,2126157.5
SHP_48206,77791.5,1836784.8
SHP_48208,172978.6,4399849.5
SHP_48209,195026.2,4847341.0
SHP_48213,214878.6,5328847.5
SHP_48214,174681.9,4438292.5
SHP_48217,174178.4,4419982.0
SHP_48220,183359.0,4575407.0
SHP_48221,109463.6,2639067.3
SHP_48222,1495.4,19088.7
SHP_48223,86715.4,2055850.3
SHP_48225,71510.6,1730180.4
SHP_48228,84356.6,2009980.8
SHP_48229,195938.5,4869927.0
SHP_48230,75643.3,1818631.9
SHP_48232,173414.5,4405841.5
SHP_48234,136835.7,3385916.0
SHP_48236,56082.7,1352758.0
SHP_48237,19498.4,463420.7
SHP_48240,172432.8,4379968.5
SHP_48242,93839.0,2224789.0
SHP_48243,195365.2,4857959.0
SHP_48244,98360.6,2300644.5
SHP_48251,173105.9,4399768.0
SHP_48252,98360.6,2300644.5
SHP_48253,102965.7,2399060.0
SHP_48254,79794.6,1895190.3
SHP_48262,168735.5,4297887.5
SHP_48263,169436.2,4304029.0
SHP_48264,182731.6,4563338.0
SHP_48268,173410.1,4402571.0
SHP_48270,1860.4,31658.4
SHP_48271,76061.7,1808201.6
SHP_48272,87373.1,2065933.9
SHP_48276,92903.9,2230460.8
SHP_48278,90878.6,2190665.3
SHP_48279,171532.8,4367818.0
SHP_48283,94723.0,2219034.3
SHP_48285,79339.4,1892750.5
SHP_48289,192615.2,4794209.0
SHP_48290,216.6,2091.4
SHP_48294,76487.6,1803193.3
SHP_48295,94465.2,2231311.5
SHP_48299,100588.7,2444662.5
SHP_48301,92532.9,2220075.3
SHP_48302,89763.2,2128986.0
SHP_48307,85911.5,2040973.0
SHP_48309,172738.5,4391909.0
SHP_48310,90724.4,2184743.3
SHP_48311,167524.6,4273296.0
SHP_48312,173747.8,4411242.0
SHP_48313,173540.5,4407187.0
SHP_48315,89349.8,2104610.5
SHP_48316,136835.7,3385916.0
SHP_48317,194383.4,4832908.0
SHP_48320,184703.3,4612771.0
SHP_48322,87933.0,2079350.4
SHP_48323,194061.8,4825438.0
SHP_48324,180746.4,4575104.0
SHP_48327,91430.7,2196804.0
SHP_48328,20157.2,473578.3
SHP_48330,90618.1,2153724.3
SHP_48331,170333.8,4302886.0
SHP_48336,168665.4,4296115.0
SHP_48348,91430.7,2196804.0
SHP_48349,135977.7,3369447.8
SHP_48350,87828.9,2129325.0
SHP_48352,102866.2,2398041.5
SHP_48356,91700.3,2174765.3
SHP_48357,172751.5,4393148.5
SHP_48358,193941.3,4823044.0
SHP_48359,91965.7,2210372.0
SHP_48364,44652.2,1091999.4
SHP_48370,86704.4,2107340.8
SHP_48371,86704.4,2107340.8
SHP_48372,80730.4,1965913.5
SHP_48373,193923.5,4820841.0
SHP_48378,86374.9,2097640.3
SHP_48379,177628.8,4439086.0
SHP_48380,75638.7,1821271.1
SHP_48382,196685.5,4899393.5
SHP_48383,73171.1,1754823.4
SHP_48384,80807.1,1966822.3
SHP_48386,91882.7,2178535.3
SHP_48387,78530.9,1846842.8
SHP_48389,170837.2,4345370.5
SHP_48391,172347.8,4376207.0
SHP_48394,168524.4,4285750.0
SHP_48395,77689.1,1858974.1
SHP_48397,84795.4,2034979.9
SHP_48402,136835.7,3385916.0
SHP_48405,197062.8,4903091.5
SHP_48409,167623.5,4271424.0
SHP_48410,99088.0,2315961.0
SHP_48411,209284.8,5262091.5
SHP_48412,99665.1,2472511.0
SHP_48413,41749.8,982624.7
SHP_48414,81502.0,1977156.5
SHP_48417,61569.1,1490556.1
SHP_48420,16259.8,382068.9
SHP_48422,170618.8,4343961.5
SHP_48423,214878.6,5328847.5
SHP_48425,134735.3,3330798.3
SHP_48427,142833.8,3633031.0
SHP_48429,85911.5,2040973.0
SHP_48430,167284.8,4266330.0
SHP_48431,86826.9,2058821.4
SHP_48436,82737.6,2006483.8
SHP_48441,197224.9,4914708.0
SHP_48442,99665.1,2472511.0
SHP_48443,86289.4,2097445.8
SHP_48444,91523.6,2142724.5
SHP_48445,204324.8,5102045.0
SHP_48448,78874.2,1853391.9
SHP_48449,196796.4,4897672.0
SHP_48450,103016.9,2398663.8
SHP_48455,81308.2,1974240.4
SHP_48458,168735.5,4297887.5
SHP_48459,197023.6,4892883.5
SHP_48460,163271.8,4063099.5
SHP_48462,182731.6,4563338.0
SHP_48467,100588.7,2444662.5
SHP_48468,133729.2,3312231.0
SHP_48470,60982.0,1444603.0
SHP_48474,194836.4,4841846.0
SHP_48482,87590.1,2068359.8
SHP_48485,86274.3,2026258.5
SHP_48487,87094.7,2117296.8
SHP_48489,99304.8,2319118.5
SHP_48490,84586.1,2012991.8
SHP_48492,133407.9,3267798.5
SHP_48493,92212.2,2189399.8
SHP_48494,168932.1,4300549.0
SHP_48497,90757.1,2156301.3
SHP_48498,195560.8,4870634.0
SHP_48500,81252.1,1927636.6
SHP_48501,171271.7,4342834.5
SHP_48502,87046.5,2059820.5
SHP_48507,195954.3,4886026.0
SHP_48508,90313.6,2148606.0
SHP_48510,67310.7,1570122.0
SHP_48511,86282.3,2050475.4
SHP_48512,162362.3,4041347.8
SHP_48514,134725.6,3315278.5
SHP_48515,87913.3,2077666.8
SHP_48516,81129.1,1931271.1
SHP_48521,93571.6,2216523.5
SHP_48522,87713.6,2071479.0
SHP_48523,93083.8,2201877.3
SHP_48525,92340.6,2218156.5
SHP_48527,87390.9,2064551.3
SHP_48532,2746.7,49360.3
SHP_48533,173565.0,4405845.5
SHP_48534,196685.3,4891982.0
SHP_48535,90618.1,2153724.3
SHP_48536,173772.5,4417168.5
SHP_48537,76061.7,1808201.6
SHP_48538,100411.0,2419425.8
SHP_48539,79743.4,1895613.0
SHP_48545,44096.0,1075920.4
SHP_48546,185425.4,4618855.0
SHP_48551,31454.0,769440.4
SHP_48555,53325.0,1276230.0
SHP_48557,166824.6,4256392.0
SHP_48558,88723.2,2095116.3
SHP_48563,97144.7,2341030.3
SHP_48564,99742.2,2415866.0
SHP_48566,87341.8,2071180.6
SHP_48570,204324.8,5102045.0
SHP_48571,173350.7,4401299.5
SHP_48574,99665.1,2472511.0
SHP_48577,87464.6,2074903.4
SHP_48581,70134.4,1699484.0
SHP_48582,173116.8,4401529.0
SHP_48585,89511.5,2175120.0
SHP_48590,86374.9,2097640.3
SHP_48595,172163.8,4375336.0
SHP_48597,173565.0,4405845.5
SHP_48598,90712.9,2154108.3
SHP_48599,86819.0,2058796.5
SHP_48600,31546.6,767334.2
SHP_48605,212283.1,5315632.0
SHP_48608,171808.4,4371074.0
SHP_48609,167851.8,4269894.5
SHP_48616,101057.6,2389687.5
SHP_48618,84754.0,1999330.8
SHP_48619,91362.2,2169040.5
SHP_48621,133682.7,3310257.3
SHP_48623,209122.2,5264171.0
SHP_48624,117029.4,2829456.5
SHP_48625,150354.6,3831387.3
SHP_48629,91322.0,2168829.0
SHP_48630,117957.6,2830471.0
SHP_48633,93107.2,2204778.8
SHP_48636,78811.3,1868435.6
SHP_48641,101586.0,2466076.5
SHP_48645,91885.0,2177483.3
SHP_48649,87235.0,2062587.0
SHP_48650,163649.5,4069183.5
SHP_48654,101477.9,2466295.0
SHP_48656,16612.6,386713.4
SHP_48659,75742.1,1818454.1
SHP_48661,92063.0,2180912.0
SHP_48662,91512.6,2171305.0
SHP_48663,99359.3,2393344.5
SHP_48666,187215.3,4640180.0
SHP_48667,136835.7,3385916.0
SHP_48671,87751.7,2070180.5
SHP_48672,84115.5,1992559.5
SHP_48673,195164.6,4857697.0
SHP_48678,169210.4,4307420.0
SHP_48679,177278.4,4497451.0
SHP_48681,94723.0,2219034.3
SHP_48683,86939.5,2059669.3
SHP_48684,80457.3,1913968.6
SHP_48686,73149.5,1766718.0
SHP_48687,177568.4,4436464.5
SHP_48688,208895.2,5260896.0
SHP_48689,90499.6,2153443.0
SHP_48692,43659.7,1069165.9
SHP_48695,195376.2,4855501.0
SHP_48696,103257.0,2504870.8
SHP_48702,148834.4,3793906.0
SHP_48704,193874.5,4871251.5
SHP_48705,93478.5,2213355.3
SHP_48707,162055.7,4020219.3
SHP_48709,173589.6,4411153.0
SHP_48713,77161.2,1891946.1
SHP_48714,216056.4,5365152.0
SHP_48717,86562.8,2054667.5
SHP_48718,86858.2,2057529.9
SHP_48720,117025.5,2829658.5
SHP_48722,213326.0,5345976.0
SHP_48730,87864.7,2078411.5
SHP_48731,167826.8,4279158.0
SHP_48734,90515.8,2153873.3
SHP_48735,81013.3,1923764.6
SHP_48739,87909.4,2132194.3
SHP_48740,169457.4,4315731.0
SHP_48741,87913.3,2077666.8
SHP_48742,87097.3,2060779.3
SHP_48744,43637.8,1065627.0
SHP_48745,93089.5,2236122.8
SHP_48749,87313.2,2071368.5
SHP_48750,194384.8,4845698.0
SHP_48753,95184.9,2244034.8
SHP_48754,86473.7,2099183.0
SHP_48758,171060.6,4349993.0
SHP_48759,87605.6,2124796.8
SHP_48760,208895.2,5260896.0
SHP_48761,87167.9,2069278.4
SHP_48765,173483.4,4409680.0
SHP_48766,197412.3,4899903.5
SHP_48769,91503.1,2201372.5
SHP_48770,134717.4,3329708.8
SHP_48771,172129.3,4375230.0
SHP_48772,95132.9,2254359.5
SHP_48773,73078.1,1756064.1
SHP_48774,103659.2,2423056.0
SHP_48778,99615.3,2413838.5
SHP_48783,133502.1,3306715.5
SHP_48785,168735.5,4297887.5
SHP_48787,87904.1,2022149.5
SHP_48791,80302.9,1956750.5
SHP_48793,194949.1,4855036.5
SHP_48794,197026.8,4896959.0
SHP_48795,177316.1,4500009.5
SHP_48799,81313.6,1976304.0
SHP_48801,86962.4,2058770.5
SHP_48802,173191.2,4401193.5
SHP_48803,71010.9,1709281.5
SHP_48805,134735.3,3330798.3
SHP_48808,170808.9,4349746.5
SHP_48809,52899.1,1284013.8
SHP_48814,61569.1,1490556.1
SHP_48815,100588.7,2444662.5
SHP_48816,98591.0,2322614.0
SHP_48817,87162.2,2069134.5
SHP_48819,102676.6,2491363.8
SHP_48820,171448.9,4358688.5
SHP_48821,177278.4,4497451.0
SHP_48824,88826.8,2140140.8
SHP_48827,75712.1,1818076.0
SHP_48830,89236.1,2165258.0
SHP_48832,100564.1,2349125.8
SHP_48833,100847.7,2425252.5
SHP_48835,92819.3,2225108.0
SHP_48836,194268.3,4924638.0
SHP_48837,93637.4,2215220.5
SHP_48841,2436.2,46215.1
SHP_48842,2259.2,42982.5
SHP_48844,64456.5,1543598.8
SHP_48845,212909.4,5337524.0
SHP_48847,99783.9,2402798.0
SHP_48855,178112.9,4444991.5
SHP_48860,88685.0,2152120.3
SHP_48862,86612.6,2052361.3
SHP_48863,64894.7,1578684.3
SHP_48871,148936.7,3795404.8
SHP_48872,78860.8,1849589.9
SHP_48874,178904.7,4464360.0
SHP_48875,43048.8,1056362.3
SHP_48876,52899.1,1284013.8
SHP_48880,173991.6,4415232.0
SHP_48881,181.9,1735.3
SHP_48882,68482.6,1653067.1
SHP_48883,91531.5,2203840.3
SHP_48884,172183.5,4375343.0
SHP_48885,31718.7,772056.3
SHP_48889,142171.7,3621428.0
SHP_48893,149733.7,3814382.0
SHP_48894,19498.4,463420.7
SHP_48895,99359.3,2393344.5
SHP_48896,67736.2,1574746.8
SHP_48898,86168.5,2050053.8
SHP_48899,154089.2,3616520.0
SHP_48900,53640.1,1281710.5
SHP_48901,19498.4,463420.7
SHP_48903,86289.4,2097445.8
SHP_48904,73180.4,1766620.8
SHP_48905,77364.9,1849717.8
SHP_48906,141692.0,3613018.8
SHP_48908,80935.0,1945969.4
SHP_48909,87717.2,2130353.8
SHP_48910,90978.9,2241819.5
SHP_48911,20157.2,473578.3
SHP_48913,163473.8,4087180.0
SHP_48919,87713.6,2071479.0
SHP_48920,2436.2,46215.1
SHP_48921,80331.2,1899879.3
SHP_48922,168665.4,4296115.0
SHP_48923,193941.3,4823044.0
SHP_48925,164106.1,4097328.0
SHP_48927,79794.6,1895190.3
SHP_48932,79811.4,1949166.8
SHP_48933,91866.1,2178121.8
SHP_48937,90930.6,2184339.0
SHP_48940,84586.1,2012991.8
SHP_48941,90618.1,2153724.3
SHP_48943,164042.0,4077638.0
SHP_48946,173681.0,4402228.5
SHP_48948,84135.0,2001105.1
SHP_48950,170413.6,4336483.5
SHP_48953,185220.6,4623372.0
SHP_48957,83735.6,1987803.5
SHP_48958,91018.5,2127008.0
SHP_48960,72891.1,1752600.8
SHP_48962,209284.8,5262091.5
SHP_48964,79259.7,1868094.5
SHP_48965,194061.8,4825438.0
SHP_48967,196685.5,4899393.5
SHP_48970,84036.3,1988965.4
SHP_48973,163899.8,4091302.5
SHP_48974,87069.0,2059680.9
SHP_48976,121895.2,3099665.0
SHP_48978,87615.4,2122925.8
SHP_48979,87473.0,2126157.5
SHP_48983,78922.7,1927550.9
SHP_48989,91219.0,2199092.3
SHP_48991,73529.7,1760416.8
SHP_48994,177278.4,4497451.0
SHP_48995,194812.1,4851714.0
SHP_48997,156446.4,3998090.0
SHP_48998,80906.8,1921214.3
SHP_48999,212025.6,5312336.0
SHP_49000,174105.5,4426637.5
SHP_49002,92376.6,2185866.5
SHP_49004,818.3,12108.9
SHP_49007,65278.0,1562072.1
SHP_49008,99665.1,2472511.0
SHP_49016,77161.2,1891946.1
SHP_49017,71643.0,1707969.1
SHP_49019,87904.7,2081680.8
SHP_49021,194644.4,4840329.0
SHP_49022,44563.2,1087079.3
SHP_49024,86123.5,2048434.8
SHP_49025,78829.7,1855841.8
SHP_49026,86177.7,2046732.6
SHP_49027,166688.2,4253839.5
SHP_49028,91725.5,2175611.8
SHP_49029,83735.6,1987803.5
SHP_49030,87779.0,2134708.5
SHP_49032,173146.6,4397167.5
SHP_49034,195026.2,4847341.0
SHP_49035,43544.5,1067442.1
SHP_49036,88685.0,2152120.3
SHP_49040,87913.3,2077666.8
SHP_49042,149821.3,3813245.0
SHP_49043,88996.2,2163935.5
SHP_49045,197758.6,4924174.0
SHP_49046,169564.6,4317219.0
SHP_49047,86123.5,2048434.8
SHP_49048,69140.4,1680690.0
SHP_49049,82013.9,1951721.8
SHP_49051,86280.6,2026302.1
SHP_49058,44500.3,1089583.0
SHP_49059,42665.9,1041188.6
SHP_49061,173483.4,4409680.0
SHP_49064,167524.6,4273296.0
SHP_49065,149787.3,3812706.5
SHP_49066,92107.6,2210788.3
SHP_49071,195560.8,4870634.0
SHP_49074,91768.8,2175547.3
SHP_49075,78106.2,1911858.5
SHP_49076,87152.3,2060399.0
SHP_49078,172154.8,4375910.0
SHP_49080,103601.1,2414016.8
SHP_49081,100588.7,2444662.5
SHP_49084,41339.1,974062.2
SHP_49086,68365.7,1663063.9
SHP_49088,149667.0,3816064.5
SHP_49089,167436.3,4268839.0
SHP_49092,194812.1,4851714.0
SHP_49093,63833.3,1543604.8
SHP_49094,76755.0,1882879.8
SHP_49095,86778.9,2057073.6
SHP_49096,195536.7,4862808.0
SHP_49097,91430.7,2196804.0
SHP_49098,87828.9,2129325.0
SHP_49099,86826.9,2058821.4
SHP_49100,87865.5,2077176.8
SHP_49101,149733.7,3814382.0
SHP_49102,212676.3,5327736.5
SHP_49107,65278.0,1562072.1
SHP_49109,81480.6,1932136.3
SHP_49112,81902.4,1964181.8
SHP_49113,128001.9,3158335.0
SHP_49116,57190.2,1403118.3
SHP_49117,172003.5,4372249.0
SHP_49119,173747.8,4411242.0
SHP_49120,53549.0,1296089.8
SHP_49121,92005.0,2209536.0
SHP_49123,76735.4,1839994.6
SHP_49124,100588.7,2444662.5
SHP_49125,173871.3,4418561.5
SHP_49127,90978.9,2241819.5
SHP_49128,1620.0,26614.9
SHP_49129,168735.5,4297887.5
SHP_49131,23122.6,552947.3
SHP_49136,81462.8,1934267.5
SHP_49142,90960.0,2159799.8
SHP_49143,197026.8,4896959.0
SHP_49145,31718.7,772056.3
SHP_49148,59540.2,1450323.6
SHP_49150,1252.3,19122.0
SHP_49152,169647.8,4316821.0
SHP_49154,173361.3,4398700.0
SHP_49156,77401.4,1816048.0
SHP_49157,84581.4,2011573.0
SHP_49160,89349.8,2104610.5
SHP_49163,88723.2,2095116.3
SHP_49169,1495.4,19088.7
SHP_49170,172808.1,4397528.0
SHP_49171,92376.9,2165579.5
SHP_49175,92666.2,2235409.5
SHP_49176,45174.0,1097778.1
SHP_49177,195118.2,4801697.5
SHP_49186,166708.1,4250005.0
SHP_49188,92316.0,2191081.5
SHP_49190,86074.3,2092030.6
SHP_49191,194223.0,4827710.0
SHP_49194,208895.2,5260896.0
SHP_49197,78512.7,1868105.4
SHP_49198,67517.7,1564380.8
SHP_49201,80381.9,1957410.3
SHP_49202,87865.5,2077176.8
SHP_49204,41339.1,974062.2
SHP_49211,163146.9,4060654.8
SHP_49213,86967.9,2058368.5
SHP_49214,103433.0,2400438.5
SHP_49215,90771.7,2150526.0
SHP_49217,79896.7,1863649.9
SHP_49218,90771.7,2150526.0
SHP_49219,67487.0,1616945.8
SHP_49225,65278.0,1562072.1
SHP_49226,149733.7,3814382.0
SHP_49233,110246.4,2694053.8
SHP_49234,103016.9,2398663.8
SHP_49236,173991.6,4415232.0
SHP_49237,87341.8,2071180.6
SHP_49238,173535.8,4411756.5
SHP_49241,212111.7,5332340.0
SHP_49246,89207.9,2167255.3
SHP_49247,94723.0,2219034.3
SHP_49250,92376.9,2165579.5
SHP_49251,77689.1,1858974.1
SHP_49252,86826.9,2058821.4
SHP_49255,160772.4,4105928.8
SHP_49260,67489.4,1571522.8
SHP_49261,73981.7,1771523.6
SHP_49263,167561.7,4272803.5
SHP_49264,171935.8,4375727.0
SHP_49266,171972.1,4369907.5
SHP_49271,170413.6,4336483.5
SHP_49273,142162.2,3615541.5
SHP_49278,84350.6,2010184.3
SHP_49280,86440.7,2053061.1
SHP_49282,172165.3,4377828.0
SHP_49285,102505.4,2389492.0
SHP_49287,92950.7,2230600.0
SHP_49289,191286.7,4759251.0
SHP_49294,1592.9,23646.3
SHP_49295,85006.6,2023396.0
SHP_49299,169979.3,4318523.5
SHP_49300,86123.5,2048434.8
SHP_49301,86177.7,2046732.6
SHP_49302,87664.9,2070154.8
SHP_49306,52586.7,1254448.9
SHP_49310,78829.7,1855841.8
SHP_49311,64806.0,1546431.4
SHP_49313,197224.9,4914708.0
SHP_49314,44563.2,1087079.3
SHP_49316,41812.4,991304.9
SHP_49317,173435.9,4406942.5
SHP_49318,71643.0,1707969.1
SHP_49319,78482.7,1844593.3
SHP_49325,1592.9,23646.3
SHP_49331,163649.5,4069183.5
SHP_49332,53406.8,1268465.0
SHP_49333,170525.3,4335998.5
SHP_49335,185347.9,4619757.5
SHP_49336,109748.2,2641785.0
SHP_49337,87779.0,2134708.5
SHP_49346,208146.4,5244892.5
SHP_49347,86826.9,2058821.4
SHP_49349,172649.3,4385496.0
SHP_49351,95257.2,2244398.0
SHP_49355,92563.9,2174903.3
SHP_49357,149733.7,3814382.0
SHP_49359,185258.1,4625183.0
SHP_49361,84211.2,2001906.8
SHP_49362,91636.2,2173063.5
SHP_49364,163171.9,4059178.5
SHP_49365,2944.1,55402.8
SHP_49367,91073.1,2189091.0
SHP_49368,148378.2,3781990.5
SHP_49369,218268.6,5458343.0
SHP_49370,163244.5,4062755.0
SHP_49371,87126.6,2060921.3
SHP_49373,92982.8,2174954.0
SHP_49376,91559.4,2205840.3
SHP_49378,31454.0,769440.4
SHP_49381,95238.8,2289572.0
SHP_49387,215154.6,5329868.0
SHP_49390,194507.7,4829928.0
SHP_49391,177850.7,4439593.0
SHP_49392,82314.4,1969936.5
SHP_49393,49027.0,1191993.3
SHP_49394,90916.8,2234383.5
SHP_49396,127118.8,3137193.3
SHP_49398,182661.0,4561742.0
SHP_49400,71617.9,1676236.8
SHP_49402,92436.0,2217564.3
SHP_49403,177591.4,4431879.5
SHP_49404,116073.0,2785204.0
SHP_49406,194263.6,4828919.0
SHP_49410,167546.5,4270888.0
SHP_49412,63833.3,1543604.8
SHP_49413,2543.7,45369.9
SHP_49414,173535.8,4411756.5
SHP_49416,88723.2,2095116.3
SHP_49417,83545.1,1981291.8
SHP_49418,87620.6,2077662.1
SHP_49420,213521.0,5363165.0
SHP_49421,193614.0,4827935.0
SHP_49425,100847.7,2425252.5
SHP_49429,87913.3,2077666.8
SHP_49435,172906.2,4389556.0
SHP_49437,95096.0,2295771.3
SHP_49440,141692.0,3613018.8
SHP_49443,173252.4,4405728.0
SHP_49445,173824.0,4414595.0
SHP_49446,174908.6,4440504.5
SHP_49447,196697.9,4892069.0
SHP_49449,86704.4,2107340.8
SHP_49450,101848.2,2465624.0
SHP_49451,110248.8,2694137.3
SHP_49452,94271.1,2230195.0
SHP_49454,211065.1,5311625.5
SHP_49456,90100.1,2147009.8
SHP_49458,87313.2,2071368.5
SHP_49460,195954.3,4886026.0
SHP_49463,172683.9,4388490.5
SHP_49468,171442.8,4361197.0
SHP_49470,148248.8,3781957.5
SHP_49473,46115.2,1125270.3
SHP_49475,208748.1,5259573.5
SHP_49477,16208.5,379319.8
SHP_49478,85911.5,2040973.0
SHP_49483,76755.0,1882879.8
SHP_49485,94465.2,2231311.5
SHP_49487,92448.1,2186881.8
SHP_49489,16208.5,379319.8
SHP_49496,125002.1,3172845.0
SHP_49497,190793.5,4756195.0
SHP_49501,65205.5,1550628.6
SHP_49502,81646.2,1981588.0
SHP_49504,88556.7,2170902.5
SHP_49505,86777.6,2109936.5
SHP_49506,70668.3,1684765.9
SHP_49510,177152.3,4494380.0
SHP_49513,118141.4,2851879.3
SHP_49518,78181.0,1869336.0
SHP_49520,192652.5,4801754.0
SHP_49522,83760.9,1983018.5
SHP_49523,77179.0,1847672.9
SHP_49524,91889.1,2177153.0
SHP_49528,57190.2,1403118.3
SHP_49529,117940.9,2849643.5
SHP_49532,87096.5,2059125.6
SHP_49540,180436.8,4569876.5
SHP_49543,2944.1,55402.8
SHP_49546,109748.2,2641785.0
SHP_49547,94232.1,2223476.5
SHP_49548,87560.5,2069568.8
SHP_49549,87607.8,2077514.9
SHP_49550,88938.0,2183129.0
SHP_49551,83346.9,2034871.4
SHP_49552,170529.1,4340769.0
SHP_49554,180436.8,4569876.5
SHP_49555,87359.0,2072734.9
SHP_49556,67408.3,1571160.8
SHP_49560,80468.3,1913374.9
SHP_49561,172163.8,4375336.0
SHP_49564,87032.8,2059724.8
SHP_49566,78262.6,1863664.5
SHP_49569,160237.7,4092678.5
SHP_49570,149798.0,3814636.5
SHP_49572,76625.2,1876725.8
SHP_49573,68365.7,1663063.9
SHP_49576,95184.9,2244034.8
SHP_49579,195026.2,4847341.0
SHP_49581,92692.1,2194291.0
SHP_49582,91247.7,2192293.5
SHP_49585,194507.7,4829928.0
SHP_49586,46260.6,1111911.0
SHP_49589,84132.4,2001065.9
SHP_49594,92436.0,2217564.3
SHP_49595,87882.9,2137175.8
SHP_49596,168665.4,4296115.0
SHP_49598,103101.3,2410915.0
SHP_49599,69251.5,1683221.6
SHP_49600,91368.6,2169311.3
SHP_49601,133852.3,3290604.0
SHP_49602,127706.8,3153351.0
SHP_49603,166356.7,4245465.0
SHP_49604,80728.8,1922264.3
SHP_49605,87713.6,2071479.0
SHP_49606,80935.0,1945969.4
SHP_49610,58834.3,1396083.6
SHP_49611,45348.6,1102088.4
SHP_49613,5271.9,97042.6
SHP_49615,735.4,10488.9
SHP_49616,177402.6,4497889.5
SHP_49617,171938.2,4371256.5
SHP_49620,172999.2,4400358.0
SHP_49621,174436.5,4432637.5
SHP_49623,81935.2,1989516.0
SHP_49625,194678.0,4838234.0
SHP_49629,170837.2,4345370.5
SHP_49631,193303.4,4820903.0
SHP_49635,172604.6,4390796.0
SHP_49636,87848.8,2072516.0
SHP_49637,91913.8,2182015.0
SHP_49638,84132.4,2001065.9
SHP_49642,87605.6,2124796.8
SHP_49643,67685.5,1576297.6
SHP_49645,64636.3,1544012.0
SHP_49646,1252.3,19122.0
SHP_49647,181231.2,4519624.5
SHP_49650,87341.8,2071180.6
SHP_49651,87717.2,2130353.8
SHP_49653,87291.0,2064772.5
SHP_49654,169476.6,4311308.0
SHP_49659,171938.2,4371256.5
SHP_49661,73422.1,1770898.5
SHP_49671,80534.5,1909587.5
SHP_49672,87390.9,2064551.3
SHP_49673,101996.2,2477948.0
SHP_49674,1868.2,30477.0
SHP_49677,183571.0,4582499.0
SHP_49681,81809.6,1946356.8
SHP_49683,121678.4,3091783.5
SHP_49684,148761.3,3789963.8
SHP_49685,117882.3,2788172.0
SHP_49686,102824.2,2396095.5
SHP_49688,173399.3,4408596.0
SHP_49690,73597.3,1764077.0
SHP_49691,53493.0,1269944.5
SHP_49694,85319.7,2029749.8
SHP_49698,90978.9,2241819.5
SHP_49701,70036.1,1698114.8
SHP_49702,195190.9,4856336.0
SHP_49703,177692.7,4435482.0
SHP_49705,88789.6,2175470.0
SHP_49707,208577.1,5254064.5
SHP_49708,172183.5,4375343.0
SHP_49709,173191.7,4398801.0
SHP_49712,193080.5,4794258.0
SHP_49715,195205.8,4850724.0
SHP_49716,79254.3,1936385.4
SHP_49717,167436.3,4268839.0
SHP_49723,96274.7,2278461.8
SHP_49725,63662.4,1543365.4
SHP_49730,212327.0,5324911.0
SHP_49732,80807.1,1966822.3
SHP_49736,74403.4,1796650.3
SHP_49737,92340.6,2218156.5
SHP_49738,116073.0,2785204.0
SHP_49743,172751.5,4393148.5
SHP_49745,163175.5,4059392.5
SHP_49750,90878.6,2190665.3
SHP_49751,101339.3,2394117.8
SHP_49752,20157.2,473578.3
SHP_49757,181899.5,4541792.5
SHP_49758,87585.0,2075817.0
SHP_49763,182622.1,4553748.0
SHP_49765,170769.3,4344248.0
SHP_49768,168735.5,4297887.5
SHP_49771,101586.0,2466076.5
SHP_49773,96274.7,2278461.8
SHP_49775,194812.1,4851714.0
SHP_49778,87510.8,2073489.5
SHP_49779,89499.3,2114492.5
SHP_49780,92563.9,2174903.3
SHP_49782,209504.2,5270222.5
SHP_49783,74250.3,1753187.5
SHP_49786,180848.8,4577112.0
SHP_49787,86123.5,2048434.8
SHP_49790,149733.7,3814382.0
SHP_49792,99665.1,2472511.0
SHP_49793,149667.0,3816064.5
SHP_49795,168665.4,4296115.0
SHP_49796,171586.8,4362990.5
SHP_49797,93188.3,2206076.5
SHP_49799,133407.9,3267798.5
SHP_49801,85631.6,2036646.5
SHP_49803,148696.0,3789227.0
SHP_49806,133852.3,3290604.0
SHP_49807,85652.8,2033507.0
SHP_49809,91073.1,2189091.0
SHP_49820,78071.6,1912238.1
SHP_49822,16113.9,378027.2
SHP_49824,45440.5,1108184.8
SHP_49825,185425.4,4618855.0
SHP_49826,172183.5,4375343.0
SHP_49827,87865.5,2077176.8
SHP_49832,89360.3,2191560.0
SHP_49835,90331.8,2149335.0
SHP_49836,212676.3,5327736.5
SHP_49837,42399.3,1038298.8
SHP_49839,87713.6,2071479.0
SHP_49843,170239.6,4334889.0
SHP_49845,86289.4,2097445.8
SHP_49846,74261.5,1750434.1
SHP_49847,168665.4,4296115.0
SHP_49856,195310.2,4852554.0
SHP_49857,74250.3,1753187.5
SHP_49860,41283.0,973826.5
SHP_49861,172737.3,4394355.0
SHP_49862,171163.3,4288561.0
SHP_49866,84939.1,2002288.8
SHP_49870,87478.3,2073011.6
SHP_49871,85652.8,2033507.0
SHP_49873,87632.7,2068359.5
SHP_49874,100358.8,2437151.0
SHP_49879,89236.1,2165258.0
SHP_49881,171611.4,4361466.0
SHP_49882,170617.9,4344627.0
SHP_49885,171812.7,4370761.5
SHP_49888,41339.1,974062.2
SHP_49889,85886.2,2087428.0
SHP_49890,169336.9,4307482.0
SHP_49894,186019.2,4688369.5
SHP_49898,91799.9,2177545.8
SHP_49899,55123.0,1303479.4
SHP_49903,79794.6,1895190.3
SHP_49910,43540.5,1052845.8
SHP_49914,173727.0,4414553.0
SHP_49915,171495.7,4367236.0
SHP_49916,173565.7,4405991.5
SHP_49918,79003.6,1927697.3
SHP_49921,94974.2,2244932.5
SHP_49922,88653.5,2174084.8
SHP_49923,56424.6,1385903.3
SHP_49927,76756.1,1882887.5
SHP_49928,194949.1,4855036.5
SHP_49930,100588.7,2444662.5
SHP_49936,173573.4,4408762.5
SHP_49937,163256.6,4065622.0
SHP_49938,186036.0,4690983.0
SHP_49941,174629.4,4436830.5
SHP_49942,173535.8,4411756.5
SHP_49943,79811.4,1949166.8
SHP_49944,103257.0,2504870.8
SHP_49945,196650.7,4892347.0
SHP_49946,86289.4,2097445.8
SHP_49948,65278.0,1562072.1
SHP_49952,163176.9,4060632.0
SHP_49956,183356.1,4575577.0
SHP_49966,166356.7,4245465.0
SHP_49967,71143.2,1723629.8
SHP_49970,80367.9,1957374.4
SHP_49971,40873.2,967869.8
SHP_49972,171935.8,4375727.0
SHP_49974,86065.8,2091316.4
SHP_49975,93089.5,2236122.8
SHP_49981,169639.8,4312275.0
SHP_49982,87517.0,2073776.8
SHP_49983,90331.8,2149335.0
SHP_49984,65278.0,1562072.1
SHP_49986,80613.2,1961693.8
SHP_49988,87560.5,2069568.8
SHP_49991,168357.8,4289108.5
SHP_49992,54759.7,1292742.3
SHP_49993,64962.1,1555567.0
SHP_49995,79815.7,1899082.3
SHP_49996,133997.1,3312204.0
SHP_49999,46115.2,1125270.3
SHP_50001,169190.5,4308427.0
SHP_50002,211267.4,5314960.5
SHP_50004,170445.6,4331925.0
SHP_50005,86953.7,2058709.8
SHP_50006,212676.3,5327736.5
SHP_50007,149086.3,3802294.3
SHP_50008,177692.7,4435482.0
SHP_50010,91477.1,2170697.0
SHP_50011,193514.7,4819240.0
SHP_50015,2436.2,46215.1
SHP_50020,79335.5,1886956.6
SHP_50022,45259.5,1101041.8
SHP_50023,91816.9,2177727.5
SHP_50024,65278.0,1562072.1
SHP_50025,52586.7,1254448.9
SHP_50026,150509.2,3833237.3
SHP_50031,168360.1,4282233.0
SHP_50032,173136.4,4396009.0
SHP_50033,171812.7,4370761.5
SHP_50034,100783.6,2351770.5
SHP_50036,87032.8,2059724.8
SHP_50037,167851.8,4269894.5
SHP_50040,149086.3,3802294.3
SHP_50045,80463.8,1909302.3
SHP_50046,77401.4,1816048.0
SHP_50051,149798.0,3814636.5
SHP_50052,102138.2,2479354.8
SHP_50053,87913.3,2077666.8
SHP_50055,160763.1,4105864.5
SHP_50056,75742.1,1818454.1
SHP_50057,90771.7,2150526.0
SHP_50058,173483.4,4409680.0
SHP_50059,171529.5,4364872.5
SHP_50063,91889.1,2177153.0
SHP_50066,75853.0,1821178.1
SHP_50068,93803.1,2179640.0
SHP_50070,212327.0,5324911.0
SHP_50073,169139.5,4310200.0
SHP_50075,172165.3,4377828.0
SHP_50076,67572.5,1572158.3
SHP_50077,86430.4,2053376.0
SHP_50079,68061.5,1586563.8
SHP_50082,65899.4,1581248.8
SHP_50085,163306.6,4064513.8
SHP_50087,195870.7,4870670.5
SHP_50088,2496.9,47454.9
SHP_50093,85911.5,2040973.0
SHP_50095,213521.0,5363165.0
SHP_50100,172544.2,4383247.5
SHP_50104,87419.6,2064113.5
SHP_50107,66600.8,1557070.4
SHP_50110,171690.3,4369662.0
SHP_50111,167284.8,4266330.0
SHP_50116,44692.1,1092683.5
SHP_50118,85319.7,2029749.8
SHP_50121,87414.3,2067688.1
SHP_50124,84939.1,2002288.8
SHP_50128,92206.9,2213339.8
SHP_50129,101513.8,2466702.5
SHP_50132,91498.5,2143195.3
SHP_50133,87478.3,2073011.6
SHP_50139,117476.2,2837807.5
SHP_50140,86704.4,2107340.8
SHP_50142,78106.2,1911858.5
SHP_50145,80468.3,1913374.9
SHP_50146,92304.5,2194288.8
SHP_50149,81480.6,1932136.3
SHP_50150,148936.7,3795404.8
SHP_50155,77747.6,1822571.6
SHP_50157,77897.8,1899777.9
SHP_50159,90916.8,2234383.5
SHP_50162,117940.9,2849643.5
SHP_50163,171693.9,4368010.0
SHP_50164,191241.1,4763401.0
SHP_50167,94465.2,2231311.5
SHP_50169,173303.6,4400874.5
SHP_50174,173540.5,4407187.0
SHP_50175,196590.3,4891064.0
SHP_50178,91419.0,2169759.3
SHP_50183,78978.1,1927533.3
SHP_50186,194074.9,4872206.0
SHP_50188,86874.1,2061619.3
SHP_50189,86755.3,2060650.5
SHP_50192,103113.9,2402942.3
SHP_50203,172544.2,4383247.5
SHP_50204,71173.3,1720081.3
SHP_50205,91392.8,2169529.5
SHP_50206,76291.8,1820828.6
SHP_50209,57516.5,1406530.3
SHP_50212,150115.8,3821025.5
SHP_50216,212191.6,5314128.0
SHP_50217,185384.5,4625626.5
SHP_50221,186019.2,4688369.5
SHP_50223,91655.8,2174766.5
SHP_50225,173311.8,4403766.5
SHP_50229,172819.5,4390897.0
SHP_50230,76487.6,1803193.3
SHP_50231,173746.1,4402235.0
SHP_50232,168478.9,4279977.0
SHP_50233,77856.3,1860708.5
SHP_50234,91816.3,2177796.0
SHP_50235,177628.8,4439086.0
SHP_50240,92495.1,2190783.3
SHP_50242,172914.2,4398335.0
SHP_50245,174178.4,4419982.0
SHP_50246,195026.2,4847341.0
SHP_50247,172460.0,4378207.0
SHP_50250,169725.8,4317982.0
SHP_50251,80468.3,1913374.9
SHP_50253,73149.5,1766718.0
SHP_50256,92169.8,2180533.3
SHP_50257,87664.9,2070154.8
SHP_50258,100527.2,2350292.5
SHP_50259,172906.2,4389556.0
SHP_50260,100527.2,2350292.5
SHP_50269,70534.9,1702080.8
SHP_50271,44179.2,1076833.6
SHP_50273,142426.4,3624870.0
SHP_50276,2746.7,49360.3
SHP_50280,163574.0,4068693.0
SHP_50281,215154.6,5329868.0
SHP_50283,173342.7,4399126.0
SHP_50289,173501.5,4401432.0
SHP_50293,87679.4,2076486.6
SHP_50296,86289.4,2097445.8
SHP_50300,70392.1,1707442.4
SHP_50303,87529.1,2066038.9
SHP_50306,86374.9,2097640.3
SHP_50307,101339.3,2394117.8
SHP_50308,91132.1,2157703.5
SHP_50309,172808.1,4397528.0
SHP_50310,56424.6,1385903.3
SHP_50312,77689.1,1858974.1
SHP_50319,167419.8,4264143.0
SHP_50320,41196.6,971770.0
SHP_50322,134735.3,3330798.3
SHP_50324,80473.5,1909402.5
SHP_50329,175238.3,4450556.5
SHP_50331,95699.8,2257096.5
SHP_50332,90331.8,2149335.0
SHP_50333,91179.6,2194958.8
SHP_50334,87280.8,2060997.8
SHP_50335,81480.6,1932136.3
SHP_50338,52531.4,1212172.1
SHP_50341,86289.4,2097445.8
SHP_50342,169629.4,4317559.5
SHP_50343,110177.4,2691348.8
SHP_50345,102078.6,2477537.0
SHP_50346,172154.8,4375910.0
SHP_50347,56722.8,1360615.4
SHP_50349,127118.8,3137193.3
SHP_50351,194622.0,4836245.0
SHP_50352,172737.3,4394355.0
SHP_50354,86168.5,2050053.8
SHP_50356,110177.4,2691348.8
SHP_50357,93341.6,2191753.0
SHP_50359,1571.9,23544.2
SHP_50363,87511.9,2072632.4
SHP_50365,90115.5,2144764.3
SHP_50367,148614.5,3790311.8
SHP_50370,92666.2,2235409.5
SHP_50373,44193.9,1077001.4
SHP_50377,95257.2,2244398.0
SHP_50379,183090.2,4622442.0
SHP_50380,1750.9,27104.0
SHP_50381,90696.6,2138345.3
SHP_50382,87709.3,2076782.3
SHP_50384,93083.8,2201877.3
SHP_50392,87713.6,2071479.0
SHP_50393,133074.1,3221484.0
SHP_50394,167636.3,4273509.0
SHP_50395,81027.1,1968301.6
SHP_50400,194061.8,4825438.0
SHP_50401,94969.0,2294305.8
SHP_50403,88723.2,2095116.3
SHP_50406,87313.2,2071368.5
SHP_50407,171060.6,4349993.0
SHP_50412,194622.0,4836245.0
SHP_50413,173200.3,4399153.5
SHP_50415,88544.8,2149842.5
SHP_50418,171586.8,4362990.5
SHP_50422,171573.0,4361264.0
SHP_50423,193902.1,4822433.0
SHP_50424,95257.2,2244398.0
SHP_50427,197224.9,4914708.0
SHP_50429,172999.2,4400358.0
SHP_50432,175238.3,4450556.5
SHP_50433,86123.5,2048434.8
SHP_50436,101363.9,2463164.3
SHP_50437,163899.8,4091302.5
SHP_50438,103016.9,2398663.8
SHP_50442,83577.3,1990922.6
SHP_50445,170289.3,4337121.5
SHP_50446,133772.0,3277613.8
SHP_50450,169783.3,4323807.5
SHP_50451,94038.2,2218668.5
SHP_50453,86349.0,2051045.4
SHP_50455,168932.1,4300549.0
SHP_50461,86353.4,2052444.9
SHP_50462,71304.0,1726289.8
SHP_50463,87238.7,2060849.0
SHP_50464,87762.0,2078197.4
SHP_50465,64712.6,1572129.5
SHP_50468,96948.7,2292251.0
SHP_50474,53835.0,1301178.8
SHP_50476,90771.7,2150526.0
SHP_50478,153318.5,3722756.0
SHP_50479,109748.2,2641785.0
SHP_50480,85961.6,2036359.0
SHP_50481,16934.5,396719.6
SHP_50482,173116.8,4401529.0
SHP_50484,173431.3,4405374.0
SHP_50487,173747.8,4411242.0
SHP_50489,94567.2,2232467.0
SHP_50490,170466.3,4338043.0
SHP_50492,87026.4,2060128.8
SHP_50494,87709.3,2076782.3
SHP_50495,617.1,8219.7
SHP_50496,92197.5,2183338.8
SHP_50497,73592.0,1763829.1
SHP_50498,177776.8,4437685.0
SHP_50499,193962.3,4823309.0
SHP_50501,182622.1,4553748.0
SHP_50503,195595.5,4863843.5
SHP_50504,85974.2,2043703.0
SHP_50505,87167.9,2069278.4
SHP_50508,83577.0,1988152.5
SHP_50511,79335.5,1886956.6
SHP_50513,177190.8,4497453.5
SHP_50516,91490.4,2171545.8
SHP_50517,173326.0,4403960.5
SHP_50518,117957.6,2830471.0
SHP_50522,82144.3,1949250.6
SHP_50523,141692.0,3613018.8
SHP_50524,163264.3,4078517.0
SHP_50526,196333.7,4877019.0
SHP_50527,127706.8,3153351.0
SHP_50528,83312.4,1991370.0
SHP_50529,92653.6,2187949.0
SHP_50530,99570.1,2451326.5
SHP_50536,56082.7,1352758.0
SHP_50541,74250.3,1753187.5
SHP_50543,170952.1,4348403.5
SHP_50544,91332.6,2199158.8
SHP_50548,89511.5,2175120.0
SHP_50549,87913.3,2077666.8
SHP_50552,78530.9,1846842.8
SHP_50553,173276.3,4404799.0
SHP_50554,89719.2,2128097.5
SHP_50555,87291.0,2064772.5
SHP_50556,125212.4,3176548.5
SHP_50559,172996.3,4399325.5
SHP_50560,87913.3,2077666.8
SHP_50561,79743.4,1895613.0
SHP_50563,81902.4,1964181.8
SHP_50564,684.6,10086.5
SHP_50566,90106.9,2124053.0
SHP_50568,1860.4,31658.4
SHP_50569,91579.2,2200682.5
SHP_50570,80906.8,1921214.3
SHP_50572,92982.8,2174954.0
SHP_50574,78062.9,1912319.9
SHP_50575,80468.3,1913374.9
SHP_50576,2543.7,45369.9
SHP_50578,80602.7,1922703.5
SHP_50579,133997.1,3312204.0
SHP_50580,72977.6,1763942.0
SHP_50583,95756.5,2259945.3
SHP_50584,88723.2,2095116.3
SHP_50585,212909.4,5337524.0
SHP_50587,44096.0,1075920.4
SHP_50588,170952.1,4348403.5
SHP_50589,67001.4,1563828.0
SHP_50590,92800.9,2231153.5
SHP_50591,166356.7,4245465.0
SHP_50594,170466.3,4338043.0
SHP_50595,86612.6,2052361.3
SHP_50597,195966.0,4872931.0
SHP_50598,57858.7,1413262.5
SHP_50600,197173.8,4897973.0
SHP_50602,87865.5,2077176.8
SHP_50604,212141.6,5328749.5
SHP_50605,94232.1,2223476.5
SHP_50606,1750.9,27104.0
SHP_50607,95273.2,2243992.8
SHP_50608,102169.1,2387835.5
SHP_50609,94271.1,2230195.0
SHP_50610,2039.4,32855.0
SHP_50611,168714.6,4295998.5
SHP_50615,141954.0,3612206.0
SHP_50616,110177.4,2691348.8
SHP_50620,116073.0,2785204.0
SHP_50621,87529.1,2066038.9
SHP_50622,174609.8,4421224.5
SHP_50624,82507.6,1999341.0
SHP_50625,52694.0,1279526.8
SHP_50627,103101.3,2410915.0
SHP_50628,81168.5,1925082.3
SHP_50631,177353.0,4412126.0
SHP_50633,167915.4,4282205.0
SHP_50638,83984.6,1988526.5
SHP_50640,42674.4,1031555.0
SHP_50644,195026.2,4847341.0
SHP_50646,125200.6,3169937.0
SHP_50647,44563.2,1087079.3
SHP_50648,167938.1,4279659.0
SHP_50661,91997.0,2162333.8
SHP_50662,171295.0,4354704.0
SHP_50664,94089.1,2219801.0
SHP_50665,59454.3,1447293.3
SHP_50667,60982.0,1444603.0
SHP_50672,78943.8,1882426.6
SHP_50674,193923.5,4820841.0
SHP_50675,87882.9,2137175.8
SHP_50678,45449.7,1098911.8
SHP_50680,168665.4,4296115.0
SHP_50681,1517.9,21515.9
SHP_50682,86430.4,2053376.0
SHP_50684,172516.0,4386734.5
SHP_50687,39246.8,928655.6
SHP_50688,174010.9,4416459.0
SHP_50691,159415.9,3934510.0
SHP_50692,69716.5,1692173.8
SHP_50697,75638.9,1821936.1
SHP_50698,77161.2,1891946.1
SHP_50699,96948.7,2292251.0
SHP_50701,195915.6,4873406.0
SHP_50704,149057.0,3783990.0
SHP_50705,75934.9,1811826.4
SHP_50707,80906.8,1921214.3
SHP_50708,91692.9,2174706.5
SHP_50710,101957.5,2478507.0
SHP_50714,171896.7,4370185.5
SHP_50716,84061.7,1989056.3
SHP_50717,173113.6,4397279.0
SHP_50719,87679.4,2076486.6
SHP_50720,87736.3,2077561.9
SHP_50722,63038.1,1537412.5
SHP_50724,19498.4,463420.7
SHP_50726,195560.8,4870634.0
SHP_50727,169629.4,4317559.5
SHP_50728,77914.2,1863958.4
SHP_50731,171808.4,4371074.0
SHP_50734,2039.4,32855.0
SHP_50737,168616.0,4297952.5
SHP_50738,142426.4,3624870.0
SHP_50741,78829.7,1855841.8
SHP_50742,86123.5,2048434.8
SHP_50743,95238.8,2289572.0
SHP_50744,23122.6,552947.3
SHP_50747,194729.7,4839620.0
SHP_50748,93786.1,2219832.5
SHP_50753,63662.4,1543365.4
SHP_50754,173332.2,4406048.5
SHP_50758,80524.0,1921058.5
SHP_50759,45757.9,1114411.1
SHP_50761,148936.7,3795404.8
SHP_50762,136835.7,3385916.0
SHP_50764,72913.5,1750890.6
SHP_50769,87248.8,2060910.6
SHP_50771,535.4,6227.0
SHP_50772,193902.1,4822433.0
SHP_50776,71439.1,1729771.0
SHP_50779,170837.2,4345370.5
SHP_50780,91725.8,2175009.0
SHP_50781,167915.4,4282205.0
SHP_50782,173191.7,4398801.0
SHP_50785,49028.3,1189000.0
SHP_50796,98855.2,2325344.0
SHP_50798,71143.2,1723629.8
SHP_50800,195118.2,4801697.5
SHP_50802,197130.7,4891644.0
SHP_50806,91407.0,2169587.8
SHP_50807,84995.3,2044301.0
SHP_50808,73149.5,1766718.0
SHP_50810,172003.5,4372249.0
SHP_50813,91368.6,2169311.3
SHP_50817,172267.4,4377629.0
SHP_50818,41196.6,971770.0
SHP_50819,197240.1,4911337.0
SHP_50822,86819.0,2058796.5
SHP_50826,185984.1,4689647.0
SHP_50827,87928.9,2133483.3
SHP_50834,80381.9,1957410.3
SHP_50835,169852.2,4310962.0
SHP_50837,87125.4,2060884.8
SHP_50838,16570.4,385895.6
SHP_50839,177481.3,4431977.5
SHP_50842,87933.0,2079350.4
SHP_50844,80468.3,1913374.9
SHP_50846,118089.3,2835856.3
SHP_50847,171693.9,4368010.0
SHP_50849,173116.5,4400014.5
SHP_50850,148696.0,3789227.0
SHP_50855,197062.8,4903091.5
SHP_50856,73950.0,1772901.8
SHP_50858,92436.0,2217564.3
SHP_50859,197062.8,4903091.5
SHP_50862,99359.3,2393344.5
SHP_50865,89499.3,2114492.5
SHP_50867,169301.4,4314328.5
SHP_50868,212533.1,5327774.0
SHP_50871,80272.9,1915237.6
SHP_50872,116073.0,2785204.0
SHP_50873,99665.1,2472511.0
SHP_50874,196652.4,4883519.0
SHP_50876,183356.1,4575577.0
SHP_50878,172274.8,4380714.5
SHP_50882,193510.9,4806965.0
SHP_50886,73981.7,1771523.6
SHP_50887,133682.7,3310257.3
SHP_50888,134088.3,3317882.5
SHP_50889,67572.5,1572158.3
SHP_50890,102553.2,2506043.0
SHP_50893,168665.4,4296115.0
SHP_50894,87861.9,2104506.0
SHP_50897,83833.6,1964883.6
SHP_50899,2039.4,32855.0
SHP_50902,91576.9,2199942.5
SHP_50903,44096.0,1075920.4
SHP_50905,167128.6,4261510.0
SHP_50909,197610.4,4901145.0
SHP_50912,212327.0,5324911.0
SHP_50914,95209.9,2300222.3
SHP_50918,854.5,12872.0
SHP_50920,77401.4,1816048.0
SHP_50921,67685.5,1576297.6
SHP_50926,213326.0,5345976.0
SHP_50929,2436.2,46215.1
SHP_50930,87786.3,2097026.4
SHP_50933,172197.5,4373946.0
SHP_50936,87913.3,2077666.8
SHP_50938,84350.6,2010184.3
SHP_50939,134470.0,3328352.0
SHP_50942,83312.4,1991370.0
SHP_50943,169436.2,4304029.0
SHP_50944,194074.9,4872206.0
SHP_50945,163853.8,4091384.5
SHP_50947,86576.9,2056936.6
SHP_50950,133074.1,3221484.0
SHP_50951,171812.7,4370761.5
SHP_50953,172332.6,4376352.0
SHP_50956,101477.9,2466295.0
SHP_50957,89511.5,2175120.0
SHP_50958,108363.6,2634033.3
SHP_50960,75571.1,1819517.9
SHP_50962,87248.8,2060910.6
SHP_50963,80379.8,1922476.4
SHP_50964,44542.2,1086642.5
SHP_50965,169303.9,4313920.0
SHP_50967,170557.3,4343279.0
SHP_50974,215154.6,5329868.0
SHP_50979,167128.6,4261510.0
SHP_50983,99704.0,2415080.5
SHP_50985,78138.7,1863219.5
SHP_50986,85911.5,2040973.0
SHP_50988,86374.9,2097640.3
SHP_50989,177353.0,4412126.0
SHP_50990,196443.2,4892748.0
SHP_50993,88631.4,2156003.0
SHP_50995,94235.2,2238397.0
SHP_50996,172687.9,4383395.5
SHP_50997,52782.1,1280843.0
SHP_50998,169398.8,4312645.5
SHP_51000,167592.0,4273510.0
SHP_51002,167934.6,4261265.5
SHP_51003,103601.1,2414016.8
SHP_51009,175636.9,4460058.0
SHP_51011,173116.8,4401529.0
SHP_51016,53357.1,1267846.9
SHP_51017,196599.3,4891312.0
SHP_51020,87162.2,2069134.5
SHP_51026,610.1,8144.5
SHP_51027,79252.9,1864135.5
SHP_51029,94567.2,2232467.0
SHP_51030,80935.0,1945969.4
SHP_51031,81502.0,1977156.5
SHP_51032,80468.3,1913374.9
SHP_51035,177692.7,4435482.0
SHP_51036,211612.2,5321361.0
SHP_51037,70856.4,1707005.9
SHP_51038,195289.3,4867985.0
SHP_51039,173641.3,4402024.5
SHP_51040,87419.6,2064113.5
SHP_51045,85319.7,2029749.8
SHP_51047,73185.0,1765881.0
SHP_51048,208146.4,5244892.5
SHP_51051,117391.0,2829636.3
SHP_51052,95267.2,2246996.0
SHP_51056,57011.5,1369534.0
SHP_51058,172416.4,4380671.0
SHP_51061,184695.7,4611942.0
SHP_51063,79335.5,1886956.6
SHP_51067,173116.2,4393509.5
SHP_51072,87167.9,2069278.4
SHP_51073,116073.0,2785204.0
SHP_51074,87905.2,2072260.6
SHP_51078,195536.7,4862808.0
SHP_51081,173497.5,4405124.0
SHP_51083,195026.2,4847341.0
SHP_51086,183524.0,4638457.0
SHP_51087,163853.8,4091384.5
SHP_51088,85006.6,2023396.0
SHP_51089,172347.8,4376207.0
SHP_51090,163371.9,4084275.0
SHP_51092,83846.4,1988136.6
SHP_51098,172604.6,4390796.0
SHP_51101,195365.2,4857959.0
SHP_51103,171980.2,4370861.5
SHP_51105,86994.5,2058872.3
SHP_51108,43951.2,1074196.0
SHP_51111,79743.4,1895613.0
SHP_51112,86479.5,2054301.5
SHP_51114,174918.6,4440670.0
SHP_51115,49028.3,1189000.0
SHP_51116,92107.6,2210788.3
SHP_51118,77914.2,1863958.4
SHP_51119,173772.5,4417168.5
SHP_51120,1662.3,27529.7
SHP_51121,91465.6,2171577.3
SHP_51125,93341.6,2191753.0
SHP_51126,160237.7,4092678.5
SHP_51127,77686.5,1905346.8
SHP_51129,150354.6,3831387.3
SHP_51133,133672.3,3276073.5
SHP_51135,134725.6,3315278.5
SHP_51137,96611.1,2263436.3
SHP_51138,92340.6,2218156.5
SHP_51140,150288.4,3830779.5
SHP_51141,174044.9,4418694.0
SHP_51143,79353.5,1868830.0
SHP_51144,212204.0,5329877.0
SHP_51145,84071.5,1990579.6
SHP_51146,91965.7,2210372.0
SHP_51150,89373.5,2157278.5
SHP_51151,184979.1,4617282.0
SHP_51152,91940.2,2209010.3
SHP_51155,173472.3,4406066.5
SHP_51156,169934.3,4323424.5
SHP_51158,173483.4,4409680.0
SHP_51159,78956.6,1894687.8
SHP_51161,2422.2,45632.9
SHP_51162,175137.5,4431721.5
SHP_51163,86858.2,2057529.9
SHP_51166,70036.1,1698114.8
SHP_51167,173747.8,4411242.0
SHP_51168,89236.1,2165258.0
SHP_51172,141954.0,3612206.0
SHP_51174,86020.3,2089559.8
SHP_51175,90106.9,2124053.0
SHP_51176,91362.2,2169040.5
SHP_51177,87909.4,2132194.3
SHP_51178,168863.1,4295618.0
SHP_51180,86969.7,2059126.0
SHP_51182,156446.4,3998090.0
SHP_51183,69970.7,1672033.5
SHP_51185,87069.0,2059680.9
SHP_51190,176598.9,4482273.5
SHP_51193,71514.5,1703075.8
SHP_51194,173116.2,4393509.5
SHP_51198,91528.9,2171929.0
SHP_51200,193962.3,4823309.0
SHP_51203,90712.9,2154108.3
SHP_51204,18584.5,408916.3
SHP_51205,173728.9,4412673.0
SHP_51208,109748.2,2641785.0
SHP_51209,91636.2,2173063.5
SHP_51210,87280.8,2060997.8
SHP_51213,194507.7,4829928.0
SHP_51214,66600.8,1557070.4
SHP_51222,91470.7,2243681.0
SHP_51225,87897.3,2079102.4
SHP_51227,193533.9,4814051.0
SHP_51228,80469.6,1914628.6
SHP_51230,169246.4,4301592.0
SHP_51231,85134.1,2041873.1
SHP_51236,93341.6,2191753.0
SHP_51238,79386.0,1938550.8
SHP_51244,91693.8,2201157.8
SHP_51246,173974.6,4409249.0
SHP_51247,75571.1,1819517.9
SHP_51248,77856.3,1860708.5
SHP_51249,172453.7,4381539.0
SHP_51252,167553.8,4271975.0
SHP_51255,195365.2,4857959.0
SHP_51256,127809.8,3152424.5
SHP_51258,87177.4,2061284.1
SHP_51259,183379.5,4575739.0
SHP_51260,41749.8,982624.7
SHP_51270,56398.3,1385960.4
SHP_51275,215154.6,5329868.0
SHP_51277,84754.0,1999330.8
SHP_51279,193923.5,4820841.0
SHP_51280,89236.1,2165258.0
SHP_51282,98201.4,2316231.8
SHP_51284,186143.4,4693108.0
SHP_51285,65278.0,1562072.1
SHP_51288,195536.7,4862808.0
SHP_51289,74250.3,1753187.5
SHP_51291,45054.1,1099022.0
SHP_51294,128777.3,3165820.0
SHP_51295,66819.8,1629294.0
SHP_51299,69996.8,1697505.1
SHP_51302,92563.9,2174903.3
SHP_51303,79332.0,1939231.4
SHP_51307,163306.6,4064513.8
SHP_51308,99304.8,2319118.5
SHP_51315,172416.4,4380671.0
SHP_51316,173232.4,4404259.5
SHP_51318,73498.7,1771430.5
SHP_51322,82146.6,1949055.8
SHP_51326,1684.8,24216.8
SHP_51328,64615.2,1543861.3
SHP_51329,52920.3,1284154.5
SHP_51331,79523.3,1943867.4
SHP_51332,99304.8,2319118.5
SHP_51333,87506.2,2127632.3
SHP_51339,23122.6,552947.3
SHP_51342,133997.1,3312204.0
SHP_51345,77401.4,1816048.0
SHP_51346,167128.6,4261510.0
SHP_51348,87434.1,2124447.3
SHP_51349,86570.5,2054442.1
SHP_51350,104115.3,2432383.5
SHP_51352,173727.0,4414553.0
SHP_51353,173283.1,4405797.0
SHP_51354,81989.7,1955928.3
SHP_51357,87460.8,2123040.5
SHP_51358,80660.2,1923981.5
SHP_51359,171108.6,4352487.0
SHP_51360,169724.2,4323786.5
SHP_51361,85974.2,2043703.0
SHP_51364,90359.6,2126937.8
SHP_51369,83586.4,1980465.3
SHP_51370,172944.4,4399291.0
SHP_51374,53836.8,1279208.0
SHP_51375,82870.5,1963963.3
SHP_51376,100358.8,2437151.0
SHP_51377,101586.0,2466076.5
SHP_51387,122546.3,3113873.5
SHP_51388,144212.5,3532201.8
SHP_51390,98360.6,2300644.5
SHP_51393,44196.0,1077042.9
SHP_51395,19498.4,463420.7
SHP_51396,173246.4,4397652.0
SHP_51397,163305.1,4064690.0
SHP_51399,171812.7,4370761.5
SHP_51401,192072.0,4765440.0
SHP_51402,122908.7,3119603.8
SHP_51407,94232.1,2223476.5
SHP_51408,163271.8,4063099.5
SHP_51413,1825.4,32692.2
SHP_51415,163853.8,4091384.5
SHP_51418,78811.3,1868435.6
SHP_51421,173569.9,4407361.0
SHP_51422,170618.8,4343961.5
SHP_51426,92666.2,2235409.5
SHP_51427,74150.6,1770103.5
SHP_51428,90878.6,2190665.3
SHP_51429,93089.5,2236122.8
SHP_51432,68365.7,1663063.9
SHP_51434,197063.9,4895227.0
SHP_51436,16570.4,385895.6
SHP_51437,173134.3,4402739.5
SHP_51438,44179.2,1076833.6
SHP_51442,1592.9,23646.3
SHP_51443,163447.8,4077846.5
SHP_51445,170837.2,4345370.5
SHP_51446,2436.2,46215.1
SHP_51448,172780.7,4396661.0
SHP_51449,95184.9,2244034.8
SHP_51450,183359.0,4575407.0
SHP_51452,169301.4,4314328.5
SHP_51453,79259.7,1868094.5
SHP_51456,2259.2,42982.5
SHP_51457,2798.7,57113.3
SHP_51458,171812.7,4370761.5
SHP_51460,117957.6,2830471.0
SHP_51461,58111.8,1418468.9
SHP_51463,148865.8,3794637.0
SHP_51464,46889.4,1125838.0
SHP_51466,88625.1,2170806.3
SHP_51467,172453.7,4381539.0
SHP_51473,103016.9,2398663.8
SHP_51478,96948.7,2292251.0
SHP_51479,133682.7,3310257.3
SHP_51480,174044.9,4418694.0
SHP_51485,44946.6,1094363.3
SHP_51486,98782.0,2383364.3
SHP_51491,87713.6,2071479.0
SHP_51493,170767.3,4344759.5
SHP_51498,80475.6,1965258.0
SHP_51499,84806.8,2020027.4
SHP_51500,87913.3,2077666.8
SHP_51501,167585.8,4273222.0
SHP_51508,92929.4,2227348.3
SHP_51515,133729.2,3312231.0
SHP_51516,173163.8,4402602.0
SHP_51517,170413.6,4336483.5
SHP_51518,76906.4,1809489.3
SHP_51520,1079.1,15777.1
SHP_51521,86440.7,2053061.1
SHP_51523,65450.5,1561218.8
SHP_51527,102972.0,2496998.0
SHP_51528,103030.2,2402320.3
SHP_51529,142171.7,3621428.0
SHP_51533,127118.8,3137193.3
SHP_51535,170837.2,4345370.5
SHP_51536,172183.5,4375343.0
SHP_51538,87162.2,2069134.5
SHP_51541,82737.6,2006483.8
SHP_51543,87125.4,2060884.8
SHP_51545,173435.9,4406942.5
SHP_51548,77770.1,1822772.1
SHP_51549,170916.2,4283878.0
SHP_51555,170209.1,4330604.0
SHP_51557,127809.8,3152424.5
SHP_51558,103016.9,2398663.8
SHP_51564,148256.6,3771807.8
SHP_51572,167128.6,4261510.0
SHP_51573,95257.2,2244398.0
SHP_51574,80468.3,1913374.9
SHP_51576,81646.2,1981588.0
SHP_51577,49028.3,1189000.0
SHP_51583,83579.0,1980416.3
SHP_51584,193529.1,4811730.0
SHP_51585,87110.7,2060647.9
SHP_51593,100358.8,2437151.0
SHP_51595,164142.7,4100079.5
SHP_51598,1750.9,27104.0
SHP_51599,136835.7,3385916.0
SHP_51602,177463.9,4432738.0
SHP_51605,87709.3,2076782.3
SHP_51607,31914.2,778349.2
SHP_51609,39951.8,939579.7
SHP_51610,83863.0,1986706.1
SHP_51613,91073.1,2189091.0
SHP_51615,92206.9,2213339.8
SHP_51616,92063.0,2180912.0
SHP_51619,80272.9,1915237.6
SHP_51623,116073.0,2785204.0
SHP_51626,62993.5,1530574.5
SHP_51629,88107.2,2139925.5
SHP_51634,133682.7,3310257.3
SHP_51635,81806.3,1986033.4
SHP_51636,170289.3,4337121.5
SHP_51639,87684.5,2078164.1
SHP_51640,91645.0,2174091.3
SHP_51645,193558.2,4826939.0
SHP_51649,163302.8,4064653.0
SHP_51650,81747.1,1943413.3
SHP_51651,196676.1,4899223.0
SHP_51652,77332.0,1850744.4
SHP_51657,73272.8,1763833.4
SHP_51658,92107.6,2210788.3
SHP_51660,173350.7,4401299.5
SHP_51661,92340.6,2218156.5
SHP_51662,87167.9,2069278.4
SHP_51663,169417.6,4313209.0
SHP_51666,77401.4,1816048.0
SHP_51667,208393.5,5253315.5
SHP_51669,171060.6,4349993.0
SHP_51675,87860.2,2070680.4
SHP_51677,86665.1,2058746.3
SHP_51681,100588.7,2444662.5
SHP_51682,101509.8,2461738.0
SHP_51684,194622.0,4836245.0
SHP_51685,83273.9,1987586.6
SHP_51686,163649.5,4069183.5
SHP_51688,80594.3,1922785.8
SHP_51691,83425.9,1978743.0
SHP_51693,84921.1,2022085.5
SHP_51702,3212.5,64917.1
SHP_51705,197758.6,4924174.0
SHP_51708,108363.6,2634033.3
SHP_51709,18348.5,438012.2
SHP_51715,91819.6,2207933.3
SHP_51720,90143.8,2147510.3
SHP_51722,91588.3,2172811.3
SHP_51723,198323.7,4926129.0
SHP_51724,90878.6,2190665.3
SHP_51726,87864.7,2078411.5
SHP_51727,65800.3,1596844.5
SHP_51730,177834.5,4439926.0
SHP_51731,128777.3,3165820.0
SHP_51732,2944.1,55402.8
SHP_51735,91490.4,2171545.8
SHP_51738,122925.7,3121835.8
SHP_51739,88544.8,2149842.5
SHP_51741,88723.2,2095116.3
SHP_51745,99665.1,2472511.0
SHP_51748,167811.2,4276968.5
SHP_51752,79252.9,1864135.5
SHP_51756,80457.3,1913968.6
SHP_51757,72253.4,1746346.0
SHP_51761,16688.6,387642.5
SHP_51762,197062.8,4903091.5
SHP_51768,77914.2,1863958.4
SHP_51769,62825.3,1531176.8
SHP_51770,101586.0,2466076.5
SHP_51771,83950.1,1997277.3
SHP_51772,149057.0,3783990.0
SHP_51774,74150.6,1770103.5
SHP_51776,87629.4,2128160.0
SHP_51784,20157.2,473578.3
SHP_51785,2798.7,57113.3
SHP_51788,148149.8,3779648.5
SHP_51789,166974.6,4227507.0
SHP_51790,87532.7,2128734.5
SHP_51793,87414.3,2067688.1
SHP_51795,89218.3,2105430.5
SHP_51798,91965.7,2210372.0
SHP_51805,70590.5,1712778.0
SHP_51812,150158.7,3817379.3
SHP_51813,87811.7,2131681.5
SHP_51815,93341.6,2191753.0
SHP_51818,84754.0,1999330.8
SHP_51819,167284.8,4266330.0
SHP_51820,75955.2,1815917.0
SHP_51822,80468.3,1913374.9
SHP_51823,101070.5,2452747.0
SHP_51824,110177.4,2691348.8
SHP_51825,84341.4,2027868.5
SHP_51826,87032.8,2059724.8
SHP_51827,120998.1,3079142.3
SHP_51829,173431.3,4405374.0
SHP_51831,86858.2,2057529.9
SHP_51832,93060.7,2228260.3
SHP_51833,215154.6,5329868.0
SHP_51835,67408.3,1571160.8
SHP_51838,194061.8,4825438.0
SHP_51839,89349.8,2104610.5
SHP_51842,87167.9,2069278.4
SHP_51844,163256.6,4065622.0
SHP_51845,87792.7,2077428.6
SHP_51846,56006.3,1354385.4
SHP_51847,85319.7,2029749.8
SHP_51848,16259.8,382068.9
SHP_51849,45397.0,1104077.1
SHP_51850,173069.3,4391651.0
SHP_51851,94723.0,2219034.3
SHP_51853,82737.6,2006483.8
SHP_51854,78154.6,1849040.4
SHP_51855,92063.0,2180912.0
SHP_51856,89586.4,2162263.3
SHP_51861,39928.1,937387.4
SHP_51862,172830.5,4397303.0
SHP_51864,73592.6,1765928.3
SHP_51866,185250.4,4624340.5
SHP_51870,185066.5,4615304.5
SHP_51872,85319.7,2029749.8
SHP_51873,101848.2,2465624.0
SHP_51875,163613.1,4088460.5
SHP_51876,84112.4,1998291.0
SHP_51877,174010.9,4416459.0
SHP_51882,91732.4,2176460.3
SHP_51883,64963.8,1549998.3
SHP_51885,135977.7,3369447.8
SHP_51886,120897.7,2928318.0
SHP_51888,86826.9,2058821.4
SHP_51890,196697.9,4892069.0
SHP_51892,93612.1,2216903.0
SHP_51895,67710.0,1575436.3
SHP_51896,103708.9,2408143.0
SHP_51898,87079.5,2059857.1
SHP_51902,193560.8,4813864.0
SHP_51903,86430.4,2053376.0
SHP_51910,91734.6,2175074.3
SHP_51915,194507.7,4829928.0
SHP_51918,116073.0,2785204.0
SHP_51923,173747.8,4411242.0
SHP_51926,168835.9,4291650.0
SHP_51928,36521.3,869559.9
SHP_51929,163820.9,4073287.5
SHP_51930,85652.8,2033507.0
SHP_51931,56424.6,1385903.3
SHP_51934,83978.7,1989657.8
SHP_51935,102372.4,2391937.0
SHP_51938,87280.8,2060997.8
SHP_51941,87110.7,2060647.9
SHP_51942,211728.3,5326792.5
SHP_51945,88631.4,2156003.0
SHP_51946,96824.6,2268463.5
SHP_51949,77747.6,1822571.6
SHP_51950,169246.4,4301592.0
SHP_51952,93089.5,2236122.8
SHP_51955,142171.7,3621428.0
SHP_51956,83523.7,1979938.0
SHP_51957,172635.1,4384707.0
SHP_51960,85911.5,2040973.0
SHP_51961,100588.7,2444662.5
SHP_51962,172978.6,4399849.5
SHP_51964,89511.5,2175120.0
SHP_51968,86523.4,2053822.9
SHP_51971,57233.3,1379081.1
SHP_51974,77903.4,1899878.8
SHP_51975,86663.0,2057755.0
SHP_51976,91573.9,2172402.3
SHP_51979,86663.0,2057755.0
SHP_51980,173210.2,4402371.5
SHP_51981,163825.5,4092804.0
SHP_51991,57270.6,1377276.3
SHP_51994,185450.0,4625795.5
SHP_51995,91708.8,2179308.5
SHP_51998,90282.1,2178777.3
SHP_51999,88050.2,2076538.5
SHP_52000,97658.9,2303500.0
SHP_52003,78106.2,1911858.5
SHP_52005,16612.6,386713.4
SHP_52006,78918.4,1881828.1
SHP_52009,90115.5,2144764.3
SHP_52011,87473.0,2126157.5
SHP_52013,193902.1,4822433.0
SHP_52014,148614.5,3790311.8
SHP_52015,86430.4,2053376.0
SHP_52018,167436.3,4268839.0
SHP_52021,104011.6,2423308.3
SHP_52026,149360.4,3808708.0
SHP_52028,168735.5,4297887.5
SHP_52029,198550.7,4932261.0
SHP_52034,193292.5,4820723.0
SHP_52037,101057.6,2389687.5
SHP_52040,92206.9,2213339.8
SHP_52043,71106.5,1694314.3
SHP_52044,190984.3,4760425.0
SHP_52046,142162.2,3615541.5
SHP_52054,182731.6,4563338.0
SHP_52055,167826.8,4279158.0
SHP_52057,168735.5,4297887.5
SHP_52059,86177.7,2046732.6
SHP_52063,193741.2,4918560.5
SHP_52066,67468.5,1563657.3
SHP_52068,87913.3,2077666.8
SHP_52069,169330.0,4312990.5
SHP_52070,73950.0,1772901.8
SHP_52071,91471.8,2170882.3
SHP_52075,174318.1,4427466.0
SHP_52076,101363.9,2463164.3
SHP_52077,83577.0,1988152.5
SHP_52078,53533.0,1296744.0
SHP_52081,83577.0,1988152.5
SHP_52082,87276.4,2062161.0
SHP_52084,93478.5,2213355.3
SHP_52085,91875.7,2178189.0
SHP_52086,74150.6,1770103.5
SHP_52090,194007.2,4823219.0
SHP_52091,117940.9,2849643.5
SHP_52093,84754.0,1999330.8
SHP_52095,56535.2,1386083.3
SHP_52101,86313.6,2052039.8
SHP_52105,92281.6,2187304.3
SHP_52115,44096.0,1075920.4
SHP_52121,67001.4,1563828.0
SHP_52122,67556.3,1633267.3
SHP_52124,91860.1,2178097.0
SHP_52127,185250.4,4624340.5
SHP_52128,77914.2,1863958.4
SHP_52129,212327.0,5324911.0
SHP_52132,88723.2,2095116.3
SHP_52133,196783.3,4884733.0
SHP_52135,208895.2,5260896.0
SHP_52136,117029.4,2829456.5
SHP_52137,172238.0,4379691.5
SHP_52138,102169.1,2387835.5
SHP_52144,183154.7,4571057.0
SHP_52145,197062.8,4903091.5
SHP_52146,88723.2,2095116.3
SHP_52148,23122.6,552947.3
SHP_52151,80475.6,1965258.0
SHP_52153,81064.3,1926838.1
SHP_52155,92169.8,2180533.3
SHP_52156,163393.6,4064495.5
SHP_52157,194622.0,4836245.0
SHP_52160,144212.5,3532201.8
SHP_52165,172163.8,4375336.0
SHP_52168,87280.8,2060997.8
SHP_52172,69907.1,1692869.0
SHP_52173,70451.5,1682642.5
SHP_52179,59633.8,1451971.9
SHP_52187,197240.1,4911337.0
SHP_52190,42489.5,1041734.3
SHP_52193,51679.3,1228268.8
SHP_52194,122908.7,3119603.8
SHP_52197,91512.6,2171305.0
SHP_52198,63833.3,1543604.8
SHP_52199,101834.2,2472888.0
SHP_52200,92951.0,2230044.8
SHP_52201,173871.3,4418561.5
SHP_52208,87792.7,2077428.6
SHP_52209,87026.4,2060128.8
SHP_52211,19498.4,463420.7
SHP_52213,85225.3,2024002.5
SHP_52217,174044.9,4418694.0
SHP_52226,52920.3,1284154.5
SHP_52229,87167.9,2069278.4
SHP_52230,102395.2,2486047.0
SHP_52231,77404.3,1848942.9
SHP_52233,83545.1,1981291.8
SHP_52237,87414.3,2067688.1
SHP_52239,83096.4,2031381.0
SHP_52242,127809.8,3152424.5
SHP_52245,86785.5,2061830.3
SHP_52246,99304.8,2319118.5
SHP_52251,73529.7,1760416.8
SHP_52253,88685.0,2152120.3
SHP_52255,87464.6,2074903.4
SHP_52257,18336.3,406290.6
SHP_52259,194644.4,4840329.0
SHP_52261,91520.2,2171877.3
SHP_52264,45069.4,1096665.0
SHP_52265,87786.3,2097026.4
SHP_52266,87318.0,2071927.5
SHP_52268,133421.7,3305351.8
SHP_52269,83549.1,1986415.1
SHP_52272,96948.7,2292251.0
SHP_52273,174820.3,4439284.0
SHP_52274,173958.8,4408568.5
SHP_52275,80468.3,1913374.9
SHP_52276,79979.5,1899247.6
SHP_52279,178165.6,4445954.0
SHP_52280,90878.6,2190665.3
SHP_52284,167284.8,4266330.0
SHP_52287,194497.5,4836513.0
SHP_52289,87909.4,2132194.3
SHP_52290,85974.2,2043703.0
SHP_52291,80256.9,1912248.0
SHP_52292,87707.7,2096081.3
SHP_52297,80072.0,1912150.8
SHP_52298,91860.1,2178097.0
SHP_52304,123053.1,3119638.5
SHP_52308,91835.7,2151743.0
SHP_52311,53317.3,1291420.6
SHP_52323,93341.6,2191753.0
SHP_52324,85652.8,2033507.0
SHP_52326,174044.9,4418694.0
SHP_52327,174197.6,4425868.0
SHP_52328,180848.8,4577112.0
SHP_52329,77261.1,1849717.6
SHP_52330,72522.7,1747928.3
SHP_52331,75129.4,1810103.8
SHP_52334,90564.5,2154303.8
SHP_52337,150115.8,3821025.5
SHP_52338,150288.4,3830779.5
SHP_52339,87390.9,2064551.3
SHP_52344,197357.4,4897967.5
SHP_52345,194472.1,4834689.5
SHP_52347,87585.0,2075817.0
SHP_52348,1620.0,26614.9
SHP_52350,2944.1,55402.8
SHP_52353,80072.0,1912150.8
SHP_52354,73172.7,1766582.4
SHP_52355,192129.3,4761562.0
SHP_52356,80120.9,1900197.4
SHP_52357,174457.4,4434390.5
SHP_52358,149821.3,3813245.0
SHP_52359,90771.7,2150526.0
SHP_52360,163899.8,4091302.5
SHP_52365,86822.8,2058632.3
SHP_52366,125210.2,3177198.5
SHP_52367,133167.5,3301541.0
SHP_52368,102505.4,2389492.0
SHP_52369,87473.0,2126157.5
SHP_52370,186019.2,4688369.5
SHP_52382,148243.2,3778249.0
SHP_52383,169110.8,4304160.0
SHP_52385,174436.5,4432637.5
SHP_52386,90699.0,2180305.5
SHP_52389,86821.9,2057249.5
SHP_52391,197130.7,4891644.0
SHP_52395,127972.9,3157826.8
SHP_52397,83312.4,1991370.0
SHP_52398,87373.1,2065933.9
SHP_52400,101586.0,2466076.5
SHP_52401,173210.2,4402371.5
SHP_52402,56383.7,1386262.5
SHP_52403,133407.9,3267798.5
SHP_52406,79252.9,1864135.5
SHP_52410,74250.3,1753187.5
SHP_52412,74339.4,1778100.0
SHP_52415,81013.3,1923764.6
SHP_52420,197074.6,4896370.0
SHP_52421,116073.0,2785204.0
SHP_52428,172738.5,4391909.0
SHP_52429,86771.0,2057062.5
SHP_52430,2798.7,57113.3
SHP_52432,90960.0,2159799.8
SHP_52435,133362.5,3304139.0
SHP_52442,54388.3,1279911.0
SHP_52443,172999.2,4400358.0
SHP_52444,90627.1,2183058.8
SHP_52445,42674.4,1031555.0
SHP_52446,54667.3,1288230.3
SHP_52451,99742.2,2415866.0
SHP_52452,91246.7,2194209.3
SHP_52455,87390.8,2067306.0
SHP_52456,178112.9,4444991.5
SHP_52457,92169.8,2180533.3
SHP_52462,122546.3,3113873.5
SHP_52465,86570.5,2054442.1
SHP_52466,168868.1,4291987.5
SHP_52467,172183.5,4375343.0
SHP_52468,103658.9,2422493.0
SHP_52469,86612.6,2052361.3
SHP_52470,77306.5,1846222.9
SHP_52472,87605.6,2124796.8
SHP_52473,163473.8,4087180.0
SHP_52474,182622.1,4553748.0
SHP_52475,69533.9,1690018.0
SHP_52476,77379.7,1849329.9
SHP_52477,198323.7,4926129.0
SHP_52480,88487.9,2154792.3
SHP_52481,86353.4,2052444.9
SHP_52482,193461.6,4824308.0
SHP_52488,173435.9,4406942.5
SHP_52492,99665.1,2472511.0
SHP_52493,86479.5,2054301.5
SHP_52495,79405.3,1890717.3
SHP_52496,173146.6,4397167.5
SHP_52497,87829.0,2077752.5
SHP_52499,70856.4,1707005.9
SHP_52501,173414.5,4405841.5
SHP_52502,98360.6,2300644.5
SHP_52505,82705.5,1958151.8
SHP_52507,86401.0,2052489.8
SHP_52509,87167.9,2069278.4
SHP_52510,86777.6,2109936.5
SHP_52511,95313.9,2241521.3
SHP_52516,90771.7,2150526.0
SHP_52522,86911.0,2063022.8
SHP_52526,182277.8,4548222.0
SHP_52529,95257.2,2244398.0
SHP_52533,86819.0,2058796.5
SHP_52534,92088.6,2211702.5
SHP_52535,75579.3,1818584.6
SHP_52536,136620.1,3383269.0
SHP_52537,52920.3,1284154.5
SHP_52538,87615.4,2122925.8
SHP_52539,91531.5,2203840.3
SHP_52545,83771.0,1992986.6
SHP_52547,91246.7,2194209.3
SHP_52552,218954.4,5395635.5
SHP_52554,171980.2,4370861.5
SHP_52557,2944.1,55402.8
SHP_52558,212283.1,5315632.0
SHP_52561,85319.7,2029749.8
SHP_52563,91752.5,2175192.0
SHP_52565,83676.9,1984034.5
SHP_52567,87632.7,2068359.5
SHP_52568,75659.5,1789570.0
SHP_52575,109748.2,2641785.0
SHP_52578,174331.2,4425062.0
SHP_52582,193826.8,4821049.0
SHP_52584,173589.6,4411153.0
SHP_52588,108363.6,2634033.3
SHP_52589,1079.1,15777.1
SHP_52590,168735.5,4297887.5
SHP_52592,86357.7,2051206.0
SHP_52593,173381.0,4408221.5
SHP_52594,194622.0,4836245.0
SHP_52598,70669.5,1708064.4
SHP_52599,87253.9,2061245.4
SHP_52600,79009.7,1880362.5
SHP_52601,117029.4,2829456.5
SHP_52606,85225.3,2024002.5
SHP_52607,194938.1,4809566.0
SHP_52608,65278.0,1562072.1
SHP_52611,46889.4,1125838.0
SHP_52613,44542.2,1086642.5
SHP_52614,110177.4,2691348.8
SHP_52616,90978.9,2241819.5
SHP_52617,208701.0,5257902.5
SHP_52623,177261.5,4496601.5
SHP_52626,92005.0,2209536.0
SHP_52627,193533.9,4814051.0
SHP_52629,94232.1,2223476.5
SHP_52632,86858.2,2057529.9
SHP_52635,193962.3,4823309.0
SHP_52637,90137.2,2168569.5
SHP_52639,86440.7,2053061.1
SHP_52643,171938.2,4371256.5
SHP_52645,19498.4,463420.7
SHP_52646,172737.3,4394355.0
SHP_52648,90499.6,2153443.0
SHP_52649,70723.1,1687977.3
SHP_52650,142171.7,3621428.0
SHP_52651,142162.2,3615541.5
SHP_52653,56238.0,1348214.0
SHP_52655,74250.3,1753187.5
SHP_52657,19498.4,463420.7
SHP_52659,17982.9,401355.7
SHP_52661,69628.1,1691599.1
SHP_52662,84586.1,2012991.8
SHP_52664,198323.7,4926129.0
SHP_52666,85961.6,2036359.0
SHP_52668,134717.4,3329708.8
SHP_52669,65278.0,1562072.1
SHP_52672,174694.7,4437785.0
SHP_52675,87090.0,2068227.5
SHP_52679,117029.4,2829456.5
SHP_52680,42674.4,1031555.0
SHP_52683,81080.4,1930738.5
SHP_52686,91708.8,2179308.5
SHP_52687,103411.2,2509169.5
SHP_52688,173871.3,4418561.5
SHP_52691,197224.9,4914708.0
SHP_52693,170793.9,4348994.5
SHP_52695,535.4,6227.0
SHP_52696,208895.2,5260896.0
SHP_52697,3212.5,64917.1
SHP_52699,53640.1,1281710.5
SHP_52700,43637.8,1065627.0
SHP_52703,53615.3,1269754.0
SHP_52705,91660.2,2174119.3
SHP_52706,195205.8,4850724.0
SHP_52707,86405.2,2051871.4
SHP_52709,56424.6,1385903.3
SHP_52710,80807.1,1966822.3
SHP_52713,81502.0,1977156.5
SHP_52714,116073.0,2785204.0
SHP_52716,110177.4,2691348.8
SHP_52719,87722.7,2130385.5
SHP_52723,90916.8,2234383.5
SHP_52724,91088.7,2186005.3
SHP_52725,86911.0,2063022.8
SHP_52729,87276.4,2062161.0
SHP_52730,101363.9,2463164.3
SHP_52736,194061.8,4825438.0
SHP_52737,172939.3,4399272.5
SHP_52739,16101.4,368251.5
SHP_52740,82179.6,1992178.1
SHP_52741,133772.0,3277613.8
SHP_52743,170412.8,4327883.0
SHP_52744,167851.8,4269894.5
SHP_52745,175908.0,4467186.0
SHP_52749,31914.2,778349.2
SHP_52750,142426.4,3624870.0
SHP_52752,172453.7,4381539.0
SHP_52755,90960.0,2159799.8
SHP_52756,86401.0,2052489.8
SHP_52757,3212.5,64917.1
SHP_52758,212141.6,5328749.5
SHP_52759,80239.9,1909812.8
SHP_52762,86570.5,2054442.1
SHP_52765,53317.3,1291420.6
SHP_52767,128777.3,3165820.0
SHP_52768,92442.4,2185930.8
SHP_52774,80728.8,1922264.3
SHP_52776,87084.0,2060627.0
SHP_52777,80371.0,1908570.3
SHP_52779,92436.0,2217564.3
SHP_52784,172499.8,4382507.0
SHP_52785,91797.4,2177507.0
SHP_52788,81902.4,1964181.8
SHP_52792,133672.3,3276073.5
SHP_52797,100564.1,2349125.8
SHP_52798,78943.8,1882426.6
SHP_52799,83312.4,1991370.0
SHP_52801,65485.7,1561498.9
SHP_52806,149653.9,3812662.8
SHP_52808,45216.2,1103576.8
SHP_52809,170557.3,4343279.0
SHP_52811,149354.3,3805581.5
SHP_52812,82179.6,1992178.1
SHP_52813,163485.3,4082033.5
SHP_52814,168652.3,4286894.0
SHP_52816,71510.6,1730180.4
SHP_52817,196697.9,4892069.0
SHP_52818,83981.0,1995442.4
SHP_52823,46889.4,1125838.0
SHP_52824,92436.0,2217564.3
SHP_52827,90515.8,2153873.3
SHP_52829,87167.9,2069278.4
SHP_52832,212141.6,5328749.5
SHP_52833,148291.0,3772630.5
SHP_52837,75853.0,1821178.1
SHP_52838,100358.8,2437151.0
SHP_52841,195365.2,4857959.0
SHP_52844,91698.7,2176696.0
SHP_52846,173116.8,4401529.0
SHP_52847,84921.1,2022085.5
SHP_52852,78102.8,1862004.6
SHP_52853,173589.6,4411153.0
SHP_52855,172519.1,4384323.5
SHP_52856,163649.5,4069183.5
SHP_52857,92206.9,2213339.8
SHP_52864,89499.3,2114492.5
SHP_52865,175395.0,4454977.5
SHP_52866,92304.5,2194288.8
SHP_52868,87570.6,2121907.8
SHP_52869,144212.5,3532201.8
SHP_52873,2543.7,45369.9
SHP_52874,109748.2,2641785.0
SHP_52875,167408.5,4268148.0
SHP_52876,87489.4,2065877.5
SHP_52877,90916.8,2234383.5
SHP_52878,102651.9,2399056.8
SHP_52879,181554.9,4529207.0
SHP_52880,80367.9,1957374.4
SHP_52881,211498.1,5319951.5
SHP_52884,173611.9,4407207.0
SHP_52890,177850.7,4439593.0
SHP_52891,45069.4,1096665.0
SHP_52892,86374.9,2097640.3
SHP_52895,80272.9,1915237.6
SHP_52896,87736.3,2077561.9
SHP_52898,65485.7,1561498.9
SHP_52899,177316.1,4500009.5
SHP_52902,92436.0,2217564.3
SHP_52905,90771.7,2150526.0
SHP_52906,133074.1,3221484.0
SHP_52909,87713.1,2076714.8
SHP_52912,78943.8,1882426.6
SHP_52913,116073.0,2785204.0
SHP_52914,195536.7,4862808.0
SHP_52915,78943.8,1882426.6
SHP_52919,92304.5,2194288.8
SHP_52922,103708.9,2408143.0
SHP_52925,197240.1,4911337.0
SHP_52926,149097.9,3800820.8
SHP_52931,78969.3,1930082.0
SHP_52933,57270.6,1377276.3
SHP_52934,94232.1,2223476.5
SHP_52935,87517.0,2073776.8
SHP_52940,23114.2,552892.8
SHP_52941,1079.1,15777.1
SHP_52942,90642.6,2228088.0
SHP_52945,168932.1,4300549.0
SHP_52949,92950.7,2230600.0
SHP_52950,173134.3,4402739.5
SHP_52957,168415.7,4289949.0
SHP_52958,91875.7,2178189.0
SHP_52959,163473.8,4087180.0
SHP_52965,163473.8,4087180.0
SHP_52966,91322.0,2168829.0
SHP_52967,173164.5,4402569.0
SHP_52968,214878.6,5328847.5
SHP_52972,62412.4,1508490.0
SHP_52973,16823.5,362395.9
SHP_52974,90499.6,2153443.0
SHP_52975,208895.2,5260896.0
SHP_52976,93341.6,2191753.0
SHP_52977,65278.0,1562072.1
SHP_52981,88904.5,2141009.5
SHP_52983,91588.3,2172811.3
SHP_52987,73592.6,1765928.3
SHP_52988,79794.6,1895190.3
SHP_52989,172737.3,4394355.0
SHP_52990,168735.5,4297887.5
SHP_52993,133362.5,3304139.0
SHP_52997,90916.8,2234383.5
SHP_52998,95209.9,2300222.3
SHP_53001,172432.8,4379968.5
SHP_53006,86123.5,2048434.8
SHP_53007,41283.0,973826.5
SHP_53008,79335.5,1886956.6
SHP_53010,168835.9,4291650.0
SHP_53012,110177.4,2691348.8
SHP_53013,86018.3,2043690.6
SHP_53015,193786.8,4815130.0
SHP_53018,1750.9,27104.0
SHP_53020,185234.1,4623395.0
SHP_53021,16570.4,385895.6
SHP_53022,88487.9,2154792.3
SHP_53026,162983.2,4071929.5
SHP_53029,133672.3,3276073.5
SHP_53030,99477.7,2423219.0
SHP_53031,197173.8,4897973.0
SHP_53032,96159.4,2325281.0
SHP_53034,87882.9,2137175.8
SHP_53035,197062.8,4903091.5
SHP_53037,55123.0,1303479.4
SHP_53038,163305.1,4064690.0
SHP_53039,163460.2,4067234.5
SHP_53040,173772.5,4417168.5
SHP_53041,91392.8,2169529.5
SHP_53045,172416.4,4380671.0
SHP_53046,90618.1,2153724.3
SHP_53047,103311.7,2438278.5
SHP_53049,163783.6,4075770.0
SHP_53052,86665.1,2058746.3
SHP_53053,16570.4,385895.6
SHP_53057,168500.9,4284715.5
SHP_53060,99564.8,2412925.8
SHP_53061,23189.0,552793.2
SHP_53065,87110.7,2060647.9
SHP_53066,23114.2,552892.8
SHP_53067,102138.2,2479354.8
SHP_53068,212327.0,5324911.0
SHP_53070,91571.0,2158449.0
SHP_53071,173977.2,4409312.0
SHP_53072,196697.9,4892069.0
SHP_53073,173286.6,4402059.0
SHP_53074,42399.3,1038298.8
SHP_53076,195362.8,4863554.0
SHP_53078,168728.0,4296739.0
SHP_53081,89207.9,2167255.3
SHP_53082,173399.3,4408596.0
SHP_53083,172332.8,4378777.0
SHP_53085,87464.6,2074903.4
SHP_53086,67468.5,1563657.3
SHP_53088,44838.8,1096267.3
SHP_53090,610.1,8144.5
SHP_53094,87396.6,2074359.0
SHP_53096,173649.1,4402949.0
SHP_53100,65184.1,1552303.9
SHP_53105,51724.2,1225380.8
SHP_53108,93188.3,2206076.5
SHP_53112,91579.2,2200682.5
SHP_53113,31914.2,778349.2
SHP_53114,170354.4,4340277.0
SHP_53116,173589.6,4411153.0
SHP_53118,88723.2,2095116.3
SHP_53120,94567.2,2232467.0
SHP_53122,87713.6,2071479.0
SHP_53129,52694.0,1279526.8
SHP_53130,91840.7,2178134.8
SHP_53134,86911.0,2063022.8
SHP_53135,87390.9,2064551.3
SHP_53138,193941.3,4823044.0
SHP_53140,82179.6,1992178.1
SHP_53143,87864.7,2078411.5
SHP_53144,84135.0,2001105.1
SHP_53145,70437.7,1682547.5
SHP_53146,84115.5,1992559.5
SHP_53148,116073.0,2785204.0
SHP_53152,53306.7,1271360.1
SHP_53154,173953.0,4408741.5
SHP_53155,103658.9,2422493.0
SHP_53156,103658.9,2422493.0
SHP_53161,78650.3,1924442.3
SHP_53163,173311.8,4403767.0
SHP_53164,56020.9,1352369.4
SHP_53165,80272.9,1915237.6
SHP_53167,194183.9,4828086.0
SHP_53168,617.1,8219.7
SHP_53169,80272.9,1915237.6
SHP_53170,185450.0,4625795.5
SHP_53171,86826.9,2058821.4
SHP_53172,44542.2,1086642.5
SHP_53174,172416.4,4380671.0
SHP_53176,85961.6,2036359.0
SHP_53177,85225.3,2024002.5
SHP_53179,23114.2,552892.8
SHP_53182,56535.2,1386083.3
SHP_53183,117894.6,2788672.5
SHP_53184,81763.7,1943551.0
SHP_53186,86282.3,2050475.4
SHP_53187,173384.3,4403986.0
SHP_53189,87904.7,2081680.8
SHP_53191,174908.6,4440504.5
SHP_53193,172154.8,4375910.0
SHP_53194,103433.0,2400438.5
SHP_53196,65057.2,1552896.3
SHP_53197,93803.1,2179640.0
SHP_53200,173067.3,4390322.0
SHP_53205,70134.4,1699484.0
SHP_53206,67001.4,1563828.0
SHP_53210,127809.8,3152424.5
SHP_53211,86479.5,2054301.5
SHP_53212,87679.4,2076486.6
SHP_53213,89642.3,2115460.0
SHP_53214,87865.5,2077176.8
SHP_53215,167128.6,4261510.0
SHP_53216,50709.9,1239862.5
SHP_53217,197130.7,4891644.0
SHP_53218,1759.1,32541.8
SHP_53219,52920.3,1284154.5
SHP_53221,87585.0,2075817.0
SHP_53223,78336.8,1839919.8
SHP_53226,96948.7,2292251.0
SHP_53230,78992.0,1873243.1
SHP_53231,173573.4,4408762.5
SHP_53232,92666.2,2235409.5
SHP_53233,193080.5,4794258.0
SHP_53234,194223.0,4827710.0
SHP_53235,87390.9,2064551.3
SHP_53237,212101.1,5312962.5
SHP_53238,87929.2,2113933.3
SHP_53240,58440.5,1414431.8
SHP_53241,1592.9,23646.3
SHP_53243,76806.8,1826330.1
SHP_53252,170874.9,4346488.5
SHP_53254,177587.3,4504096.5
SHP_53255,172709.5,4388108.0
SHP_53257,77261.1,1849717.6
SHP_53259,41196.6,971770.0
SHP_53266,91503.1,2201372.5
SHP_53267,172163.8,4375336.0
SHP_53269,133682.7,3310257.3
SHP_53270,95273.2,2243992.8
SHP_53271,172996.3,4399325.5
SHP_53280,171586.8,4362990.5
SHP_53281,95238.8,2289572.0
SHP_53282,173495.5,4409127.0
SHP_53283,86570.5,2054442.1
SHP_53290,173573.4,4408762.5
SHP_53291,169450.3,4313207.0
SHP_53292,182622.1,4553748.0
SHP_53294,160284.3,4093800.0
SHP_53296,172657.0,4386016.0
SHP_53298,108242.6,2638298.0
SHP_53299,93089.5,2236122.8
SHP_53301,117029.4,2829456.5
SHP_53308,90515.8,2153873.3
SHP_53310,91520.0,2171088.0
SHP_53313,90541.2,2153010.5
SHP_53317,3060.1,57481.6
SHP_53318,76625.2,1876725.8
SHP_53319,85265.8,2026644.6
SHP_53320,57516.5,1406530.3
SHP_53323,92423.5,2186677.8
SHP_53327,163341.1,4063888.3
SHP_53328,91800.3,2177622.3
SHP_53329,92376.9,2165579.5
SHP_53335,56082.7,1352758.0
SHP_53336,91708.8,2179308.5
SHP_53337,73132.9,1753101.3
SHP_53340,169564.6,4317219.0
SHP_53341,87781.1,2077862.5
SHP_53343,87489.4,2065877.5
SHP_53344,103658.9,2422493.0
SHP_53345,211093.2,5312102.5
SHP_53347,173264.9,4405272.5
SHP_53349,87909.4,2132194.3
SHP_53350,87848.8,2072516.0
SHP_53351,90927.6,2160136.5
SHP_53355,86911.0,2063022.8
SHP_53356,92563.9,2174903.3
SHP_53358,163142.3,4060083.0
SHP_53363,103800.3,2510311.5
SHP_53364,198055.0,4915600.0
SHP_53366,91308.6,2167523.3
SHP_53367,1825.4,32692.2
SHP_53369,86282.3,2050475.4
SHP_53370,173350.7,4401299.5
SHP_53371,80072.0,1912150.8
SHP_53374,90627.1,2183058.8
SHP_53377,192652.5,4801754.0
SHP_53378,87094.7,2117296.8
SHP_53381,98782.0,2383364.3
SHP_53382,197357.4,4897967.5
SHP_53385,127706.8,3153351.0
SHP_53394,89623.2,2115960.3
SHP_53395,171692.7,4369806.0
SHP_53396,172184.3,4375481.5
SHP_53399,88066.9,2072551.5
SHP_53401,64661.9,1549968.0
SHP_53405,85911.5,2040973.0
SHP_53407,102127.0,2387459.0
SHP_53409,163853.8,4091384.5
SHP_53411,80893.7,1963949.8
SHP_53415,45488.4,1103337.9
SHP_53416,98535.3,2325330.8
SHP_53418,79252.9,1864135.5
SHP_53419,173740.0,4412645.5
SHP_53421,81646.2,1981588.0
SHP_53422,79003.6,1927697.3
SHP_53423,173207.3,4400222.5
SHP_53424,212501.7,5327487.0
SHP_53426,40169.5,945759.9
SHP_53429,196333.7,4877019.0
SHP_53430,168728.0,4296739.0
SHP_53432,88556.7,2170902.5
SHP_53433,173240.9,4405033.0
SHP_53435,84939.1,2002288.8
SHP_53439,172033.1,4371256.5
SHP_53440,94232.1,2223476.5
SHP_53441,84434.8,2007548.4
SHP_53442,102169.1,2387835.5
SHP_53443,180436.8,4569876.5
SHP_53444,163899.8,4091302.5
SHP_53445,96049.5,2249824.0
SHP_53446,84581.4,2011573.0
SHP_53447,167128.6,4261510.0
SHP_53449,86401.0,2052489.8
SHP_53451,98782.0,2383364.3
SHP_53454,193780.8,4820274.0
SHP_53455,177777.5,4442544.5
SHP_53456,778.7,8752.2
SHP_53460,91571.0,2158449.0
SHP_53461,74250.3,1753187.5
SHP_53464,1006.9,14785.2
SHP_53466,213077.5,5336590.5
SHP_53468,91419.0,2169759.3
SHP_53469,87199.8,2060641.0
SHP_53471,86074.3,2092030.6
SHP_53474,99304.8,2319118.5
SHP_53477,92169.8,2180533.3
SHP_53478,86915.3,2109606.5
SHP_53479,80120.9,1900197.4
SHP_53480,173346.3,4401012.0
SHP_53481,85652.8,2033507.0
SHP_53483,16113.9,378027.2
SHP_53484,56653.1,1389811.0
SHP_53485,168815.1,4302639.5
SHP_53486,65278.0,1562072.1
SHP_53488,56424.6,1385903.3
SHP_53489,87167.9,2069278.4
SHP_53491,93803.1,2179640.0
SHP_53493,173641.3,4402024.5
SHP_53497,168524.4,4285750.0
SHP_53498,173286.6,4402059.0
SHP_53500,2039.4,32855.0
SHP_53506,84754.0,1999330.8
SHP_53507,127535.4,3148405.0
SHP_53508,99477.7,2423219.0
SHP_53512,150354.6,3831387.3
SHP_53514,86858.2,2057529.9
SHP_53517,172737.3,4394355.0
SHP_53518,172183.5,4375343.0
SHP_53519,90331.8,2149335.0
SHP_53520,65291.0,1561731.8
SHP_53522,81646.2,1981588.0
SHP_53523,194949.1,4855036.5
SHP_53525,2944.1,55402.8
SHP_53527,172483.8,4380033.5
SHP_53529,77161.2,1891946.1
SHP_53530,84806.8,2020027.4
SHP_53531,79335.5,1886956.6
SHP_53533,167128.6,4261510.0
SHP_53535,173501.5,4401432.0
SHP_53536,213351.8,5344928.0
SHP_53538,166685.2,4253028.5
SHP_53539,2436.2,46215.1
SHP_53541,148761.3,3789963.8
SHP_53542,173399.3,4408596.0
SHP_53550,70465.8,1703089.9
SHP_53551,149777.7,3812607.3
SHP_53552,87026.4,2060128.8
SHP_53554,2543.7,45369.9
SHP_53556,16208.5,379319.8
SHP_53557,86939.5,2059669.3
SHP_53559,41339.1,974062.2
SHP_53562,87605.6,2124796.8
SHP_53565,77332.0,1850744.4
SHP_53568,117957.6,2830471.0
SHP_53571,98638.9,2306310.3
SHP_53572,43637.8,1065627.0
SHP_53579,196650.7,4892347.0
SHP_53581,173279.1,4404924.5
SHP_53582,86612.6,2052361.3
SHP_53583,84211.2,2001906.8
SHP_53584,171348.3,4357489.0
SHP_53586,69996.8,1697505.1
SHP_53588,54667.3,1288230.3
SHP_53589,101983.0,2477619.8
SHP_53593,197758.6,4924174.0
SHP_53594,91911.6,2184199.8
SHP_53600,45448.8,1106285.8
SHP_53601,87390.9,2064551.3
SHP_53603,56127.2,1379303.8
SHP_53605,45348.6,1102088.4
SHP_53606,87313.2,2071368.5
SHP_53608,195966.0,4872931.0
SHP_53609,77161.2,1891946.1
SHP_53611,70856.4,1707005.9
SHP_53612,102169.1,2387835.5
SHP_53613,89236.1,2165258.0
SHP_53614,128777.3,3165820.0
SHP_53616,87605.6,2124796.8
SHP_53618,80272.9,1915237.6
SHP_53620,45076.6,1100061.5
SHP_53622,87763.4,2077294.1
SHP_53624,1868.2,30477.0
SHP_53627,63833.3,1543604.8
SHP_53629,83069.6,2032577.4
SHP_53630,168932.1,4300549.0
SHP_53631,87013.8,2059099.3
SHP_53632,92772.3,2195220.5
SHP_53633,171271.7,4342834.5
SHP_53635,90642.6,2228088.0
SHP_53636,173718.6,4410880.0
SHP_53644,19297.1,459716.3
SHP_53648,172738.5,4391909.0
SHP_53649,89120.0,2166255.0
SHP_53651,163853.8,4091384.5
SHP_53652,191444.0,4768251.0
SHP_53654,78992.0,1873243.1
SHP_53655,99477.7,2423219.0
SHP_53657,80728.8,1922264.3
SHP_53659,172906.2,4389556.0
SHP_53661,117476.2,2837807.5
SHP_53662,87511.9,2072632.4
SHP_53669,173204.4,4401019.5
SHP_53670,191444.0,4768251.0
SHP_53671,169599.9,4308053.0
SHP_53675,52764.8,1258654.3
SHP_53676,195365.2,4857959.0
SHP_53678,87806.7,2129875.3
SHP_53683,95238.8,2289572.0
SHP_53685,177834.5,4439926.0
SHP_53686,88723.2,2095116.3
SHP_53687,77179.0,1847672.9
SHP_53688,16240.9,381644.7
SHP_53691,184979.1,4617282.0
SHP_53693,44141.8,1079292.0
SHP_53694,87607.8,2077514.9
SHP_53697,90627.1,2183058.8
SHP_53701,120998.1,3079142.3
SHP_53702,84211.2,2001906.8
SHP_53703,173772.5,4417168.5
SHP_53705,182622.1,4553748.0
SHP_53708,69140.4,1680690.0
SHP_53709,173264.9,4405272.5
SHP_53710,81013.3,1923764.6
SHP_53711,2430.6,45173.2
SHP_53713,84071.5,1990579.6
SHP_53714,75638.7,1821271.1
SHP_53715,163306.6,4064513.8
SHP_53716,101513.8,2466702.5
SHP_53718,163783.6,4075770.0
SHP_53721,86282.3,2050475.4
SHP_53722,77856.3,1860708.5
SHP_53726,168665.4,4296115.0
SHP_53727,87632.7,2068359.5
SHP_53731,88304.5,2084077.8
SHP_53732,94038.2,2218668.5
SHP_53736,86821.9,2057249.5
SHP_53738,83549.1,1986415.1
SHP_53747,193560.8,4813864.0
SHP_53750,171586.8,4362990.5
SHP_53751,89218.3,2105430.5
SHP_53752,172138.0,4382120.5
SHP_53754,168835.9,4291650.0
SHP_53755,122546.3,3113873.5
SHP_53756,194678.0,4838234.0
SHP_53762,169200.6,4297327.0
SHP_53764,194263.6,4828919.0
SHP_53765,163783.6,4075770.0
SHP_53766,87615.4,2122925.8
SHP_53772,173136.7,4397620.0
SHP_53776,150509.2,3833237.3
SHP_53778,171365.1,4357761.0
SHP_53783,76291.8,1820828.6
SHP_53786,173311.8,4403766.5
SHP_53788,71199.4,1723389.5
SHP_53789,92238.0,2168790.8
SHP_53792,86997.1,2109822.5
SHP_53795,195536.7,4862808.0
SHP_53796,87467.2,2065584.3
SHP_53799,69996.8,1697505.1
SHP_53801,92304.5,2194288.8
SHP_53804,177316.1,4500009.5
SHP_53806,2543.7,45369.9
SHP_53809,86440.7,2053061.1
SHP_53811,172521.1,4381632.0
SHP_53813,168500.9,4284715.5
SHP_53815,174178.4,4419982.0
SHP_53821,169437.1,4310411.0
SHP_53823,163232.0,4065406.0
SHP_53824,87865.5,2077176.8
SHP_53826,116073.0,2785204.0
SHP_53834,75301.5,1800502.0
SHP_53835,54021.6,1285635.5
SHP_53837,88107.2,2139925.5
SHP_53842,196815.7,4888356.0
SHP_53843,75129.4,1810103.8
SHP_53845,74250.3,1753187.5
SHP_53846,78992.0,1873243.1
SHP_53847,197006.9,4892896.0
SHP_53848,87052.4,2111484.0
SHP_53851,12597.8,283525.9
SHP_53852,53406.8,1268465.0
SHP_53853,92107.6,2210788.3
SHP_53854,173727.0,4414553.0
SHP_53855,102169.1,2387835.5
SHP_53857,87267.9,2062089.9
SHP_53858,77261.1,1849717.6
SHP_53861,85652.8,2033507.0
SHP_53863,1759.1,32541.8
SHP_53864,91300.7,2167531.0
SHP_53866,127769.0,3151731.0
SHP_53868,174330.9,4429425.0
SHP_53870,196650.7,4892347.0
SHP_53871,71606.9,1703274.0
SHP_53874,193962.3,4823309.0
SHP_53875,167546.5,4270888.0
SHP_53876,86440.7,2053061.1
SHP_53877,193626.8,4819203.0
SHP_53878,91875.7,2178189.0
SHP_53884,173953.0,4408741.5
SHP_53885,763.6,11584.6
SHP_53890,95132.9,2254359.5
SHP_53894,133682.7,3310257.3
SHP_53895,81252.1,1927636.6
SHP_53896,56847.0,1394164.3
SHP_53900,194050.3,4840453.0
SHP_53905,67109.0,1565910.9
SHP_53912,194949.1,4855036.5
SHP_53914,77331.8,1828251.4
SHP_53916,87913.3,2077666.8
SHP_53917,172980.7,4399605.0
SHP_53918,73673.6,1766306.5
SHP_53919,172183.5,4375343.0
SHP_53922,173641.3,4402024.5
SHP_53925,40873.2,967869.8
SHP_53929,94232.1,2223476.5
SHP_53931,86665.1,2058746.3
SHP_53939,91993.1,2184841.0
SHP_53943,83857.8,1992760.0
SHP_53945,91816.6,2177799.8
SHP_53948,101837.7,2471727.5
SHP_53950,156446.4,3998090.0
SHP_53951,169722.0,4323658.0
SHP_53952,167284.8,4266330.0
SHP_53954,71439.1,1729771.0
SHP_53958,87244.7,2071051.4
SHP_53962,92412.0,2215828.8
SHP_53963,120641.0,2924179.0
SHP_53964,76625.2,1876725.8
SHP_53965,77771.4,1905568.4
SHP_53968,168932.1,4300549.0
SHP_53969,64894.7,1578684.3
SHP_53971,195872.2,4878562.0
SHP_53974,53088.4,1288280.9
SHP_53975,87126.6,2060921.3
SHP_53978,100588.7,2444662.5
SHP_53981,80534.5,1909587.5
SHP_53982,87755.4,2130976.5
SHP_53985,117772.1,2827706.5
SHP_53987,87530.8,2072707.8
SHP_53988,172906.2,4389556.0
SHP_53989,65899.4,1581248.8
SHP_53990,177190.8,4497453.5
SHP_53992,77689.1,1858974.1
SHP_53993,16113.9,378027.2
SHP_53994,173136.4,4396009.0
SHP_53996,133403.3,3270040.0
SHP_53997,193533.9,4814051.0
SHP_53999,87664.9,2070154.8
SHP_54004,45397.0,1104077.1
SHP_54007,80524.0,1921058.5
SHP_54009,72012.2,1683790.8
SHP_54013,88050.2,2076538.5
SHP_54014,83857.8,1992760.0
SHP_54015,77179.0,1847672.9
SHP_54016,87162.2,2069134.5
SHP_54017,96824.6,2268463.5
SHP_54018,170239.6,4334889.0
SHP_54019,86819.0,2058796.5
SHP_54024,142654.0,3629128.3
SHP_54025,54021.6,1285635.5
SHP_54031,211767.9,5308135.0
SHP_54033,93083.8,2201877.3
SHP_54035,83817.0,1988140.6
SHP_54036,65278.0,1562072.1
SHP_54037,86858.2,2057529.9
SHP_54038,212909.4,5337524.0
SHP_54043,191688.9,4765850.0
SHP_54044,87478.3,2073011.6
SHP_54049,74403.4,1796650.3
SHP_54051,16208.5,379319.8
SHP_54052,172138.0,4382120.5
SHP_54054,79009.7,1880362.5
SHP_54056,185220.6,4623372.0
SHP_54059,87568.5,2068261.5
SHP_54060,77433.7,1850886.9
SHP_54062,103257.0,2504870.8
SHP_54063,197240.1,4911337.0
SHP_54064,168735.5,4297887.5
SHP_54066,99570.1,2451326.5
SHP_54067,180748.7,4574409.5
SHP_54068,73746.6,1766381.6
SHP_54069,45488.4,1103337.9
SHP_54071,168384.8,4283905.5
SHP_54072,87390.8,2067306.0
SHP_54075,172544.6,4389039.5
SHP_54076,91088.7,2186005.3
SHP_54077,163825.5,4092804.0
SHP_54078,142162.2,3615541.5
SHP_54080,12655.8,284073.3
SHP_54082,171163.3,4288561.0
SHP_54088,94969.0,2294305.8
SHP_54090,83846.4,1988136.6
SHP_54092,192072.0,4765440.0
SHP_54093,90253.1,2149724.3
SHP_54100,188743.8,4705833.0
SHP_54101,168735.5,4297887.5
SHP_54102,43637.8,1065627.0
SHP_54106,71199.4,1723389.5
SHP_54110,86824.4,2060104.0
SHP_54115,169510.8,4313663.0
SHP_54117,172544.6,4389039.5
SHP_54118,91479.5,2174586.3
SHP_54119,46899.9,1121550.1
SHP_54120,169584.0,4307031.0
SHP_54122,90627.1,2183058.8
SHP_54123,90932.1,2162128.0
SHP_54125,49994.7,1198590.8
SHP_54127,95257.2,2244398.0
SHP_54129,89236.1,2165258.0
SHP_54130,16113.9,378027.2
SHP_54136,171586.8,4362990.5
SHP_54142,172369.2,4370743.5
SHP_54143,163680.3,4089718.0
SHP_54147,91799.9,2177545.8
SHP_54148,107963.9,2630098.3
SHP_54149,75712.1,1818076.0
SHP_54152,116434.3,2851365.0
SHP_54153,160772.4,4105928.8
SHP_54156,91503.1,2201372.5
SHP_54159,93478.5,2213355.3
SHP_54160,209122.2,5264171.0
SHP_54163,90658.8,2157382.3
SHP_54164,172692.4,4386647.0
SHP_54166,136835.7,3385916.0
SHP_54167,212327.0,5324911.0
SHP_54168,75333.0,1796721.8
SHP_54169,169783.3,4323807.5
SHP_54172,80728.8,1922264.3
SHP_54174,56535.2,1386083.3
SHP_54175,173414.5,4405841.5
SHP_54177,87434.1,2124447.3
SHP_54178,197758.6,4924174.0
SHP_54180,88598.7,2171409.0
SHP_54183,55123.0,1303479.4
SHP_54186,2543.7,45369.9
SHP_54187,90927.6,2160136.5
SHP_54189,172347.8,4376207.0
SHP_54192,87530.8,2072707.8
SHP_54193,93089.5,2236122.8
SHP_54195,100783.6,2351770.5
SHP_54196,818.3,12108.9
SHP_54198,99256.6,2399184.8
SHP_54201,90658.8,2157382.3
SHP_54203,193902.1,4822433.0
SHP_54206,94733.0,2237044.8
SHP_54207,77914.2,1863958.4
SHP_54209,116073.0,2785204.0
SHP_54212,148864.2,3794606.5
SHP_54214,100527.2,2350292.5
SHP_54216,87532.7,2128734.5
SHP_54218,87126.6,2060921.3
SHP_54219,91444.0,2167953.8
SHP_54221,90137.2,2168569.5
SHP_54223,62993.5,1530574.5
SHP_54224,62825.3,1531176.8
SHP_54228,83610.6,1980664.4
SHP_54229,70856.4,1707005.9
SHP_54230,208666.1,5257821.5
SHP_54231,99665.1,2472511.0
SHP_54233,79387.0,1870682.0
SHP_54235,100588.7,2444662.5
SHP_54238,84211.2,2001906.8
SHP_54241,170202.7,4335461.5
SHP_54244,192072.0,4765440.0
SHP_54245,69533.9,1690018.0
SHP_54247,197130.7,4891644.0
SHP_54251,172165.3,4377828.0
SHP_54252,167851.8,4269894.5
SHP_54253,142171.7,3621428.0
SHP_54255,195870.7,4870670.5
SHP_54256,64963.8,1549998.3
SHP_54261,55123.0,1303479.4
SHP_54262,91908.8,2161751.0
SHP_54265,87167.9,2069278.4
SHP_54266,94567.2,2232467.0
SHP_54269,194383.4,4832908.0
SHP_54270,173350.7,4401299.5
SHP_54276,92340.6,2218156.5
SHP_54277,136960.5,3385167.3
SHP_54278,87751.7,2070180.5
SHP_54279,83312.4,1991370.0
SHP_54282,88066.9,2072551.5
SHP_54283,92376.9,2165579.5
SHP_54285,84350.6,2010184.3
SHP_54286,44542.2,1086642.5
SHP_54289,197173.8,4897973.0
SHP_54290,167546.5,4270888.0
SHP_54293,85319.7,2029749.8
SHP_54294,193465.1,4824378.0
SHP_54296,77401.4,1816048.0
SHP_54297,171921.9,4370518.0
SHP_54298,164142.7,4100079.5
SHP_54299,166824.6,4256392.0
SHP_54300,91503.1,2201372.5
SHP_54305,93563.0,2208423.3
SHP_54308,86523.4,2053822.9
SHP_54315,173342.7,4399126.0
SHP_54316,1079.1,15777.1
SHP_54317,163192.0,4059660.5
SHP_54318,94974.2,2244932.5
SHP_54319,169457.4,4315731.0
SHP_54325,170769.3,4344248.0
SHP_54327,167284.8,4266330.0
SHP_54329,173501.5,4408681.5
SHP_54332,93761.0,2219384.8
SHP_54333,172499.8,4382507.0
SHP_54339,71872.1,1682121.8
SHP_54340,86023.2,2043619.4
SHP_54343,173191.2,4401193.5
SHP_54346,80728.8,1922264.3
SHP_54349,117747.1,2827632.5
SHP_54351,86349.0,2051045.4
SHP_54352,175238.3,4450556.5
SHP_54355,148378.2,3781990.5
SHP_54358,16259.8,382068.9
SHP_54359,87698.5,2130222.5
SHP_54363,101267.1,2455231.5
SHP_54365,86824.4,2060104.0
SHP_54366,2039.4,32855.0
SHP_54367,180746.4,4575104.0
SHP_54368,148696.0,3789227.0
SHP_54370,212225.7,5331509.5
SHP_54372,197105.8,4994674.5
SHP_54374,92376.9,2165579.5
SHP_54375,85058.4,2014652.6
SHP_54377,87090.2,2059588.4
SHP_54378,172780.9,4391564.5
SHP_54379,171839.6,4371806.5
SHP_54380,70451.5,1682642.5
SHP_54381,91132.1,2157703.5
SHP_54382,93083.8,2201877.3
SHP_54383,51724.2,1225380.8
SHP_54387,164106.1,4097328.0
SHP_54389,98782.0,2383364.3
SHP_54391,100358.8,2437151.0
SHP_54392,198323.7,4926129.0
SHP_54393,67710.0,1575436.3
SHP_54398,193741.2,4918560.5
SHP_54399,87543.7,2068057.0
SHP_54400,73529.7,1760416.8
SHP_54403,173435.9,4406942.5
SHP_54405,85058.4,2014652.6
SHP_54406,86824.4,2060104.0
SHP_54408,167643.1,4273871.5
SHP_54411,86778.9,2057073.6
SHP_54412,91719.8,2201099.3
SHP_54413,73078.1,1756064.1
SHP_54414,81080.4,1930738.5
SHP_54415,97658.9,2303500.0
SHP_54416,178112.9,4444991.5
SHP_54419,101586.0,2466076.5
SHP_54424,91697.5,2176675.3
SHP_54425,172129.3,4375230.0
SHP_54428,86824.4,2060104.0
SHP_54430,173991.6,4415232.0
SHP_54431,87013.8,2059099.3
SHP_54433,174105.5,4426637.5
SHP_54436,192072.0,4765440.0
SHP_54439,42162.1,1036085.4
SHP_54443,102651.9,2399056.8
SHP_54446,86715.4,2055850.3
SHP_54447,172499.8,4382507.0
SHP_54449,173116.8,4401529.0
SHP_54451,87751.7,2070180.5
SHP_54452,1252.3,19122.0
SHP_54454,208895.2,5260896.0
SHP_54457,148761.3,3789963.8
SHP_54462,78218.3,1869910.8
SHP_54465,170239.6,4334889.0
SHP_54466,197060.7,4853814.0
SHP_54470,99615.3,2413838.5
SHP_54471,87167.9,2069278.4
SHP_54473,90143.8,2147510.3
SHP_54477,77191.6,1847792.8
SHP_54478,87419.2,2071980.8
SHP_54479,100564.1,2349125.8
SHP_54481,87929.2,2113933.3
SHP_54482,167524.6,4273296.0
SHP_54483,86289.4,2097445.8
SHP_54484,170209.1,4330604.0
SHP_54488,174330.9,4429425.0
SHP_54491,172838.9,4388607.5
SHP_54492,88066.9,2072551.5
SHP_54493,169190.5,4308427.0
SHP_54495,101957.5,2478507.0
SHP_54496,92412.0,2215828.8
SHP_54497,78336.8,1839919.8
SHP_54498,172649.3,4385496.0
SHP_54499,74596.2,1813763.8
SHP_54503,195118.2,4801697.5
SHP_54504,173116.8,4401529.0
SHP_54506,87177.4,2061284.1
SHP_54508,100810.8,2357501.0
SHP_54511,173283.1,4405797.0
SHP_54515,172381.9,4378223.0
SHP_54516,168868.1,4291987.5
SHP_54518,79003.6,1927697.3
SHP_54519,79055.5,1932574.6
SHP_54522,69156.0,1676445.9
SHP_54525,87891.8,2079064.1
SHP_54527,85974.2,2043703.0
SHP_54528,90699.0,2180305.5
SHP_54529,85974.2,2043703.0
SHP_54530,57858.7,1413262.5
SHP_54531,86074.3,2092030.6
SHP_54534,48597.4,1168189.0
SHP_54535,84921.1,2022085.5
SHP_54536,65119.6,1554186.0
SHP_54537,1868.2,30477.0
SHP_54538,163371.9,4084275.0
SHP_54543,173740.0,4412645.5
SHP_54544,117029.4,2829456.5
SHP_54545,173589.6,4411153.0
SHP_54547,194168.0,4842777.0
SHP_54549,194644.4,4840329.0
SHP_54550,41812.4,991304.9
SHP_54551,182661.0,4561742.0
SHP_54557,79811.4,1949166.8
SHP_54562,197220.7,4916118.0
SHP_54563,91654.3,2174511.0
SHP_54564,842.8,12705.2
SHP_54568,86777.6,2109936.5
SHP_54570,71143.2,1723629.8
SHP_54574,190883.4,4758444.0
SHP_54576,149821.3,3813245.0
SHP_54579,2543.7,45369.9
SHP_54582,172288.7,4383075.5
SHP_54583,89236.1,2165258.0
SHP_54587,163680.3,4089718.0
SHP_54588,170333.8,4302886.0
SHP_54589,94429.5,2265301.3
SHP_54594,95756.5,2259945.3
SHP_54597,78482.7,1844593.3
SHP_54599,198550.7,4932261.0
SHP_54600,133502.1,3306715.5
SHP_54603,134725.6,3315278.5
SHP_54609,72253.4,1746346.0
SHP_54614,171658.5,4371498.0
SHP_54615,170568.1,4336447.5
SHP_54616,86821.9,2057249.5
SHP_54618,78811.3,1868435.6
SHP_54619,58487.3,1406357.3
SHP_54620,91840.7,2178134.8
SHP_54621,89236.1,2165258.0
SHP_54624,121399.8,3087854.5
SHP_54626,80272.9,1915237.6
SHP_54627,87861.9,2104506.0
SHP_54628,56238.0,1348214.0
SHP_54629,2944.1,55402.8
SHP_54630,74403.4,1796650.3
SHP_54632,55123.0,1303479.4
SHP_54634,171839.6,4371806.5
SHP_54637,196796.4,4897672.0
SHP_54639,91800.3,2177622.3
SHP_54646,170239.6,4334889.0
SHP_54650,163117.4,4059862.3
SHP_54652,94232.1,2223476.5
SHP_54654,91767.9,2175479.0
SHP_54657,87932.0,2079343.5
SHP_54660,164106.1,4097328.0
SHP_54669,91732.4,2176460.3
SHP_54675,170666.1,4339106.5
SHP_54679,75301.5,1800502.0
SHP_54680,169564.6,4317219.0
SHP_54682,87013.8,2059099.3
SHP_54689,172687.9,4383395.5
SHP_54690,173116.5,4400014.5
SHP_54692,16113.9,378027.2
SHP_54693,191286.7,4759251.0
SHP_54697,173156.9,4398489.5
SHP_54699,92197.5,2183338.8
SHP_54702,87199.8,2060641.0
SHP_54704,87909.5,2080129.9
SHP_54706,65899.4,1581248.8
SHP_54711,116073.0,2785204.0
SHP_54713,171935.8,4375727.0
SHP_54715,177591.4,4431879.5
SHP_54716,86967.9,2058368.5
SHP_54718,92377.3,2216660.0
SHP_54721,69996.8,1697505.1
SHP_54722,87763.4,2077294.1
SHP_54723,85631.6,2036646.5
SHP_54724,173871.3,4418561.5
SHP_54725,90515.8,2153873.3
SHP_54726,197758.6,4924174.0
SHP_54730,1750.9,27104.0
SHP_54732,82619.1,1961231.9
SHP_54733,135977.7,3369447.8
SHP_54737,171658.5,4371498.0
SHP_54738,87373.1,2065933.9
SHP_54742,90960.0,2159799.8
SHP_54743,92985.1,2174990.3
SHP_54744,45069.4,1096665.0
SHP_54750,86907.3,2108474.0
SHP_54752,83523.7,1979938.0
SHP_54754,67572.5,1572158.3
SHP_54756,70203.5,1700286.4
SHP_54757,86570.5,2054442.1
SHP_54759,83676.9,1984034.5
SHP_54760,70694.6,1687902.8
SHP_54761,84065.3,1991864.0
SHP_54762,62412.4,1508490.0
SHP_54763,99304.8,2319118.5
SHP_54768,91732.4,2176460.3
SHP_54769,204324.8,5102045.0
SHP_54770,83523.7,1979938.0
SHP_54771,80728.8,1922264.3
SHP_54773,93112.2,2229295.3
SHP_54774,172326.4,4378835.5
SHP_54775,160772.4,4105928.8
SHP_54776,148761.3,3789963.8
SHP_54777,41339.1,974062.2
SHP_54781,109748.2,2641785.0
SHP_54784,79727.3,1894710.1
SHP_54785,48812.6,1174470.5
SHP_54787,163899.8,4091302.5
SHP_54790,89583.2,2127317.0
SHP_54791,2746.7,49360.3
SHP_54796,170239.6,4334889.0
SHP_54797,79335.5,1886956.6
SHP_54799,79896.7,1863649.9
SHP_54800,18167.4,404931.7
SHP_54804,93341.6,2191753.0
SHP_54805,850.7,13300.6
SHP_54814,166467.3,4247641.5
SHP_54815,110177.4,2691348.8
SHP_54816,215154.6,5329868.0
SHP_54817,167128.6,4261510.0
SHP_54819,98591.0,2322614.0
SHP_54825,177834.5,4439926.0
SHP_54826,91902.4,2177570.3
SHP_54827,117029.4,2829456.5
SHP_54828,91387.3,2169566.3
SHP_54832,169585.7,4307103.0
SHP_54836,163331.8,4063460.5
SHP_54838,79794.6,1895190.3
SHP_54839,99359.3,2393344.5
SHP_54842,209306.4,5267616.0
SHP_54843,167436.3,4268839.0
SHP_54844,81502.0,1977156.5
SHP_54847,89511.5,2175120.0
SHP_54851,101901.3,2409683.0
SHP_54852,100527.2,2350292.5
SHP_54856,41339.1,974062.2
SHP_54858,87707.7,2096081.3
SHP_54860,170289.3,4337121.5
SHP_54862,78079.0,1912749.0
SHP_54867,46260.6,1111911.0
SHP_54868,169629.4,4317559.5
SHP_54872,168524.4,4285750.0
SHP_54878,1868.2,30477.0
SHP_54880,172619.6,4389843.5
SHP_54881,91885.0,2177483.3
SHP_54882,87094.7,2117296.8
SHP_54884,127706.8,3153351.0
SHP_54886,173991.6,4415232.0
SHP_54887,92377.3,2216660.0
SHP_54889,168835.9,4291650.0
SHP_54894,81480.6,1932136.3
SHP_54895,89218.3,2105430.5
SHP_54898,93089.5,2236122.8
SHP_54902,191994.2,4778042.0
SHP_54903,87079.5,2059857.1
SHP_54905,80331.2,1899879.3
SHP_54906,86858.2,2057529.9
SHP_54907,99304.8,2319118.5
SHP_54911,168735.5,4297887.5
SHP_54912,86858.2,2057529.9
SHP_54913,102395.2,2486047.0
SHP_54914,195736.0,4872297.0
SHP_54915,81154.5,1929470.1
SHP_54917,172996.3,4399325.5
SHP_54921,86426.5,2055272.0
SHP_54922,174178.4,4419982.0
SHP_54930,1759.1,32541.8
SHP_54933,88107.2,2139925.5
SHP_54936,150233.7,3827672.8
SHP_54938,173958.8,4408568.5
SHP_54941,133729.2,3312231.0
SHP_54944,87079.5,2059857.1
SHP_54947,180436.8,4569876.5
SHP_54949,92412.0,2215828.8
SHP_54950,169639.8,4312275.0
SHP_54951,127319.5,3131529.0
SHP_54952,122780.1,3118002.8
SHP_54953,64456.5,1543598.8
SHP_54957,100588.7,2444662.5
SHP_54965,2543.7,45369.9
SHP_54970,87125.4,2060884.8
SHP_54971,89511.5,2175120.0
SHP_54972,70856.4,1707005.9
SHP_54976,67483.0,1571409.1
SHP_54977,173573.4,4408762.5
SHP_54979,167585.8,4273222.0
SHP_54980,172516.0,4386734.5
SHP_54981,167428.6,4264255.5
SHP_54984,91708.8,2179308.5
SHP_54985,70783.3,1705205.1
SHP_54988,15838.6,370882.0
SHP_54989,171693.9,4368010.0
SHP_54990,209284.8,5262091.5
SHP_54991,172692.4,4386647.0
SHP_54993,44851.0,1090979.4
SHP_54994,173501.5,4408681.5
SHP_54996,185258.1,4625183.0
SHP_54997,166871.9,4257046.0
SHP_54998,95184.9,2244034.8
SHP_55000,194061.8,4825438.0
SHP_55001,87489.4,2065877.5
SHP_55002,171483.3,4367100.0
SHP_55005,83978.7,1989657.8
SHP_55006,172651.8,4382966.0
SHP_55007,172839.7,4397380.0
SHP_55008,1868.2,30477.0
SHP_55009,195026.2,4847341.0
SHP_55012,172030.1,4371287.0
SHP_55013,198373.2,4930958.0
SHP_55018,91490.4,2171545.8
SHP_55021,81064.3,1926838.1
SHP_55022,80272.9,1915237.6
SHP_55024,101996.2,2477948.0
SHP_55028,171483.3,4367100.0
SHP_55032,173735.2,4402221.0
SHP_55038,95209.9,2300222.3
SHP_55042,79332.3,1866274.6
SHP_55044,92107.6,2210788.3
SHP_55047,87864.7,2078411.5
SHP_55050,69865.5,1693958.4
SHP_55053,90673.6,2157262.0
SHP_55058,193747.0,4818324.0
SHP_55059,174197.6,4425868.0
SHP_55061,163171.9,4059178.5
SHP_55062,91579.2,2200682.5
SHP_55065,163613.1,4088460.5
SHP_55066,116073.0,2785204.0
SHP_55068,86405.2,2051871.4
SHP_55070,86282.3,2050475.4
SHP_55072,196339.7,4877095.0
SHP_55073,88890.7,2163271.3
SHP_55076,91430.7,2196804.0
SHP_55078,166467.3,4247641.5
SHP_55079,77856.3,1860708.5
SHP_55081,88653.5,2174084.8
SHP_55082,82705.5,1958151.8
SHP_55083,172703.4,4389080.5
SHP_55084,87162.2,2069134.5
SHP_55085,2039.4,32855.0
SHP_55086,85920.1,2032943.5
SHP_55087,93188.3,2206076.5
SHP_55089,195560.8,4870634.0
SHP_55092,170769.3,4344248.0
SHP_55095,166871.9,4257046.0
SHP_55098,87467.5,2074070.8
SHP_55100,65205.5,1550628.6
SHP_55102,91725.5,2175611.8
SHP_55105,78650.3,1924442.3
SHP_55106,122956.5,3118643.8
SHP_55108,73673.6,1766306.5
SHP_55112,46899.9,1121550.1
SHP_55113,90627.1,2183058.8
SHP_55116,90515.8,2153873.3
SHP_55118,78992.0,1873243.1
SHP_55120,42951.9,1051128.6
SHP_55123,149798.0,3814636.5
SHP_55124,178112.9,4444991.5
SHP_55126,100847.7,2425252.5
SHP_55127,149256.9,3787900.0
SHP_55128,173740.0,4412645.5
SHP_55129,53082.1,1273046.4
SHP_55133,169783.3,4323807.5
SHP_55137,86562.8,2054667.5
SHP_55142,173360.7,4406308.0
SHP_55143,87366.4,2121436.0
SHP_55148,172001.3,4370714.0
SHP_55149,177402.6,4497889.5
SHP_55150,194384.8,4845698.0
SHP_55152,121678.4,3091783.5
SHP_55154,194812.1,4851714.0
SHP_55158,197062.8,4903091.5
SHP_55161,15587.6,372493.1
SHP_55162,1592.9,23646.3
SHP_55164,57112.2,1363462.1
SHP_55167,212283.1,5315632.0
SHP_55169,78943.8,1882426.6
SHP_55170,101996.2,2477948.0
SHP_55171,84754.0,1999330.8
SHP_55172,70669.5,1708064.4
SHP_55177,169510.8,4313663.0
SHP_55179,171879.9,4372447.0
SHP_55180,120998.1,3079142.3
SHP_55184,90106.9,2124053.0
SHP_55185,86824.4,2060104.0
SHP_55186,116073.0,2785204.0
SHP_55187,87713.1,2076714.8
SHP_55188,2798.7,57113.3
SHP_55192,87094.7,2117296.8
SHP_55194,73421.8,1772109.3
SHP_55201,44563.2,1087079.3
SHP_55202,134005.9,3317771.5
SHP_55205,101805.5,2369641.5
SHP_55206,44157.4,1078666.9
SHP_55208,185250.4,4624340.5
SHP_55211,101957.5,2478507.0
SHP_55212,75934.9,1811826.4
SHP_55213,48812.6,1174470.5
SHP_55215,90916.8,2234383.5
SHP_55218,62412.4,1508490.0
SHP_55219,73272.8,1763833.4
SHP_55220,178904.7,4464360.0
SHP_55221,87280.8,2060997.8
SHP_55224,77498.5,1817312.4
SHP_55226,87751.7,2070180.5
SHP_55232,149798.0,3814636.5
SHP_55233,87570.2,2075911.0
SHP_55234,168665.4,4296115.0
SHP_55237,65450.5,1561218.8
SHP_55243,76788.2,1828110.3
SHP_55246,73438.3,1762689.4
SHP_55253,173274.4,4399948.0
SHP_55256,78829.7,1855841.8
SHP_55257,122908.7,3119603.8
SHP_55261,167808.0,4278053.5
SHP_55262,171081.9,4354467.0
SHP_55263,67468.5,1563657.3
SHP_55267,172193.3,4373384.0
SHP_55270,88610.2,2173547.5
SHP_55272,167284.8,4266330.0
SHP_55273,16612.6,386713.4
SHP_55275,103659.2,2423056.0
SHP_55276,86612.6,2052361.3
SHP_55281,94089.1,2219801.0
SHP_55284,42746.8,1034448.6
SHP_55286,103253.5,2433975.3
SHP_55287,177834.5,4439926.0
SHP_55288,75853.0,1821178.1
SHP_55291,197026.8,4896959.0
SHP_55293,70723.1,1687977.3
SHP_55295,101983.0,2477619.8
SHP_55302,94089.1,2219801.0
SHP_55303,87453.4,2075206.6
SHP_55304,87332.3,2064598.5
SHP_55306,171658.5,4371498.0
SHP_55308,78956.8,1872088.4
SHP_55309,77747.6,1822571.6
SHP_55310,194497.5,4836513.0
SHP_55312,90359.6,2126937.8
SHP_55317,154089.2,3616520.0
SHP_55320,163147.2,4058968.0
SHP_55321,92316.0,2191081.5
SHP_55322,184836.2,4615230.0
SHP_55324,99049.2,2396656.8
SHP_55325,185425.4,4618855.0
SHP_55326,67572.5,1572158.3
SHP_55327,87199.8,2060641.0
SHP_55328,90960.0,2159799.8
SHP_55330,83312.4,1991370.0
SHP_55337,97551.0,2306906.8
SHP_55339,175008.5,4427531.0
SHP_55341,45412.8,1107617.9
SHP_55343,86962.4,2058770.5
SHP_55344,53640.1,1281710.5
SHP_55346,175015.2,4442384.5
SHP_55347,46596.9,1128268.3
SHP_55348,70950.5,1715432.6
SHP_55349,133997.1,3312204.0
SHP_55350,193461.6,4824308.0
SHP_55351,2944.1,55402.8
SHP_55354,98360.6,2300644.5
SHP_55357,16259.8,382068.9
SHP_55359,87174.7,2059860.6
SHP_55364,87473.0,2126157.5
SHP_55366,16208.5,379319.8
SHP_55368,149777.7,3812607.3
SHP_55374,174990.6,4429739.0
SHP_55375,91752.5,2175192.0
SHP_55376,144084.5,3529373.5
SHP_55377,167204.4,4263770.5
SHP_55379,167546.5,4270888.0
SHP_55380,84434.8,2007548.4
SHP_55381,103016.9,2398663.8
SHP_55382,181.9,1735.3
SHP_55383,92950.7,2230600.0
SHP_55386,65278.0,1562072.1
SHP_55388,83425.9,1978743.0
SHP_55391,166892.7,4256029.0
SHP_55393,192089.1,4776976.5
SHP_55394,197758.6,4924174.0
SHP_55395,41196.6,971770.0
SHP_55396,110177.4,2691348.8
SHP_55398,2944.1,55402.8
SHP_55399,208315.9,5250027.5
SHP_55400,90878.6,2190665.3
SHP_55403,195033.8,4850309.0
SHP_55405,169585.7,4307103.0
SHP_55407,83273.9,1987586.6
SHP_55411,73132.9,1753101.3
SHP_55412,98360.6,2300644.5
SHP_55413,16240.9,381644.7
SHP_55417,87543.7,2068057.0
SHP_55425,212283.1,5315632.0
SHP_55426,87560.5,2069568.8
SHP_55427,70388.8,1700962.1
SHP_55429,149903.9,3814212.5
SHP_55433,89805.9,2178880.0
SHP_55434,80256.9,1912248.0
SHP_55443,90461.4,2116244.5
SHP_55448,211928.5,5324901.0
SHP_55450,90429.2,2225724.8
SHP_55454,93225.6,2206749.0
SHP_55455,87009.9,2059579.9
SHP_55458,91732.4,2176460.3
SHP_55460,86773.1,2058313.1
SHP_55464,87909.4,2132194.3
SHP_55465,83096.4,2031381.0
SHP_55468,86570.5,2054442.1
SHP_55472,72522.7,1747928.3
SHP_55474,173252.4,4405728.0
SHP_55478,84636.5,2039809.0
SHP_55479,172668.7,4386931.0
SHP_55482,173483.4,4409680.0
SHP_55483,43436.6,1065542.4
SHP_55484,173275.5,4405889.0
SHP_55485,39246.8,928655.6
SHP_55487,167808.0,4278053.5
SHP_55489,173727.0,4414553.0
SHP_55491,94171.3,2223053.8
SHP_55494,80072.0,1912150.8
SHP_55502,67819.8,1577418.5
SHP_55505,173690.0,4415490.0
SHP_55507,92212.2,2189399.8
SHP_55509,63662.4,1543365.4
SHP_55510,163148.1,4061133.5
SHP_55514,133682.7,3310257.3
SHP_55516,87414.3,2067688.1
SHP_55519,193948.6,4821900.0
SHP_55524,163447.8,4077846.5
SHP_55525,52877.2,1283755.3
SHP_55526,65450.5,1561218.8
SHP_55527,173361.3,4398700.0
SHP_55529,172340.8,4379230.5
SHP_55530,87664.9,2070154.8
SHP_55532,3212.5,64917.1
SHP_55537,174457.4,4434390.5
SHP_55538,92377.9,2185889.8
SHP_55540,149256.9,3787900.0
SHP_55541,172275.6,4378177.0
SHP_55543,70437.7,1682547.5
SHP_55544,168901.1,4306258.0
SHP_55548,215154.6,5329868.0
SHP_55549,101464.2,2461804.8
SHP_55550,74322.1,1797787.6
SHP_55552,284.6,2904.4
SHP_55553,169749.3,4315168.5
SHP_55554,87932.0,2079343.5
SHP_55556,194507.7,4829928.0
SHP_55559,1592.9,23646.3
SHP_55560,1495.4,19088.7
SHP_55565,148256.6,3771807.8
SHP_55569,184979.1,4617282.0
SHP_55570,162983.2,4071929.5
SHP_55571,70871.3,1716512.3
SHP_55572,116073.0,2785204.0
SHP_55573,93151.7,2203039.3
SHP_55577,1684.8,24216.8
SHP_55578,79274.8,1877287.9
SHP_55579,78650.2,1854525.3
SHP_55582,294.2,2765.0
SHP_55583,86777.6,2109936.5
SHP_55585,97305.5,2342405.0
SHP_55587,172651.8,4382966.0
SHP_55590,64456.5,1543598.8
SHP_55591,183359.0,4575407.0
SHP_55593,91645.1,2172881.0
SHP_55595,67137.1,1566115.3
SHP_55597,103601.1,2414016.8
SHP_55599,181231.2,4519624.5
SHP_55600,48812.6,1174470.5
SHP_55601,193902.1,4822433.0
SHP_55602,92772.3,2195220.5
SHP_55603,91693.8,2174888.0
SHP_55604,109748.2,2641785.0
SHP_55609,134725.6,3315278.5
SHP_55610,91503.1,2201372.5
SHP_55612,87749.3,2077039.9
SHP_55614,1860.4,31658.4
SHP_55617,84921.1,2022085.5
SHP_55619,173399.3,4408596.0
SHP_55621,78180.2,1903737.5
SHP_55624,163171.9,4059178.5
SHP_55625,127118.8,3137193.3
SHP_55626,42674.4,1031555.0
SHP_55627,193941.3,4823044.0
SHP_55631,85006.6,2023396.0
SHP_55633,145576.8,3548351.5
SHP_55635,75775.7,1813747.4
SHP_55637,172460.0,4378207.0
SHP_55638,87530.8,2072707.8
SHP_55639,1324.0,18758.9
SHP_55640,93083.8,2201877.3
SHP_55642,150845.2,3843032.3
SHP_55643,196386.2,4892615.0
SHP_55645,67132.5,1566337.5
SHP_55646,93564.3,2210420.3
SHP_55647,40501.8,957360.7
SHP_55648,91835.7,2151743.0
SHP_55650,173735.2,4402221.0
SHP_55652,128777.3,3165820.0
SHP_55656,84581.4,2011573.0
SHP_55658,117772.1,2827706.5
SHP_55662,172184.3,4375481.5
SHP_55663,86374.9,2097640.3
SHP_55664,16150.9,371510.9
SHP_55667,95756.5,2259945.3
SHP_55669,80331.2,1899879.3
SHP_55674,80371.0,1908570.3
SHP_55675,175636.9,4460058.0
SHP_55677,15912.6,374670.9
SHP_55681,83735.6,1987803.5
SHP_55682,92563.9,2174903.3
SHP_55684,73149.5,1766718.0
SHP_55686,172737.3,4394355.0
SHP_55687,94465.2,2231311.5
SHP_55688,81502.0,1977156.5
SHP_55689,85911.5,2040973.0
SHP_55690,172416.4,4380671.0
SHP_55694,103030.2,2402320.3
SHP_55695,87238.7,2060849.0
SHP_55696,92377.3,2216660.0
SHP_55697,42528.2,1038810.8
SHP_55698,171980.2,4370861.5
SHP_55702,195118.2,4801697.5
SHP_55703,174010.9,4416459.0
SHP_55708,88107.2,2139925.5
SHP_55709,79887.1,1900578.8
SHP_55715,100847.7,2425252.5
SHP_55717,90618.1,2153724.3
SHP_55720,172709.5,4388108.0
SHP_55722,160237.7,4092678.5
SHP_55728,54667.3,1288230.3
SHP_55729,82951.5,1970182.8
SHP_55734,93632.8,2210228.0
SHP_55737,43024.2,1053970.9
SHP_55741,87173.2,2059849.8
SHP_55745,160763.1,4105864.5
SHP_55748,91576.9,2199942.5
SHP_55750,162983.2,4071929.5
SHP_55755,87253.9,2061245.4
SHP_55758,87560.5,2069568.8
SHP_55760,74239.0,1750091.0
SHP_55761,92304.5,2194288.8
SHP_55766,85960.7,2042263.9
SHP_55768,172685.5,4385817.0
SHP_55772,92169.8,2180533.3
SHP_55773,87751.7,2070180.5
SHP_55774,70203.5,1700286.4
SHP_55777,64456.5,1543598.8
SHP_55779,121678.4,3091783.5
SHP_55780,73468.4,1765937.0
SHP_55786,148149.8,3779648.5
SHP_55793,169647.8,4316821.0
SHP_55801,173414.5,4405841.5
SHP_55804,172785.5,4395726.5
SHP_55805,1011.5,14813.2
SHP_55810,93638.1,2215225.3
SHP_55813,168735.5,4297887.5
SHP_55814,177568.4,4436464.5
SHP_55815,67468.5,1563657.3
SHP_55818,94689.6,2236245.0
SHP_55821,172338.4,4384368.5
SHP_55823,166824.6,4256392.0
SHP_55824,47316.7,1130918.8
SHP_55826,194507.7,4829928.0
SHP_55828,85911.5,2040973.0
SHP_55831,90978.9,2241819.5
SHP_55832,83833.6,1964883.6
SHP_55833,81502.0,1977156.5
SHP_55835,163820.9,4073287.5
SHP_55837,87478.3,2073011.6
SHP_55838,49028.3,1189000.0
SHP_55839,89590.1,2136940.3
SHP_55840,87891.8,2079064.1
SHP_55842,100588.7,2444662.5
SHP_55843,172030.1,4371287.0
SHP_55844,212327.0,5324911.0
SHP_55849,78992.0,1873243.1
SHP_55852,171693.9,4368010.0
SHP_55855,56206.2,1353848.0
SHP_55859,73172.7,1766582.4
SHP_55864,82569.3,1956400.8
SHP_55865,85134.1,2041873.1
SHP_55868,117747.1,2827632.5
SHP_55871,97707.1,2308550.3
SHP_55872,88685.0,2152120.3
SHP_55875,78956.6,1894687.8
SHP_55877,172347.8,4376207.0
SHP_55878,70770.9,1688059.1
SHP_55879,193277.4,4803303.0
SHP_55884,95313.9,2241521.3
SHP_55885,127118.8,3137193.3
SHP_55886,2543.7,45369.9
SHP_55894,99531.2,2412613.0
SHP_55895,195915.6,4873406.0
SHP_55898,94465.2,2231311.5
SHP_55899,173641.3,4402024.5
SHP_55900,195915.6,4873406.0
SHP_55901,182622.1,4553748.0
SHP_55903,81902.4,1964181.8
SHP_55913,167634.2,4273490.0
SHP_55914,195736.0,4872297.0
SHP_55916,70203.5,1700286.4
SHP_55918,174457.4,4434390.5
SHP_55921,87828.9,2129325.0
SHP_55922,44505.9,1082689.3
SHP_55923,193902.1,4822433.0
SHP_55924,92692.1,2194291.0
SHP_55927,163264.3,4078517.0
SHP_55928,172692.4,4386647.0
SHP_55930,212283.1,5315632.0
SHP_55933,136835.7,3385916.0
SHP_55936,101234.8,2456585.3
SHP_55941,80893.7,1963949.8
SHP_55942,2436.2,46215.1
SHP_55944,191444.0,4768251.0
SHP_55947,55123.0,1303479.4
SHP_55951,168524.4,4285750.0
SHP_55952,81129.1,1931271.1
SHP_55953,193467.5,4824547.5
SHP_55955,53082.1,1273046.4
SHP_55958,94232.1,2223476.5
SHP_55960,148614.5,3790311.8
SHP_55964,101837.7,2471727.5
SHP_55966,92376.9,2165579.5
SHP_55968,86858.2,2057529.9
SHP_55969,168151.4,4283460.5
SHP_55970,98074.7,2315647.8
SHP_55971,172165.3,4377828.0
SHP_55972,168500.9,4284715.5
SHP_55977,134717.4,3329708.8
SHP_55981,215154.6,5329868.0
SHP_55983,87065.3,2060373.6
SHP_55985,93803.1,2179640.0
SHP_55987,92532.9,2220075.3
SHP_55989,167546.5,4270888.0
SHP_55993,67310.7,1570122.0
SHP_55995,68482.6,1653067.1
SHP_55999,181231.2,4519624.5
SHP_56000,181899.5,4541792.5
SHP_56003,172654.6,4385211.0
SHP_56008,167707.4,4265829.5
SHP_56014,81013.3,1923764.6
SHP_56017,168665.4,4296115.0
SHP_56018,91693.5,2174712.5
SHP_56020,101057.6,2389687.5
SHP_56023,80256.9,1912248.0
SHP_56026,87341.8,2071180.6
SHP_56027,85225.3,2024002.5
SHP_56028,173210.2,4402371.5
SHP_56029,195560.8,4870634.0
SHP_56030,163899.8,4091302.5
SHP_56031,164106.1,4097328.0
SHP_56033,169436.2,4304029.0
SHP_56034,102676.6,2491363.8
SHP_56035,193626.8,4819203.0
SHP_56036,172176.2,4373438.5
SHP_56039,175238.3,4450556.5
SHP_56040,193962.3,4823309.0
SHP_56046,164122.6,4095973.8
SHP_56047,90331.8,2149335.0
SHP_56051,91693.5,2174712.5
SHP_56054,86177.7,2046732.6
SHP_56055,98360.6,2300644.5
SHP_56056,117940.9,2849643.5
SHP_56058,212533.1,5327774.0
SHP_56059,192692.0,4796262.0
SHP_56060,90027.8,2145906.3
SHP_56062,81502.0,1977156.5
SHP_56063,80477.1,1959435.0
SHP_56064,172432.8,4379968.5
SHP_56068,89229.9,2189894.8
SHP_56072,94605.8,2231857.5
SHP_56077,148761.3,3789963.8
SHP_56078,86123.5,2048434.8
SHP_56080,169398.8,4312645.5
SHP_56081,73592.6,1765928.3
SHP_56083,79335.5,1886956.6
SHP_56084,172671.0,4386968.5
SHP_56087,80906.8,1921214.3
SHP_56091,193962.3,4823309.0
SHP_56093,86430.4,2053376.0
SHP_56095,78127.1,1862658.3
SHP_56096,87112.4,2059234.8
SHP_56097,102560.3,2390187.5
SHP_56101,78874.2,1853391.9
SHP_56102,59437.0,1436488.1
SHP_56104,171879.9,4372447.0
SHP_56105,209335.5,5268576.5
SHP_56106,86023.2,2043619.4
SHP_56108,70134.4,1699484.0
SHP_56109,171805.4,4373278.5
SHP_56110,52586.7,1254448.9
SHP_56112,177628.8,4439086.0
SHP_56115,172163.8,4375336.0
SHP_56117,18348.5,438012.2
SHP_56120,171295.0,4354704.0
SHP_56123,174002.0,4423456.5
SHP_56126,90515.8,2153873.3
SHP_56129,81129.1,1931271.1
SHP_56131,1684.8,24216.8
SHP_56132,69251.5,1683221.6
SHP_56134,78922.7,1927550.9
SHP_56135,63231.4,1529032.8
SHP_56136,64218.2,1544307.0
SHP_56137,57190.2,1403118.3
SHP_56140,197240.1,4911337.0
SHP_56143,1832.8,30080.7
SHP_56144,87453.4,2075206.6
SHP_56148,482.6,4907.0
SHP_56149,174694.7,4437785.0
SHP_56150,163825.5,4092804.0
SHP_56153,92377.3,2216660.0
SHP_56156,172165.3,4377828.0
SHP_56160,121399.8,3087854.5
SHP_56164,168735.5,4297887.5
SHP_56166,1007.1,14787.2
SHP_56168,173116.5,4400014.5
SHP_56171,86538.9,2041227.5
SHP_56177,101586.0,2466076.5
SHP_56182,78034.4,1911679.5
SHP_56183,149979.2,3819442.0
SHP_56185,87848.8,2072516.0
SHP_56186,87248.8,2060910.6
SHP_56190,80331.2,1899879.3
SHP_56192,212283.1,5315632.0
SHP_56193,94723.0,2219034.3
SHP_56194,79339.4,1892750.5
SHP_56195,43571.0,1053395.0
SHP_56198,197062.8,4903091.5
SHP_56199,100810.8,2357501.0
SHP_56201,96274.7,2278461.8
SHP_56204,163729.6,4091481.3
SHP_56211,1620.0,26614.9
SHP_56216,863.4,13484.4
SHP_56217,76291.8,1820828.6
SHP_56218,150233.7,3827672.8
SHP_56220,136960.5,3385167.3
SHP_56222,58487.3,1406357.3
SHP_56227,195164.6,4857697.0
SHP_56228,85961.6,2036359.0
SHP_56231,173991.6,4415232.0
SHP_56234,110177.4,2691348.8
SHP_56235,87118.6,2059513.8
SHP_56236,778.7,8752.2
SHP_56240,53533.0,1296744.0
SHP_56245,84071.5,1990579.6
SHP_56247,163306.6,4064513.8
SHP_56250,87373.1,2065933.9
SHP_56251,87167.9,2069278.4
SHP_56252,169805.8,4310942.0
SHP_56253,91835.7,2151743.0
SHP_56254,86964.6,2058486.4
SHP_56256,195310.2,4852554.0
SHP_56259,16570.4,385895.6
SHP_56263,82146.6,1949055.8
SHP_56265,171483.3,4367100.0
SHP_56268,87478.3,2073011.6
SHP_56270,85652.8,2033507.0
SHP_56272,168500.9,4284715.5
SHP_56273,92412.0,2215828.8
SHP_56277,172727.8,4391429.5
SHP_56291,43024.2,1053970.9
SHP_56292,213351.8,5344928.0
SHP_56294,67556.3,1633267.3
SHP_56296,3212.5,64917.1
SHP_56297,92212.2,2189399.8
SHP_56300,174197.6,4425868.0
SHP_56301,83610.6,1980664.4
SHP_56303,45174.0,1097778.1
SHP_56304,196443.2,4892748.0
SHP_56305,86282.3,2050475.4
SHP_56307,149360.4,3808708.0
SHP_56312,53533.0,1296744.0
SHP_56315,87560.5,2069568.8
SHP_56316,87864.7,2078411.5
SHP_56320,173947.2,4423961.0
SHP_56325,197130.7,4891644.0
SHP_56326,172165.3,4377828.0
SHP_56327,103433.0,2400438.5
SHP_56328,173435.9,4406942.5
SHP_56329,116073.0,2785204.0
SHP_56331,87713.1,2076714.8
SHP_56333,78106.2,1911858.5
SHP_56340,96049.5,2249824.0
SHP_56343,76443.8,1841396.4
SHP_56345,87570.2,2075911.0
SHP_56348,193902.1,4822433.0
SHP_56350,85652.8,2033507.0
SHP_56351,120998.1,3079142.3
SHP_56354,169110.8,4304160.0
SHP_56361,59540.2,1450323.6
SHP_56365,133682.7,3310257.3
SHP_56366,1511.9,21425.7
SHP_56368,172458.3,4380454.0
SHP_56371,91600.8,2255657.0
SHP_56372,172307.5,4378695.0
SHP_56376,53634.6,1276957.3
SHP_56385,100588.7,2444662.5
SHP_56386,80272.9,1915237.6
SHP_56388,95445.4,2260368.0
SHP_56390,195536.7,4862808.0
SHP_56392,170523.0,4336624.0
SHP_56397,87585.0,2075817.0
SHP_56398,172066.7,4371408.5
SHP_56400,88066.9,2072551.5
SHP_56401,197173.8,4897973.0
SHP_56404,169398.8,4312645.5
SHP_56406,172999.2,4400358.0
SHP_56408,175238.3,4450556.5
SHP_56410,168932.1,4300549.0
SHP_56412,101983.8,2476653.0
SHP_56413,171208.8,4352098.5
SHP_56414,80469.6,1914628.6
SHP_56415,19297.1,459716.3
SHP_56416,170916.2,4283878.0
SHP_56419,64218.2,1544307.0
SHP_56420,93989.6,2245551.5
SHP_56421,86562.8,2054667.5
SHP_56422,193902.1,4822433.0
SHP_56423,81252.1,1927636.6
SHP_56425,169783.3,4323807.5
SHP_56427,67408.3,1571160.8
SHP_56428,116073.0,2785204.0
SHP_56429,163306.6,4064513.8
SHP_56432,92107.6,2210788.3
SHP_56433,182237.3,4549019.0
SHP_56435,85631.6,2036646.5
SHP_56437,77433.7,1850886.9
SHP_56438,75579.3,1818584.6
SHP_56439,87118.6,2059513.8
SHP_56447,92340.6,2218156.5
SHP_56449,80475.6,1965258.0
SHP_56452,87467.2,2065584.3
SHP_56454,172861.1,4397677.0
SHP_56455,87032.8,2059724.8
SHP_56456,173210.2,4402371.5
SHP_56457,181231.2,4519624.5
SHP_56460,87529.1,2066038.9
SHP_56461,134735.3,3330798.3
SHP_56462,39951.8,939579.7
SHP_56464,77161.2,1891946.1
SHP_56465,87069.0,2059680.9
SHP_56468,177316.1,4500009.5
SHP_56469,72725.9,1744285.1
SHP_56475,197023.6,4892883.5
SHP_56476,80386.7,1916199.4
SHP_56477,78336.8,1839919.8
SHP_56479,175238.3,4450556.5
SHP_56480,86123.5,2048434.8
SHP_56481,133421.7,3305351.8
SHP_56487,90429.2,2225724.8
SHP_56491,73185.0,1765881.0
SHP_56493,69533.9,1690018.0
SHP_56494,196590.3,4891064.0
SHP_56496,171271.7,4342834.5
SHP_56497,97992.6,2351998.0
SHP_56498,799.0,11908.1
SHP_56500,78755.6,1925393.0
SHP_56501,100588.7,2444662.5
SHP_56502,49028.3,1189000.0
SHP_56503,71514.5,1703075.8
SHP_56505,86448.0,2102631.8
SHP_56506,148864.2,3794606.5
SHP_56509,197062.8,4903091.5
SHP_56513,87341.8,2071180.6
SHP_56514,213230.4,5339659.0
SHP_56516,69168.9,1676286.4
SHP_56520,86538.9,2041227.5
SHP_56522,167585.8,4273222.0
SHP_56525,91600.8,2255657.0
SHP_56526,194149.1,4842436.0
SHP_56528,197026.8,4896959.0
SHP_56534,102972.0,2496998.0
SHP_56539,180436.8,4569876.5
SHP_56541,208315.9,5250027.5
SHP_56542,214878.6,5328847.5
SHP_56543,173727.0,4414553.0
SHP_56544,51449.4,1222271.1
SHP_56546,163094.1,4060238.5
SHP_56547,81902.4,1964181.8
SHP_56555,103113.9,2402942.3
SHP_56558,95257.2,2244398.0
SHP_56559,42746.8,1034448.6
SHP_56561,168735.5,4297887.5
SHP_56564,193514.7,4819240.0
SHP_56565,167204.4,4263770.5
SHP_56569,79378.7,1893282.6
SHP_56572,80354.0,1919152.6
SHP_56573,173286.6,4402059.0
SHP_56575,171208.8,4352098.5
SHP_56576,80256.9,1912248.0
SHP_56577,192228.0,4782271.0
SHP_56578,87052.4,2111484.0
SHP_56579,125260.5,3178675.0
SHP_56581,170916.2,4283878.0
SHP_56583,2259.2,42982.5
SHP_56587,87478.3,2073011.6
SHP_56591,86538.9,2041227.5
SHP_56595,169436.2,4304029.0
SHP_56596,163341.1,4063888.3
SHP_56597,142171.7,3621428.0
SHP_56599,2436.2,46215.1
SHP_56600,194507.7,4829928.0
SHP_56601,174436.5,4432637.5
SHP_56603,87318.0,2071927.5
SHP_56608,87467.2,2065584.3
SHP_56613,134735.3,3330798.3
SHP_56615,173067.3,4390322.0
SHP_56617,88487.9,2154792.3
SHP_56618,18336.3,406290.6
SHP_56624,83549.1,1986415.1
SHP_56625,82507.6,1999341.0
SHP_56633,87530.8,2072707.8
SHP_56635,95184.6,2254858.3
SHP_56639,149256.9,3787900.0
SHP_56640,163386.4,4064886.0
SHP_56643,80444.0,1909085.1
SHP_56644,96948.7,2292251.0
SHP_56645,62825.3,1531176.8
SHP_56646,74250.3,1753187.5
SHP_56652,86715.4,2055850.3
SHP_56654,172687.9,4383395.5
SHP_56660,69996.8,1697505.1
SHP_56661,141692.0,3613018.8
SHP_56662,81027.1,1968301.6
SHP_56665,93786.1,2219832.5
SHP_56666,169497.7,4311918.5
SHP_56667,44563.2,1087079.3
SHP_56668,69802.7,1693326.4
SHP_56669,194507.7,4829928.0
SHP_56671,44563.2,1087079.3
SHP_56672,87666.9,2078007.4
SHP_56673,133729.2,3312231.0
SHP_56677,168500.9,4284715.5
SHP_56683,182622.1,4553748.0
SHP_56684,97415.8,2293805.0
SHP_56685,23122.6,552947.3
SHP_56688,96617.7,2228150.8
SHP_56689,95184.9,2244034.8
SHP_56692,68061.5,1586563.8
SHP_56693,87013.8,2059099.3
SHP_56694,184888.8,4616622.0
SHP_56697,70534.5,1682932.1
SHP_56698,87913.3,2077666.8
SHP_56699,163306.6,4064513.8
SHP_56700,86858.2,2057529.9
SHP_56701,87112.4,2059234.8
SHP_56703,174420.7,4434630.5
SHP_56705,86826.9,2058821.4
SHP_56706,133572.9,3271830.0
SHP_56708,336.0,3197.0
SHP_56709,65239.6,1553236.5
SHP_56710,93478.5,2213355.3
SHP_56719,89236.1,2165258.0
SHP_56720,87476.9,2120277.0
SHP_56721,87489.4,2065877.5
SHP_56723,86123.5,2048434.8
SHP_56724,175667.9,4461666.5
SHP_56725,70856.4,1707005.9
SHP_56731,87013.8,2059099.3
SHP_56732,173191.7,4398801.0
SHP_56733,172416.4,4380671.0
SHP_56735,67572.5,1572158.3
SHP_56738,177278.4,4497451.0
SHP_56742,101901.3,2409683.0
SHP_56743,173191.7,4398801.0
SHP_56748,168727.3,4296874.0
SHP_56750,82290.5,1959874.3
SHP_56753,173377.4,4398717.0
SHP_56755,171569.6,4368520.5
SHP_56759,70134.4,1699484.0
SHP_56761,102002.5,2502043.0
SHP_56763,163371.9,4084275.0
SHP_56766,92412.0,2215828.8
SHP_56769,23122.6,552947.3
SHP_56770,87125.4,2060884.8
SHP_56774,87751.7,2070180.5
SHP_56775,173252.4,4405728.0
SHP_56776,87736.3,2077561.9
SHP_56777,89197.3,2105349.3
SHP_56782,16208.5,379319.8
SHP_56784,209122.2,5264171.0
SHP_56785,95184.9,2244034.8
SHP_56786,88598.7,2171409.0
SHP_56790,169741.5,4320882.5
SHP_56791,69156.0,1676445.9
SHP_56792,79259.7,1868094.5
SHP_56794,160763.1,4105864.5
SHP_56795,184935.8,4617310.0
SHP_56798,194544.4,4837200.0
SHP_56799,177316.1,4500009.5
SHP_56800,95238.8,2289572.0
SHP_56801,44096.0,1075920.4
SHP_56802,87090.2,2059588.4
SHP_56804,92107.6,2210788.3
SHP_56806,3212.5,64917.1
SHP_56807,49028.3,1189000.0
SHP_56808,142162.2,3615541.5
SHP_56810,215154.6,5329868.0
SHP_56811,169110.8,4304160.0
SHP_56813,191241.1,4763401.0
SHP_56814,173474.0,4403438.0
SHP_56815,167826.8,4279158.0
SHP_56816,197006.9,4892896.0
SHP_56819,171532.8,4367818.0
SHP_56823,195026.2,4847341.0
SHP_56824,93245.4,2239423.5
SHP_56828,217881.7,5451239.0
SHP_56830,197060.7,4853814.0
SHP_56831,87079.5,2059857.1
SHP_56832,193923.5,4820841.0
SHP_56833,2098.8,34680.6
SHP_56834,83978.7,1989657.8
SHP_56835,209122.2,5264171.0
SHP_56836,163148.1,4061133.5
SHP_56837,167297.8,4267248.0
SHP_56843,98591.0,2322614.0
SHP_56845,212225.7,5331509.5
SHP_56846,204324.8,5102045.0
SHP_56847,110246.4,2694053.8
SHP_56849,91490.4,2171545.8
SHP_56853,81999.2,1956073.6
SHP_56857,45069.4,1096665.0
SHP_56859,98957.0,2285706.0
SHP_56860,1860.4,31658.4
SHP_56861,170808.9,4349746.5
SHP_56866,69140.4,1680690.0
SHP_56868,163371.2,4063212.0
SHP_56878,87473.0,2126157.5
SHP_56880,91867.0,2178396.0
SHP_56883,86665.1,2058746.3
SHP_56884,103016.9,2398663.8
SHP_56892,91576.9,2199942.5
SHP_56895,100783.6,2351770.5
SHP_56897,92412.0,2215828.8
SHP_56900,163256.6,4065622.0
SHP_56905,162983.2,4071929.5
SHP_56906,100527.2,2350292.5
SHP_56909,52531.4,1212172.1
SHP_56912,85911.5,2040973.0
SHP_56914,185995.1,4689864.0
SHP_56915,142162.2,3615541.5
SHP_56916,79794.6,1895190.3
SHP_56920,108363.6,2634033.3
SHP_56922,173740.0,4412645.5
SHP_56923,133682.7,3310257.3
SHP_56925,87094.7,2117296.8
SHP_56928,172738.5,4391909.0
SHP_56929,87419.6,2064113.5
SHP_56932,83273.9,1987586.6
SHP_56934,43048.8,1056362.3
SHP_56936,1324.0,18758.9
SHP_56937,142171.7,3621428.0
SHP_56941,194155.8,4827827.0
SHP_56942,87709.3,2076782.3
SHP_56943,2798.7,57113.3
SHP_56944,2543.7,45369.9
SHP_56949,195560.8,4870634.0
SHP_56950,85265.8,2026644.6
SHP_56952,91620.2,2173939.8
SHP_56953,103708.9,2408143.0
SHP_56954,103148.6,2406874.3
SHP_56955,103708.9,2408143.0
SHP_56956,56238.0,1348214.0
SHP_56957,65278.0,1562072.1
SHP_56958,170289.3,4337121.5
SHP_56960,85911.5,2040973.0
SHP_56963,65291.0,1561731.8
SHP_56964,79133.7,1855082.0
SHP_56965,173399.3,4408596.0
SHP_56966,90618.1,2153724.3
SHP_56967,169437.1,4310411.0
SHP_56969,168735.5,4297887.5
SHP_56970,81008.9,1926911.8
SHP_56971,170209.1,4330604.0
SHP_56972,87326.3,2063441.9
SHP_56974,95715.5,2251729.3
SHP_56978,47323.5,1135195.1
SHP_56979,163386.4,4064886.0
SHP_56980,171938.2,4371256.5
SHP_56981,78180.2,1903737.5
SHP_56983,79539.8,1941902.6
SHP_56985,93612.1,2216903.0
SHP_56987,63833.3,1543604.8
SHP_56988,91528.9,2171929.0
SHP_56990,75301.5,1800502.0
SHP_56991,87913.3,2077666.8
SHP_56995,195870.7,4870670.5
SHP_56997,44096.0,1075920.4
SHP_56998,81927.7,1955180.0
SHP_57003,212327.0,5324911.0
SHP_57005,98360.6,2300644.5
SHP_57006,133682.7,3310257.3
SHP_57008,80893.7,1963949.8
SHP_57010,102866.2,2398041.5
SHP_57011,209122.2,5264171.0
SHP_57012,64645.0,1545684.0
SHP_57013,163387.6,4067072.0
SHP_57016,14399.6,329096.2
SHP_57020,75965.1,1823663.1
SHP_57023,167284.8,4266330.0
SHP_57025,101848.2,2465624.0
SHP_57026,101957.5,2478507.0
SHP_57027,81502.0,1977156.5
SHP_57031,87473.0,2126157.5
SHP_57036,80256.9,1912248.0
SHP_57037,173061.2,4400829.5
SHP_57039,91725.8,2175009.0
SHP_57041,102505.4,2389492.0
SHP_57042,16208.5,379319.8
SHP_57043,31454.0,769440.4
SHP_57044,99304.8,2319118.5
SHP_57049,177834.5,4439926.0
SHP_57050,84101.7,1989199.0
SHP_57054,88531.5,2172369.5
SHP_57057,87373.1,2065933.9
SHP_57058,166820.2,4256433.5
SHP_57062,16101.4,368251.5
SHP_57063,81238.3,1929682.3
SHP_57064,84754.0,1999330.8
SHP_57066,122908.7,3119603.8
SHP_57068,67819.8,1577418.5
SHP_57069,170523.0,4336624.0
SHP_57071,103311.7,2438278.5
SHP_57072,55123.0,1303479.4
SHP_57076,172288.7,4383075.5
SHP_57077,88890.7,2163271.3
SHP_57078,90331.8,2149335.0
SHP_57081,204324.8,5102045.0
SHP_57083,163292.7,4063328.0
SHP_57087,163473.8,4087180.0
SHP_57089,172163.8,4375336.0
SHP_57090,66600.8,1557070.4
SHP_57091,118141.4,2851879.3
SHP_57095,197240.1,4911337.0
SHP_57096,80937.2,1968075.1
SHP_57098,93074.5,2200377.3
SHP_57100,186019.2,4688369.5
SHP_57101,196333.7,4877019.0
SHP_57102,85911.5,2040973.0
SHP_57103,177332.2,4497266.0
SHP_57104,17982.9,401355.7
SHP_57105,90878.6,2190665.3
SHP_57107,87152.3,2060399.0
SHP_57109,163341.7,4063895.0
SHP_57112,168415.7,4289949.0
SHP_57116,195246.8,4862182.0
SHP_57117,171125.2,4356727.5
SHP_57118,163460.2,4067234.5
SHP_57119,91579.2,2200682.5
SHP_57121,86819.0,2058796.5
SHP_57123,79641.6,1943870.5
SHP_57126,85886.2,2087428.0
SHP_57127,81168.5,1925082.3
SHP_57129,110169.6,2692460.5
SHP_57131,175636.9,4460058.0
SHP_57135,103148.6,2406874.3
SHP_57136,212434.8,5326675.5
SHP_57140,173836.2,4406053.5
SHP_57142,172544.6,4389039.5
SHP_57143,90499.6,2153443.0
SHP_57144,52694.0,1279526.8
SHP_57149,142654.0,3629128.3
SHP_57151,94723.0,2219034.3
SHP_57153,78062.9,1912319.9
SHP_57154,141.5,1185.0
SHP_57156,87318.0,2071927.5
SHP_57157,178112.9,4444991.5
SHP_57160,94567.2,2232467.0
SHP_57164,46111.7,1125228.4
SHP_57165,171847.5,4367986.0
SHP_57167,173204.4,4401019.5
SHP_57171,92423.5,2186677.8
SHP_57172,75571.1,1819517.9
SHP_57173,87684.5,2078164.1
SHP_57174,79356.4,1940187.8
SHP_57178,94038.2,2218668.5
SHP_57180,2543.7,45369.9
SHP_57181,173191.7,4398801.0
SHP_57187,87605.6,2124796.8
SHP_57188,78860.8,1849589.9
SHP_57189,84921.1,2022085.5
SHP_57192,213230.4,5339659.0
SHP_57197,168524.4,4285750.0
SHP_57198,86289.4,2097445.8
SHP_57201,83984.6,1988526.5
SHP_57205,82146.6,1949055.8
SHP_57206,163473.8,4087180.0
SHP_57207,181497.2,4515299.0
SHP_57208,73950.0,1772901.8
SHP_57210,85886.2,2087428.0
SHP_57216,168815.1,4302639.5
SHP_57218,87276.4,2062161.0
SHP_57219,64998.3,1552518.3
SHP_57221,96274.7,2278461.8
SHP_57222,148614.5,3790311.8
SHP_57223,94997.5,2239089.8
SHP_57225,209122.2,5264171.0
SHP_57227,77161.2,1891946.1
SHP_57231,64588.7,1545096.5
SHP_57235,52987.2,1284928.9
SHP_57236,67458.0,1624607.3
SHP_57238,91965.7,2210372.0
SHP_57241,101363.9,2463164.3
SHP_57244,194644.4,4840329.0
SHP_57245,215154.6,5329868.0
SHP_57246,53406.8,1268465.0
SHP_57251,87341.8,2071180.6
SHP_57253,82826.4,2006342.4
SHP_57254,48812.6,1174470.5
SHP_57256,169852.2,4310962.0
SHP_57257,79561.9,1942497.3
SHP_57259,93089.5,2236122.8
SHP_57262,194622.0,4836245.0
SHP_57264,212985.6,5328169.5
SHP_57265,87510.8,2073489.5
SHP_57267,101499.9,2500471.0
SHP_57270,84211.2,2001906.8
SHP_57272,91407.8,2169926.8
SHP_57275,195560.8,4870634.0
SHP_57278,81168.5,1925082.3
SHP_57279,83523.7,1979938.0
SHP_57281,88250.9,2026733.8
SHP_57282,98855.2,2325344.0
SHP_57283,117476.2,2837807.5
SHP_57284,87238.7,2060849.0
SHP_57287,95327.1,2244763.8
SHP_57288,76468.4,1834769.8
SHP_57291,86778.9,2057073.6
SHP_57293,172681.5,4385192.0
SHP_57295,166467.3,4247641.5
SHP_57296,68365.7,1663063.9
SHP_57298,173871.3,4418561.5
SHP_57300,117029.4,2829456.5
SHP_57301,172738.5,4391909.0
SHP_57303,191669.1,4773256.0
SHP_57308,90771.7,2150526.0
SHP_57310,95184.9,2244034.8
SHP_57312,2944.1,55402.8
SHP_57313,149256.9,3787900.0
SHP_57314,170952.1,4348403.5
SHP_57317,173204.4,4401019.5
SHP_57318,163581.6,4088914.5
SHP_57322,168807.3,4289826.5
SHP_57326,87244.7,2071051.4
SHP_57327,87390.9,2064551.3
SHP_57329,85960.7,2042263.9
SHP_57338,212025.6,5312336.0
SHP_57339,214878.6,5328847.5
SHP_57340,86123.5,2048434.8
SHP_57343,75571.1,1819517.9
SHP_57344,64706.4,1565412.3
SHP_57345,120641.0,2924179.0
SHP_57348,117747.1,2827632.5
SHP_57352,80253.4,1917410.6
SHP_57353,77856.3,1860708.5
SHP_57356,91636.2,2173063.5
SHP_57358,76625.2,1876725.8
SHP_57359,78992.0,1873243.1
SHP_57362,100847.7,2425252.5
SHP_57365,101983.0,2477619.8
SHP_57366,42399.3,1038298.8
SHP_57368,82498.0,1929508.5
SHP_57369,90771.7,2150526.0
SHP_57372,84071.5,1990579.6
SHP_57373,101586.0,2466076.5
SHP_57375,195164.6,4857697.0
SHP_57376,1832.8,30080.7
SHP_57378,85960.7,2042263.9
SHP_57379,85974.2,2043703.0
SHP_57380,173689.0,4416071.0
SHP_57381,172066.7,4371408.5
SHP_57387,87267.9,2062089.9
SHP_57388,46111.7,1125228.4
SHP_57389,141468.0,3605951.3
SHP_57391,77179.0,1847672.9
SHP_57392,80302.9,1956750.5
SHP_57394,87390.9,2064551.3
SHP_57396,109748.2,2641785.0
SHP_57399,101586.0,2466076.5
SHP_57403,87506.2,2127632.3
SHP_57404,167284.8,4266330.0
SHP_57405,75638.9,1821936.1
SHP_57406,195915.6,4873406.0
SHP_57407,101957.5,2478507.0
SHP_57410,117940.9,2849643.5
SHP_57412,193929.6,4821769.0
SHP_57413,196590.3,4891064.0
SHP_57414,196939.3,4893510.0
SHP_57417,103113.9,2402942.3
SHP_57422,56535.2,1386083.3
SHP_57425,88066.9,2072551.5
SHP_57428,86777.6,2109936.5
SHP_57429,83096.4,2031381.0
SHP_57437,80854.4,1965694.4
SHP_57439,80807.1,1966822.3
SHP_57441,117940.9,2849643.5
SHP_57442,172182.9,4376801.0
SHP_57443,109463.6,2639067.3
SHP_57445,65472.6,1588418.3
SHP_57446,93083.8,2201877.3
SHP_57450,87341.8,2071180.6
SHP_57453,166824.6,4256392.0
SHP_57454,87605.6,2124796.8
SHP_57455,87390.8,2067306.0
SHP_57456,91073.1,2189091.0
SHP_57458,42162.1,1036085.4
SHP_57460,61569.1,1490556.1
SHP_57463,90331.8,2149335.0
SHP_57471,173501.5,4408681.5
SHP_57473,53082.1,1273046.4
SHP_57475,87467.2,2065584.3
SHP_57476,160930.3,4003126.3
SHP_57484,92666.2,2235409.5
SHP_57487,86778.9,2057073.6
SHP_57488,78992.0,1873243.1
SHP_57492,193935.1,4826239.0
SHP_57493,172103.6,4374353.0
SHP_57494,79259.7,1868094.5
SHP_57496,173435.9,4406942.5
SHP_57501,173162.8,4396578.5
SHP_57502,55592.3,1317528.8
SHP_57503,163808.8,4073060.3
SHP_57504,212327.0,5324911.0
SHP_57505,169629.4,4317559.5
SHP_57509,87709.3,2076782.3
SHP_57511,79386.0,1938550.8
SHP_57516,141468.0,3605951.3
SHP_57517,90771.7,2150526.0
SHP_57520,184698.1,4611875.0
SHP_57521,65071.9,1555960.5
SHP_57522,116073.0,2785204.0
SHP_57524,87751.7,2070180.5
SHP_57526,171295.0,4354704.0
SHP_57527,127118.8,3137193.3
SHP_57529,135977.7,3369447.8
SHP_57532,31513.5,769889.0
SHP_57533,91430.7,2196804.0
SHP_57535,91521.8,2169613.3
SHP_57536,172751.5,4393148.5
SHP_57537,74261.5,1750434.1
SHP_57538,91965.7,2210372.0
SHP_57543,173274.4,4399948.0
SHP_57544,169436.2,4304029.0
SHP_57545,87373.1,2065933.9
SHP_57551,194836.4,4841846.0
SHP_57552,173008.7,4398423.0
SHP_57554,81168.5,1925082.3
SHP_57556,170523.0,4336624.0
SHP_57562,77332.0,1850744.4
SHP_57564,133997.1,3312204.0
SHP_57565,87013.8,2059099.3
SHP_57566,78860.8,1849589.9
SHP_57567,61410.3,1488594.6
SHP_57576,87373.1,2065933.9
SHP_57583,168799.1,4302984.0
SHP_57584,173589.6,4411153.0
SHP_57586,212027.1,5312352.0
SHP_57587,117733.7,2827577.5
SHP_57591,215154.6,5329868.0
SHP_57593,74181.6,1771069.4
SHP_57594,70856.4,1707005.9
SHP_57599,101234.8,2456585.3
SHP_57603,149821.3,3813245.0
SHP_57604,170618.8,4343961.5
SHP_57605,148291.0,3772630.5
SHP_57606,163346.9,4063960.0
SHP_57607,172737.3,4394355.0
SHP_57610,90927.6,2160136.5
SHP_57611,94135.2,2253402.5
SHP_57612,87341.8,2071180.6
SHP_57615,172176.2,4373438.5
SHP_57618,87244.7,2071051.4
SHP_57620,97415.8,2293805.0
SHP_57624,177692.7,4435482.0
SHP_57627,193802.9,4821730.0
SHP_57628,169110.8,4304160.0
SHP_57629,78512.7,1868105.4
SHP_57631,75571.1,1819517.9
SHP_57632,171761.9,4365616.5
SHP_57633,80807.1,1966822.3
SHP_57636,173435.9,4406942.5
SHP_57638,41250.7,973571.6
SHP_57640,88067.0,2072552.3
SHP_57642,83555.6,1976799.5
SHP_57643,169457.4,4315731.0
SHP_57644,168665.4,4296115.0
SHP_57645,91902.4,2177570.3
SHP_57647,177316.1,4500009.5
SHP_57648,100588.7,2444662.5
SHP_57649,87759.8,2069667.6
SHP_57650,73573.7,1764015.1
SHP_57651,153318.5,3722756.0
SHP_57655,87510.8,2073489.5
SHP_57661,194729.7,4839620.0
SHP_57663,169139.5,4310200.0
SHP_57664,82507.6,1999341.0
SHP_57666,77689.1,1858974.1
SHP_57668,185250.4,4624340.5
SHP_57669,65277.8,1549232.3
SHP_57673,172780.7,4396661.0
SHP_57674,1015.2,14830.9
SHP_57679,175636.9,4460058.0
SHP_57682,91407.0,2169587.8
SHP_57686,128777.3,3165820.0
SHP_57687,171879.9,4372447.0
SHP_57688,92249.8,2183960.5
SHP_57689,169072.9,4309663.0
SHP_57691,82314.4,1969936.5
SHP_57694,142619.1,3625615.5
SHP_57697,83531.7,1980426.8
SHP_57698,59414.4,1436694.5
SHP_57702,64615.2,1543861.3
SHP_57704,173656.8,4413046.5
SHP_57705,79196.5,1854893.8
SHP_57709,44505.9,1082689.3
SHP_57711,76346.3,1814568.6
SHP_57718,92522.4,2193016.5
SHP_57719,170289.3,4337121.5
SHP_57721,84806.8,2020027.4
SHP_57722,86858.2,2057529.9
SHP_57724,195536.7,4862808.0
SHP_57725,177316.1,4500009.5
SHP_57726,45448.8,1106285.8
SHP_57732,91719.8,2201099.3
SHP_57735,85851.5,2044507.3
SHP_57736,181947.3,4542639.0
SHP_57737,88050.2,2076538.5
SHP_57738,75770.9,1818789.3
SHP_57739,90429.2,2225724.8
SHP_57741,77689.1,1858974.1
SHP_57742,39993.9,939872.3
SHP_57743,82737.6,2006483.8
SHP_57744,91246.7,2194209.3
SHP_57745,23122.6,552947.3
SHP_57746,87506.2,2127632.3
SHP_57750,93632.8,2252247.8
SHP_57751,80371.0,1908570.3
SHP_57754,86123.5,2048434.8
SHP_57755,94038.2,2218668.5
SHP_57756,133362.5,3304139.0
SHP_57757,86177.7,2046732.6
SHP_57760,95715.5,2251729.3
SHP_57763,195966.0,4872931.0
SHP_57764,82921.7,1945558.4
SHP_57770,95209.9,2300222.3
SHP_57773,81238.3,1929682.3
SHP_57774,148817.7,3793737.5
SHP_57777,192119.7,4781054.0
SHP_57779,116073.0,2785204.0
SHP_57780,194472.1,4834689.5
SHP_57781,87909.4,2132194.3
SHP_57784,83096.4,2031381.0
SHP_57785,197006.9,4892896.0
SHP_57786,172432.8,4379968.5
SHP_57787,172432.8,4379968.5
SHP_57788,76181.5,1833698.3
SHP_57789,195966.0,4872931.0
SHP_57790,172332.8,4378777.0
SHP_57796,149360.4,3808708.0
SHP_57797,86050.6,2045929.0
SHP_57798,149256.9,3787900.0
SHP_57799,212327.0,5324911.0
SHP_57802,86715.4,2055850.3
SHP_57805,181231.2,4519624.5
SHP_57807,79749.0,1945408.1
SHP_57808,195560.8,4870634.0
SHP_57809,172274.8,4380714.5
SHP_57810,148213.5,3781467.8
SHP_57811,173611.9,4407207.0
SHP_57814,194949.1,4855036.5
SHP_57817,96073.1,2254668.0
SHP_57818,44945.1,1094333.6
SHP_57819,101996.2,2477948.0
SHP_57825,78029.7,1911568.9
SHP_57828,177074.3,4493690.5
SHP_57829,169110.8,4304160.0
SHP_57830,181231.2,4519624.5
SHP_57832,116073.0,2785204.0
SHP_57834,57677.0,1402924.1
SHP_57835,195310.2,4852554.0
SHP_57838,46889.4,1125838.0
SHP_57839,169564.6,4317219.0
SHP_57840,122546.3,3113873.5
SHP_57841,163148.1,4061133.5
SHP_57847,161018.6,4004106.5
SHP_57849,87341.8,2071180.6
SHP_57851,16208.5,379319.8
SHP_57852,169398.8,4312645.5
SHP_57853,87341.8,2071180.6
SHP_57854,84995.3,2044301.0
SHP_57856,99237.4,2398315.8
SHP_57859,181068.5,4581322.5
SHP_57860,79743.4,1895613.0
SHP_57867,173163.8,4402602.0
SHP_57871,87167.9,2069278.4
SHP_57872,195033.8,4850309.0
SHP_57874,80468.3,1913374.9
SHP_57875,173311.8,4403767.0
SHP_57876,91600.8,2255657.0
SHP_57877,87511.9,2072632.4
SHP_57888,173958.8,4408568.5
SHP_57893,171879.9,4372447.0
SHP_57894,70619.5,1707009.5
SHP_57896,95209.9,2300222.3
SHP_57897,174436.5,4432637.5
SHP_57898,2039.4,32855.0
SHP_57904,95313.9,2241521.3
SHP_57908,2543.7,45369.9
SHP_57909,91997.0,2162333.8
SHP_57912,170525.3,4335998.5
SHP_57913,80728.8,1922264.3
SHP_57914,212434.8,5326675.5
SHP_57916,78829.7,1855841.8
SHP_57917,163371.9,4084275.0
SHP_57922,90359.6,2126937.8
SHP_57925,172197.5,4373946.0
SHP_57927,172504.6,4381818.0
SHP_57928,87529.1,2066038.9
SHP_57930,44946.6,1094363.3
SHP_57931,100025.7,2454280.0
SHP_57932,83312.4,1991370.0
SHP_57935,87914.6,2079222.4
SHP_57937,171690.3,4369662.0
SHP_57939,148614.5,3790311.8
SHP_57940,144212.5,3532201.8
SHP_57941,96824.6,2268463.5
SHP_57944,116073.0,2785204.0
SHP_57946,1079.1,15777.1
SHP_57948,163371.9,4084275.0
SHP_57951,86939.5,2059669.3
SHP_57953,83531.7,1980426.8
SHP_57956,172703.4,4389080.5
SHP_57958,64962.1,1555567.0
SHP_57959,80906.8,1921214.3
SHP_57965,65899.4,1581248.8
SHP_57967,87390.9,2064551.3
SHP_57968,133074.1,3221484.0
SHP_57970,148761.3,3789963.8
SHP_57975,84806.8,2020027.4
SHP_57976,84581.4,2011573.0
SHP_57977,77704.8,1859256.9
SHP_57978,44179.2,1076833.6
SHP_57981,86018.3,2043690.6
SHP_57983,65278.0,1562072.1
SHP_57985,172138.0,4382120.5
SHP_57986,194061.8,4825438.0
SHP_57987,91997.0,2162333.8
SHP_57989,172692.4,4386647.0
SHP_57990,78070.5,1912222.5
SHP_57998,173727.0,4414553.0
SHP_58002,195118.2,4801697.5
SHP_58008,191672.0,4773357.0
SHP_58009,91430.7,2196804.0
SHP_58010,80272.9,1915237.6
SHP_58012,91571.0,2158449.0
SHP_58017,87585.0,2075817.0
SHP_58018,173191.2,4401193.5
SHP_58020,173718.6,4410880.0
SHP_58023,91693.8,2201157.8
SHP_58027,79539.8,1941902.6
SHP_58028,87248.8,2060910.6
SHP_58029,87786.3,2097026.4
SHP_58030,167128.6,4261510.0
SHP_58033,91415.2,2169622.0
SHP_58038,163487.2,4076610.5
SHP_58040,90137.2,2168569.5
SHP_58041,84806.8,2020027.4
SHP_58042,78482.7,1844593.3
SHP_58047,87235.0,2062587.0
SHP_58048,88135.0,2141595.8
SHP_58054,195966.0,4872931.0
SHP_58055,87094.7,2117296.8
SHP_58058,81013.3,1923764.6
SHP_58059,71625.3,1702574.3
SHP_58060,163808.8,4073060.3
SHP_58061,167380.9,4269839.0
SHP_58062,2436.2,46215.1
SHP_58064,86826.9,2058821.4
SHP_58065,172830.5,4397303.0
SHP_58068,64588.7,1545096.5
SHP_58069,39246.8,928655.6
SHP_58073,1750.9,27104.0
SHP_58075,81902.4,1964181.8
SHP_58078,169852.2,4310962.0
SHP_58081,193941.3,4823044.0
SHP_58085,92212.2,2189399.8
SHP_58086,101586.0,2466076.5
SHP_58087,177776.8,4437685.0
SHP_58091,172521.1,4381632.0
SHP_58095,102824.2,2396095.5
SHP_58097,172499.8,4382507.0
SHP_58098,71143.2,1723629.8
SHP_58101,125281.4,3168590.3
SHP_58105,198323.7,4926129.0
SHP_58107,78336.8,1839919.8
SHP_58110,87467.5,2074070.8
SHP_58114,87173.2,2059849.8
SHP_58115,1495.4,19088.7
SHP_58116,133682.7,3310257.3
SHP_58121,23075.3,550604.9
SHP_58122,197026.8,4896959.0
SHP_58123,149256.9,3787900.0
SHP_58124,91889.1,2177153.0
SHP_58125,56424.6,1385903.3
SHP_58126,70856.4,1707005.9
SHP_58129,194812.1,4851714.0
SHP_58130,82870.5,1963963.3
SHP_58133,91503.1,2201372.5
SHP_58135,78488.7,1846010.3
SHP_58136,117894.6,2788672.5
SHP_58140,2746.7,49360.3
SHP_58141,212676.3,5327736.5
SHP_58143,100847.7,2425252.5
SHP_58147,178266.3,4450991.0
SHP_58151,148761.3,3789963.8
SHP_58154,167428.6,4264255.5
SHP_58158,46260.6,1111911.0
SHP_58161,172625.5,4390653.0
SHP_58165,173803.7,4419081.0
SHP_58166,148149.8,3779648.5
SHP_58168,90960.0,2159799.8
SHP_58170,133770.3,3315415.8
SHP_58171,92436.0,2217564.3
SHP_58173,77279.4,1849980.9
SHP_58174,169585.7,4307103.0
SHP_58176,169783.3,4323807.5
SHP_58178,195915.6,4873406.0
SHP_58180,52586.7,1254448.9
SHP_58181,172808.1,4397528.0
SHP_58185,172003.5,4372249.0
SHP_58188,65899.4,1581248.8
SHP_58190,198323.7,4926129.0
SHP_58192,49028.3,1189000.0
SHP_58193,51604.7,1223458.0
SHP_58194,161252.1,4003040.0
SHP_58195,94038.2,2218668.5
SHP_58200,90622.6,2228092.5
SHP_58201,57740.0,1404059.6
SHP_58203,86939.5,2059669.3
SHP_58204,172453.7,4381539.0
SHP_58205,173472.3,4406066.5
SHP_58207,95184.9,2244034.8
SHP_58208,166824.6,4256392.0
SHP_58213,91171.8,2165874.0
SHP_58218,82737.6,2006483.8
SHP_58219,87909.4,2132194.3
SHP_58225,80534.5,1909587.5
SHP_58229,92176.6,2162934.5
SHP_58230,80256.9,1912248.0
SHP_58231,184888.8,4616622.0
SHP_58235,138.3,1270.2
SHP_58242,103658.9,2422493.0
SHP_58244,86349.0,2051045.4
SHP_58245,86826.9,2058821.4
SHP_58246,149769.7,3812509.0
SHP_58248,1011.5,14813.2
SHP_58250,65184.1,1552303.9
SHP_58253,209122.2,5264171.0
SHP_58258,197026.8,4896959.0
SHP_58260,134735.3,3330798.3
SHP_58261,2944.1,55402.8
SHP_58262,194938.1,4809566.0
SHP_58263,69168.9,1676286.4
SHP_58264,127442.2,3142658.5
SHP_58265,57270.6,1377276.3
SHP_58268,194188.4,4828123.5
SHP_58271,196590.3,4891064.0
SHP_58272,90673.6,2157262.0
SHP_58273,78126.7,1862655.6
SHP_58277,57270.6,1377276.3
SHP_58278,43540.5,1052845.8
SHP_58282,16259.8,382068.9
SHP_58286,173727.0,4414553.0
SHP_58290,182622.1,4553748.0
SHP_58291,86966.3,2058498.3
SHP_58300,92412.0,2215828.8
SHP_58304,103207.8,2480113.5
SHP_58306,98360.6,2300644.5
SHP_58307,87419.6,2064113.5
SHP_58310,81013.3,1923764.6
SHP_58311,180746.4,4575104.0
SHP_58313,193292.5,4820723.0
SHP_58314,172432.8,4379968.5
SHP_58318,87556.3,2128423.0
SHP_58319,65183.2,1553089.1
SHP_58320,171805.1,4367542.5
SHP_58321,81753.1,1987971.5
SHP_58322,171693.9,4368010.0
SHP_58323,87807.3,2078095.8
SHP_58325,79539.8,1941902.6
SHP_58326,92061.0,2186189.3
SHP_58328,83555.6,1976799.5
SHP_58330,84581.4,2011573.0
SHP_58331,70372.7,1703840.0
SHP_58332,87860.2,2070680.4
SHP_58334,48812.6,1174470.5
SHP_58336,65119.6,1554186.0
SHP_58337,177316.1,4500009.5
SHP_58339,197302.6,4911708.5
SHP_58341,172999.2,4400358.0
SHP_58342,84071.5,1990579.6
SHP_58346,181231.2,4519624.5
SHP_58352,91600.8,2255657.0
SHP_58356,87110.7,2060647.9
SHP_58357,87167.9,2069278.4
SHP_58358,16612.6,386713.4
SHP_58359,209122.2,5264171.0
SHP_58360,91392.8,2169529.5
SHP_58365,1684.8,24216.8
SHP_58366,177152.3,4494380.0
SHP_58367,87478.3,2073011.6
SHP_58368,177568.4,4436464.5
SHP_58369,162983.2,4071929.5
SHP_58370,196939.3,4893510.0
SHP_58372,67613.8,1564632.6
SHP_58373,93107.2,2204778.8
SHP_58374,44179.2,1076833.6
SHP_58379,87848.8,2072516.0
SHP_58381,90699.0,2180305.5
SHP_58384,171936.5,4365378.5
SHP_58385,91734.6,2175074.3
SHP_58386,184535.4,4654095.0
SHP_58387,87056.6,2059108.5
SHP_58388,81252.1,1927636.6
SHP_58389,91965.7,2210372.0
SHP_58390,83535.5,1989148.8
SHP_58392,69519.8,1690007.3
SHP_58394,92005.0,2209536.0
SHP_58395,91523.6,2142724.5
SHP_58396,174199.0,4425824.5
SHP_58397,96049.5,2249824.0
SHP_58399,174457.4,4434390.5
SHP_58400,177190.8,4497453.5
SHP_58401,88896.6,2145732.8
SHP_58408,127706.8,3153351.0
SHP_58409,173577.3,4402245.0
SHP_58411,71620.1,1676277.5
SHP_58413,103016.9,2398663.8
SHP_58414,81480.6,1932136.3
SHP_58415,2798.7,57113.3
SHP_58416,91498.5,2143195.3
SHP_58417,174681.9,4438292.5
SHP_58419,110177.4,2691348.8
SHP_58421,212191.6,5314128.0
SHP_58422,167553.8,4271975.0
SHP_58428,170289.3,4337121.5
SHP_58429,161252.1,4003040.0
SHP_58430,94723.0,2219034.3
SHP_58431,120641.0,2924179.0
SHP_58432,215154.6,5329868.0
SHP_58434,134072.4,3315659.0
SHP_58435,103113.9,2402942.3
SHP_58438,79332.3,1866274.6
SHP_58439,20157.2,473578.3
SHP_58441,81809.6,1946356.8
SHP_58442,90757.1,2156301.3
SHP_58443,71617.9,1676236.8
SHP_58444,87852.7,2135759.0
SHP_58446,67408.3,1571160.8
SHP_58448,120998.1,3079142.3
SHP_58449,162983.2,4071929.5
SHP_58451,2039.4,32855.0
SHP_58452,41339.1,974062.2
SHP_58454,63205.0,1527393.4
SHP_58455,99477.7,2423219.0
SHP_58459,87467.5,2074070.8
SHP_58464,168654.0,4300125.0
SHP_58468,196625.8,4883347.0
SHP_58471,80660.2,1923981.5
SHP_58473,125212.4,3176548.5
SHP_58474,95074.4,2253513.0
SHP_58476,80254.6,1917430.9
SHP_58478,87605.6,2124796.8
SHP_58480,77161.2,1891946.1
SHP_58482,88685.0,2152120.3
SHP_58483,122908.7,3119603.8
SHP_58484,168835.9,4291650.0
SHP_58487,101339.3,2394117.8
SHP_58488,167826.8,4279158.0
SHP_58489,98360.6,2300644.5
SHP_58493,69316.6,1682810.4
SHP_58494,90461.4,2116244.5
SHP_58498,90712.9,2154108.3
SHP_58504,93089.5,2236122.8
SHP_58506,87664.9,2070154.8
SHP_58507,86023.2,2043619.4
SHP_58508,173.6,1763.5
SHP_58510,94974.2,2244932.5
SHP_58516,99531.2,2412613.0
SHP_58519,83312.4,1991370.0
SHP_58525,72771.3,1750220.9
SHP_58526,213230.4,5339659.0
SHP_58527,88723.2,2095116.3
SHP_58528,193826.8,4821049.0
SHP_58530,81168.5,1925082.3
SHP_58531,173061.2,4400829.5
SHP_58532,90878.6,2190665.3
SHP_58533,194949.1,4855036.5
SHP_58537,67408.3,1571160.8
SHP_58540,170666.1,4339106.5
SHP_58542,87532.7,2128734.5
SHP_58544,72253.4,1746346.0
SHP_58547,51955.1,1233556.4
SHP_58548,116073.0,2785204.0
SHP_58549,96159.4,2325281.0
SHP_58553,41749.8,982624.7
SHP_58554,185425.4,4618855.0
SHP_58555,87850.3,2072840.3
SHP_58556,92005.0,2209536.0
SHP_58558,84806.8,2020027.4
SHP_58559,94529.3,2233280.3
SHP_58560,86289.4,2097445.8
SHP_58561,116073.0,2785204.0
SHP_58563,219098.4,5398229.5
SHP_58564,87091.1,2115973.5
SHP_58569,90429.2,2225724.8
SHP_58573,191672.0,4773357.0
SHP_58574,168727.3,4296874.0
SHP_58576,72945.9,1751162.6
SHP_58578,86473.7,2099183.0
SHP_58580,60982.0,1444603.0
SHP_58581,73592.0,1763829.1
SHP_58582,101080.8,2390104.3
SHP_58584,85652.8,2033507.0
SHP_58587,87707.7,2096081.3
SHP_58592,167428.6,4264255.5
SHP_58594,64599.2,1548719.8
SHP_58596,42674.4,1031555.0
SHP_58597,172347.8,4376207.0
SHP_58598,80468.3,1913374.9
SHP_58599,92316.0,2191081.5
SHP_58600,167294.8,4267258.0
SHP_58601,177089.2,4493955.5
SHP_58602,1832.8,30080.7
SHP_58605,84439.7,2001579.4
SHP_58606,177278.4,4497451.0
SHP_58608,83096.4,2031381.0
SHP_58610,174330.9,4429425.0
SHP_58611,169303.9,4313920.0
SHP_58614,85960.7,2042263.9
SHP_58615,70950.5,1715432.6
SHP_58616,80104.4,1888309.9
SHP_58620,171812.7,4370761.5
SHP_58623,169852.2,4310962.0
SHP_58625,127442.2,3142658.5
SHP_58628,133421.7,3305351.8
SHP_58630,100358.8,2437151.0
SHP_58634,85974.2,2043703.0
SHP_58636,86280.6,2026302.1
SHP_58637,81238.3,1929682.3
SHP_58639,94723.0,2219034.3
SHP_58641,16208.5,379319.8
SHP_58647,172082.3,4371717.0
SHP_58648,116434.3,2851365.0
SHP_58650,1684.8,24216.8
SHP_58654,80906.8,1921214.3
SHP_58656,173540.5,4407187.0
SHP_58657,86896.8,2058014.1
SHP_58661,169639.8,4312275.0
SHP_58662,78969.3,1930082.0
SHP_58666,181554.9,4529207.0
SHP_58669,122908.7,3119603.8
SHP_58670,87235.0,2062587.0
SHP_58671,173727.0,4414553.0
SHP_58673,46260.6,1111911.0
SHP_58675,87861.9,2104506.0
SHP_58676,87913.3,2077666.8
SHP_58678,78482.7,1844593.3
SHP_58679,167329.1,4267590.0
SHP_58683,90818.3,2157118.5
SHP_58686,81480.6,1932136.3
SHP_58687,212676.3,5327736.5
SHP_58690,168478.9,4279977.0
SHP_58691,94038.2,2218668.5
SHP_58692,78922.7,1927550.9
SHP_58693,133770.3,3315415.8
SHP_58694,170445.6,4331925.0
SHP_58696,169284.8,4311103.5
SHP_58697,67613.8,1564632.6
SHP_58698,61569.1,1490556.1
SHP_58699,101070.5,2452747.0
SHP_58700,56491.7,1386453.0
SHP_58702,80468.3,1913374.9
SHP_58703,88685.0,2152120.3
SHP_58706,87094.7,2117296.8
SHP_58708,184888.8,4616622.0
SHP_58709,87556.3,2128423.0
SHP_58712,103800.3,2510311.5
SHP_58713,86819.0,2058796.5
SHP_58716,167284.8,4266330.0
SHP_58717,172163.8,4375336.0
SHP_58721,110177.4,2691348.8
SHP_58722,177463.9,4432738.0
SHP_58724,78956.6,1894687.8
SHP_58728,163346.9,4063960.0
SHP_58733,148696.0,3789227.0
SHP_58737,92169.8,2180533.3
SHP_58740,117957.6,2830471.0
SHP_58744,93989.6,2245551.5
SHP_58745,193510.9,4806965.0
SHP_58747,83425.9,1978743.0
SHP_58752,61634.2,1490291.5
SHP_58753,193626.8,4819203.0
SHP_58754,170769.3,4344248.0
SHP_58756,171882.3,4366468.5
SHP_58757,77856.3,1860708.5
SHP_58760,92935.8,2198156.3
SHP_58764,172751.5,4393148.5
SHP_58765,79252.9,1864135.5
SHP_58766,78029.6,1907795.0
SHP_58767,17982.9,401355.7
SHP_58769,172338.4,4384368.5
SHP_58770,76061.7,1808201.6
SHP_58773,39246.8,928655.6
SHP_58774,177190.8,4497453.5
SHP_58775,86858.2,2057529.9
SHP_58778,91430.7,2196804.0
SHP_58779,42674.4,1031555.0
SHP_58781,173540.5,4407187.0
SHP_58784,90916.8,2234383.5
SHP_58787,86123.5,2048434.8
SHP_58788,79335.5,1886956.6
SHP_58790,172864.3,4397623.5
SHP_58793,81646.2,1981588.0
SHP_58795,91885.0,2177483.3
SHP_58797,101901.3,2409683.0
SHP_58798,91804.7,2175613.8
SHP_58799,148378.2,3781990.5
SHP_58802,196783.3,4884733.0
SHP_58804,44563.2,1087079.3
SHP_58806,92238.0,2168790.8
SHP_58807,91576.9,2199942.5
SHP_58810,191964.1,4777458.5
SHP_58811,85851.5,2044507.3
SHP_58815,2436.2,46215.1
SHP_58816,91333.0,2168859.3
SHP_58817,163473.8,4087180.0
SHP_58823,173740.0,4412645.5
SHP_58824,117476.2,2837807.5
SHP_58825,91732.4,2176460.3
SHP_58826,172307.5,4378695.0
SHP_58830,91320.9,2167633.0
SHP_58832,92194.2,2183366.0
SHP_58834,80239.9,1909812.8
SHP_58835,88789.6,2175470.0
SHP_58838,87805.1,2131346.0
SHP_58843,173871.3,4418561.5
SHP_58844,173052.2,4396506.5
SHP_58845,53540.4,1270538.4
SHP_58846,100588.7,2444662.5
SHP_58847,97658.9,2303500.0
SHP_58848,41196.6,971770.0
SHP_58849,87679.6,2069107.3
SHP_58850,127706.8,3153351.0
SHP_58851,78943.8,1882426.6
SHP_58852,90027.8,2145906.3
SHP_58853,71199.4,1723389.5
SHP_58856,163447.8,4077846.5
SHP_58857,133362.5,3304139.0
SHP_58858,71199.4,1723389.5
SHP_58860,78922.7,1927550.9
SHP_58861,70505.1,1706982.1
SHP_58865,217881.7,5451239.0
SHP_58866,173.6,1763.5
SHP_58869,85457.0,2031283.8
SHP_58870,99359.3,2393344.5
SHP_58871,193826.8,4821049.0
SHP_58873,171812.7,4370761.5
SHP_58881,172163.8,4375336.0
SHP_58882,100847.7,2425252.5
SHP_58883,163148.1,4061133.5
SHP_58884,80473.5,1909402.5
SHP_58890,92436.0,2217564.3
SHP_58892,174197.6,4425868.0
SHP_58894,87864.7,2078411.5
SHP_58897,45054.1,1099022.0
SHP_58898,169346.4,4307721.0
SHP_58903,65278.0,1562072.1
SHP_58904,77130.8,1843820.8
SHP_58910,163460.2,4067234.5
SHP_58911,172163.8,4375336.0
SHP_58920,42215.8,1022092.8
SHP_58921,195870.7,4870670.5
SHP_58922,191444.0,4768251.0
SHP_58926,93083.8,2201877.3
SHP_58930,163899.8,4091302.5
SHP_58933,45412.8,1107617.9
SHP_58935,122925.7,3121835.8
SHP_58938,192072.0,4765440.0
SHP_58940,56782.0,1393720.8
SHP_58942,99648.5,2414069.0
SHP_58943,56733.8,1392515.0
SHP_58946,87313.2,2071368.5
SHP_58951,67468.5,1563657.3
SHP_58953,90712.9,2154108.3
SHP_58954,167808.0,4278053.5
SHP_58955,90712.9,2154108.3
SHP_58956,100527.2,2350292.5
SHP_58957,83586.4,1980465.3
SHP_58960,87318.0,2071927.5
SHP_58962,94692.4,2267777.8
SHP_58963,1860.4,31658.4
SHP_58965,1770.3,29631.1
SHP_58966,173307.8,4403265.5
SHP_58967,42674.4,1031555.0
SHP_58968,79252.9,1864135.5
SHP_58970,185526.1,4629557.0
SHP_58973,85961.6,2036359.0
SHP_58974,41339.1,974062.2
SHP_58975,127118.8,3137193.3
SHP_58981,175238.3,4450556.5
SHP_58982,1865.8,30734.0
SHP_58983,93245.4,2239423.5
SHP_58984,91641.5,2174168.3
SHP_58985,2259.2,42982.5
SHP_58987,86479.5,2054301.5
SHP_58988,804.7,11969.9
SHP_58990,121956.8,3097089.0
SHP_58993,83550.6,1988066.1
SHP_58994,89677.6,2114827.5
SHP_58995,79727.3,1894710.1
SHP_58997,196615.8,4884662.0
SHP_58998,117476.2,2837807.5
SHP_58999,80625.6,1921959.5
SHP_59002,190653.5,4696030.0
SHP_59003,183401.2,4636707.0
SHP_59004,211863.8,5323735.5
SHP_59006,2436.2,46215.1
SHP_59007,198373.2,4930958.0
SHP_59008,174590.4,4420928.5
SHP_59009,133960.9,3316628.5
SHP_59011,168728.0,4296739.0
SHP_59012,90102.8,2123995.0
SHP_59013,194155.8,4827827.0
SHP_59014,181749.2,4538848.5
SHP_59015,57190.2,1403118.3
SHP_59016,80730.4,1965913.5
SHP_59017,149086.3,3802294.3
SHP_59018,93294.6,2234983.0
SHP_59019,191444.0,4768251.0
SHP_59029,170874.9,4346488.5
SHP_59031,79387.0,1870682.0
SHP_59037,170808.9,4349746.5
SHP_59038,80898.2,1967056.0
SHP_59039,172738.5,4391909.0
SHP_59040,167592.0,4273510.0
SHP_59044,78154.6,1849040.4
SHP_59050,80072.0,1912150.8
SHP_59051,184983.0,4602544.0
SHP_59056,87489.4,2065877.5
SHP_59058,177316.1,4500009.5
SHP_59063,79332.3,1866274.6
SHP_59065,170523.0,4336624.0
SHP_59067,166763.2,4251616.5
SHP_59072,208146.4,5244892.5
SHP_59075,172432.8,4379968.5
SHP_59082,84921.1,2022085.5
SHP_59083,94981.6,2286405.3
SHP_59084,77179.0,1847672.9
SHP_59085,162847.3,4052841.0
SHP_59090,91789.0,2175739.3
SHP_59099,77191.6,1847792.8
SHP_59107,172780.7,4396661.0
SHP_59112,76625.2,1876725.8
SHP_59116,89120.0,2166255.0
SHP_59122,149982.6,3815138.5
SHP_59123,60982.0,1444603.0
SHP_59124,73950.0,1772901.8
SHP_59127,195915.6,4873406.0
SHP_59128,194678.0,4838234.0
SHP_59129,169457.4,4315731.0
SHP_59130,88610.2,2173547.5
SHP_59131,1832.8,30080.7
SHP_59133,170413.6,4336483.5
SHP_59134,87276.4,2062161.0
SHP_59135,85265.8,2026644.6
SHP_59138,212676.3,5327736.5
SHP_59139,95209.9,2300222.3
SHP_59140,172737.3,4394355.0
SHP_59142,208895.2,5260896.0
SHP_59147,63662.4,1543365.4
SHP_59149,67556.3,1633267.3
SHP_59152,86430.4,2053376.0
SHP_59153,88066.9,2072551.5
SHP_59154,97992.6,2351998.0
SHP_59155,186019.2,4688369.5
SHP_59157,162847.3,4052841.0
SHP_59160,173162.8,4396578.5
SHP_59161,73553.7,1765237.5
SHP_59166,87126.6,2060921.3
SHP_59169,163439.6,4064228.0
SHP_59176,169330.0,4312990.5
SHP_59178,86523.4,2053822.9
SHP_59179,163853.8,4091384.5
SHP_59181,79944.2,1898519.4
SHP_59182,63662.4,1543365.4
SHP_59184,84439.7,2001579.4
SHP_59185,72059.0,1742323.8
SHP_59186,99256.6,2399184.8
SHP_59188,82144.3,1943237.4
SHP_59189,171972.1,4369907.5
SHP_59190,199141.9,4913641.0
SHP_59194,84806.8,2020027.4
SHP_59195,79539.8,1941902.6
SHP_59196,102079.4,2477516.5
SHP_59200,91471.0,2170870.5
SHP_59201,90512.2,2153502.0
SHP_59202,168500.9,4284715.5
SHP_59204,87026.4,2060128.8
SHP_59206,80272.9,1915237.6
SHP_59207,87568.5,2068261.5
SHP_59208,91498.5,2143195.3
SHP_59209,195560.8,4870634.0
SHP_59210,45069.4,1096665.0
SHP_59212,172134.7,4381295.5
SHP_59213,173958.8,4408568.5
SHP_59214,66600.8,1557070.4
SHP_59215,74403.4,1796650.3
SHP_59219,88723.2,2095116.3
SHP_59221,95004.9,2287042.3
SHP_59224,206898.5,5155107.0
SHP_59225,172416.4,4380671.0
SHP_59227,91645.1,2172881.0
SHP_59233,87276.4,2062161.0
SHP_59235,192132.8,4761586.0
SHP_59237,168665.4,4296115.0
SHP_59242,91660.2,2174119.3
SHP_59243,80728.8,1922264.3
SHP_59252,174044.9,4418694.0
SHP_59253,86020.3,2089559.8
SHP_59254,98360.6,2300644.5
SHP_59258,172737.3,4394355.0
SHP_59259,173136.4,4396009.0
SHP_59263,54388.3,1279911.0
SHP_59264,63662.4,1543365.4
SHP_59267,212191.6,5314128.0
SHP_59268,78829.7,1855841.8
SHP_59269,92532.9,2220075.3
SHP_59272,91088.7,2186005.3
SHP_59274,93083.8,2201877.3
SHP_59275,99049.2,2396656.8
SHP_59276,65278.0,1562072.1
SHP_59277,169210.4,4307420.0
SHP_59279,173116.5,4400014.5
SHP_59280,93831.9,2220471.0
SHP_59286,44179.2,1076833.6
SHP_59287,23114.2,552892.8
SHP_59288,194812.1,4851714.0
SHP_59289,191444.0,4768251.0
SHP_59290,67896.2,1632863.9
SHP_59292,70203.5,1700286.4
SHP_59294,87709.3,2076782.3
SHP_59295,81502.0,1977156.5
SHP_59296,69996.8,1697505.1
SHP_59299,170289.3,4337121.5
SHP_59306,217881.7,5451239.0
SHP_59308,172197.5,4373946.0
SHP_59309,177190.8,4497453.5
SHP_59311,150115.8,3821025.5
SHP_59313,193560.8,4813864.0
SHP_59314,93632.8,2210228.0
SHP_59315,90115.5,2144764.3
SHP_59318,149733.7,3814382.0
SHP_59319,92950.7,2230600.0
SHP_59320,102247.1,2483145.5
SHP_59322,163899.8,4091302.5
SHP_59325,196939.3,4893510.0
SHP_59327,173727.0,4414553.0
SHP_59328,2259.2,42982.5
SHP_59329,20157.2,473578.3
SHP_59330,87013.8,2059099.3
SHP_59331,104115.3,2432383.5
SHP_59332,80473.5,1909402.5
SHP_59337,1865.8,30734.0
SHP_59338,53413.5,1267495.3
SHP_59341,56391.3,1385839.3
SHP_59345,92169.8,2180533.3
SHP_59348,1571.7,23542.7
SHP_59349,96824.6,2268463.5
SHP_59353,92375.9,2185853.3
SHP_59354,120641.0,2924179.0
SHP_59355,172183.5,4375343.0
SHP_59356,88789.6,2175470.0
SHP_59359,80799.6,1966728.5
SHP_59362,103101.6,2395488.8
SHP_59363,1495.4,19088.7
SHP_59364,91765.2,2201584.5
SHP_59365,103257.0,2504870.8
SHP_59371,204324.8,5102045.0
SHP_59372,77704.8,1859256.9
SHP_59373,19498.4,463420.7
SHP_59374,83312.4,1991370.0
SHP_59376,149903.9,3814212.5
SHP_59379,212985.6,5328169.5
SHP_59381,86665.1,2058746.3
SHP_59384,65278.0,1562072.1
SHP_59385,208895.2,5260896.0
SHP_59386,76625.2,1876725.8
SHP_59388,77976.5,1866490.6
SHP_59393,55123.0,1303479.4
SHP_59394,82705.5,1958151.8
SHP_59395,177402.6,4497889.5
SHP_59398,87024.9,2058806.8
SHP_59399,97707.1,2308550.3
SHP_59401,194622.0,4836245.0
SHP_59403,171882.3,4366468.5
SHP_59405,175238.3,4450556.5
SHP_59410,92376.9,2165579.5
SHP_59411,87543.7,2068057.0
SHP_59415,1684.8,24216.8
SHP_59417,54388.3,1279911.0
SHP_59420,92950.7,2230600.0
SHP_59421,167851.8,4269894.5
SHP_59426,44968.4,1098476.0
SHP_59430,91512.6,2171305.0
SHP_59431,31546.6,767334.2
SHP_59434,171556.3,4368024.5
SHP_59435,86967.1,2058503.5
SHP_59436,42602.2,1040049.8
SHP_59437,91088.7,2186005.3
SHP_59440,89511.5,2175120.0
SHP_59449,91600.8,2255657.0
SHP_59451,195033.8,4850309.0
SHP_59453,91965.7,2210372.0
SHP_59455,73393.9,1759204.5
SHP_59456,195369.3,4867467.0
SHP_59458,70134.4,1699484.0
SHP_59461,142171.7,3621428.0
SHP_59462,86976.0,2109471.5
SHP_59463,80349.3,1957403.0
SHP_59467,122172.7,3106187.3
SHP_59468,173160.7,4397761.0
SHP_59471,173263.6,4402180.0
SHP_59473,1495.4,19088.7
SHP_59475,89220.9,2185918.8
SHP_59479,193780.8,4820274.0
SHP_59480,172154.8,4375910.0
SHP_59481,52694.0,1279526.8
SHP_59482,76224.9,1825548.1
SHP_59487,133682.7,3310257.3
SHP_59488,148243.2,3778249.0
SHP_59491,79811.4,1949166.8
SHP_59492,174105.5,4426637.5
SHP_59495,91965.7,2210372.0
SHP_59496,73445.3,1767912.0
SHP_59497,149653.9,3812662.8
SHP_59498,83735.6,1987803.5
SHP_59499,194384.8,4845698.0
SHP_59502,70770.9,1688059.1
SHP_59504,18348.5,438012.2
SHP_59505,91700.3,2174765.3
SHP_59510,167128.6,4261510.0
SHP_59511,87763.4,2077294.1
SHP_59513,879.1,9943.6
SHP_59514,173210.2,4402371.5
SHP_59515,193826.8,4821049.0
SHP_59516,64599.2,1548719.8
SHP_59517,171839.6,4371806.5
SHP_59519,87390.9,2064551.3
SHP_59520,81646.2,1981588.0
SHP_59521,176946.8,4485554.5
SHP_59523,78860.8,1849589.9
SHP_59525,181841.2,4541050.5
SHP_59528,57011.5,1369534.0
SHP_59529,75678.5,1819757.5
SHP_59531,91902.4,2177570.3
SHP_59532,92487.4,2192302.8
SHP_59534,134072.4,3315659.0
SHP_59535,170239.6,4334889.0
SHP_59536,87913.3,2077666.8
SHP_59538,87860.2,2070680.4
SHP_59540,83312.4,1991370.0
SHP_59543,156446.4,3998090.0
SHP_59548,194263.6,4828919.0
SHP_59549,92376.9,2165579.5
SHP_59553,89049.8,2101555.5
SHP_59555,64588.7,1545096.5
SHP_59556,101586.0,2466076.5
SHP_59557,142426.4,3624870.0
SHP_59558,83346.9,2034871.4
SHP_59559,173641.3,4402024.5
SHP_59562,166467.3,4247641.5
SHP_59563,117957.6,2830471.0
SHP_59564,92340.6,2218156.5
SHP_59565,56358.4,1386008.3
SHP_59566,121678.4,3091783.5
SHP_59570,150115.8,3821025.5
SHP_59571,86819.0,2058796.5
SHP_59574,67710.0,1575436.3
SHP_59575,195026.2,4847341.0
SHP_59576,166892.7,4256029.0
SHP_59577,163184.6,4060905.3
SHP_59578,45069.4,1096665.0
SHP_59580,78009.2,1852802.0
SHP_59581,79041.0,1883291.3
SHP_59582,87244.7,2071051.4
SHP_59585,171847.5,4367986.0
SHP_59586,195915.6,4873406.0
SHP_59587,86785.5,2061830.3
SHP_59588,87532.7,2128734.5
SHP_59589,64346.1,1546803.8
SHP_59591,87094.7,2117296.8
SHP_59592,90699.0,2180305.5
SHP_59594,85225.3,2024002.5
SHP_59595,86915.3,2109606.5
SHP_59596,75333.0,1796721.8
SHP_59598,149667.0,3816064.5
SHP_59600,81008.9,1926911.8
SHP_59602,83549.1,1986415.1
SHP_59604,94465.2,2231311.5
SHP_59606,87177.4,2061284.1
SHP_59607,87152.3,2060399.0
SHP_59608,193741.2,4918560.5
SHP_59611,86570.5,2054442.1
SHP_59612,86282.3,2050475.4
SHP_59613,103561.3,2510848.8
SHP_59615,21313.7,500404.8
SHP_59616,142832.8,3633008.0
SHP_59619,56424.6,1385903.3
SHP_59626,163148.1,4061133.5
SHP_59628,103101.6,2395488.8
SHP_59634,172460.0,4378207.0
SHP_59637,79811.4,1949166.8
SHP_59640,169330.0,4312990.5
SHP_59642,92249.5,2210390.0
SHP_59644,209036.3,5262367.0
SHP_59649,87069.0,2059680.9
SHP_59650,41250.7,973571.6
SHP_59651,69533.9,1690018.0
SHP_59652,92448.8,2186890.5
SHP_59654,149667.0,3816064.5
SHP_59660,77191.6,1847792.8
SHP_59662,142162.2,3615541.5
SHP_59663,91965.7,2210372.0
SHP_59665,95184.6,2254858.3
SHP_59666,87882.6,2130592.5
SHP_59667,170793.9,4348994.5
SHP_59671,84061.7,1989056.3
SHP_59674,99359.3,2393344.5
SHP_59675,172458.3,4380454.0
SHP_59676,83984.6,1988526.5
SHP_59677,191444.0,4768251.0
SHP_59683,42746.8,1034448.6
SHP_59684,183154.7,4571057.0
SHP_59686,93310.2,2242805.0
SHP_59688,16240.9,381644.7
SHP_59693,100025.7,2454280.0
SHP_59694,91965.7,2210372.0
SHP_59698,67529.4,1573626.0
SHP_59700,90916.8,2234383.5
SHP_59701,23122.6,552947.3
SHP_59703,86349.0,2051045.4
SHP_59705,177568.4,4436464.5
SHP_59706,136835.7,3385916.0
SHP_59707,150115.8,3821025.5
SHP_59710,55123.0,1303479.4
SHP_59715,90313.6,2148606.0
SHP_59718,172483.8,4380033.5
SHP_59719,81252.1,1927636.6
SHP_59720,1331.8,21074.2
SHP_59721,136835.7,3385916.0
SHP_59726,69536.4,1688635.9
SHP_59732,49028.3,1189000.0
SHP_59733,102965.7,2399060.0
SHP_59735,172129.3,4375230.0
SHP_59741,163264.3,4078517.0
SHP_59742,86715.4,2055850.3
SHP_59747,173204.4,4401019.5
SHP_59748,174105.5,4426637.5
SHP_59749,184980.4,4613822.0
SHP_59750,93612.1,2216903.0
SHP_59753,192183.4,4768151.0
SHP_59756,91835.7,2151743.0
SHP_59757,194384.8,4845698.0
SHP_59758,86570.5,2054442.1
SHP_59761,208796.2,5252757.0
SHP_59762,67408.3,1571160.8
SHP_59767,172692.4,4386647.0
SHP_59770,1750.9,27104.0
SHP_59772,67747.9,1576116.0
SHP_59774,81646.2,1981588.0
SHP_59775,65076.2,1551248.5
SHP_59776,133682.7,3310257.3
SHP_59777,97305.5,2342405.0
SHP_59778,88950.3,2176450.5
SHP_59779,193080.5,4794258.0
SHP_59785,83096.4,2031381.0
SHP_59788,86289.4,2097445.8
SHP_59792,91471.8,2170882.3
SHP_59794,52782.1,1280843.0
SHP_59795,78106.2,1911858.5
SHP_59800,100411.0,2419425.8
SHP_59801,172165.3,4377828.0
SHP_59803,67613.8,1564632.6
SHP_59810,163899.8,4091302.5
SHP_59811,87079.5,2059857.1
SHP_59812,88672.8,2106762.5
SHP_59813,39246.8,928655.6
SHP_59814,80239.9,1909812.8
SHP_59816,86663.0,2057755.0
SHP_59817,194383.4,4832908.0
SHP_59820,56424.6,1385903.3
SHP_59821,89236.1,2165258.0
SHP_59824,174178.4,4419982.0
SHP_59828,53306.0,1291278.0
SHP_59829,80239.9,1909812.8
SHP_59830,91322.0,2168829.0
SHP_59834,92304.5,2194288.8
SHP_59839,194949.1,4855036.5
SHP_59840,121399.8,3087854.5
SHP_59844,212238.9,5330210.5
SHP_59846,163447.8,4077846.5
SHP_59848,166824.6,4256392.0
SHP_59849,65278.0,1562072.1
SHP_59856,90632.4,2228257.0
SHP_59858,91933.6,2178939.0
SHP_59860,84211.2,2001906.8
SHP_59861,86123.5,2048434.8
SHP_59862,82619.1,1961231.9
SHP_59863,73393.9,1759204.5
SHP_59864,68381.6,1651442.4
SHP_59865,170539.0,4342436.5
SHP_59866,86430.4,2053376.0
SHP_59867,110177.4,2691348.8
SHP_59868,87828.9,2129325.0
SHP_59871,83491.2,1980058.8
SHP_59873,91490.4,2171545.8
SHP_59875,90604.3,2227984.3
SHP_59876,2798.7,57113.3
SHP_59877,71143.2,1723629.8
SHP_59879,142171.7,3621428.0
SHP_59886,71015.2,1709330.9
SHP_59893,93478.5,2213355.3
SHP_59894,86663.9,2055202.8
SHP_59895,208806.7,5253172.0
SHP_59896,172544.2,4383247.5
SHP_59897,116073.0,2785204.0
SHP_59899,87065.3,2060373.6
SHP_59902,168727.3,4296874.0
SHP_59903,163899.8,4091302.5
SHP_59905,174105.4,4424890.0
SHP_59908,168863.1,4295618.0
SHP_59911,52586.7,1254448.9
SHP_59913,52586.7,1254448.9
SHP_59914,53285.4,1263904.9
SHP_59915,69208.6,1681516.6
SHP_59919,172651.8,4382966.0
SHP_59921,52694.0,1279526.8
SHP_59924,76303.0,1832089.5
SHP_59926,77305.7,1846212.3
SHP_59928,86819.0,2058796.5
SHP_59929,86939.5,2059669.3
SHP_59931,64766.6,1552846.5
SHP_59932,214878.6,5328847.5
SHP_59935,173160.7,4397761.0
SHP_59936,163170.4,4061587.0
SHP_59940,172683.9,4388490.5
SHP_59941,80254.6,1917430.9
SHP_59947,87476.9,2120277.0
SHP_59951,87341.8,2071180.6
SHP_59952,86663.9,2055202.8
SHP_59953,91835.7,2151743.0
SHP_59954,183359.0,4575407.0
SHP_59959,63662.4,1543365.4
SHP_59960,121678.4,3091783.5
SHP_59964,86819.0,2058796.5
SHP_59966,77401.4,1816048.0
SHP_59969,95058.5,2298063.3
SHP_59971,94692.4,2267777.8
SHP_59973,90699.0,2180305.5
SHP_59975,91088.7,2186005.3
SHP_59977,136835.7,3385916.0
SHP_59979,197224.9,4914708.0
SHP_59981,98638.9,2306310.3
SHP_59982,93294.6,2234983.0
SHP_59983,78992.0,1873243.1
SHP_59984,98201.4,2316231.8
SHP_59987,78922.7,1927550.9
SHP_59990,167524.6,4273296.0
SHP_59991,193614.0,4827935.0
SHP_59995,168807.3,4289826.5
SHP_60000,23122.6,552947.3
SHP_60001,86858.2,2057529.9
SHP_60004,90027.8,2145906.3
SHP_60005,93089.5,2236122.8
SHP_60008,31546.6,767334.2
SHP_60010,177284.1,4497850.0
SHP_60013,88789.6,2175470.0
SHP_60018,125200.6,3169937.0
SHP_60021,92088.6,2211702.5
SHP_60023,91674.5,2174508.8
SHP_60025,117391.0,2829636.3
SHP_60026,77404.3,1848942.9
SHP_60028,77400.9,1850296.5
SHP_60030,83577.0,1988152.5
SHP_60031,75770.9,1818789.3
SHP_60032,31914.2,778349.2
SHP_60033,69316.6,1682810.4
SHP_60036,171401.8,4357609.0
SHP_60039,69628.1,1691599.1
SHP_60040,167851.8,4269894.5
SHP_60046,195966.0,4872931.0
SHP_60058,65825.6,1597295.0
SHP_60059,172692.4,4386647.0
SHP_60060,163170.6,4061651.0
SHP_60062,169497.7,4311918.5
SHP_60064,87414.3,2067688.1
SHP_60065,172197.5,4373946.0
SHP_60067,168835.9,4291650.0
SHP_60073,73089.7,1756062.1
SHP_60074,173871.3,4418561.5
SHP_60076,174105.5,4426637.5
SHP_60077,83096.4,2031381.0
SHP_60078,86374.9,2097640.3
SHP_60083,88904.5,2141009.5
SHP_60084,166824.6,4256392.0
SHP_60085,90084.5,2146632.3
SHP_60089,133682.7,3310257.3
SHP_60090,53615.3,1269754.0
SHP_60092,77914.2,1863958.4
SHP_60095,86939.5,2059669.3
SHP_60096,70518.3,1683742.0
SHP_60098,163485.3,4082033.5
SHP_60099,99665.1,2472511.0
SHP_60103,44563.2,1087079.3
SHP_60108,86353.4,2052444.9
SHP_60110,212327.0,5324911.0
SHP_60113,148243.2,3778249.0
SHP_60117,90658.8,2157382.3
SHP_60119,163461.3,4064707.0
SHP_60120,63205.0,1527393.4
SHP_60125,173116.5,4400014.5
SHP_60126,102824.2,2396095.5
SHP_60136,79794.6,1895190.3
SHP_60139,172667.4,4385908.0
SHP_60140,84356.6,2009980.8
SHP_60142,91520.9,2171888.0
SHP_60151,177190.8,4497453.5
SHP_60157,88789.6,2175470.0
SHP_60159,103101.6,2395488.8
SHP_60160,168665.4,4296115.0
SHP_60162,86282.3,2050475.4
SHP_60167,80935.0,1945969.4
SHP_60169,92436.0,2217564.3
SHP_60172,62993.5,1530574.5
SHP_60176,86966.3,2058498.3
SHP_60178,94723.0,2219034.3
SHP_60179,87079.5,2059857.1
SHP_60183,77401.4,1816048.0
SHP_60185,65071.9,1555960.5
SHP_60187,103207.8,2480113.5
SHP_60189,169584.0,4307031.0
SHP_60190,117940.9,2849643.5
SHP_60191,127809.8,3152424.5
SHP_60194,196796.4,4897672.0
SHP_60197,19508.1,462855.3
SHP_60198,195966.0,4872931.0
SHP_60202,84581.4,2011573.0
SHP_60204,3212.5,64917.1
SHP_60206,65278.0,1562072.1
SHP_60207,85911.5,2040973.0
SHP_60208,90627.1,2183058.8
SHP_60209,86778.9,2057073.6
SHP_60210,171483.3,4367100.0
SHP_60212,173276.3,4404799.0
SHP_60214,117957.6,2830471.0
SHP_60215,86785.5,2061830.3
SHP_60216,80072.0,1912150.8
SHP_60223,89583.2,2127317.0
SHP_60226,171586.8,4362990.5
SHP_60230,67556.3,1633267.3
SHP_60231,94981.6,2286405.3
SHP_60233,204324.8,5102045.0
SHP_60234,87864.7,2078411.5
SHP_60239,2039.4,32855.0
SHP_60240,168735.5,4297887.5
SHP_60242,133729.2,3312231.0
SHP_60244,175042.0,4442768.5
SHP_60245,67133.1,1566347.5
SHP_60249,211538.7,5321103.0
SHP_60250,74180.2,1776785.3
SHP_60251,87664.9,2070154.8
SHP_60253,170557.3,4343279.0
SHP_60254,77689.1,1858974.1
SHP_60255,82826.4,2006342.4
SHP_60256,212676.3,5327736.5
SHP_60257,53406.8,1268465.0
SHP_60260,212909.4,5337524.0
SHP_60261,88107.2,2139925.5
SHP_60263,86353.4,2052444.9
SHP_60264,212676.3,5327736.5
SHP_60265,218954.4,5395635.5
SHP_60267,86282.3,2050475.4
SHP_60268,2804.4,54825.5
SHP_60270,198323.7,4926129.0
SHP_60271,97144.7,2341030.3
SHP_60275,88487.9,2154792.3
SHP_60276,103253.5,2433975.3
SHP_60280,212327.0,5324911.0
SHP_60281,92088.6,2211702.5
SHP_60283,64615.2,1543861.3
SHP_60284,196590.3,4891064.0
SHP_60287,87094.7,2117296.8
SHP_60288,149097.9,3800820.8
SHP_60293,149798.0,3814636.5
SHP_60296,149086.3,3802294.3
SHP_60297,211267.4,5314960.5
SHP_60298,87026.7,2058818.5
SHP_60299,197060.7,4853814.0
SHP_60300,715.3,10292.0
SHP_60301,192129.3,4761562.0
SHP_60303,133682.7,3310257.3
SHP_60304,163899.8,4091302.5
SHP_60305,75965.1,1823663.1
SHP_60306,92666.2,2235409.5
SHP_60307,117025.5,2829658.5
SHP_60309,174199.0,4425824.5
SHP_60311,76906.4,1809489.3
SHP_60312,172082.3,4371717.0
SHP_60317,90102.8,2123995.0
SHP_60318,20157.2,473578.3
SHP_60320,172165.3,4377828.0
SHP_60321,86858.2,2057529.9
SHP_60322,141.5,1185.0
SHP_60323,44500.3,1089583.0
SHP_60326,191688.9,4765850.0
SHP_60328,91700.3,2174765.3
SHP_60329,95257.2,2244398.0
SHP_60330,196685.3,4891982.0
SHP_60331,87679.4,2076486.6
SHP_60332,87395.3,2074287.0
SHP_60333,79539.8,1941902.6
SHP_60335,87664.9,2070154.8
SHP_60336,173501.5,4408681.5
SHP_60340,78650.2,1854525.3
SHP_60343,2543.7,45369.9
SHP_60346,67152.8,1635645.5
SHP_60347,204324.8,5102045.0
SHP_60348,77941.4,1848892.1
SHP_60351,92412.0,2215828.8
SHP_60352,142171.7,3621428.0
SHP_60357,86473.7,2099183.0
SHP_60359,163232.0,4065406.0
SHP_60360,174144.0,4412959.0
SHP_60361,76625.2,1876725.8
SHP_60362,195289.3,4867985.0
SHP_60363,198323.7,4926129.0
SHP_60366,80331.2,1899879.3
SHP_60368,75955.2,1815917.0
SHP_60372,15912.6,374670.9
SHP_60374,197062.8,4903091.5
SHP_60375,43637.8,1065627.0
SHP_60376,211728.3,5326792.5
SHP_60378,101464.2,2461804.8
SHP_60379,173497.5,4405124.0
SHP_60381,42162.1,1036085.4
SHP_60384,57888.3,1406661.3
SHP_60385,166824.6,4256392.0
SHP_60387,83491.2,1980058.8
SHP_60390,80635.9,1961807.3
SHP_60394,87709.3,2076782.3
SHP_60395,87511.9,2072632.4
SHP_60396,172692.1,4383696.5
SHP_60399,83312.4,1991370.0
SHP_60400,172737.3,4394355.0
SHP_60401,191688.9,4765850.0
SHP_60402,149380.2,3802055.3
SHP_60404,92186.2,2183297.5
SHP_60405,197240.1,4911337.0
SHP_60406,194384.8,4845698.0
SHP_60407,88752.2,2094678.8
SHP_60408,208683.9,5253990.0
SHP_60409,87094.7,2117296.8
SHP_60411,135977.7,3369447.8
SHP_60413,99359.3,2393344.5
SHP_60416,109436.6,2638899.0
SHP_60417,80728.8,1922264.3
SHP_60420,79353.5,1868830.0
SHP_60421,97433.0,2294670.3
SHP_60422,173618.1,4414464.0
SHP_60426,91503.1,2201372.5
SHP_60427,164112.9,4098720.5
SHP_60429,193515.2,4825088.0
SHP_60431,171690.3,4369662.0
SHP_60432,80256.9,1912248.0
SHP_60433,197224.9,4914708.0
SHP_60434,172274.8,4380714.5
SHP_60436,91645.1,2172881.0
SHP_60437,103659.2,2423056.0
SHP_60438,69970.7,1672033.5
SHP_60443,77961.1,1837052.6
SHP_60444,172432.8,4379968.5
SHP_60445,177190.8,4497453.5
SHP_60451,88383.1,2078028.1
SHP_60454,116434.3,2851365.0
SHP_60463,2944.1,55402.8
SHP_60467,173307.8,4403265.5
SHP_60469,81013.3,1923764.6
SHP_60474,94232.1,2223476.5
SHP_60475,172381.9,4378223.0
SHP_60476,95238.8,2289572.0
SHP_60479,102138.2,2479354.8
SHP_60480,172738.5,4391909.0
SHP_60489,84921.1,2022085.5
SHP_60491,1252.3,19122.0
SHP_60494,182622.1,4553748.0
SHP_60495,167592.0,4273510.0
SHP_60496,85911.5,2040973.0
SHP_60503,95209.9,2300222.3
SHP_60504,168735.5,4297887.5
SHP_60505,161252.1,4003040.0
SHP_60506,78755.6,1925393.0
SHP_60507,87897.3,2079102.4
SHP_60510,99477.7,2423219.0
SHP_60514,167643.1,4273871.5
SHP_60515,93803.1,2179640.0
SHP_60520,92249.5,2210390.0
SHP_60522,95184.9,2244034.8
SHP_60528,173274.4,4399948.0
SHP_60531,171879.9,4372447.0
SHP_60534,168665.4,4296115.0
SHP_60537,56039.7,1311418.5
SHP_60538,194644.4,4840329.0
SHP_60539,93143.3,2247304.8
SHP_60540,67408.3,1571160.8
SHP_60541,850.7,13300.6
SHP_60542,83978.7,1989657.8
SHP_60543,594.7,7916.0
SHP_60544,87560.5,2069568.8
SHP_60545,93162.2,2206093.3
SHP_60549,84754.0,1999330.8
SHP_60550,173336.7,4402072.0
SHP_60552,86727.4,2059633.0
SHP_60553,177481.3,4431977.5
SHP_60555,197130.7,4891644.0
SHP_60556,87751.7,2070180.5
SHP_60558,53640.1,1281710.5
SHP_60564,148614.5,3790311.8
SHP_60565,94567.2,2232467.0
SHP_60566,92665.9,2170148.8
SHP_60569,120998.1,3079142.3
SHP_60571,93803.1,2179640.0
SHP_60573,1187.9,19531.7
SHP_60574,190793.5,4756195.0
SHP_60576,94465.2,2231311.5
SHP_60577,39909.6,937343.6
SHP_60582,92376.9,2165579.5
SHP_60585,77914.2,1863958.4
SHP_60590,53309.4,1289621.6
SHP_60591,194188.4,4828123.5
SHP_60596,86663.0,2057755.0
SHP_60597,89218.3,2105430.5
SHP_60601,91215.9,2193933.3
SHP_60602,86704.4,2107340.8
SHP_60606,103101.3,2410915.0
SHP_60608,175320.7,4450920.0
SHP_60610,212283.1,5315632.0
SHP_60611,91503.1,2201372.5
SHP_60614,172521.1,4381632.0
SHP_60615,87127.0,2059571.5
SHP_60618,45412.8,1107617.9
SHP_60620,87235.0,2062587.0
SHP_60621,95238.8,2289572.0
SHP_60623,92249.5,2210390.0
SHP_60624,88723.2,2095116.3
SHP_60627,173335.3,4405406.0
SHP_60628,163176.9,4060632.0
SHP_60629,194007.2,4823219.0
SHP_60630,44990.6,1098603.4
SHP_60638,168815.1,4302639.5
SHP_60639,79749.0,1945408.1
SHP_60640,133772.0,3277613.8
SHP_60641,91697.5,2176675.3
SHP_60642,87751.7,2070180.5
SHP_60643,80371.0,1908570.3
SHP_60651,209284.8,5262091.5
SHP_60653,91338.5,2168944.8
SHP_60654,64.8,514.5
SHP_60656,92985.1,2174990.3
SHP_60657,86473.7,2099183.0
SHP_60662,166820.2,4256433.5
SHP_60663,173350.7,4401299.5
SHP_60667,44563.2,1087079.3
SHP_60668,209753.2,5289437.5
SHP_60669,86538.9,2041227.5
SHP_60670,53540.4,1270538.4
SHP_60672,86964.6,2058486.4
SHP_60674,78874.2,1853391.9
SHP_60680,69996.8,1697505.1
SHP_60681,101954.1,2477901.5
SHP_60688,163256.6,4065622.0
SHP_60691,86570.5,2054442.1
SHP_60692,87467.5,2074070.8
SHP_60695,90771.7,2150526.0
SHP_60696,122546.3,3113873.5
SHP_60699,99807.6,2331086.3
SHP_60700,80807.1,1966822.3
SHP_60701,87514.8,2149658.8
SHP_60704,87489.4,2065877.5
SHP_60709,100358.8,2437151.0
SHP_60715,1007.1,14787.2
SHP_60716,192129.3,4761562.0
SHP_60717,133362.5,3304139.0
SHP_60718,167436.3,4268839.0
SHP_60719,212676.3,5327736.5
SHP_60721,173727.0,4414553.0
SHP_60724,173727.0,4414553.0
SHP_60728,65578.6,1588790.6
SHP_60730,116073.0,2785204.0
SHP_60732,216.6,2091.4
SHP_60733,212327.0,5324911.0
SHP_60736,94232.1,2223476.5
SHP_60737,83549.1,1986415.1
SHP_60738,53450.1,1266362.3
SHP_60739,77191.6,1847792.8
SHP_60740,97415.8,2293805.0
SHP_60742,52586.7,1254448.9
SHP_60745,84728.8,2040834.0
SHP_60749,149086.3,3802294.3
SHP_60751,82705.5,1958151.8
SHP_60754,172288.7,4383075.5
SHP_60759,133074.1,3221484.0
SHP_60760,92095.3,2208243.0
SHP_60761,173381.0,4408221.5
SHP_60762,90618.1,2153724.3
SHP_60763,172350.7,4378045.5
SHP_60769,16208.5,379319.8
SHP_60770,89236.1,2165258.0
SHP_60771,173162.8,4396578.5
SHP_60775,173958.8,4408568.5
SHP_60777,172826.4,4395997.0
SHP_60778,90771.7,2150526.0
SHP_60779,90757.1,2156301.3
SHP_60784,186208.1,4647440.0
SHP_60787,172453.7,4381539.0
SHP_60791,116073.0,2785204.0
SHP_60797,87177.4,2061284.1
SHP_60798,96948.7,2292251.0
SHP_60799,90739.7,2159113.0
SHP_60800,134735.3,3330798.3
SHP_60803,91810.4,2177658.3
SHP_60804,73272.8,1763833.4
SHP_60806,55123.0,1303479.4
SHP_60808,91965.7,2210372.0
SHP_60810,87560.5,2069568.8
SHP_60812,60982.0,1444603.0
SHP_60814,98782.0,2383364.3
SHP_60817,173718.6,4410880.0
SHP_60820,77401.4,1816048.0
SHP_60822,167585.8,4273222.0
SHP_60824,185984.1,4689647.0
SHP_60826,195915.6,4873406.0
SHP_60827,80251.8,1957335.8
SHP_60831,71173.3,1720081.3
SHP_60833,18348.5,438012.2
SHP_60836,144212.5,3532201.8
SHP_60837,93083.8,2201877.3
SHP_60838,2798.7,57113.3
SHP_60839,148696.0,3789227.0
SHP_60841,92304.5,2194288.8
SHP_60846,110169.6,2692460.5
SHP_60850,211267.4,5314960.5
SHP_60851,45397.0,1104077.1
SHP_60853,190793.5,4756195.0
SHP_60855,173346.3,4401012.0
SHP_60857,173772.5,4417168.5
SHP_60859,80893.7,1963949.8
SHP_60864,174661.1,4437413.5
SHP_60866,100783.6,2351770.5
SHP_60868,1868.2,30477.0
SHP_60869,172453.7,4381539.0
SHP_60870,78842.7,1882099.4
SHP_60871,90960.0,2159799.8
SHP_60872,169783.3,4323807.5
SHP_60873,172560.9,4384792.0
SHP_60874,181.9,1735.3
SHP_60876,170203.3,4331521.0
SHP_60878,87511.9,2072632.4
SHP_60880,89719.2,2128097.5
SHP_60881,91576.9,2199942.5
SHP_60887,125231.1,3178342.5
SHP_60890,194628.2,4834661.0
SHP_60893,86353.4,2052444.9
SHP_60895,49994.7,1198590.8
SHP_60897,64661.9,1549968.0
SHP_60903,141468.0,3605951.3
SHP_60904,86436.4,2055290.5
SHP_60905,194383.4,4832908.0
SHP_60907,80445.7,1958489.9
SHP_60909,53309.4,1289621.6
SHP_60910,88685.0,2152120.3
SHP_60911,1079.1,15777.1
SHP_60912,215154.6,5329868.0
SHP_60913,57190.2,1403118.3
SHP_60916,45397.0,1104077.1
SHP_60917,53526.8,1277554.3
SHP_60919,172326.4,4378835.5
SHP_60920,172274.8,4380714.5
SHP_60921,172737.3,4394355.0
SHP_60922,65184.1,1552303.9
SHP_60923,168665.4,4296115.0
SHP_60925,172267.4,4377629.0
SHP_60927,91459.2,2170686.8
SHP_60929,167128.6,4261510.0
SHP_60931,78992.0,1873243.1
SHP_60934,134729.2,3334373.3
SHP_60936,174318.1,4427466.0
SHP_60943,154089.2,3616520.0
SHP_60945,57011.5,1369534.0
SHP_60948,80473.5,1909402.5
SHP_60950,87751.7,2070180.5
SHP_60951,67572.5,1572158.3
SHP_60956,127706.8,3153351.0
SHP_60957,94271.1,2230195.0
SHP_60958,169979.3,4318523.5
SHP_60959,94271.1,2230195.0
SHP_60960,170333.8,4302886.0
SHP_60964,64645.0,1545684.0
SHP_60966,92042.0,2185977.0
SHP_60969,81168.5,1925082.3
SHP_60979,173163.8,4402602.0
SHP_60980,177703.1,4439856.0
SHP_60981,71439.1,1729771.0
SHP_60982,212501.7,5327487.0
SHP_60983,171935.8,4375727.0
SHP_60986,88250.9,2026733.8
SHP_60987,212327.0,5324911.0
SHP_60989,164106.1,4097328.0
SHP_60990,1252.3,19122.0
SHP_60992,195736.0,4872297.0
SHP_60993,82507.6,1999341.0
SHP_60994,97671.9,2308358.0
SHP_60996,195026.2,4847341.0
SHP_60999,208546.8,5253826.0
SHP_61001,88904.5,2141009.5
SHP_61002,133473.1,3306613.5
SHP_61008,80256.9,1912248.0
SHP_61012,172978.6,4399849.5
SHP_61015,172671.0,4386968.5
SHP_61016,149982.6,3815138.5
SHP_61018,211330.6,5315863.5
SHP_61019,94232.1,2223476.5
SHP_61022,174629.4,4436830.5
SHP_61023,81502.0,1977156.5
SHP_61024,69996.8,1697505.1
SHP_61025,79353.5,1868830.0
SHP_61030,91710.3,2174871.5
SHP_61033,87560.5,2069568.8
SHP_61040,16570.4,385895.6
SHP_61041,214878.6,5328847.5
SHP_61043,169436.2,4304029.0
SHP_61044,74261.5,1750434.1
SHP_61048,181749.2,4538848.5
SHP_61049,196650.7,4892347.0
SHP_61050,102169.1,2387835.5
SHP_61051,2436.2,46215.1
SHP_61052,81902.4,1964181.8
SHP_61054,197610.4,4901145.0
SHP_61055,55123.0,1303479.4
SHP_61056,134735.3,3330798.3
SHP_61058,204324.8,5102045.0
SHP_61060,56847.0,1394164.3
SHP_61064,87090.2,2059588.4
SHP_61067,149794.6,3816199.0
SHP_61068,93571.6,2216523.5
SHP_61071,86665.1,2058746.3
SHP_61073,195560.8,4870634.0
SHP_61079,94974.2,2244932.5
SHP_61080,86405.2,2051871.4
SHP_61081,23464.0,557421.9
SHP_61082,80475.6,1965258.0
SHP_61084,172598.9,4389538.0
SHP_61086,183359.0,4575407.0
SHP_61090,92436.0,2217564.3
SHP_61091,174044.9,4418694.0
SHP_61093,100783.6,2351770.5
SHP_61094,53512.5,1270456.4
SHP_61096,86282.3,2050475.4
SHP_61102,86665.1,2058746.3
SHP_61103,212283.1,5315632.0
SHP_61105,169476.6,4311308.0
SHP_61106,167436.3,4268839.0
SHP_61107,44193.9,1077001.4
SHP_61111,87104.4,2060725.8
SHP_61112,93051.9,2200129.3
SHP_61113,44179.2,1076833.6
SHP_61115,150233.7,3827672.8
SHP_61116,16612.6,386713.4
SHP_61117,149733.7,3814382.0
SHP_61118,173740.0,4412645.5
SHP_61120,19297.1,459716.3
SHP_61121,2039.4,32855.0
SHP_61122,87050.0,2060118.8
SHP_61123,39909.6,937343.6
SHP_61127,79811.4,1949166.8
SHP_61130,97992.6,2351998.0
SHP_61131,195118.2,4801697.5
SHP_61132,208895.2,5260896.0
SHP_61133,85974.2,2043703.0
SHP_61134,2259.2,42982.5
SHP_61135,174436.5,4432637.5
SHP_61137,215154.6,5329868.0
SHP_61139,55592.3,1317528.8
SHP_61141,78922.7,1927550.9
SHP_61143,84061.7,1989056.3
SHP_61144,92197.5,2183338.8
SHP_61145,2259.2,42982.5
SHP_61147,126155.1,3093933.5
SHP_61148,117029.4,2829456.5
SHP_61152,86349.0,2051045.4
SHP_61155,86123.5,2048434.8
SHP_61156,83273.9,1987586.6
SHP_61158,1015.2,14830.9
SHP_61159,86123.5,2048434.8
SHP_61161,172651.8,4382966.0
SHP_61162,100847.7,2425252.5
SHP_61165,84135.0,2001105.1
SHP_61166,61858.8,1500040.4
SHP_61168,167583.5,4273526.5
SHP_61170,127809.8,3152424.5
SHP_61173,127706.8,3153351.0
SHP_61174,117882.3,2788172.0
SHP_61178,67310.7,1570122.0
SHP_61179,89207.9,2167255.3
SHP_61183,168807.3,4289826.5
SHP_61189,142171.7,3621428.0
SHP_61191,149097.9,3800820.8
SHP_61193,172183.5,4375343.0
SHP_61196,116073.0,2785204.0
SHP_61198,149798.0,3814636.5
SHP_61200,91147.1,2165706.0
SHP_61201,168665.4,4296115.0
SHP_61202,87238.7,2060849.0
SHP_61203,81855.2,1944467.4
SHP_61206,195966.0,4872931.0
SHP_61209,87529.1,2066038.9
SHP_61210,91964.5,2179530.5
SHP_61211,163117.4,4059862.3
SHP_61214,172383.7,4385537.5
SHP_61216,95313.9,2241521.3
SHP_61219,91997.0,2162333.8
SHP_61220,93803.1,2179640.0
SHP_61221,101962.9,2478602.3
SHP_61222,99570.1,2451326.5
SHP_61223,172033.1,4371256.5
SHP_61229,191444.0,4768251.0
SHP_61230,71173.3,1720081.3
SHP_61234,78029.6,1907795.0
SHP_61235,174044.9,4418694.0
SHP_61238,172751.5,4393148.5
SHP_61239,1832.8,30080.7
SHP_61240,101586.0,2466076.5
SHP_61242,163447.8,4077846.5
SHP_61243,173274.4,4399948.0
SHP_61244,86939.5,2059669.3
SHP_61245,23075.3,550604.9
SHP_61246,1958.6,28092.8
SHP_61247,78530.9,1846842.8
SHP_61248,71325.8,1669378.8
SHP_61249,92452.6,2164136.5
SHP_61251,79887.1,1900578.8
SHP_61255,193100.1,4816724.0
SHP_61257,138.3,1270.2
SHP_61259,70856.4,1707005.9
SHP_61262,87419.6,2064113.5
SHP_61263,177834.5,4439926.0
SHP_61266,87913.3,2077666.8
SHP_61268,43541.8,1062889.6
SHP_61271,92194.2,2183366.0
SHP_61272,778.7,8752.2
SHP_61274,1000.2,16975.6
SHP_61277,172340.8,4379230.5
SHP_61278,84135.0,2001105.1
SHP_61289,1684.8,24216.8
SHP_61292,87373.1,2065933.9
SHP_61293,172197.5,4373946.0
SHP_61295,85457.0,2031283.8
SHP_61296,167204.4,4263770.5
SHP_61297,76625.2,1876725.8
SHP_61300,215154.6,5329868.0
SHP_61305,169497.7,4311918.5
SHP_61307,167524.6,4273296.0
SHP_61309,2496.9,47454.9
SHP_61313,64599.2,1548719.8
SHP_61314,172453.7,4381539.0
SHP_61315,87283.0,2062234.9
SHP_61320,173740.0,4412645.5
SHP_61322,83425.9,1978743.0
SHP_61325,83638.2,1990711.9
SHP_61328,93404.6,2236958.3
SHP_61329,194644.4,4840329.0
SHP_61332,92903.9,2230460.8
SHP_61333,81064.3,1926838.1
SHP_61334,192067.6,4766448.0
SHP_61336,123053.1,3119638.5
SHP_61337,213521.0,5363165.0
SHP_61340,211494.0,5319902.5
SHP_61345,16823.5,362395.9
SHP_61351,197412.3,4899903.5
SHP_61352,110169.6,2692460.5
SHP_61357,170308.3,4337062.0
SHP_61358,44851.0,1090979.4
SHP_61361,90646.3,2185567.8
SHP_61363,193303.4,4820903.0
SHP_61365,87434.1,2124447.3
SHP_61367,87713.6,2071479.0
SHP_61368,98360.6,2300644.5
SHP_61370,87914.6,2079222.4
SHP_61376,133074.1,3221484.0
SHP_61379,39246.8,928655.6
SHP_61380,75638.9,1821936.1
SHP_61381,59437.0,1436488.1
SHP_61386,181947.3,4542639.0
SHP_61390,79794.6,1895190.3
SHP_61391,100847.7,2425252.5
SHP_61394,91490.4,2171545.8
SHP_61396,80937.2,1968075.1
SHP_61401,91308.7,2167691.0
SHP_61402,96049.5,2249824.0
SHP_61408,141954.0,3612206.0
SHP_61409,91913.8,2182015.0
SHP_61410,148614.5,3790311.8
SHP_61412,166356.7,4245465.0
SHP_61413,87848.8,2072516.0
SHP_61420,177152.3,4494380.0
SHP_61422,65485.7,1561498.9
SHP_61424,183538.2,4638966.5
SHP_61425,93563.0,2208423.3
SHP_61428,42951.9,1051128.6
SHP_61430,87891.8,2079064.1
SHP_61431,170769.3,4344248.0
SHP_61432,80066.7,1924551.3
SHP_61440,87229.1,2060801.6
SHP_61441,2746.7,49360.3
SHP_61442,99783.9,2402798.0
SHP_61443,53082.1,1273046.4
SHP_61446,100411.0,2419425.8
SHP_61448,77856.3,1860708.5
SHP_61450,86353.4,2052444.9
SHP_61451,163310.2,4063653.5
SHP_61452,78860.8,1849589.9
SHP_61454,69970.7,1672033.5
SHP_61455,92384.6,2192034.8
SHP_61456,173122.9,4396868.0
SHP_61458,85265.8,2026644.6
SHP_61459,87464.8,2074904.9
SHP_61460,1750.9,27104.0
SHP_61464,83308.0,1976196.4
SHP_61465,148149.8,3779648.5
SHP_61467,173207.3,4403836.0
SHP_61468,172839.7,4397380.0
SHP_61469,1252.3,19122.0
SHP_61472,86715.4,2055850.3
SHP_61479,77305.7,1846212.3
SHP_61480,174457.4,4434390.5
SHP_61490,170641.9,4339496.0
SHP_61491,91576.9,2199942.5
SHP_61496,173565.0,4405845.5
SHP_61497,41196.6,971770.0
SHP_61501,81064.3,1926838.1
SHP_61503,41196.6,971770.0
SHP_61504,81168.5,1925082.3
SHP_61505,163899.8,4091302.5
SHP_61507,168665.4,4296115.0
SHP_61510,91911.6,2184199.8
SHP_61513,91828.4,2175840.8
SHP_61516,78956.8,1872088.4
SHP_61519,170769.3,4344248.0
SHP_61520,91579.2,2200682.5
SHP_61526,213230.4,5339659.0
SHP_61527,163899.8,4091302.5
SHP_61528,194622.0,4836245.0
SHP_61530,170333.8,4302886.0
SHP_61531,87079.5,2059857.1
SHP_61532,169436.2,4304029.0
SHP_61533,49028.3,1189000.0
SHP_61535,197967.5,4922679.0
SHP_61536,167284.8,4266330.0
SHP_61537,86479.5,2054301.5
SHP_61542,92340.6,2218156.5
SHP_61545,94643.5,2221305.0
SHP_61546,170413.6,4336483.5
SHP_61548,64615.2,1543861.3
SHP_61549,73198.6,1757602.8
SHP_61553,173999.1,4423353.0
SHP_61559,81168.5,1925082.3
SHP_61560,206898.5,5155107.0
SHP_61565,164106.1,4097328.0
SHP_61568,117894.6,2788672.5
SHP_61570,172033.1,4371256.5
SHP_61572,195164.6,4857697.0
SHP_61573,173473.4,4403430.0
SHP_61575,163192.0,4059660.5
SHP_61578,80254.6,1917430.9
SHP_61579,2798.7,57113.3
SHP_61582,83312.4,1991370.0
SHP_61585,101477.9,2466295.0
SHP_61591,55045.1,1292979.3
SHP_61596,91700.3,2174765.3
SHP_61603,211915.3,5330172.5
SHP_61608,172692.4,4386647.0
SHP_61610,196650.7,4892347.0
SHP_61612,170916.2,4283878.0
SHP_61613,2436.2,46215.1
SHP_61616,81013.3,1923764.6
SHP_61617,85911.5,2040973.0
SHP_61618,92436.0,2217564.3
SHP_61620,194507.7,4829928.0
SHP_61621,99359.3,2393344.5
SHP_61623,91490.4,2171545.8
SHP_61624,87347.8,2063855.0
SHP_61629,39246.8,928655.6
SHP_61632,172460.0,4378207.0
SHP_61633,44851.0,1090979.4
SHP_61642,142641.5,3487666.5
SHP_61643,81646.2,1981588.0
SHP_61651,91817.8,2176293.8
SHP_61654,64661.9,1549968.0
SHP_61658,173163.8,4402602.0
SHP_61659,122159.4,3106040.0
SHP_61660,81902.4,1964181.8
SHP_61662,191444.0,4768251.0
SHP_61664,172460.0,4378207.0
SHP_61665,190984.3,4760425.0
SHP_61666,92532.9,2220075.3
SHP_61669,163447.8,4077846.5
SHP_61670,194665.6,4831897.5
SHP_61671,89236.1,2165258.0
SHP_61675,92377.3,2216660.0
SHP_61678,31454.0,769440.4
SHP_61679,45448.8,1106285.8
SHP_61680,44335.4,1083420.0
SHP_61681,94232.1,2223476.5
SHP_61682,168665.4,4296115.0
SHP_61685,196624.9,4885531.0
SHP_61687,90658.8,2157382.3
SHP_61692,43637.8,1065627.0
SHP_61693,78102.8,1862004.6
SHP_61696,90627.1,2183058.8
SHP_61697,200351.6,4964060.0
SHP_61700,192615.2,4794209.0
SHP_61701,81902.4,1964181.8
SHP_61702,183524.0,4638457.0
SHP_61704,81252.1,1927636.6
SHP_61707,91708.8,2179308.5
SHP_61708,93563.0,2208423.3
SHP_61710,56231.4,1354817.6
SHP_61713,90927.6,2160136.5
SHP_61715,86704.4,2107340.8
SHP_61716,91760.6,2177773.0
SHP_61717,87032.8,2059724.8
SHP_61719,197023.6,4892883.5
SHP_61727,73119.6,1757473.3
SHP_61731,172347.8,4376207.0
SHP_61736,167826.8,4279158.0
SHP_61739,87313.2,2071368.5
SHP_61740,172163.8,4375336.0
SHP_61741,91503.1,2201372.5
SHP_61744,88336.8,2096159.3
SHP_61745,71199.4,1723389.5
SHP_61748,163366.5,4066964.8
SHP_61749,163649.5,4069183.5
SHP_61753,78943.8,1882426.6
SHP_61754,78482.7,1844593.3
SHP_61755,173350.7,4401299.5
SHP_61757,167524.6,4273296.0
SHP_61758,39246.8,928655.6
SHP_61760,80239.9,1909812.8
SHP_61767,168727.3,4296874.0
SHP_61774,92666.2,2235409.5
SHP_61778,88723.2,2095116.3
SHP_61785,81064.3,1926838.1
SHP_61786,87560.5,2069568.8
SHP_61788,167624.9,4273710.0
SHP_61793,95004.9,2287042.3
SHP_61794,195205.8,4850724.0
SHP_61797,88789.6,2175470.0
SHP_61798,1517.9,21515.9
SHP_61799,169113.7,4306483.0
SHP_61801,83523.7,1979938.0
SHP_61804,192067.6,4766448.0
SHP_61805,74181.6,1771069.4
SHP_61806,80937.2,1968075.1
SHP_61808,88723.2,2095116.3
SHP_61809,150438.1,3572757.5
SHP_61810,92225.8,2181558.0
SHP_61811,1865.8,30734.0
SHP_61812,173552.0,4409172.5
SHP_61818,91810.4,2177658.3
SHP_61820,169497.7,4311918.5
SHP_61821,183401.2,4636707.0
SHP_61824,84434.8,2007548.4
SHP_61826,194497.5,4836513.0
SHP_61827,86289.4,2097445.8
SHP_61830,44193.9,1077001.4
SHP_61832,44179.2,1076833.6
SHP_61834,43540.5,1052845.8
SHP_61835,91993.1,2184841.0
SHP_61836,91965.7,2210372.0
SHP_61837,208806.7,5253172.0
SHP_61840,79105.3,1932845.0
SHP_61844,90712.9,2154108.3
SHP_61845,163306.6,4064513.8
SHP_61846,43637.8,1065627.0
SHP_61847,88066.9,2072551.5
SHP_61848,208895.2,5260896.0
SHP_61849,196650.7,4892347.0
SHP_61851,87046.5,2059820.5
SHP_61852,92951.0,2230044.8
SHP_61855,173540.5,4407187.0
SHP_61856,87751.7,2070180.5
SHP_61857,171980.2,4370861.5
SHP_61858,174436.5,4432637.5
SHP_61859,1011.5,14813.2
SHP_61861,184836.2,4615230.0
SHP_61864,1750.9,27104.0
SHP_61866,103708.9,2408143.0
SHP_61870,173210.2,4402371.5
SHP_61872,170666.1,4339106.5
SHP_61873,102824.2,2396095.5
SHP_61875,86353.4,2052444.9
SHP_61877,79353.5,1868830.0
SHP_61878,44946.6,1094363.3
SHP_61879,160237.7,4092678.5
SHP_61882,91698.7,2176696.0
SHP_61883,173274.4,4399948.0
SHP_61888,2543.7,45369.9
SHP_61889,92061.0,2186189.3
SHP_61892,173618.1,4414464.0
SHP_61895,195118.2,4801697.5
SHP_61896,93563.0,2208423.3
SHP_61898,78969.3,1930082.0
SHP_61901,181231.2,4519624.5
SHP_61902,88752.2,2094678.8
SHP_61903,171972.1,4369907.5
SHP_61905,1860.4,31658.4
SHP_61907,142619.1,3625615.5
SHP_61908,90642.6,2228088.0
SHP_61910,168477.3,4279966.0
SHP_61912,133801.4,3278150.8
SHP_61913,82684.7,1986729.0
SHP_61914,86663.0,2057755.0
SHP_61916,177278.4,4497451.0
SHP_61920,78336.8,1839919.8
SHP_61923,172326.4,4378835.5
SHP_61925,172416.4,4380671.0
SHP_61928,16150.9,371510.9
SHP_61930,173274.4,4399948.0
SHP_61931,195990.7,4879869.0
SHP_61933,91997.0,2162333.8
SHP_61937,56842.0,1393158.0
SHP_61938,177777.5,4442544.5
SHP_61939,92304.5,2194288.8
SHP_61942,65278.0,1562072.1
SHP_61944,42650.6,1032980.1
SHP_61948,83537.9,1987743.0
SHP_61951,63205.0,1527393.4
SHP_61952,87709.3,2076782.3
SHP_61954,65071.9,1555960.5
SHP_61964,102372.4,2391937.0
SHP_61965,81480.6,1932136.3
SHP_61966,95750.4,2258631.0
SHP_61967,92212.2,2189399.8
SHP_61968,92340.6,2218156.5
SHP_61969,77914.2,1863958.4
SHP_61970,52421.3,1252480.9
SHP_61971,173501.5,4401432.0
SHP_61975,87848.8,2072516.0
SHP_61977,181899.5,4541792.5
SHP_61979,46899.9,1121550.1
SHP_61981,93225.6,2206749.0
SHP_61982,100358.8,2437151.0
SHP_61987,98957.0,2285706.0
SHP_61988,163729.6,4091481.3
SHP_61989,82373.3,1998157.9
SHP_61991,170209.1,4330604.0
SHP_61992,18348.5,438012.2
SHP_61993,167610.0,4273274.0
SHP_61997,23075.3,550604.9
SHP_62000,90618.1,2153724.3
SHP_62006,172751.5,4393148.5
SHP_62007,173275.5,4405889.0
SHP_62008,196386.2,4892615.0
SHP_62011,166688.2,4253839.5
SHP_62013,166467.3,4247641.5
SHP_62015,149979.2,3819442.0
SHP_62016,166708.1,4250005.0
SHP_62020,93341.6,2191753.0
SHP_62025,197130.7,4891644.0
SHP_62026,75217.3,1778408.4
SHP_62028,173540.5,4407187.0
SHP_62030,86715.4,2055850.3
SHP_62035,167080.7,4261334.5
SHP_62036,166974.6,4227507.0
SHP_62038,74250.3,1753187.5
SHP_62040,70134.4,1699484.0
SHP_62041,173163.8,4402602.0
SHP_62044,64894.7,1578684.3
SHP_62045,145576.8,3548351.5
SHP_62048,173029.2,4397876.0
SHP_62051,170529.1,4340769.0
SHP_62053,100588.7,2444662.5
SHP_62054,45448.8,1106285.8
SHP_62056,172651.8,4382966.0
SHP_62057,87529.1,2066038.9
SHP_62059,149769.7,3812509.0
SHP_62060,172163.8,4375336.0
SHP_62062,73171.1,1754823.4
SHP_62066,79811.4,1949166.8
SHP_62067,168901.1,4306258.0
SHP_62069,81027.5,1945883.0
SHP_62070,94271.1,2230195.0
SHP_62071,87104.4,2060725.8
SHP_62073,195289.3,4867985.0
SHP_62075,92376.9,2165579.5
SHP_62076,92376.9,2165579.5
SHP_62078,168976.5,4307509.0
SHP_62079,45348.6,1102088.4
SHP_62083,91419.0,2169759.3
SHP_62087,168868.1,4291987.5
SHP_62090,83096.4,2031381.0
SHP_62093,77436.6,1848252.8
SHP_62094,67408.3,1571160.8
SHP_62097,173163.8,4402602.0
SHP_62099,212327.0,5324911.0
SHP_62102,87051.7,2061272.5
SHP_62104,194644.4,4840329.0
SHP_62105,84211.2,2001906.8
SHP_62106,65119.6,1554186.0
SHP_62107,91520.2,2171877.3
SHP_62110,88066.9,2072551.5
SHP_62111,16612.6,386713.4
SHP_62114,172129.3,4375230.0
SHP_62115,81763.7,1943551.0
SHP_62120,172808.1,4397528.0
SHP_62121,80987.5,1969087.3
SHP_62122,171840.6,4368097.5
SHP_62124,204324.8,5102045.0
SHP_62125,90429.2,2225724.8
SHP_62128,149794.6,3816199.0
SHP_62130,72012.2,1683790.8
SHP_62135,73950.0,1772901.8
SHP_62136,163899.8,4091302.5
SHP_62137,218643.7,5390623.0
SHP_62138,91088.7,2186005.3
SHP_62140,85459.1,2050469.3
SHP_62146,166820.2,4256433.5
SHP_62147,212676.3,5327736.5
SHP_62149,99359.3,2393344.5
SHP_62150,77914.2,1863958.4
SHP_62151,88625.1,2170806.3
SHP_62152,78336.8,1839919.8
SHP_62158,120998.1,3079142.3
SHP_62162,101901.3,2409683.0
SHP_62163,1331.8,21074.2
SHP_62164,171879.9,4372447.0
SHP_62165,91384.1,2169516.3
SHP_62169,83549.1,1986415.1
SHP_62176,82951.5,1970182.8
SHP_62177,96288.2,2327691.5
SHP_62178,174044.9,4418694.0
SHP_62180,204324.8,5102045.0
SHP_62184,87786.3,2097026.4
SHP_62185,79310.0,1864429.1
SHP_62187,197130.7,4891644.0
SHP_62189,172163.8,4375336.0
SHP_62191,165107.6,4214483.0
SHP_62197,96049.5,2249824.0
SHP_62198,91322.0,2168829.0
SHP_62199,98074.7,2315647.8
SHP_62201,80477.5,1908919.3
SHP_62203,83584.8,1979107.8
SHP_62204,77689.1,1858974.1
SHP_62210,150295.1,3830847.0
SHP_62213,63833.3,1543604.8
SHP_62215,101586.0,2466076.5
SHP_62218,173116.8,4401529.0
SHP_62219,167360.0,4263075.5
SHP_62221,92436.0,2217564.3
SHP_62223,87763.4,2077294.1
SHP_62226,175320.7,4450920.0
SHP_62228,195118.2,4801697.5
SHP_62230,45757.9,1114411.1
SHP_62231,193826.8,4821049.0
SHP_62234,73950.0,1772901.8
SHP_62237,172416.4,4380671.0
SHP_62239,94692.4,2267777.8
SHP_62240,87751.7,2070180.5
SHP_62242,87664.9,2070154.8
SHP_62245,167561.7,4272803.5
SHP_62247,91215.5,2158301.0
SHP_62248,91520.9,2171888.0
SHP_62251,87414.3,2067688.1
SHP_62252,86405.2,2051871.4
SHP_62253,163520.0,4085933.0
SHP_62254,84211.2,2001906.8
SHP_62255,69251.5,1683221.6
SHP_62260,91768.8,2175547.3
SHP_62263,1684.8,24216.8
SHP_62264,91490.4,2171545.8
SHP_62265,2543.7,45369.9
SHP_62266,85319.7,2029749.8
SHP_62270,23189.0,552793.2
SHP_62271,16612.6,386713.4
SHP_62272,2543.7,45369.9
SHP_62274,97219.9,2347466.5
SHP_62275,162983.2,4071929.5
SHP_62277,196764.6,4888707.5
SHP_62282,86874.1,2061619.3
SHP_62283,170529.1,4340769.0
SHP_62284,87865.5,2077176.8
SHP_62285,88429.6,2151398.5
SHP_62287,51358.1,1231952.9
SHP_62288,95088.1,2295683.3
SHP_62289,109748.2,2641785.0
SHP_62290,68365.7,1663063.9
SHP_62292,91357.5,2169171.5
SHP_62294,78009.2,1852802.0
SHP_62295,69865.5,1693958.4
SHP_62296,92042.6,2154119.5
SHP_62297,80072.0,1912150.8
SHP_62298,194507.7,4829928.0
SHP_62300,94271.1,2230195.0
SHP_62303,84921.1,2022085.5
SHP_62306,209122.2,5264171.0
SHP_62309,64963.8,1549998.3
SHP_62314,93478.5,2213355.3
SHP_62316,93188.3,2206076.5
SHP_62320,91430.7,2196804.0
SHP_62324,87341.8,2071180.6
SHP_62325,45069.4,1096665.0
SHP_62326,77305.7,1846212.3
SHP_62327,91320.9,2167633.0
SHP_62330,65291.0,1561731.8
SHP_62331,173207.3,4400222.5
SHP_62334,78956.6,1894687.8
SHP_62335,70871.3,1716512.3
SHP_62336,78702.1,1865836.3
SHP_62337,70827.0,1706951.0
SHP_62339,177278.4,4497451.0
SHP_62340,117940.9,2849643.5
SHP_62343,85457.0,2031283.8
SHP_62344,213005.8,5336806.0
SHP_62346,127706.8,3153351.0
SHP_62349,163385.9,4064302.5
SHP_62354,172844.2,4391044.5
SHP_62355,73078.1,1756064.1
SHP_62356,1011.5,14813.2
SHP_62357,216.6,2091.4
SHP_62363,56653.1,1389811.0
SHP_62364,95209.9,2300222.3
SHP_62365,87464.8,2074904.9
SHP_62366,49028.3,1189000.0
SHP_62367,84921.1,2022085.5
SHP_62370,45069.4,1096665.0
SHP_62372,173977.2,4409312.0
SHP_62373,66819.8,1629294.0
SHP_62376,44500.3,1089583.0
SHP_62378,170525.3,4335998.5
SHP_62383,78956.6,1894687.8
SHP_62387,190984.3,4760425.0
SHP_62388,2543.7,45369.9
SHP_62389,171773.2,4365665.0
SHP_62393,86074.3,2092030.6
SHP_62395,86939.5,2059669.3
SHP_62396,142162.2,3615541.5
SHP_62398,94271.1,2230195.0
SHP_62404,163331.8,4063460.5
SHP_62407,170793.9,4348994.5
SHP_62408,87341.8,2071180.6
SHP_62411,182622.1,4553748.0
SHP_62412,87909.4,2132194.3
SHP_62413,172692.4,4386647.0
SHP_62414,87341.8,2071180.6
SHP_62416,97305.5,2342405.0
SHP_62417,94232.1,2223476.5
SHP_62418,92666.2,2235409.5
SHP_62419,168524.4,4285750.0
SHP_62421,86349.0,2051045.4
SHP_62425,83981.0,1995442.4
SHP_62429,87126.6,2060921.3
SHP_62434,90878.6,2190665.3
SHP_62439,55123.0,1303479.4
SHP_62440,83833.6,1964883.6
SHP_62448,173384.3,4403986.0
SHP_62450,170721.2,4347031.5
SHP_62451,95209.9,2300222.3
SHP_62453,57112.2,1363462.1
SHP_62454,79467.9,1942297.1
SHP_62455,96948.7,2292251.0
SHP_62457,173474.0,4403438.0
SHP_62459,89120.0,2166255.0
SHP_62460,101957.5,2478507.0
SHP_62463,95184.9,2244034.8
SHP_62466,91395.7,2200398.0
SHP_62468,182253.1,4548597.5
SHP_62475,193475.7,4810459.0
SHP_62477,92480.9,2192203.8
SHP_62478,87664.9,2070154.8
SHP_62483,57190.2,1403118.3
SHP_62485,156446.4,3998090.0
SHP_62489,89218.3,2105430.5
SHP_62493,19305.6,459967.9
SHP_62498,3060.1,57481.6
SHP_62500,81154.5,1929470.1
SHP_62504,175636.9,4460058.0
SHP_62506,53088.4,1288280.9
SHP_62510,81753.1,1987971.5
SHP_62511,99531.2,2412613.0
SHP_62513,77331.8,1828251.4
SHP_62516,2151.1,35148.1
SHP_62517,127319.5,3131529.0
SHP_62518,80419.0,1908853.0
SHP_62519,173772.5,4417168.5
SHP_62522,75333.0,1796721.8
SHP_62524,116073.0,2785204.0
SHP_62527,45054.1,1099022.0
SHP_62528,209284.8,5262091.5
SHP_62530,94997.5,2239089.8
SHP_62534,1517.9,21515.9
SHP_62539,218954.4,5395635.5
SHP_62541,171586.8,4362990.5
SHP_62542,95209.9,2300222.3
SHP_62544,173641.3,4402024.5
SHP_62546,170529.1,4340769.0
SHP_62550,196443.2,4892748.0
SHP_62553,92005.0,2209536.0
SHP_62558,100588.7,2444662.5
SHP_62559,102079.4,2477516.5
SHP_62560,77873.0,1905763.3
SHP_62569,1124.6,17962.6
SHP_62570,193826.8,4821049.0
SHP_62572,44652.2,1091999.4
SHP_62573,71643.0,1707969.1
SHP_62577,80444.0,1909085.1
SHP_62578,208315.9,5250027.5
SHP_62580,125260.5,3178675.0
SHP_62582,87341.8,2071180.6
SHP_62585,173146.6,4397167.5
SHP_62591,78829.7,1855841.8
SHP_62592,77856.3,1860708.5
SHP_62596,169546.7,4305824.0
SHP_62599,194665.1,4831894.0
SHP_62600,168665.4,4296115.0
SHP_62601,86570.5,2054442.1
SHP_62602,166871.9,4257046.0
SHP_62606,78106.2,1911858.5
SHP_62610,198025.0,4923556.0
SHP_62611,91828.4,2175840.8
SHP_62614,169190.5,4308427.0
SHP_62615,213281.7,5344454.0
SHP_62616,103601.1,2414016.8
SHP_62617,185346.6,4625208.0
SHP_62621,88250.9,2026733.8
SHP_62622,53406.8,1268465.0
SHP_62623,101983.0,2477619.8
SHP_62629,163281.9,4063206.0
SHP_62633,164112.9,4098720.5
SHP_62641,87713.6,2071479.0
SHP_62642,168524.4,4285750.0
SHP_62643,103658.9,2422493.0
SHP_62644,172819.5,4390897.0
SHP_62648,194644.4,4840329.0
SHP_62649,103101.3,2410915.0
SHP_62650,194812.1,4851714.0
SHP_62651,95238.8,2289572.0
SHP_62653,194223.0,4827710.0
SHP_62654,86349.0,2051045.4
SHP_62656,91556.8,2172254.5
SHP_62657,163520.0,4085933.0
SHP_62658,173286.6,4402059.0
SHP_62659,93786.1,2219832.5
SHP_62660,193962.3,4823309.0
SHP_62662,170413.6,4336483.5
SHP_62663,47316.7,1130918.8
SHP_62666,169110.8,4304160.0
SHP_62667,101983.0,2477619.8
SHP_62669,87913.3,2077666.8
SHP_62670,195736.0,4872297.0
SHP_62671,169783.3,4323807.5
SHP_62672,92951.0,2230044.8
SHP_62676,85319.7,2029749.8
SHP_62677,195536.7,4862808.0
SHP_62679,80468.3,1913374.9
SHP_62682,173399.3,4408596.0
SHP_62684,178112.9,4444991.5
SHP_62691,169408.1,4305028.0
SHP_62692,148243.2,3778249.0
SHP_62694,61612.8,1489355.3
SHP_62695,91362.2,2169040.5
SHP_62697,172635.1,4384707.0
SHP_62699,68381.6,1651442.4
SHP_62700,87276.4,2062161.0
SHP_62704,89998.3,2119179.0
SHP_62706,169072.9,4309663.0
SHP_62708,67152.8,1635645.5
SHP_62710,88686.8,2159722.0
SHP_62712,173399.3,4408596.0
SHP_62713,144084.5,3529373.5
SHP_62715,77873.0,1905763.3
SHP_62717,194729.7,4839620.0
SHP_62721,89121.4,2164674.0
SHP_62722,193080.5,4794258.0
SHP_62724,80807.1,1966822.3
SHP_62729,79518.2,1895920.1
SHP_62731,133682.7,3310257.3
SHP_62733,70668.3,1684765.9
SHP_62735,87096.5,2059125.6
SHP_62736,78860.8,1849589.9
SHP_62739,172381.9,4378223.0
SHP_62740,51955.1,1233556.4
SHP_62742,173740.0,4412645.5
SHP_62743,45397.0,1104077.1
SHP_62747,100588.7,2444662.5
SHP_62756,168524.4,4285750.0
SHP_62757,194061.8,4825438.0
SHP_62759,2944.1,55402.8
SHP_62760,45412.8,1107617.9
SHP_62762,150115.8,3821025.5
SHP_62764,150115.8,3821025.5
SHP_62765,185425.4,4618855.0
SHP_62769,77961.1,1837052.6
SHP_62772,185460.7,4627601.0
SHP_62775,78106.2,1911858.5
SHP_62776,103253.5,2433975.3
SHP_62778,193826.8,4821049.0
SHP_62779,87489.4,2065877.5
SHP_62782,90353.8,2180014.0
SHP_62786,149360.4,3808708.0
SHP_62787,87913.3,2077666.8
SHP_62789,150115.8,3821025.5
SHP_62790,31454.0,769440.4
SHP_62792,148863.4,3794117.5
SHP_62793,200351.6,4964060.0
SHP_62799,81927.7,1955180.0
SHP_62800,84115.5,1992559.5
SHP_62801,215154.6,5329868.0
SHP_62805,173116.5,4400014.5
SHP_62807,149798.0,3814636.5
SHP_62811,188418.4,4700250.5
SHP_62812,101070.5,2452747.0
SHP_62813,87489.4,2065877.5
SHP_62814,172460.0,4378207.0
SHP_62816,195560.8,4870634.0
SHP_62817,171957.4,4370954.0
SHP_62820,90027.8,2145906.3
SHP_62821,172163.8,4375336.0
SHP_62823,173740.0,4412645.5
SHP_62824,79332.3,1866274.6
SHP_62825,120998.1,3079142.3
SHP_62827,87052.4,2111484.0
SHP_62828,173991.6,4415232.0
SHP_62829,173061.2,4400829.5
SHP_62833,70164.8,1697741.0
SHP_62834,86282.3,2050475.4
SHP_62835,117957.6,2830471.0
SHP_62836,78874.2,1853391.9
SHP_62837,91520.2,2171877.3
SHP_62839,93478.5,2213355.3
SHP_62840,91620.2,2173939.8
SHP_62841,77179.0,1847672.9
SHP_62846,172003.5,4372249.0
SHP_62847,117025.5,2829658.5
SHP_62849,91576.9,2199942.5
SHP_62854,66600.8,1557070.4
SHP_62855,42650.6,1032980.1
SHP_62860,83096.4,2031381.0
SHP_62864,89236.1,2165258.0
SHP_62866,169564.6,4317219.0
SHP_62869,89511.5,2175120.0
SHP_62871,91827.1,2177932.0
SHP_62872,16612.6,386713.4
SHP_62873,181231.2,4519624.5
SHP_62874,90618.1,2153724.3
SHP_62876,85974.2,2043703.0
SHP_62877,84581.4,2011573.0
SHP_62878,219098.4,5398229.5
SHP_62881,94723.0,2219034.3
SHP_62883,86570.5,2054442.1
SHP_62884,177591.4,4431879.5
SHP_62885,82870.5,1963963.3
SHP_62888,92417.4,2186569.3
SHP_62889,170209.1,4330604.0
SHP_62890,195536.7,4862808.0
SHP_62891,173483.4,4409680.0
SHP_62892,133362.5,3304139.0
SHP_62893,163460.2,4067234.5
SHP_62894,73592.0,1763829.1
SHP_62895,175238.3,4450556.5
SHP_62899,91789.0,2175739.3
SHP_62906,218954.4,5395635.5
SHP_62908,92692.1,2194291.0
SHP_62909,117476.2,2837807.5
SHP_62913,95058.5,2298063.3
SHP_62914,168270.8,4274234.0
SHP_62915,193529.1,4811730.0
SHP_62917,170739.1,4338215.0
SHP_62919,164106.1,4097328.0
SHP_62920,133997.1,3312204.0
SHP_62926,83857.8,1992760.0
SHP_62928,108363.6,2634033.3
SHP_62929,163520.0,4085933.0
SHP_62930,86785.5,2061830.3
SHP_62932,193113.4,4818169.0
SHP_62934,167436.3,4268839.0
SHP_62936,173279.4,4405916.0
SHP_62937,173573.4,4408762.5
SHP_62938,169580.0,4307171.5
SHP_62939,44652.2,1091999.4
SHP_62942,87373.1,2065933.9
SHP_62950,171993.4,4373836.5
SHP_62951,94723.0,2219034.3
SHP_62952,93638.1,2215225.3
SHP_62954,167553.8,4271975.0
SHP_62957,1517.9,21515.9
SHP_62960,80906.8,1921214.3
SHP_62961,78956.6,1894687.8
SHP_62962,19498.4,463420.7
SHP_62966,213521.0,5363165.0
SHP_62967,169110.8,4304160.0
SHP_62968,167524.6,4273296.0
SHP_62973,87074.6,2059087.6
SHP_62975,167428.6,4264255.5
SHP_62980,18336.3,406290.6
SHP_62982,208487.7,5254060.5
SHP_62987,86430.4,2053376.0
SHP_62988,127972.9,3157826.8
SHP_62989,213230.4,5339659.0
SHP_62991,96274.7,2278461.8
SHP_62993,65278.0,1562072.1
SHP_62997,101962.9,2478602.3
SHP_62999,194622.0,4836245.0
SHP_63000,195966.0,4872931.0
SHP_63001,2039.4,32855.0
SHP_63002,73492.8,1760280.8
SHP_63004,172999.2,4400358.0
SHP_63005,67310.7,1570122.0
SHP_63006,80072.0,1912150.8
SHP_63008,73078.1,1756064.1
SHP_63012,54021.6,1285635.5
SHP_63016,87126.6,2060921.3
SHP_63017,90642.6,2228088.0
SHP_63018,172453.7,4381539.0
SHP_63020,172340.8,4379230.5
SHP_63021,72771.3,1750220.9
SHP_63028,174609.8,4421224.5
SHP_63030,169450.3,4313207.0
SHP_63031,44990.6,1098603.4
SHP_63036,3212.5,64917.1
SHP_63038,156446.4,3998090.0
SHP_63039,3060.1,57481.6
SHP_63040,172737.3,4394355.0
SHP_63044,197224.9,4914708.0
SHP_63047,17982.9,401355.7
SHP_63052,67433.4,1623845.0
SHP_63058,127706.8,3153351.0
SHP_63059,194678.0,4838234.0
SHP_63061,88715.2,2093779.8
SHP_63062,204324.8,5102045.0
SHP_63065,76061.7,1808201.6
SHP_63066,174105.5,4426637.5
SHP_63067,195026.2,4847341.0
SHP_63070,88723.2,2095116.3
SHP_63072,172826.4,4395997.0
SHP_63074,64599.2,1548719.8
SHP_63081,56535.2,1386083.3
SHP_63086,1079.1,15777.1
SHP_63087,64645.0,1545684.0
SHP_63088,110177.4,2691348.8
SHP_63089,79252.9,1864135.5
SHP_63090,2543.7,45369.9
SHP_63091,86353.4,2052444.9
SHP_63092,81502.0,1977156.5
SHP_63095,87861.9,2104506.0
SHP_63097,65485.7,1561498.9
SHP_63098,141954.0,3612206.0
SHP_63100,45397.0,1104077.1
SHP_63101,170236.3,4337753.5
SHP_63103,149798.0,3814636.5
SHP_63104,90978.9,2241819.5
SHP_63106,97029.5,2297215.3
SHP_63108,81301.1,1973582.5
SHP_63111,90930.6,2184339.0
SHP_63112,80272.9,1915237.6
SHP_63113,87079.5,2059857.1
SHP_63114,101586.0,2466076.5
SHP_63115,52920.3,1284154.5
SHP_63116,96159.4,2325281.0
SHP_63117,95273.2,2243992.8
SHP_63122,209335.5,5268576.5
SHP_63123,42951.9,1051128.6
SHP_63126,195915.6,4873406.0
SHP_63127,148863.4,3794117.5
SHP_63128,177692.7,4435482.0
SHP_63132,87917.7,2079243.8
SHP_63135,87861.9,2104506.0
SHP_63141,87395.3,2074287.0
SHP_63143,163447.8,4077846.5
SHP_63155,80850.1,1963736.5
SHP_63158,87570.6,2121907.8
SHP_63160,87026.4,2060128.8
SHP_63161,91885.0,2177483.3
SHP_63162,61198.9,1474162.5
SHP_63163,195362.8,4863554.0
SHP_63164,81462.8,1934267.5
SHP_63165,42162.1,1036085.4
SHP_63166,214878.6,5328847.5
SHP_63167,87850.3,2072840.3
SHP_63170,171271.7,4342834.5
SHP_63171,94692.4,2267777.8
SHP_63172,163306.6,4064513.8
SHP_63178,43637.8,1065627.0
SHP_63180,55123.0,1303479.4
SHP_63181,177568.4,4436464.5
SHP_63182,170289.3,4337121.5
SHP_63185,96051.4,2275178.0
SHP_63187,44500.3,1089583.0
SHP_63191,72253.4,1746346.0
SHP_63193,79743.4,1895613.0
SHP_63197,91430.7,2196804.0
SHP_63198,70707.4,1714619.4
SHP_63201,92377.3,2216660.0
SHP_63202,80468.3,1913374.9
SHP_63203,1868.2,30477.0
SHP_63205,90724.4,2184743.3
SHP_63206,90313.6,2148606.0
SHP_63207,86374.9,2097640.3
SHP_63208,193780.8,4820274.0
SHP_63210,91840.7,2178134.8
SHP_63213,134735.3,3330798.3
SHP_63214,73553.7,1765237.5
SHP_63216,70590.5,1712778.0
SHP_63218,55123.0,1303479.4
SHP_63220,194061.8,4825438.0
SHP_63222,89049.8,2101555.5
SHP_63223,88904.5,2141009.5
SHP_63225,117029.4,2829456.5
SHP_63229,84728.8,2040834.0
SHP_63230,170739.1,4338215.0
SHP_63232,87547.3,2120832.5
SHP_63236,78482.7,1844593.3
SHP_63237,44179.2,1076833.6
SHP_63238,174629.4,4436830.5
SHP_63242,195026.2,4847341.0
SHP_63244,172304.8,4378859.0
SHP_63247,89120.0,2166255.0
SHP_63256,170769.3,4344248.0
SHP_63257,41283.0,973826.5
SHP_63258,93089.5,2236122.8
SHP_63260,195257.8,4853474.5
SHP_63264,197412.3,4899903.5
SHP_63265,86612.6,2052361.3
SHP_63268,23075.3,550604.9
SHP_63269,173164.5,4402569.0
SHP_63270,104011.6,2423308.3
SHP_63271,45174.0,1097778.1
SHP_63278,92212.2,2189399.8
SHP_63281,177284.1,4497850.0
SHP_63283,77770.1,1822772.1
SHP_63284,1592.9,23646.3
SHP_63289,193123.4,4816885.0
SHP_63291,79332.3,1866274.6
SHP_63293,172416.4,4380671.0
SHP_63295,168665.4,4296115.0
SHP_63296,168665.4,4296115.0
SHP_63297,31454.0,769440.4
SHP_63298,91088.7,2186005.3
SHP_63299,182253.1,4548597.5
SHP_63300,177190.8,4497453.5
SHP_63302,194628.2,4834661.0
SHP_63304,173746.1,4402235.0
SHP_63306,51358.1,1231952.9
SHP_63307,196652.4,4883519.0
SHP_63311,79353.5,1868830.0
SHP_63312,183359.0,4575407.0
SHP_63314,41339.1,974062.2
SHP_63315,144212.5,3532201.8
SHP_63316,194472.1,4834689.5
SHP_63317,45174.0,1097778.1
SHP_63318,92951.0,2230044.8
SHP_63322,116073.0,2785204.0
SHP_63324,73198.6,1757602.8
SHP_63328,86907.3,2108474.0
SHP_63329,2543.7,45369.9
SHP_63332,19498.4,463420.7
SHP_63334,73149.5,1766718.0
SHP_63335,53615.3,1269754.0
SHP_63336,88685.0,2152120.3
SHP_63338,71199.4,1723389.5
SHP_63339,173501.5,4408681.5
SHP_63340,80468.3,1913374.9
SHP_63342,67297.5,1568506.9
SHP_63343,90499.6,2153443.0
SHP_63345,194644.4,4840329.0
SHP_63348,172737.3,4394355.0
SHP_63349,76346.3,1814568.6
SHP_63350,44196.0,1077042.9
SHP_63351,173252.4,4405728.0
SHP_63352,91800.3,2177622.3
SHP_63357,212909.4,5337524.0
SHP_63362,82826.4,2006342.4
SHP_63364,71514.5,1703075.8
SHP_63368,80072.0,1912150.8
SHP_63377,174010.9,4416459.0
SHP_63380,102169.1,2387835.5
SHP_63383,163649.5,4069183.5
SHP_63385,90960.0,2159799.8
SHP_63389,86177.7,2046732.6
SHP_63390,168357.8,4289108.5
SHP_63392,81013.3,1923764.6
SHP_63393,195560.8,4870634.0
SHP_63402,95257.2,2244398.0
SHP_63403,87244.2,2118265.0
SHP_63410,172914.2,4398335.0
SHP_63411,142426.4,3624870.0
SHP_63413,173803.7,4419081.0
SHP_63416,42399.3,1038298.8
SHP_63417,1750.9,27104.0
SHP_63422,70694.6,1687902.8
SHP_63424,2798.7,57113.3
SHP_63425,86824.4,2060104.0
SHP_63426,117940.9,2849643.5
SHP_63428,85961.6,2036359.0
SHP_63430,133362.5,3304139.0
SHP_63437,117747.1,2827632.5
SHP_63440,211928.5,5324901.0
SHP_63443,87865.5,2077176.8
SHP_63444,42880.3,1032644.8
SHP_63445,167408.5,4268148.0
SHP_63447,95184.9,2244034.8
SHP_63453,90285.8,2224226.3
SHP_63454,73529.7,1760416.8
SHP_63455,167915.4,4282205.0
SHP_63457,169140.2,4310171.5
SHP_63458,92729.5,2192842.8
SHP_63460,212533.1,5327774.0
SHP_63461,116073.0,2785204.0
SHP_63468,100564.1,2349125.8
SHP_63470,174010.9,4416459.0
SHP_63472,87370.4,2064061.0
SHP_63477,91698.7,2176696.0
SHP_63478,170413.6,4336483.5
SHP_63482,167583.5,4273526.5
SHP_63484,193962.3,4823309.0
SHP_63492,91692.9,2174706.5
SHP_63495,211915.3,5330172.5
SHP_63497,169476.6,4311308.0
SHP_63499,212434.8,5326675.5
SHP_63500,84581.4,2011573.0
SHP_63501,87511.9,2072632.4
SHP_63503,57516.5,1406530.3
SHP_63506,103658.9,2422493.0
SHP_63509,93568.2,2212239.8
SHP_63510,79539.8,1941902.6
SHP_63512,91800.3,2177622.3
SHP_63513,2804.4,54825.5
SHP_63515,91459.2,2170686.8
SHP_63516,64806.0,1546431.4
SHP_63518,94038.2,2218668.5
SHP_63521,86430.4,2053376.0
SHP_63523,172163.8,4375336.0
SHP_63525,163385.9,4064302.5
SHP_63526,148614.5,3790311.8
SHP_63527,102372.4,2391937.0
SHP_63528,172044.1,4370471.5
SHP_63529,98638.9,2306310.3
SHP_63530,94110.0,2201408.3
SHP_63532,64726.0,1545750.0
SHP_63533,144212.5,3532201.8
SHP_63537,91368.6,2169311.3
SHP_63539,16612.6,386713.4
SHP_63542,194622.0,4836245.0
SHP_63546,163808.8,4073060.3
SHP_63547,195536.7,4862808.0
SHP_63551,81021.8,1970368.9
SHP_63557,87390.9,2064551.3
SHP_63561,93083.8,2201877.3
SHP_63564,92095.3,2208243.0
SHP_63566,174915.4,4436894.0
SHP_63567,172129.3,4375230.0
SHP_63574,194384.8,4845698.0
SHP_63581,1770.3,29631.1
SHP_63583,70856.4,1707005.9
SHP_63584,167128.6,4261510.0
SHP_63586,88723.2,2095116.3
SHP_63587,65899.4,1581248.8
SHP_63591,19508.1,462855.3
SHP_63592,97658.9,2303500.0
SHP_63596,46260.6,1111911.0
SHP_63597,215154.6,5329868.0
SHP_63598,162847.3,4052841.0
SHP_63603,163820.9,4073287.5
SHP_63606,84211.2,2001906.8
SHP_63609,80473.5,1909402.5
SHP_63610,91913.8,2182015.0
SHP_63617,79944.2,1898519.4
SHP_63618,174197.6,4425868.0
SHP_63626,120998.1,3079142.3
SHP_63627,170557.3,4343279.0
SHP_63628,77941.4,1848892.1
SHP_63635,83535.5,1989148.8
SHP_63636,18584.5,408916.3
SHP_63640,174064.2,4416706.0
SHP_63642,15587.6,372493.1
SHP_63644,79743.4,1895613.0
SHP_63646,86858.2,2057529.9
SHP_63648,53406.8,1268465.0
SHP_63652,82314.4,1969936.5
SHP_63653,161252.1,4003040.0
SHP_63656,95074.4,2253513.0
SHP_63657,21534.2,490117.7
SHP_63661,87084.5,2059023.5
SHP_63662,94038.2,2218668.5
SHP_63665,175042.0,4442768.5
SHP_63667,195365.2,4857959.0
SHP_63668,149798.0,3814636.5
SHP_63670,196615.8,4884662.0
SHP_63671,127809.8,3152424.5
SHP_63674,167078.7,4261610.0
SHP_63675,84132.4,2001065.9
SHP_63677,86819.0,2058796.5
SHP_63680,81013.3,1923764.6
SHP_63682,196443.2,4892748.0
SHP_63684,170629.4,4347895.5
SHP_63685,81006.5,1968425.5
SHP_63688,148614.5,3790311.8
SHP_63689,42880.3,1032644.8
SHP_63691,138.3,1270.2
SHP_63693,141954.0,3612206.0
SHP_63694,102079.4,2477516.5
SHP_63696,79332.3,1866274.6
SHP_63701,212101.1,5312962.5
SHP_63702,84754.0,1999330.8
SHP_63703,208895.2,5260896.0
SHP_63710,86405.2,2051871.4
SHP_63712,184983.0,4602544.0
SHP_63713,172184.3,4375481.5
SHP_63715,91362.2,2169040.5
SHP_63716,599.9,8037.3
SHP_63721,169708.0,4320546.5
SHP_63725,92436.0,2217564.3
SHP_63727,193874.4,4821900.0
SHP_63728,48597.4,1168189.0
SHP_63729,193962.3,4823309.0
SHP_63734,197240.1,4911337.0
SHP_63738,86964.6,2058486.4
SHP_63739,91693.8,2201157.8
SHP_63742,171483.3,4367100.0
SHP_63743,185234.1,4623395.0
SHP_63747,78811.3,1868435.6
SHP_63748,87620.0,2069133.8
SHP_63749,168524.4,4285750.0
SHP_63750,68274.7,1657044.8
SHP_63752,86430.4,2053376.0
SHP_63753,71143.2,1723629.8
SHP_63759,169498.0,4311923.0
SHP_63762,92212.2,2189399.8
SHP_63763,65183.7,1585716.8
SHP_63765,1252.3,19122.0
SHP_63766,72059.0,1742323.8
SHP_63772,172657.0,4386016.0
SHP_63773,126155.1,3093933.5
SHP_63776,212052.4,5327247.0
SHP_63777,91247.7,2192293.5
SHP_63780,100588.7,2444662.5
SHP_63782,87664.9,2070154.8
SHP_63786,103561.3,2510848.8
SHP_63788,95267.2,2246996.0
SHP_63789,91521.8,2169613.3
SHP_63790,53640.1,1281710.5
SHP_63792,88723.2,2095116.3
SHP_63795,190883.4,4758444.0
SHP_63797,95407.6,2297253.0
SHP_63801,91430.7,2196804.0
SHP_63803,109748.2,2641785.0
SHP_63809,95267.2,2246996.0
SHP_63810,95209.9,2300222.3
SHP_63813,86727.4,2059633.0
SHP_63816,173134.3,4402739.5
SHP_63817,156446.4,3998090.0
SHP_63825,61198.9,1474162.5
SHP_63827,173733.4,4402464.5
SHP_63828,172703.4,4389080.5
SHP_63830,160237.7,4092678.5
SHP_63831,93089.5,2236122.8
SHP_63834,121678.4,3091783.5
SHP_63836,169437.1,4310411.0
SHP_63838,93050.6,2231724.3
SHP_63842,104011.6,2423308.3
SHP_63843,172738.5,4391909.0
SHP_63844,147999.2,3776048.5
SHP_63850,82146.6,1949055.8
SHP_63851,167623.5,4271424.0
SHP_63856,57233.3,1379081.1
SHP_63862,148761.3,3789963.8
SHP_63864,86374.9,2097640.3
SHP_63870,170769.3,4344248.0
SHP_63871,102169.1,2387835.5
SHP_63873,108363.6,2634033.3
SHP_63874,42880.3,1032644.8
SHP_63877,91732.4,2176460.3
SHP_63878,128158.3,3160681.5
SHP_63879,149798.0,3814636.5
SHP_63880,92225.8,2181558.0
SHP_63881,173336.7,4402072.0
SHP_63885,93225.6,2206749.0
SHP_63887,171365.1,4357761.0
SHP_63889,173953.0,4408741.5
SHP_63890,80239.9,1909812.8
SHP_63892,87341.8,2071180.6
SHP_63894,141954.0,3612206.0
SHP_63895,170209.1,4330604.0
SHP_63896,92197.5,2183338.8
SHP_63897,87341.8,2071180.6
SHP_63898,169210.4,4307420.0
SHP_63899,42162.1,1036085.4
SHP_63900,91571.0,2158449.0
SHP_63901,174197.6,4425868.0
SHP_63904,83425.9,1978743.0
SHP_63905,150282.9,3820609.0
SHP_63906,97415.8,2293805.0
SHP_63908,2039.4,32855.0
SHP_63910,193292.5,4820723.0
SHP_63912,127525.7,3135209.5
SHP_63914,44851.0,1090979.4
SHP_63916,164122.6,4095973.8
SHP_63919,174995.5,4427903.5
SHP_63920,85974.2,2043703.0
SHP_63923,1750.9,27104.0
SHP_63925,87373.1,2065933.9
SHP_63928,92259.7,2189667.8
SHP_63929,79055.5,1932574.6
SHP_63930,173191.7,4398801.0
SHP_63931,86953.7,2058709.8
SHP_63935,167128.6,4261510.0
SHP_63937,87679.6,2069107.3
SHP_63938,167826.8,4279158.0
SHP_63940,180848.8,4577112.0
SHP_63944,94692.4,2267777.8
SHP_63945,173204.4,4401019.5
SHP_63946,103658.9,2422493.0
SHP_63947,173116.8,4401529.0
SHP_63955,49028.3,1189000.0
SHP_63956,169783.3,4323807.5
SHP_63957,69536.4,1688635.9
SHP_63958,86440.7,2053061.1
SHP_63959,79335.5,1886956.6
SHP_63960,91490.4,2171545.8
SHP_63962,209036.3,5262367.0
SHP_63964,83549.1,1986415.1
SHP_63965,215154.6,5329868.0
SHP_63967,75830.0,1792176.4
SHP_63969,3212.5,64917.1
SHP_63970,87238.7,2060849.0
SHP_63973,86858.2,2057529.9
SHP_63976,1750.9,27104.0
SHP_63977,92412.0,2215828.8
SHP_63979,173163.8,4402602.0
SHP_63980,172176.2,4373438.5
SHP_63985,87094.7,2117296.8
SHP_63986,90658.8,2157382.3
SHP_63990,19498.4,463420.7
SHP_63991,173163.8,4402602.0
SHP_63992,168665.4,4296115.0
SHP_63996,87373.1,2065933.9
SHP_63998,171089.1,4354517.5
SHP_63999,88487.9,2154792.3
SHP_64001,84350.6,2010184.3
SHP_64002,173740.0,4412645.5
SHP_64004,95088.1,2295683.3
SHP_64006,69156.0,1676445.9
SHP_64009,67098.2,1565423.0
SHP_64011,43544.5,1067442.1
SHP_64012,173311.8,4403767.0
SHP_64014,94232.1,2223476.5
SHP_64016,163729.6,4091481.3
SHP_64018,1495.4,19088.7
SHP_64021,83531.7,1980426.8
SHP_64023,94271.1,2230195.0
SHP_64024,127525.7,3135209.5
SHP_64025,87865.5,2077176.8
SHP_64028,91556.8,2172254.5
SHP_64029,46819.2,1118397.0
SHP_64035,98782.0,2383364.3
SHP_64036,171943.5,4365970.0
SHP_64037,163820.0,4073270.5
SHP_64039,90771.7,2150526.0
SHP_64043,148696.0,3789227.0
SHP_64044,172668.7,4386931.0
SHP_64046,87332.3,2064598.5
SHP_64051,96824.6,2268463.5
SHP_64054,99570.1,2451326.5
SHP_64056,133502.1,3306715.5
SHP_64060,90027.8,2145906.3
SHP_64063,91767.9,2175479.0
SHP_64064,77791.5,1836784.8
SHP_64065,173947.2,4423961.0
SHP_64067,81027.1,1968301.6
SHP_64068,211928.5,5324901.0
SHP_64069,90331.8,2149335.0
SHP_64070,69970.7,1672033.5
SHP_64072,171295.0,4354704.0
SHP_64074,197062.8,4903091.5
SHP_64077,86858.2,2057529.9
SHP_64078,64963.8,1549998.3
SHP_64079,55592.3,1317528.8
SHP_64081,86727.4,2059633.0
SHP_64087,99783.9,2402798.0
SHP_64088,204324.8,5102045.0
SHP_64090,3060.1,57481.6
SHP_64091,88723.2,2095116.3
SHP_64093,95209.9,2300222.3
SHP_64097,91338.5,2168944.8
SHP_64098,163170.4,4061587.0
SHP_64101,65119.6,1554186.0
SHP_64104,86773.1,2058313.1
SHP_64105,80473.5,1909402.5
SHP_64107,87679.4,2076486.6
SHP_64108,78811.3,1868435.6
SHP_64109,190793.5,4756195.0
SHP_64111,78482.7,1844593.3
SHP_64114,1868.2,30477.0
SHP_64115,59540.2,1450323.6
SHP_64117,169476.6,4311308.0
SHP_64118,170239.6,4334889.0
SHP_64122,172785.5,4395726.5
SHP_64124,173474.0,4403438.0
SHP_64127,87848.8,2072516.0
SHP_64128,120876.6,2927107.5
SHP_64130,101837.7,2471727.5
SHP_64131,171879.9,4372447.0
SHP_64132,162847.3,4052841.0
SHP_64135,197142.0,4895479.5
SHP_64140,103101.3,2410915.0
SHP_64141,172962.5,4399598.5
SHP_64143,64768.2,1577468.5
SHP_64144,90646.3,2185567.8
SHP_64147,87865.5,2077176.8
SHP_64148,87529.1,2066038.9
SHP_64150,82146.6,1949055.8
SHP_64151,173641.3,4402024.5
SHP_64152,78969.3,1930082.0
SHP_64160,90627.1,2183058.8
SHP_64162,87395.3,2074287.0
SHP_64165,171163.3,4288561.0
SHP_64166,116073.0,2785204.0
SHP_64168,117733.7,2827577.5
SHP_64169,31454.0,769440.4
SHP_64171,168901.1,4306258.0
SHP_64175,167608.3,4273258.0
SHP_64179,16612.6,386713.4
SHP_64180,87605.6,2124796.8
SHP_64181,65184.1,1552303.9
SHP_64182,82144.3,1943237.4
SHP_64183,100856.8,2352601.0
SHP_64186,188743.8,4705833.0
SHP_64188,86665.1,2058746.3
SHP_64189,172347.8,4376207.0
SHP_64191,172738.5,4391909.0
SHP_64192,149086.3,3802294.3
SHP_64196,192615.2,4794209.0
SHP_64199,77770.1,1822772.1
SHP_64202,18348.5,438012.2
SHP_64209,87751.7,2070180.5
SHP_64211,84754.0,1999330.8
SHP_64212,103101.3,2410915.0
SHP_64213,171812.7,4370761.5
SHP_64215,16259.8,382068.9
SHP_64216,74239.0,1750091.0
SHP_64220,90632.9,2229291.8
SHP_64222,193190.2,4803502.0
SHP_64225,173344.5,4402946.0
SHP_64227,87751.7,2070180.5
SHP_64228,84754.0,1999330.8
SHP_64230,87615.4,2122925.8
SHP_64232,87860.2,2070680.4
SHP_64234,83549.1,1986415.1
SHP_64235,173740.0,4412645.5
SHP_64237,45174.0,1097778.1
SHP_64238,99049.2,2396656.8
SHP_64241,86353.4,2052444.9
SHP_64244,71143.2,1723629.8
SHP_64246,209036.3,5262367.0
SHP_64249,170289.3,4337121.5
SHP_64250,78829.7,1855841.8
SHP_64252,56897.1,1394985.0
SHP_64253,91827.1,2177932.0
SHP_64256,99564.8,2412925.8
SHP_64257,171573.0,4361264.0
SHP_64262,93107.2,2204778.8
SHP_64265,83584.8,1979107.8
SHP_64269,88996.2,2163935.5
SHP_64273,80728.8,1922264.3
SHP_64274,174010.9,4416459.0
SHP_64279,92042.0,2185977.0
SHP_64283,209284.8,5262091.5
SHP_64286,127769.0,3151731.0
SHP_64288,182622.1,4553748.0
SHP_64289,184888.8,4616622.0
SHP_64291,92340.6,2218156.5
SHP_64293,172751.5,4393148.5
SHP_64296,91930.3,2167545.5
SHP_64297,56897.1,1394985.0
SHP_64298,2944.1,55402.8
SHP_64299,86826.9,2058821.4
SHP_64306,81646.2,1981588.0
SHP_64307,87713.6,2071479.0
SHP_64310,67408.3,1571160.8
SHP_64312,87828.9,2129325.0
SHP_64313,284.6,2904.3
SHP_64314,56535.2,1386083.3
SHP_64315,77401.4,1816048.0
SHP_64317,84363.0,2010343.6
SHP_64324,185487.0,4627258.0
SHP_64325,684.6,10086.5
SHP_64327,172889.1,4389310.0
SHP_64328,142700.7,3630084.5
SHP_64329,102079.4,2477516.5
SHP_64331,173061.2,4400829.5
SHP_64332,45285.4,1100672.1
SHP_64336,80367.9,1957374.4
SHP_64338,92666.2,2235409.5
SHP_64340,53082.1,1273046.4
SHP_64341,16688.6,387642.5
SHP_64342,174995.5,4427903.5
SHP_64343,79794.6,1895190.3
SHP_64344,87128.9,2059317.1
SHP_64346,149256.9,3787900.0
SHP_64348,173993.8,4409287.0
SHP_64349,86665.1,2058746.3
SHP_64351,99665.1,2472511.0
SHP_64352,94567.2,2232467.0
SHP_64355,128777.3,3165820.0
SHP_64357,167826.8,4279158.0
SHP_64358,83425.9,1978743.0
SHP_64359,127118.8,3137193.3
SHP_64360,91503.1,2201372.5
SHP_64361,71625.3,1702574.3
SHP_64363,150115.8,3821025.5
SHP_64364,91434.8,2170945.3
SHP_64365,193560.8,4813864.0
SHP_64366,87749.3,2077039.9
SHP_64369,148696.0,3789227.0
SHP_64370,92692.1,2194291.0
SHP_64372,177402.6,4497889.5
SHP_64373,102395.2,2486047.0
SHP_64374,87173.2,2059849.8
SHP_64375,193902.1,4822433.0
SHP_64382,87837.7,2077831.0
SHP_64384,101848.2,2465624.0
SHP_64385,172197.5,4373946.0
SHP_64386,90642.6,2228088.0
SHP_64392,109436.6,2638899.0
SHP_64394,16208.5,379319.8
SHP_64395,149733.7,3814382.0
SHP_64396,70856.4,1707005.9
SHP_64398,94567.2,2232467.0
SHP_64400,84581.4,2011573.0
SHP_64401,91810.4,2177658.3
SHP_64405,163853.8,4091384.5
SHP_64406,172657.0,4386016.0
SHP_64409,94643.5,2221305.0
SHP_64410,79356.4,1940187.8
SHP_64416,183359.0,4575407.0
SHP_64417,20157.2,473578.3
SHP_64421,101464.2,2461804.8
SHP_64422,208546.8,5253826.0
SHP_64425,209284.8,5262091.5
SHP_64428,79356.4,1940187.8
SHP_64432,56424.6,1385903.3
SHP_64436,49028.3,1189000.0
SHP_64437,194836.4,4841846.0
SHP_64440,91521.8,2169613.3
SHP_64443,172582.3,4384413.0
SHP_64445,171448.9,4358688.5
SHP_64447,163142.3,4060083.0
SHP_64451,149667.0,3816064.5
SHP_64452,133729.2,3312231.0
SHP_64454,86704.4,2107340.8
SHP_64455,99049.2,2396656.8
SHP_64456,173501.5,4408681.5
SHP_64459,163473.8,4087180.0
SHP_64461,149733.7,3814382.0
SHP_64464,149057.0,3783990.0
SHP_64465,91317.7,2168717.0
SHP_64467,86858.2,2057529.9
SHP_64470,92442.4,2185930.8
SHP_64471,169510.8,4313663.0
SHP_64473,149733.7,3814382.0
SHP_64477,92206.9,2213339.8
SHP_64478,101339.3,2394117.8
SHP_64479,87864.7,2078411.5
SHP_64481,85911.5,2040973.0
SHP_64486,141.5,1185.0
SHP_64488,193962.3,4823309.0
SHP_64492,86612.6,2052361.3
SHP_64495,83863.0,1986706.1
SHP_64499,94974.2,2244932.5
SHP_64500,204324.8,5102045.0
SHP_64503,83586.4,1980465.3
SHP_64505,101234.8,2456585.3
SHP_64508,18348.5,438012.2
SHP_64509,63833.3,1543604.8
SHP_64510,63662.4,1543365.4
SHP_64513,94984.1,2239560.3
SHP_64515,1252.3,19122.0
SHP_64516,67428.0,1570137.3
SHP_64519,169510.8,4313663.0
SHP_64522,87865.5,2077176.8
SHP_64523,89349.8,2104610.5
SHP_64525,87359.0,2072734.9
SHP_64528,172183.5,4375343.0
SHP_64530,167262.7,4266827.5
SHP_64531,195872.2,4878562.0
SHP_64533,194492.4,4835437.0
SHP_64536,80162.7,1911463.8
SHP_64539,87905.2,2072260.6
SHP_64542,77161.2,1891946.1
SHP_64544,86824.9,2107298.0
SHP_64545,87560.5,2069568.8
SHP_64548,45348.6,1102088.4
SHP_64551,44193.9,1077001.4
SHP_64555,173061.2,4400829.5
SHP_64556,88685.0,2152120.3
SHP_64557,172869.9,4388552.5
SHP_64561,86435.2,2053134.8
SHP_64563,167643.1,4273871.5
SHP_64564,85851.5,2044507.3
SHP_64568,3212.5,64917.1
SHP_64570,81809.6,1946356.8
SHP_64571,87909.4,2132194.3
SHP_64572,135977.7,3369447.8
SHP_64573,163264.3,4078517.0
SHP_64574,16013.7,377174.0
SHP_64577,117029.4,2829456.5
SHP_64578,81008.9,1926911.8
SHP_64583,109748.2,2641785.0
SHP_64584,79332.3,1866274.6
SHP_64585,173350.7,4401299.5
SHP_64587,168714.6,4295998.5
SHP_64589,64768.2,1577468.5
SHP_64599,62993.5,1530574.5
SHP_64601,92436.0,2217564.3
SHP_64603,86023.2,2043619.4
SHP_64604,149821.3,3813245.0
SHP_64605,64768.2,1577468.5
SHP_64607,83549.1,1986415.1
SHP_64608,53533.0,1296744.0
SHP_64609,185384.5,4625626.5
SHP_64610,87414.3,2067688.1
SHP_64612,62484.6,1515588.6
SHP_64618,184089.9,4645122.0
SHP_64619,69532.7,1688574.5
SHP_64622,167826.8,4279158.0
SHP_64627,56535.2,1386083.3
SHP_64629,89677.6,2114827.5
SHP_64631,83531.7,1980426.8
SHP_64633,84350.6,2010184.3
SHP_64639,83535.5,1989148.8
SHP_64641,93632.8,2210228.0
SHP_64647,127442.2,3142658.5
SHP_64649,77689.1,1858974.1
SHP_64651,204324.8,5102045.0
SHP_64654,185258.1,4625183.0
SHP_64658,17982.9,401355.7
SHP_64660,56535.2,1386083.3
SHP_64661,163248.1,4062800.0
SHP_64662,86349.0,2051045.4
SHP_64665,77873.1,1905764.9
SHP_64667,86065.8,2091316.4
SHP_64669,91088.7,2186005.3
SHP_64670,86778.9,2057073.6
SHP_64671,79197.0,1854895.8
SHP_64672,86773.1,2058313.1
SHP_64673,95392.8,2245113.5
SHP_64674,83360.1,2034890.8
SHP_64675,84211.2,2001906.8
SHP_64677,95257.2,2244398.0
SHP_64681,122748.1,3117632.5
SHP_64683,70505.1,1706982.1
SHP_64684,101267.1,2455231.5
SHP_64687,169450.3,4313207.0
SHP_64688,92729.5,2192842.8
SHP_64690,64377.9,1558130.3
SHP_64692,167555.6,4272915.5
SHP_64694,173384.3,4403986.0
SHP_64695,171060.6,4349993.0
SHP_64696,173618.1,4414464.0
SHP_64697,45681.4,1099249.3
SHP_64698,218954.4,5395635.5
SHP_64700,87560.5,2069568.8
SHP_64701,79518.2,1895920.1
SHP_64703,181068.5,4581322.5
SHP_64707,133630.9,3309231.0
SHP_64712,97707.1,2308550.3
SHP_64713,91521.8,2171902.0
SHP_64715,77498.5,1817312.4
SHP_64717,84636.5,2039809.0
SHP_64719,194678.0,4838234.0
SHP_64727,79335.5,1886956.6
SHP_64728,177353.0,4412126.0
SHP_64729,69970.7,1672033.5
SHP_64730,81502.0,1977156.5
SHP_64731,90712.9,2154108.3
SHP_64733,214878.6,5328847.5
SHP_64739,147822.5,3773432.0
SHP_64740,71199.4,1723389.5
SHP_64745,142171.7,3621428.0
SHP_64747,91610.9,2202970.3
SHP_64750,195164.6,4857697.0
SHP_64752,95756.5,2259945.3
SHP_64761,87341.8,2071180.6
SHP_64762,148614.5,3790311.8
SHP_64767,87337.4,2145853.0
SHP_64768,193780.8,4820274.0
SHP_64770,174330.9,4429425.0
SHP_64771,87467.2,2065584.3
SHP_64774,173740.0,4412645.5
SHP_64777,171089.1,4354517.5
SHP_64778,173061.2,4400829.5
SHP_64779,56486.4,1386377.1
SHP_64780,171532.8,4367818.0
SHP_64785,173204.4,4401019.5
SHP_64787,87882.9,2137175.8
SHP_64788,194644.4,4840329.0
SHP_64789,167546.5,4270888.0
SHP_64790,45348.6,1102088.4
SHP_64792,91658.3,2174136.0
SHP_64793,171529.5,4364872.5
SHP_64795,55123.0,1303479.4
SHP_64796,64768.2,1577468.5
SHP_64797,80799.6,1966728.5
SHP_64799,16259.8,382068.9
SHP_64801,40501.8,957360.7
SHP_64804,51358.1,1231952.9
SHP_64809,1011.5,14813.2
SHP_64810,88250.9,2026733.8
SHP_64812,1252.3,19122.0
SHP_64815,83584.8,1979107.8
SHP_64816,163244.5,4062755.0
SHP_64820,102079.4,2477516.5
SHP_64824,91645.1,2172881.0
SHP_64825,90771.7,2150526.0
SHP_64826,173772.5,4417168.5
SHP_64828,117957.6,2830471.0
SHP_64833,193902.1,4822433.0
SHP_64838,170916.2,4283878.0
SHP_64839,168665.4,4296115.0
SHP_64840,148761.3,3789963.8
SHP_64842,93083.8,2201877.3
SHP_64843,185425.4,4618855.0
SHP_64846,43390.0,1060007.8
SHP_64847,91470.7,2243681.0
SHP_64848,56889.0,1394927.3
SHP_64849,1832.8,30080.7
SHP_64853,170769.3,4344248.0
SHP_64854,172819.5,4390897.0
SHP_64857,45448.8,1106285.8
SHP_64859,93478.5,2213355.3
SHP_64860,204324.8,5102045.0
SHP_64862,84754.0,1999330.8
SHP_64864,163147.2,4058968.0
SHP_64866,87052.4,2111484.0
SHP_64868,16259.8,382068.9
SHP_64870,90515.8,2153873.3
SHP_64871,173134.3,4402739.5
SHP_64873,79055.5,1932574.6
SHP_64874,163306.6,4064513.8
SHP_64877,197130.7,4891644.0
SHP_64879,86874.1,2061619.3
SHP_64880,78992.0,1873243.1
SHP_64881,87280.8,2060997.8
SHP_64886,135977.7,3369447.8
SHP_64888,102078.6,2477537.0
SHP_64889,168665.4,4296115.0
SHP_64890,1860.4,31658.4
SHP_64891,173611.9,4407207.0
SHP_64892,195164.6,4857697.0
SHP_64893,88487.9,2154792.3
SHP_64894,175238.3,4450556.5
SHP_64895,84434.8,2007548.4
SHP_64898,86594.3,2031951.1
SHP_64899,169847.7,4313658.0
SHP_64900,149089.6,3784544.0
SHP_64901,67468.5,1563657.3
SHP_64902,73445.3,1767912.0
SHP_64906,75742.1,1818454.1
SHP_64907,100204.4,2425133.5
SHP_64908,169437.1,4310411.0
SHP_64913,92042.0,2185977.0
SHP_64916,61569.1,1490556.1
SHP_64918,23114.2,552892.8
SHP_64920,81064.3,1926838.1
SHP_64921,184799.1,4613456.0
SHP_64922,194949.1,4855036.5
SHP_64923,99704.0,2415080.5
SHP_64924,87467.2,2065584.3
SHP_64926,195205.8,4850724.0
SHP_64927,83833.6,1964883.6
SHP_64928,169436.2,4304029.0
SHP_64931,92212.2,2189399.8
SHP_64932,91658.3,2174136.0
SHP_64933,818.3,12108.9
SHP_64935,55123.0,1303479.4
SHP_64937,95858.1,2259978.3
SHP_64939,173497.5,4405124.0
SHP_64940,87530.8,2072707.8
SHP_64941,209122.2,5264171.0
SHP_64942,116073.0,2785204.0
SHP_64944,101848.2,2465624.0
SHP_64945,79794.6,1895190.3
SHP_64953,86858.2,2057529.9
SHP_64954,94465.2,2231311.5
SHP_64956,208315.9,5250027.5
SHP_64957,211928.5,5324901.0
SHP_64958,110177.4,2691348.8
SHP_64960,100564.1,2349125.8
SHP_64966,78922.7,1927550.9
SHP_64969,127442.2,3142658.5
SHP_64970,23122.6,552947.3
SHP_64971,89677.6,2114827.5
SHP_64985,1727.0,31561.0
SHP_64987,141807.9,3613208.5
SHP_64988,87511.9,2072632.4
SHP_64989,76625.2,1876725.8
SHP_64990,94038.2,2218668.5
SHP_64991,86177.7,2046732.6
SHP_64993,163853.8,4091384.5
SHP_64995,789.4,11795.1
SHP_64998,86939.5,2059669.3
SHP_65000,195966.0,4872931.0
SHP_65001,51724.2,1225380.8
SHP_65004,79310.0,1864429.1
SHP_65006,170916.2,4283878.0
SHP_65008,194812.1,4851714.0
SHP_65009,194497.5,4836513.0
SHP_65012,87713.6,2071479.0
SHP_65014,87605.6,2124796.8
SHP_65015,73592.6,1765928.3
SHP_65019,108658.0,2646194.5
SHP_65021,150115.8,3821025.5
SHP_65022,73149.5,1766718.0
SHP_65026,79055.5,1932574.6
SHP_65031,88752.2,2094678.8
SHP_65033,122546.3,3113873.5
SHP_65035,88429.6,2151398.5
SHP_65037,173311.8,4403767.0
SHP_65038,91965.7,2210372.0
SHP_65040,90618.1,2153724.3
SHP_65045,100358.8,2437151.0
SHP_65046,91571.0,2158449.0
SHP_65050,100847.7,2425252.5
SHP_65051,83884.1,1995324.4
SHP_65052,177152.3,4494380.0
SHP_65054,87852.7,2135759.0
SHP_65059,79523.3,1943867.4
SHP_65063,14040.5,310875.2
SHP_65064,86953.7,2058709.8
SHP_65066,195205.8,4850724.0
SHP_65073,44179.2,1076833.6
SHP_65075,89499.3,2114492.5
SHP_65077,88580.3,2135884.8
SHP_65079,87069.0,2059680.9
SHP_65081,195915.6,4873406.0
SHP_65082,107920.1,2541746.0
SHP_65085,215154.6,5329868.0
SHP_65087,195872.2,4878562.0
SHP_65092,103016.9,2398663.8
SHP_65093,87091.1,2115973.5
SHP_65094,90771.7,2150526.0
SHP_65095,163170.6,4061651.0
SHP_65096,1517.9,21515.9
SHP_65098,64998.3,1552518.3
SHP_65100,16823.5,362395.9
SHP_65111,109748.2,2641785.0
SHP_65112,56398.3,1385960.4
SHP_65116,87026.7,2058818.5
SHP_65117,89349.8,2104610.5
SHP_65122,46260.6,1111911.0
SHP_65126,193475.7,4810459.0
SHP_65127,174694.7,4437785.0
SHP_65130,94038.2,2218668.5
SHP_65131,76291.8,1820828.6
SHP_65134,79896.7,1863649.9
SHP_65136,171586.8,4362990.5
SHP_65137,81154.5,1929470.1
SHP_65138,173243.7,4399601.5
SHP_65140,172962.5,4399598.5
SHP_65141,86282.3,2050475.4
SHP_65144,44335.4,1083420.0
SHP_65145,168799.1,4302984.0
SHP_65146,169629.4,4317559.5
SHP_65147,72074.9,1733740.9
SHP_65148,70856.4,1707005.9
SHP_65149,170793.9,4348994.5
SHP_65150,177568.4,4436464.5
SHP_65152,85652.8,2033507.0
SHP_65153,92661.9,2170086.8
SHP_65156,81999.2,1956073.6
SHP_65158,70164.8,1697741.0
SHP_65159,83523.6,1987512.0
SHP_65161,173377.4,4398717.0
SHP_65162,162362.3,4041347.8
SHP_65165,172727.8,4391429.5
SHP_65167,56535.2,1386083.3
SHP_65168,172687.9,4383395.5
SHP_65170,84434.8,2007548.4
SHP_65172,87276.4,2062161.0
SHP_65174,81462.8,1934267.5
SHP_65176,41196.6,971770.0
SHP_65179,2944.1,55402.8
SHP_65182,91828.4,2175840.8
SHP_65183,102676.6,2491363.8
SHP_65184,90618.1,2153724.3
SHP_65186,173501.5,4401432.0
SHP_65188,91693.8,2201157.8
SHP_65190,177568.4,4436464.5
SHP_65191,99648.5,2414069.0
SHP_65192,87786.3,2097026.4
SHP_65195,211494.0,5319902.5
SHP_65196,91419.0,2169759.3
SHP_65200,80272.9,1915237.6
SHP_65201,102169.1,2387835.5
SHP_65202,45397.0,1104077.1
SHP_65204,175217.3,4452261.0
SHP_65206,173347.8,4402241.0
SHP_65208,170413.6,4336483.5
SHP_65210,212909.4,5337524.0
SHP_65214,54667.3,1288230.3
SHP_65216,67517.7,1564380.8
SHP_65217,88487.9,2154792.3
SHP_65218,91520.2,2171877.3
SHP_65222,194949.1,4855036.5
SHP_65223,87709.3,2076782.3
SHP_65228,87861.9,2104506.0
SHP_65229,51900.7,1228223.8
SHP_65232,65626.8,1593714.0
SHP_65238,215101.6,5331622.0
SHP_65247,87664.9,2070154.8
SHP_65248,90084.5,2146632.3
SHP_65249,169749.3,4315168.5
SHP_65250,173589.6,4411153.0
SHP_65253,92666.2,2235409.5
SHP_65257,87280.8,2060997.8
SHP_65260,87079.5,2059857.1
SHP_65261,91620.2,2173939.8
SHP_65262,86663.0,2057755.0
SHP_65265,91528.6,2172999.3
SHP_65267,117476.2,2837807.5
SHP_65270,91600.8,2255657.0
SHP_65272,148840.1,3793957.3
SHP_65275,70203.5,1700286.4
SHP_65281,167128.6,4261510.0
SHP_65283,169190.5,4308427.0
SHP_65285,15912.6,374670.9
SHP_65290,156446.4,3998090.0
SHP_65291,80371.0,1908570.3
SHP_65292,159071.1,4055039.3
SHP_65294,174809.6,4441331.5
SHP_65295,98782.0,2383364.3
SHP_65297,172738.5,4391909.0
SHP_65299,53640.1,1281710.5
SHP_65300,87373.1,2065933.9
SHP_65302,79304.1,1867129.0
SHP_65303,170793.9,4348994.5
SHP_65305,90696.6,2138345.3
SHP_65306,196339.7,4877095.0
SHP_65308,16208.5,379319.8
SHP_65309,170573.0,4337416.0
SHP_65312,86821.9,2057249.5
SHP_65313,148378.2,3781990.5
SHP_65318,82737.6,2006483.8
SHP_65320,178112.9,4444991.5
SHP_65321,83817.0,1988140.6
SHP_65324,879.1,9943.6
SHP_65326,168665.4,4296115.0
SHP_65328,67685.5,1576297.6
SHP_65329,93245.4,2239423.5
SHP_65332,117957.6,2830471.0
SHP_65334,174105.5,4426637.5
SHP_65336,213386.5,5360722.5
SHP_65338,53309.4,1289621.6
SHP_65341,64599.2,1548719.8
SHP_65344,163204.9,4059245.8
SHP_65345,127671.8,3137145.0
SHP_65346,43637.8,1065627.0
SHP_65348,99359.3,2393344.5
SHP_65349,91760.6,2177773.0
SHP_65351,92376.9,2165579.5
SHP_65352,87366.4,2121436.0
SHP_65353,91911.6,2184199.8
SHP_65355,2746.7,49360.3
SHP_65356,86436.4,2055290.5
SHP_65359,73149.5,1766718.0
SHP_65362,94271.1,2230195.0
SHP_65364,149256.9,3787900.0
SHP_65368,86962.4,2058770.5
SHP_65369,164255.5,4101964.3
SHP_65370,101477.9,2466295.0
SHP_65376,91933.6,2178939.0
SHP_65377,2039.4,32855.0
SHP_65379,193558.2,4826939.0
SHP_65381,91835.7,2151743.0
SHP_65382,70668.3,1684765.9
SHP_65389,110169.6,2692460.5
SHP_65392,69533.9,1690018.0
SHP_65393,173163.8,4402602.0
SHP_65397,86665.1,2058746.3
SHP_65399,86401.0,2052489.8
SHP_65400,123053.1,3119638.5
SHP_65403,95209.9,2300222.3
SHP_65405,78482.7,1844593.3
SHP_65406,90627.1,2183058.8
SHP_65408,85961.6,2036359.0
SHP_65409,100358.8,2437151.0
SHP_65410,88685.0,2152120.3
SHP_65413,51449.4,1222271.1
SHP_65421,196360.5,4892473.0
SHP_65426,92563.9,2174903.3
SHP_65428,86440.7,2053061.1
SHP_65429,74250.3,1753187.5
SHP_65430,76094.3,1808790.5
SHP_65433,90618.1,2153724.3
SHP_65436,90658.8,2157382.3
SHP_65440,156446.4,3998090.0
SHP_65443,148069.3,3769179.0
SHP_65444,77191.6,1847792.8
SHP_65452,23122.6,552947.3
SHP_65453,167585.8,4273222.0
SHP_65454,171957.4,4370954.0
SHP_65456,175008.5,4427531.0
SHP_65459,92772.3,2195220.5
SHP_65460,87069.0,2059680.9
SHP_65462,172536.6,4384707.5
SHP_65463,87736.3,2077561.9
SHP_65471,148865.8,3794637.0
SHP_65472,148865.8,3794637.0
SHP_65473,92377.9,2185890.3
SHP_65475,56424.6,1385903.3
SHP_65481,191964.1,4777458.5
SHP_65482,78992.0,1873243.1
SHP_65484,84921.1,2022085.5
SHP_65488,172163.8,4375336.0
SHP_65490,81064.3,1926838.1
SHP_65493,67001.4,1563828.0
SHP_65498,116073.0,2785204.0
SHP_65499,178112.9,4444991.5
SHP_65500,171109.5,4349867.0
SHP_65504,136835.7,3385916.0
SHP_65505,218643.7,5390623.0
SHP_65506,16259.8,382068.9
SHP_65507,170035.8,4330429.0
SHP_65508,102169.1,2387835.5
SHP_65513,79003.6,1927697.3
SHP_65514,89349.8,2104610.5
SHP_65519,170793.9,4348994.5
SHP_65521,79944.2,1898519.4
SHP_65532,94171.3,2223053.8
SHP_65534,172738.5,4391909.0
SHP_65542,80367.9,1957374.4
SHP_65545,197130.7,4891644.0
SHP_65546,100483.9,2415215.0
SHP_65549,103708.9,2408143.0
SHP_65550,156446.4,3998090.0
SHP_65551,103126.4,2406769.5
SHP_65552,78829.7,1855841.8
SHP_65555,103659.2,2423056.0
SHP_65556,52586.7,1254448.9
SHP_65559,86374.9,2097640.3
SHP_65560,91734.6,2175074.3
SHP_65562,91902.4,2177570.3
SHP_65563,133502.1,3306715.5
SHP_65565,125212.4,3176548.5
SHP_65567,173747.8,4411242.0
SHP_65568,91531.5,2203840.3
SHP_65570,85911.5,2040973.0
SHP_65572,174105.5,4426637.5
SHP_65575,171812.7,4370761.5
SHP_65576,81502.0,1977156.5
SHP_65577,92862.1,2195611.0
SHP_65578,191844.8,4775529.0
SHP_65579,172738.5,4391909.0
SHP_65580,184535.4,4654095.0
SHP_65582,87679.4,2076486.6
SHP_65583,94567.2,2232467.0
SHP_65584,87796.1,2070194.5
SHP_65585,170793.9,4348994.5
SHP_65589,81646.2,1981588.0
SHP_65591,169852.2,4310962.0
SHP_65593,87069.0,2059680.9
SHP_65594,85457.0,2031283.8
SHP_65597,19508.1,462855.3
SHP_65601,65071.9,1555960.5
SHP_65602,16113.9,378027.2
SHP_65603,2944.1,55402.8
SHP_65604,93478.5,2213355.3
SHP_65607,87390.9,2064551.3
SHP_65608,78070.5,1912222.5
SHP_65610,52586.7,1254448.9
SHP_65611,167284.8,4266330.0
SHP_65613,12655.8,284073.3
SHP_65618,93310.2,2242805.0
SHP_65619,173083.1,4391980.5
SHP_65620,195026.2,4847341.0
SHP_65623,99742.2,2415866.0
SHP_65625,169113.7,4306483.0
SHP_65627,133502.1,3306715.5
SHP_65628,80239.9,1909812.8
SHP_65633,86704.4,2107340.8
SHP_65634,148761.3,3789963.8
SHP_65637,95074.4,2253513.0
SHP_65641,70681.8,1704502.5
SHP_65642,73078.1,1756064.1
SHP_65646,83549.1,1986415.1
SHP_65648,91993.1,2184841.0
SHP_65650,72012.2,1683790.8
SHP_65652,77401.4,1816048.0
SHP_65653,193902.1,4822433.0
SHP_65654,195376.2,4855501.0
SHP_65656,65278.0,1562072.1
SHP_65660,91384.0,2169710.8
SHP_65663,42674.4,1031555.0
SHP_65665,83981.0,1995442.4
SHP_65667,66823.4,1629334.1
SHP_65669,142641.5,3487666.5
SHP_65670,86939.5,2059669.3
SHP_65671,149086.3,3802294.3
SHP_65672,1517.9,21515.9
SHP_65675,173381.0,4408221.5
SHP_65678,133362.5,3304139.0
SHP_65679,170412.8,4327883.0
SHP_65680,195536.7,4862808.0
SHP_65681,169805.8,4310942.0
SHP_65682,31718.7,772056.3
SHP_65683,52586.7,1254448.9
SHP_65685,173279.1,4404924.5
SHP_65688,86594.3,2031951.1
SHP_65690,71439.1,1729771.0
SHP_65691,71439.1,1729771.0
SHP_65692,91649.3,2174237.8
SHP_65694,195990.7,4879869.0
SHP_65698,90461.4,2116244.5
SHP_65699,195026.2,4847341.0
SHP_65701,195536.7,4862808.0
SHP_65703,81064.3,1926838.1
SHP_65705,169459.5,4311246.0
SHP_65706,72945.9,1751162.6
SHP_65711,86023.2,2043619.4
SHP_65713,171805.4,4373278.5
SHP_65714,91876.5,2178481.3
SHP_65716,173589.6,4411153.0
SHP_65717,80072.0,1912150.8
SHP_65718,194384.8,4845698.0
SHP_65719,86289.4,2097445.8
SHP_65720,87560.5,2069568.8
SHP_65722,173350.7,4401299.5
SHP_65725,79335.5,1886956.6
SHP_65727,172183.5,4375343.0
SHP_65731,133896.4,3317629.8
SHP_65737,186208.1,4647440.0
SHP_65740,172687.9,4383395.5
SHP_65742,174197.6,4425868.0
SHP_65746,56535.2,1386083.3
SHP_65749,84211.2,2001906.8
SHP_65753,172183.5,4375343.0
SHP_65754,90027.8,2145906.3
SHP_65755,45069.4,1096665.0
SHP_65760,77379.7,1849329.9
SHP_65761,198323.7,4926129.0
SHP_65762,173803.7,4419081.0
SHP_65765,81902.4,1964181.8
SHP_65766,43540.5,1052845.8
SHP_65771,94529.3,2233280.3
SHP_65773,56722.8,1360615.4
SHP_65774,88050.2,2076538.5
SHP_65775,96597.3,2332888.0
SHP_65777,149057.0,3783990.0
SHP_65780,172332.8,4378777.0
SHP_65781,95088.1,2295683.3
SHP_65782,194622.0,4836245.0
SHP_65784,172657.0,4386016.0
SHP_65786,94567.2,2232467.0
SHP_65788,69716.5,1692173.8
SHP_65790,82569.3,1956400.8
SHP_65797,70590.5,1712778.0
SHP_65802,73149.5,1766718.0
SHP_65805,170209.1,4330604.0
SHP_65806,67556.3,1633267.3
SHP_65810,81252.1,1927636.6
SHP_65812,102965.7,2399060.0
SHP_65814,92950.7,2230600.0
SHP_65815,83555.6,1976799.5
SHP_65816,87811.7,2131681.5
SHP_65817,86682.4,2059640.0
SHP_65818,67408.3,1571160.8
SHP_65819,81238.3,1929682.3
SHP_65822,134725.6,3315278.5
SHP_65823,91760.6,2177773.0
SHP_65824,163170.4,4061587.0
SHP_65825,92107.6,2210788.3
SHP_65826,134729.2,3334373.3
SHP_65827,144212.5,3532201.8
SHP_65829,87359.0,2072734.9
SHP_65831,86785.5,2061830.3
SHP_65832,18348.5,438012.2
SHP_65836,86282.3,2050475.4
SHP_65839,163281.9,4063206.0
SHP_65844,92666.2,2235409.5
SHP_65849,87167.9,2069278.4
SHP_65850,80727.9,1928720.5
SHP_65852,86858.2,2057529.9
SHP_65855,168524.4,4285750.0
SHP_65859,91576.9,2199942.5
SHP_65860,194360.4,4845181.5
SHP_65861,99256.6,2399184.8
SHP_65862,81480.6,1932136.3
SHP_65863,102965.7,2399060.0
SHP_65867,171586.8,4362990.5
SHP_65868,86050.6,2045929.0
SHP_65870,90618.1,2153724.3
SHP_65874,91655.8,2174766.5
SHP_65876,62484.6,1515588.6
SHP_65877,84921.1,2022085.5
SHP_65881,86430.4,2053376.0
SHP_65883,172020.8,4367875.0
SHP_65886,80807.1,1966822.3
SHP_65887,81129.1,1931271.1
SHP_65889,92532.9,2220075.3
SHP_65890,169110.8,4304160.0
SHP_65891,77179.0,1847672.9
SHP_65892,173577.3,4402245.0
SHP_65893,163460.2,4067234.5
SHP_65894,2543.7,45369.9
SHP_65897,171260.8,4357058.0
SHP_65898,194061.8,4825438.0
SHP_65901,170289.3,4337121.5
SHP_65905,45174.0,1097778.1
SHP_65907,94723.0,2219034.3
SHP_65908,71514.5,1703075.8
SHP_65909,86997.1,2109822.5
SHP_65910,134725.6,3315278.5
SHP_65911,91201.6,2166223.8
SHP_65912,66823.4,1629334.1
SHP_65917,86819.0,2058796.5
SHP_65918,40501.8,957360.7
SHP_65920,167128.6,4261510.0
SHP_65921,92249.5,2210390.0
SHP_65924,71439.1,1729771.0
SHP_65925,173435.9,4406942.5
SHP_65926,181.9,1735.3
SHP_65929,172460.0,4378207.0
SHP_65930,93040.4,2200174.8
SHP_65932,167808.0,4278053.5
SHP_65933,167262.7,4266827.5
SHP_65934,89236.1,2165258.0
SHP_65935,91201.6,2166223.8
SHP_65937,95096.0,2295771.3
SHP_65940,87570.2,2075911.0
SHP_65941,87909.5,2080129.9
SHP_65942,144152.7,3530555.3
SHP_65943,67001.4,1563828.0
SHP_65944,78829.7,1855841.8
SHP_65946,87074.6,2059087.6
SHP_65947,194223.0,4827710.0
SHP_65951,83523.7,1979938.0
SHP_65955,164114.0,4098732.5
SHP_65964,66600.8,1557070.4
SHP_65965,31454.0,769440.4
SHP_65972,91719.8,2201099.3
SHP_65973,173803.7,4419081.0
SHP_65976,134088.3,3317882.5
SHP_65978,54388.3,1279911.0
SHP_65982,87570.2,2075911.0
SHP_65983,482.6,4907.0
SHP_65984,122190.1,3106381.5
SHP_65988,148614.5,3790311.8
SHP_65989,67613.8,1564632.6
SHP_65990,45285.4,1100672.1
SHP_65991,136835.7,3385916.0
SHP_65992,173565.7,4405991.5
SHP_65993,148696.0,3789227.0
SHP_65995,99256.6,2399184.8
SHP_65996,2039.4,32855.0
SHP_65997,172919.2,4398998.0
SHP_66001,172274.8,4380714.5
SHP_66003,87079.5,2059857.1
SHP_66006,149667.0,3816064.5
SHP_66008,99665.1,2472511.0
SHP_66010,117940.9,2849643.5
SHP_66012,88066.9,2072551.5
SHP_66014,193529.1,4811730.0
SHP_66017,173501.5,4401432.0
SHP_66018,97219.9,2347466.5
SHP_66019,163281.9,4063206.0
SHP_66022,93478.5,2213355.3
SHP_66027,170769.3,4344248.0
SHP_66034,43540.5,1052845.8
SHP_66038,208315.9,5250027.5
SHP_66039,80728.8,1922264.3
SHP_66040,79561.9,1942497.3
SHP_66045,65183.2,1553089.1
SHP_66047,177850.7,4439593.0
SHP_66048,193080.5,4794258.0
SHP_66049,93107.2,2204778.8
SHP_66053,163649.5,4069183.5
SHP_66054,53640.1,1281710.5
SHP_66055,144212.5,3532201.8
SHP_66058,194223.0,4827710.0
SHP_66062,167826.8,4279158.0
SHP_66064,194622.0,4836245.0
SHP_66066,71620.1,1676277.5
SHP_66069,194949.1,4855036.5
SHP_66070,91964.5,2179530.5
SHP_66071,156446.4,3998090.0
SHP_66073,209284.8,5262091.5
SHP_66076,101339.3,2394117.8
SHP_66077,127442.2,3142658.5
SHP_66080,65184.1,1552303.9
SHP_66083,168901.1,4306258.0
SHP_66084,204324.8,5102045.0
SHP_66085,81798.8,1943752.3
SHP_66086,172670.7,4385392.0
SHP_66087,85459.1,2050469.3
SHP_66089,92316.0,2191081.5
SHP_66091,177568.4,4436464.5
SHP_66093,56394.6,1385923.8
SHP_66094,174064.2,4416706.0
SHP_66096,87517.0,2073776.8
SHP_66097,16723.4,377684.6
SHP_66101,76750.4,1840229.3
SHP_66102,193962.3,4823309.0
SHP_66104,172154.8,4375910.0
SHP_66105,77161.2,1891946.1
SHP_66107,90771.7,2150526.0
SHP_66108,81894.1,1989229.8
SHP_66109,86289.4,2097445.8
SHP_66110,1684.8,24216.8
SHP_66111,167128.6,4261510.0
SHP_66112,99359.3,2393344.5
SHP_66114,169564.6,4317219.0
SHP_66117,76109.6,1827627.8
SHP_66119,163649.5,4069183.5
SHP_66121,83425.9,1978743.0
SHP_66122,90541.2,2153010.5
SHP_66123,86349.0,2051045.4
SHP_66125,91768.8,2175547.3
SHP_66127,170666.1,4339106.5
SHP_66128,172727.8,4391429.5
SHP_66129,79105.3,1932845.0
SHP_66130,149667.0,3816064.5
SHP_66132,193626.8,4819203.0
SHP_66134,79794.6,1895190.3
SHP_66138,149798.0,3814636.5
SHP_66139,170629.4,4347895.5
SHP_66141,87094.7,2117296.8
SHP_66144,133572.9,3271830.0
SHP_66148,174197.6,4425868.0
SHP_66153,86440.7,2053061.1
SHP_66155,16259.8,382068.9
SHP_66157,168418.4,4283145.0
SHP_66159,1592.9,23646.3
SHP_66163,80272.9,1915237.6
SHP_66164,64586.0,1573175.1
SHP_66168,194061.8,4825438.0
SHP_66170,58679.2,1410451.5
SHP_66172,86822.8,2058632.3
SHP_66177,79195.1,1854888.0
SHP_66178,39993.9,939872.3
SHP_66179,75770.9,1818789.3
SHP_66180,167811.2,4276968.5
SHP_66183,183356.1,4575577.0
SHP_66184,80935.0,1945969.4
SHP_66185,163271.8,4063099.5
SHP_66186,91768.8,2175547.3
SHP_66188,93225.6,2206749.0
SHP_66190,77436.6,1848252.8
SHP_66192,133682.7,3310257.3
SHP_66193,195536.7,4862808.0
SHP_66196,195246.8,4862182.0
SHP_66197,172138.0,4382120.5
SHP_66199,90978.9,2241819.5
SHP_66200,87167.9,2069278.4
SHP_66205,46899.9,1121550.1
SHP_66208,92006.2,2179316.3
SHP_66211,171586.8,4362990.5
SHP_66212,127118.8,3137193.3
SHP_66213,74254.6,1753085.4
SHP_66216,90737.7,2156215.3
SHP_66220,87613.5,2077565.9
SHP_66221,52801.6,1281086.3
SHP_66222,87390.8,2067306.0
SHP_66223,52694.0,1279526.8
SHP_66225,163649.5,4069183.5
SHP_66228,53510.9,1270429.8
SHP_66229,92304.5,2194288.8
SHP_66230,171586.8,4362990.5
SHP_66232,86479.5,2054301.5
SHP_66233,169621.4,4318248.5
SHP_66235,166708.1,4250005.0
SHP_66242,193902.1,4822433.0
SHP_66246,173381.0,4408221.5
SHP_66251,170239.6,4334889.0
SHP_66256,103708.9,2408143.0
SHP_66259,92951.0,2230044.8
SHP_66260,39951.8,939579.7
SHP_66262,86773.1,2058313.1
SHP_66265,102560.3,2390187.5
SHP_66266,174457.4,4434390.5
SHP_66273,87547.3,2120832.5
SHP_66274,91708.8,2179308.5
SHP_66278,94039.9,2221127.0
SHP_66280,53493.0,1269944.5
SHP_66285,45069.4,1096665.0
SHP_66286,92398.1,2186221.0
SHP_66287,171053.4,4352446.5
SHP_66291,170916.2,4283878.0
SHP_66293,45448.8,1106285.8
SHP_66294,168727.3,4296874.0
SHP_66295,74254.6,1753085.4
SHP_66300,77498.5,1817312.4
SHP_66302,77436.6,1848252.8
SHP_66306,172819.5,4390897.0
SHP_66311,172432.8,4379968.5
SHP_66313,198323.7,4926129.0
SHP_66315,116073.0,2785204.0
SHP_66317,81873.0,1944926.5
SHP_66318,92935.8,2198156.3
SHP_66323,195026.2,4847341.0
SHP_66325,122546.3,3113873.5
SHP_66328,90515.8,2153873.3
SHP_66330,92249.8,2183960.5
SHP_66332,70856.4,1707005.9
SHP_66334,86682.4,2059640.0
SHP_66336,149733.7,3814382.0
SHP_66338,86778.9,2057073.6
SHP_66339,103708.9,2408143.0
SHP_66340,86962.4,2058770.5
SHP_66341,45069.4,1096665.0
SHP_66342,120641.0,2924179.0
SHP_66345,209335.5,5268576.5
SHP_66347,173641.3,4402024.5
SHP_66348,42880.3,1032644.8
SHP_66349,44652.2,1091999.4
SHP_66350,193244.9,4811735.0
SHP_66356,86065.8,2091316.4
SHP_66357,180436.8,4569876.5
SHP_66358,168932.1,4300549.0
SHP_66364,171586.8,4362990.5
SHP_66365,64.8,514.5
SHP_66368,51486.4,1233975.0
SHP_66372,80445.2,1913906.5
SHP_66373,177353.0,4412126.0
SHP_66374,91387.3,2169566.3
SHP_66375,128001.9,3158335.0
SHP_66379,174318.1,4427466.0
SHP_66380,174269.4,4428713.5
SHP_66381,195736.0,4872297.0
SHP_66384,173274.4,4399948.0
SHP_66385,91765.2,2201584.5
SHP_66387,173641.3,4402024.5
SHP_66388,51604.7,1223458.0
SHP_66389,87253.9,2061245.4
SHP_66392,172692.4,4386647.0
SHP_66393,181947.3,4542639.0
SHP_66396,92249.5,2210390.0
SHP_66400,92107.6,2210788.3
SHP_66401,171586.8,4362990.5
SHP_66408,83584.8,1979107.8
SHP_66409,90500.4,2116533.3
SHP_66410,173067.3,4390322.0
SHP_66414,127809.8,3152424.5
SHP_66416,78181.0,1869336.0
SHP_66417,86479.5,2054301.5
SHP_66420,87713.6,2071479.0
SHP_66422,173350.7,4401299.5
SHP_66424,102801.5,2395748.0
SHP_66429,70590.5,1712778.0
SHP_66430,91088.7,2186005.3
SHP_66431,168652.3,4286894.0
SHP_66432,167915.4,4282205.0
SHP_66434,84067.0,1996991.8
SHP_66436,46260.6,1111911.0
SHP_66438,18348.5,438012.2
SHP_66440,212141.6,5328749.5
SHP_66441,88789.6,2175470.0
SHP_66443,77161.2,1891946.1
SHP_66446,18415.9,441992.5
SHP_66448,92316.0,2191081.5
SHP_66449,87585.0,2075817.0
SHP_66450,195536.7,4862808.0
SHP_66452,78943.8,1882426.6
SHP_66454,78969.3,1930082.0
SHP_66455,90627.1,2183058.8
SHP_66457,185066.5,4615304.5
SHP_66458,81502.0,1977156.5
SHP_66462,193962.3,4823309.0
SHP_66463,110177.4,2691348.8
SHP_66465,99648.5,2414069.0
SHP_66469,92563.9,2174903.3
SHP_66471,43024.2,1053970.9
SHP_66472,79259.7,1868094.5
SHP_66474,184983.0,4602544.0
SHP_66475,193190.2,4803502.0
SHP_66477,166824.6,4256392.0
SHP_66479,163170.4,4061587.0
SHP_66480,44179.2,1076833.6
SHP_66483,89349.8,2104610.5
SHP_66485,169722.0,4323658.0
SHP_66492,127319.5,3131529.0
SHP_66493,173061.2,4400829.5
SHP_66495,92088.6,2211702.5
SHP_66497,166688.2,4253839.5
SHP_66502,47251.7,1138139.4
SHP_66504,78206.7,1900221.1
SHP_66507,86289.4,2097445.8
SHP_66509,89677.6,2114827.5
SHP_66513,170413.6,4336483.5
SHP_66514,91719.9,2176088.8
SHP_66518,98782.0,2383364.3
SHP_66519,90144.1,2146178.5
SHP_66522,193080.5,4794258.0
SHP_66525,174324.3,4431773.5
SHP_66528,863.4,13484.4
SHP_66530,167826.8,4279158.0
SHP_66531,173516.1,4405345.5
SHP_66532,73393.9,1759204.5
SHP_66535,173501.5,4408681.5
SHP_66537,87373.1,2065933.9
SHP_66542,16208.5,379319.8
SHP_66544,65485.7,1561498.9
SHP_66547,97415.8,2293805.0
SHP_66548,170529.1,4340769.0
SHP_66551,174199.0,4425824.5
SHP_66553,100588.7,2444662.5
SHP_66555,44896.3,1097381.8
SHP_66556,80728.8,1922264.3
SHP_66558,193747.0,4818324.0
SHP_66559,80477.5,1908919.3
SHP_66560,122546.3,3113873.5
SHP_66562,65239.6,1553236.5
SHP_66563,171060.6,4349993.0
SHP_66564,53406.8,1268465.0
SHP_66565,172630.0,4389957.0
SHP_66566,91732.4,2176460.3
SHP_66571,87469.9,2119865.0
SHP_66572,69970.7,1672033.5
SHP_66574,163176.5,4059495.0
SHP_66576,87865.5,2077176.8
SHP_66577,64615.2,1543861.3
SHP_66578,93083.8,2201877.3
SHP_66579,174044.9,4418694.0
SHP_66581,136960.5,3385167.3
SHP_66583,150509.2,3833237.3
SHP_66584,19498.4,463420.7
SHP_66588,84806.8,2020027.4
SHP_66589,87074.6,2059087.6
SHP_66592,92376.9,2165579.5
SHP_66593,70534.5,1682932.1
SHP_66595,77130.8,1843820.8
SHP_66597,98782.0,2383364.3
SHP_66598,173116.5,4400014.5
SHP_66599,65119.6,1554186.0
SHP_66601,82373.3,1998157.9
SHP_66602,73922.8,1773843.9
SHP_66603,168665.4,4296115.0
SHP_66604,172020.8,4367875.0
SHP_66607,92304.5,2194288.8
SHP_66608,73149.5,1766718.0
SHP_66610,78829.7,1855841.8
SHP_66611,86665.1,2058746.3
SHP_66613,1511.9,21425.7
SHP_66614,90719.1,2187048.5
SHP_66615,97871.8,2247834.5
SHP_66620,87235.0,2062587.0
SHP_66623,90978.9,2241819.5
SHP_66625,65183.2,1553089.1
SHP_66630,196650.7,4892347.0
SHP_66632,44835.2,1094937.0
SHP_66635,170209.1,4330604.0
SHP_66636,94605.8,2231857.5
SHP_66637,86682.4,2059640.0
SHP_66638,83523.7,1979938.0
SHP_66639,208796.2,5252757.0
SHP_66643,100358.8,2437151.0
SHP_66644,166763.2,4251616.5
SHP_66648,88066.9,2072551.5
SHP_66649,211915.3,5330172.5
SHP_66653,171586.8,4362990.5
SHP_66654,81502.0,1977156.5
SHP_66656,87917.7,2079243.8
SHP_66659,91734.6,2175074.3
SHP_66660,86704.4,2107340.8
SHP_66662,1825.4,32692.2
SHP_66663,80468.3,1913374.9
SHP_66665,103433.0,2400438.5
SHP_66666,88066.9,2072551.5
SHP_66669,102560.3,2390187.5
SHP_66673,53640.1,1281710.5
SHP_66674,169200.6,4297327.0
SHP_66675,91588.3,2172811.3
SHP_66676,192371.8,4796295.0
SHP_66681,194384.8,4845698.0
SHP_66684,45412.8,1107617.9
SHP_66689,93612.1,2216903.0
SHP_66691,84581.4,2011573.0
SHP_66692,195424.7,4859533.0
SHP_66693,73172.7,1766582.4
SHP_66694,69996.8,1697505.1
SHP_66695,171483.3,4367100.0
SHP_66696,169110.8,4304160.0
SHP_66698,196590.3,4891064.0
SHP_66702,178165.6,4445954.0
SHP_66703,42489.5,1041734.3
SHP_66705,208796.2,5252757.0
SHP_66707,173474.0,4403438.0
SHP_66708,97415.8,2293805.0
SHP_66710,194644.4,4840329.0
SHP_66712,91444.0,2167953.8
SHP_66713,77914.2,1863958.4
SHP_66719,120998.1,3079142.3
SHP_66720,218954.4,5395635.5
SHP_66721,127442.2,3142658.5
SHP_66723,91333.0,2168859.3
SHP_66724,195966.0,4872931.0
SHP_66727,86819.0,2058796.5
SHP_66728,116073.0,2785204.0
SHP_66731,76625.2,1876725.8
SHP_66732,172483.8,4380033.5
SHP_66733,96362.4,2315514.8
SHP_66737,173105.9,4399768.0
SHP_66742,127535.4,3148405.0
SHP_66745,59540.2,1450323.6
SHP_66747,173274.4,4399948.0
SHP_66749,80468.3,1913374.9
SHP_66755,167284.8,4266330.0
SHP_66756,80728.8,1922264.3
SHP_66759,133074.1,3221484.0
SHP_66760,127809.8,3152424.5
SHP_66762,93831.9,2220471.0
SHP_66763,91528.9,2171929.0
SHP_66764,86826.9,2058821.4
SHP_66768,90699.0,2180305.5
SHP_66769,211863.8,5323735.5
SHP_66772,79252.9,1864135.5
SHP_66775,94271.1,2230195.0
SHP_66779,2422.2,45632.9
SHP_66782,87709.3,2076782.3
SHP_66784,45076.6,1100061.5
SHP_66786,71510.6,1730180.4
SHP_66788,149798.0,3814636.5
SHP_66789,57516.5,1406530.3
SHP_66791,197063.9,4895227.0
SHP_66792,87280.8,2060997.8
SHP_66794,91732.4,2176460.3
SHP_66795,182277.8,4548222.0
SHP_66796,81902.4,1964181.8
SHP_66797,91333.0,2168859.3
SHP_66798,70723.1,1687977.3
SHP_66800,16113.9,378027.2
SHP_66803,144084.5,3529373.5
SHP_66806,171658.5,4371498.0
SHP_66808,86715.4,2055850.3
SHP_66817,83676.9,1984034.5
SHP_66819,208315.9,5250027.5
SHP_66820,169783.3,4323807.5
SHP_66821,101805.5,2369641.5
SHP_66822,194223.0,4827710.0
SHP_66825,70392.1,1707442.4
SHP_66827,170239.6,4334889.0
SHP_66832,171943.5,4365970.0
SHP_66839,79412.1,1890218.3
SHP_66840,174541.0,4434444.0
SHP_66841,1015.2,14830.9
SHP_66842,127319.5,3131529.0
SHP_66844,177278.4,4497451.0
SHP_66848,88107.2,2139925.5
SHP_66852,195536.7,4862808.0
SHP_66857,101901.3,2409683.0
SHP_66858,82315.2,1969944.1
SHP_66859,171993.4,4373836.5
SHP_66860,79353.5,1868830.0
SHP_66862,53406.8,1268465.0
SHP_66866,71199.4,1723389.5
SHP_66867,89511.5,2175120.0
SHP_66868,173991.6,4415232.0
SHP_66869,172692.4,4386647.0
SHP_66870,58679.2,1410451.5
SHP_66871,163613.1,4088460.5
SHP_66872,89499.3,2114492.5
SHP_66873,101048.0,2387479.3
SHP_66874,56398.3,1385960.4
SHP_66875,87913.3,2077666.8
SHP_66876,56424.6,1385903.3
SHP_66878,40321.9,943334.7
SHP_66881,171955.1,4366135.0
SHP_66882,194622.0,4836245.0
SHP_66886,63662.4,1543365.4
SHP_66887,3212.5,64917.1
SHP_66888,79979.5,1899247.6
SHP_66889,195164.6,4857697.0
SHP_66890,171840.6,4368097.5
SHP_66891,88557.8,2171559.3
SHP_66896,88610.2,2173547.5
SHP_66900,173641.3,4402024.5
SHP_66901,41196.6,971770.0
SHP_66903,102252.3,2483861.0
SHP_66905,167851.8,4269894.5
SHP_66906,101901.3,2409683.0
SHP_66909,76181.5,1833698.3
SHP_66915,77161.2,1891946.1
SHP_66917,94271.1,2230195.0
SHP_66918,86274.3,2026258.5
SHP_66919,86177.7,2046732.6
SHP_66920,56020.9,1352369.4
SHP_66921,88487.9,2154792.3
SHP_66923,83523.7,1979938.0
SHP_66924,2496.9,47454.9
SHP_66925,87864.7,2078411.5
SHP_66932,94271.1,2230195.0
SHP_66934,80728.8,1922264.3
SHP_66935,87490.0,2073130.8
SHP_66940,16208.5,379319.8
SHP_66942,202919.9,4535831.0
SHP_66943,185234.1,4623395.0
SHP_66946,67572.5,1572158.3
SHP_66947,847.4,12770.5
SHP_66948,100358.8,2437151.0
SHP_66949,163256.6,4065622.0
SHP_66954,16208.5,379319.8
SHP_66955,127809.8,3152424.5
SHP_66959,53640.1,1281710.5
SHP_66960,87065.3,2060373.6
SHP_66961,80728.8,1922264.3
SHP_66963,122908.7,3119603.8
SHP_66964,87882.9,2137175.8
SHP_66965,175636.9,4460058.0
SHP_66967,174436.5,4432637.5
SHP_66971,57516.5,1406530.3
SHP_66972,163649.5,4069183.5
SHP_66973,172950.0,4399406.5
SHP_66974,197006.9,4892896.0
SHP_66978,44179.2,1076833.6
SHP_66981,59499.0,1447937.3
SHP_66984,2847.0,55449.0
SHP_66985,87453.4,2075206.6
SHP_66986,84636.5,2039809.0
SHP_66990,148761.3,3789963.8
SHP_66991,173061.2,4400829.5
SHP_66992,2543.7,45369.9
SHP_66997,170837.2,4345370.5
SHP_66998,67747.9,1576116.0
SHP_66999,44335.4,1083420.0
SHP_67001,88050.2,2076538.5
SHP_67002,170413.6,4336483.5
SHP_67006,87025.1,2060122.9
SHP_67007,86819.0,2058796.5
SHP_67008,103257.0,2504870.8
SHP_67010,195205.8,4850724.0
SHP_67013,63038.1,1537412.5
SHP_67014,173958.8,4408568.5
SHP_67016,87152.6,2065288.3
SHP_67017,68319.7,1662855.1
SHP_67018,149256.9,3787900.0
SHP_67020,81020.6,1966173.8
SHP_67021,171163.3,4288561.0
SHP_67024,83346.9,2034871.4
SHP_67028,57516.5,1406530.3
SHP_67029,91693.8,2174888.0
SHP_67032,91387.3,2169566.3
SHP_67037,93089.5,2236122.8
SHP_67038,88487.9,2154792.3
SHP_67041,98782.0,2383364.3
SHP_67043,16100.2,381655.8
SHP_67044,59540.2,1450323.6
SHP_67046,173958.8,4408568.5
SHP_67049,97658.9,2303500.0
SHP_67050,18160.9,403821.6
SHP_67051,92412.0,2215828.8
SHP_67056,87751.7,2070180.5
SHP_67057,134735.3,3330798.3
SHP_67058,78154.6,1849040.4
SHP_67059,197220.7,4916118.0
SHP_67060,90107.8,2146128.3
SHP_67061,87514.8,2149658.8
SHP_67064,52586.7,1254448.9
SHP_67066,89504.4,2114582.0
SHP_67070,16570.4,385895.6
SHP_67071,171264.5,4342754.5
SHP_67075,64588.7,1545096.5
SHP_67076,172371.3,4379592.0
SHP_67077,109748.2,2641785.0
SHP_67078,185995.1,4689864.0
SHP_67079,87332.3,2064598.5
SHP_67080,78860.8,1849589.9
SHP_67081,53533.0,1296744.0
SHP_67084,91902.4,2177570.3
SHP_67085,217881.7,5451239.0
SHP_67087,86682.4,2059640.0
SHP_67088,52531.4,1212172.1
SHP_67089,78042.0,1911796.8
SHP_67090,86612.6,2052361.3
SHP_67093,209284.8,5262091.5
SHP_67096,92340.6,2218156.5
SHP_67098,84363.0,2010343.6
SHP_67099,54667.3,1288230.3
SHP_67101,212434.8,5326675.5
SHP_67106,2944.1,55402.8
SHP_67109,177278.4,4497451.0
SHP_67111,166708.1,4250005.0
SHP_67113,2798.7,57113.3
SHP_67114,192615.2,4794209.0
SHP_67115,87091.1,2115973.5
SHP_67116,174199.0,4425824.5
SHP_67121,167128.6,4261510.0
SHP_67124,110177.4,2691348.8
SHP_67125,135977.7,3369447.8
SHP_67126,65291.0,1561731.8
SHP_67127,169436.2,4304029.0
SHP_67128,2543.7,45369.9
SHP_67131,172326.4,4378835.5
SHP_67132,180746.4,4575104.0
SHP_67135,116073.0,2785204.0
SHP_67136,167808.0,4278053.5
SHP_67138,183140.8,4631605.5
SHP_67141,86715.4,2055850.3
SHP_67144,94938.3,2236525.8
SHP_67148,102246.3,2483132.0
SHP_67149,67109.0,1565910.9
SHP_67151,197412.3,4899903.5
SHP_67152,65071.9,1555960.5
SHP_67155,53082.1,1273046.4
SHP_67156,166467.3,4247641.5
SHP_67162,76181.5,1833698.3
SHP_67164,101057.6,2389687.5
SHP_67165,69865.5,1693958.4
SHP_67167,133421.7,3305351.8
SHP_67168,172165.3,4377828.0
SHP_67171,174809.6,4441331.5
SHP_67177,168727.3,4296874.0
SHP_67182,93107.2,2204778.8
SHP_67186,73673.6,1766306.5
SHP_67190,70723.1,1687977.3
SHP_67191,193962.3,4823309.0
SHP_67192,173061.2,4400829.5
SHP_67193,100847.7,2425252.5
SHP_67195,173772.5,4417168.5
SHP_67198,117025.5,2829658.5
SHP_67200,88685.0,2152120.3
SHP_67202,169246.4,4301592.0
SHP_67203,170289.3,4337121.5
SHP_67206,173162.8,4396578.5
SHP_67207,1750.9,27104.0
SHP_67208,173641.3,4402024.5
SHP_67212,192132.8,4761586.0
SHP_67213,174105.5,4426637.5
SHP_67216,91430.7,2196804.0
SHP_67218,86974.8,2109096.0
SHP_67219,169130.0,4310027.0
SHP_67224,178808.1,4462614.5
SHP_67226,163853.8,4091384.5
SHP_67227,87751.7,2070180.5
SHP_67228,81238.3,1929682.3
SHP_67229,78042.0,1911796.8
SHP_67231,45440.5,1108184.8
SHP_67232,87759.8,2069667.6
SHP_67238,92666.2,2235409.5
SHP_67240,212225.7,5331509.5
SHP_67243,85960.7,2042263.9
SHP_67245,133362.5,3304139.0
SHP_67246,87749.3,2077039.9
SHP_67248,166467.3,4247641.5
SHP_67249,133074.1,3221484.0
SHP_67251,31454.0,769440.4
SHP_67255,195205.8,4850724.0
SHP_67260,174269.4,4428713.5
SHP_67261,39246.8,928655.6
SHP_67264,172129.3,4375230.0
SHP_67266,90771.7,2150526.0
SHP_67267,94692.4,2267777.8
SHP_67272,91498.5,2143195.3
SHP_67275,86777.6,2109936.5
SHP_67277,192417.8,4797819.5
SHP_67283,168932.1,4300549.0
SHP_67284,214878.6,5328847.5
SHP_67286,1832.8,30080.7
SHP_67288,212283.1,5315632.0
SHP_67291,81027.5,1945883.0
SHP_67292,183524.0,4638457.0
SHP_67293,53082.1,1273046.4
SHP_67294,90771.7,2150526.0
SHP_67295,93310.2,2242805.0
SHP_67297,204324.8,5102045.0
SHP_67300,78285.4,1840768.3
SHP_67301,76625.2,1876725.8
SHP_67302,172709.5,4388108.0
SHP_67303,172651.8,4382966.0
SHP_67307,173641.3,4402024.5
SHP_67308,108363.6,2634033.3
SHP_67310,101586.0,2466076.5
SHP_67311,83312.4,1991370.0
SHP_67312,57112.2,1363462.1
SHP_67315,54388.3,1279911.0
SHP_67317,728.5,10397.5
SHP_67318,120998.1,3079142.3
SHP_67319,80730.4,1965913.5
SHP_67320,125260.5,3178675.0
SHP_67321,133960.9,3316628.5
SHP_67323,91430.7,2196804.0
SHP_67324,215154.6,5329868.0
SHP_67326,177568.4,4436464.5
SHP_67327,166685.2,4253028.5
SHP_67330,79335.5,1886956.6
SHP_67331,15912.6,374670.9
SHP_67332,92982.8,2174954.0
SHP_67339,83735.6,1987803.5
SHP_67340,209335.5,5268576.5
SHP_67343,85457.0,2031283.8
SHP_67346,173803.7,4419081.0
SHP_67347,93083.8,2201877.3
SHP_67348,171693.9,4368010.0
SHP_67350,172003.5,4372249.0
SHP_67351,87118.6,2059513.8
SHP_67354,172978.6,4399849.5
SHP_67356,167938.1,4279659.0
SHP_67361,87152.6,2065288.3
SHP_67362,83549.1,1986415.1
SHP_67363,92169.8,2180533.3
SHP_67364,79332.3,1866274.6
SHP_67365,83360.1,2034890.8
SHP_67367,172683.9,4388490.5
SHP_67368,173029.2,4397876.0
SHP_67369,87097.3,2060779.3
SHP_67370,127118.8,3137193.3
SHP_67379,172307.5,4378695.0
SHP_67380,172780.7,4396661.0
SHP_67385,172582.3,4384413.0
SHP_67394,87861.9,2104506.0
SHP_67397,65071.9,1555960.5
SHP_67400,44335.4,1083420.0
SHP_67402,193292.5,4820723.0
SHP_67403,170769.3,4344248.0
SHP_67405,53526.8,1277554.3
SHP_67407,84211.2,2001906.8
SHP_67408,162983.2,4071929.5
SHP_67409,76291.8,1820828.6
SHP_67412,163104.5,4058752.8
SHP_67413,89049.8,2101555.5
SHP_67415,31454.0,769440.4
SHP_67418,87865.5,2077176.8
SHP_67420,170916.2,4283878.0
SHP_67422,90499.6,2153443.0
SHP_67424,172332.8,4378777.0
SHP_67425,73393.9,1759204.5
SHP_67426,1124.6,17962.6
SHP_67428,149086.3,3802294.3
SHP_67429,167508.8,4268630.0
SHP_67433,212985.6,5328169.5
SHP_67434,148378.2,3781990.5
SHP_67435,64768.2,1577468.5
SHP_67436,77379.7,1849329.9
SHP_67441,88904.5,2141009.5
SHP_67442,87605.6,2124796.8
SHP_67443,172183.5,4375343.0
SHP_67447,108363.6,2634033.3
SHP_67448,90627.1,2183058.8
SHP_67451,86858.2,2057529.9
SHP_67454,42674.4,1031555.0
SHP_67455,86282.3,2050475.4
SHP_67457,78922.7,1927550.9
SHP_67458,172082.3,4371717.0
SHP_67459,195870.7,4870670.5
SHP_67460,196360.5,4892473.0
SHP_67462,77401.4,1816048.0
SHP_67465,175395.0,4454977.5
SHP_67473,168384.8,4283905.5
SHP_67476,88092.2,2081914.0
SHP_67478,172644.3,4385713.0
SHP_67482,73421.8,1772109.3
SHP_67483,96611.1,2263436.3
SHP_67485,67001.4,1563828.0
SHP_67491,53285.4,1263904.9
SHP_67493,53526.8,1277554.3
SHP_67497,116073.0,2785204.0
SHP_67499,46899.9,1121550.1
SHP_67503,78530.9,1846842.8
SHP_67507,79811.4,1949166.8
SHP_67509,194384.8,4845698.0
SHP_67510,87079.5,2059857.1
SHP_67511,83577.0,1988152.5
SHP_67512,116073.0,2785204.0
SHP_67514,85961.6,2036359.0
SHP_67516,170413.6,4336483.5
SHP_67520,177628.8,4439086.0
SHP_67523,178904.7,4464360.0
SHP_67526,181231.2,4519624.5
SHP_67531,1868.2,30477.0
SHP_67532,43951.2,1074196.0
SHP_67533,91693.5,2174712.5
SHP_67534,88304.5,2084077.8
SHP_67540,168652.3,4286894.0
SHP_67542,1832.8,30080.7
SHP_67543,172738.5,4391909.0
SHP_67544,87162.2,2069134.5
SHP_67545,90737.7,2156215.3
SHP_67548,195026.2,4847341.0
SHP_67549,79603.4,1886747.5
SHP_67551,93564.3,2210420.3
SHP_67554,75934.9,1811826.4
SHP_67559,170557.3,4343279.0
SHP_67561,149979.2,3819442.0
SHP_67565,81064.3,1926838.1
SHP_67566,92169.8,2180533.3
SHP_67568,77179.0,1847672.9
SHP_67570,77305.7,1846212.3
SHP_67572,92005.0,2209536.0
SHP_67573,96948.7,2292251.0
SHP_67576,163104.5,4058752.8
SHP_67579,88771.3,2153184.0
SHP_67580,31454.0,769440.4
SHP_67584,75659.5,1789570.0
SHP_67585,127118.8,3137193.3
SHP_67588,87052.4,2111484.0
SHP_67590,83545.1,1981291.8
SHP_67591,194061.8,4825438.0
SHP_67593,19508.1,462855.3
SHP_67594,91649.3,2174237.8
SHP_67596,168665.4,4296115.0
SHP_67597,87605.6,2124796.8
SHP_67599,170739.1,4338215.0
SHP_67602,86663.9,2055202.8
SHP_67604,88383.1,2078028.1
SHP_67605,103658.9,2422493.0
SHP_67606,171348.3,4357489.0
SHP_67607,175636.9,4460058.0
SHP_67611,174797.9,4423970.0
SHP_67615,61569.1,1490556.1
SHP_67616,85851.5,2044507.3
SHP_67618,117733.7,2827577.5
SHP_67620,44196.0,1077042.9
SHP_67623,148696.0,3789227.0
SHP_67624,79498.9,1894582.1
SHP_67627,101983.8,2476653.0
SHP_67633,100527.2,2350292.5
SHP_67634,88685.0,2152120.3
SHP_67635,208566.6,5253917.5
SHP_67637,172807.4,4397011.0
SHP_67640,86663.0,2057755.0
SHP_67643,53640.1,1281710.5
SHP_67646,197023.6,4892883.5
SHP_67650,77130.8,1843820.8
SHP_67651,172598.9,4389538.0
SHP_67653,173136.7,4397620.0
SHP_67655,172844.2,4391044.5
SHP_67659,87244.7,2071051.4
SHP_67660,92249.8,2183960.5
SHP_67662,82066.6,1949136.3
SHP_67663,684.6,10086.5
SHP_67664,80381.9,1957410.3
SHP_67666,96824.6,2268463.5
SHP_67667,90107.8,2146128.3
SHP_67668,81252.1,1927636.6
SHP_67670,181554.9,4529207.0
SHP_67671,168665.4,4296115.0
SHP_67674,167915.4,4282205.0
SHP_67675,87679.4,2129949.5
SHP_67676,173210.2,4402371.5
SHP_67682,92107.6,2210788.3
SHP_67684,171573.0,4361264.0
SHP_67686,212327.0,5324911.0
SHP_67687,95091.6,2295968.0
SHP_67689,84356.6,2009980.8
SHP_67691,97871.8,2247834.5
SHP_67692,170769.3,4344248.0
SHP_67693,80256.9,1912248.0
SHP_67694,91355.5,2241849.5
SHP_67696,61198.9,1474162.5
SHP_67698,87511.9,2072632.4
SHP_67702,110177.4,2691348.8
SHP_67706,173641.3,4402024.5
SHP_67707,91792.7,2175779.3
SHP_67709,16013.7,377174.0
SHP_67710,81017.6,1968340.0
SHP_67711,142162.2,3615541.5
SHP_67714,171586.8,4362990.5
SHP_67723,90564.5,2154303.8
SHP_67725,56535.2,1386083.3
SHP_67728,80807.1,1966822.3
SHP_67729,81301.1,1973582.5
SHP_67730,81646.2,1981588.0
SHP_67732,41250.7,973571.6
SHP_67733,172383.7,4385537.5
SHP_67734,88066.9,2072551.5
SHP_67737,87463.8,2074893.5
SHP_67738,81646.2,1981588.0
SHP_67739,86665.1,2058746.3
SHP_67741,1252.3,19122.0
SHP_67745,92316.0,2191081.5
SHP_67746,84581.4,2011573.0
SHP_67747,78650.3,1924442.3
SHP_67748,101477.9,2466295.0
SHP_67751,92340.6,2218156.5
SHP_67752,101437.3,2459843.3
SHP_67761,1684.8,24216.8
SHP_67763,177591.4,4431879.5
SHP_67765,92107.6,2210788.3
SHP_67767,101951.9,2475877.5
SHP_67768,94171.3,2223053.8
SHP_67769,87094.7,2117296.8
SHP_67770,166824.6,4256392.0
SHP_67773,169511.6,4314193.5
SHP_67774,110177.4,2691348.8
SHP_67775,43659.7,1069165.9
SHP_67780,196333.7,4877019.0
SHP_67784,97992.6,2351998.0
SHP_67785,198550.7,4932261.0
SHP_67788,93083.8,2201877.3
SHP_67789,44096.0,1075920.4
SHP_67793,78336.8,1839919.8
SHP_67796,177587.3,4504096.5
SHP_67798,92376.9,2165579.5
SHP_67803,92929.4,2227348.3
SHP_67804,174197.6,4425868.0
SHP_67806,193529.1,4811730.0
SHP_67810,168665.4,4296115.0
SHP_67811,192072.0,4765440.0
SHP_67812,186208.1,4647440.0
SHP_67813,117952.0,2828967.5
SHP_67816,168665.4,4296115.0
SHP_67817,170413.6,4336483.5
SHP_67818,102560.3,2390187.5
SHP_67821,81902.4,1964181.8
SHP_67824,73573.7,1764015.1
SHP_67829,73393.9,1759204.5
SHP_67830,211767.9,5308135.0
SHP_67831,195990.7,4879869.0
SHP_67836,100358.8,2437151.0
SHP_67839,94465.2,2231311.5
SHP_67840,150115.8,3821025.5
SHP_67843,1832.8,30080.7
SHP_67844,64806.0,1546431.4
SHP_67848,2436.2,46215.1
SHP_67851,86570.5,2054442.1
SHP_67852,80468.3,1913374.9
SHP_67853,86663.0,2057755.0
SHP_67854,78992.0,1873243.1
SHP_67860,150115.8,3821025.5
SHP_67861,90429.2,2225724.8
SHP_67862,86349.0,2051045.4
SHP_67865,81064.3,1926838.1
SHP_67866,258.0,2501.3
SHP_67868,76291.8,1820828.6
SHP_67869,169346.4,4307721.0
SHP_67870,172630.0,4389957.0
SHP_67871,169190.5,4308427.0
SHP_67872,87347.8,2063855.0
SHP_67873,80935.0,1945969.4
SHP_67874,87861.9,2104506.0
SHP_67877,167297.8,4267248.0
SHP_67881,73597.3,1764077.0
SHP_67882,1517.9,21515.9
SHP_67885,212283.1,5315632.0
SHP_67887,79252.9,1864135.5
SHP_67889,86123.5,2048434.8
SHP_67890,164030.1,4077403.0
SHP_67891,86282.3,2050475.4
SHP_67895,173467.4,4410870.0
SHP_67896,167826.8,4279158.0
SHP_67899,84211.2,2001906.8
SHP_67900,168735.5,4297887.5
SHP_67901,87996.5,2072017.9
SHP_67906,172478.7,4382278.5
SHP_67913,196624.9,4885531.0
SHP_67918,89036.9,2143331.0
SHP_67921,194812.1,4851714.0
SHP_67922,142162.2,3615541.5
SHP_67925,100527.2,2350292.5
SHP_67926,161018.6,4004106.5
SHP_67929,172332.8,4378777.0
SHP_67930,195616.6,4877608.0
SHP_67936,45348.6,1102088.4
SHP_67938,90499.6,2153443.0
SHP_67940,194360.4,4845181.5
SHP_67941,88107.2,2139925.5
SHP_67942,81902.4,1964181.8
SHP_67945,79080.2,1925531.8
SHP_67946,173871.3,4418561.5
SHP_67947,174833.7,4425420.0
SHP_67948,173326.0,4403960.5
SHP_67953,218954.4,5395635.5
SHP_67955,73498.7,1771430.5
SHP_67964,83312.4,1991370.0
SHP_67967,169330.0,4312990.5
SHP_67969,75853.0,1821178.1
SHP_67970,167624.9,4273710.0
SHP_67971,94232.1,2223476.5
SHP_67972,173516.1,4405345.5
SHP_67973,173052.2,4396506.5
SHP_67974,43436.6,1065542.4
SHP_67975,177834.5,4439926.0
SHP_67978,80888.5,1966989.0
SHP_67984,173641.3,4402024.5
SHP_67988,169511.0,4314872.5
SHP_67989,71022.3,1716222.0
SHP_68001,92316.0,2191081.5
SHP_68002,172307.5,4378695.0
SHP_68004,80445.2,1913906.5
SHP_68005,167204.4,4263770.5
SHP_68006,167578.1,4273137.5
SHP_68007,167128.6,4261510.0
SHP_68008,92340.6,2218156.5
SHP_68009,173746.1,4402235.0
SHP_68012,116073.0,2785204.0
SHP_68013,78992.0,1873243.1
SHP_68014,148696.0,3789227.0
SHP_68018,2944.1,55402.8
SHP_68020,79560.9,1942300.6
SHP_68021,148243.2,3778249.0
SHP_68023,65278.0,1562072.1
SHP_68027,173399.3,4408596.0
SHP_68028,182237.3,4549019.0
SHP_68033,86821.9,2057249.5
SHP_68035,89763.2,2128986.0
SHP_68037,170509.0,4340987.5
SHP_68040,1860.4,31658.4
SHP_68041,53512.5,1270456.4
SHP_68042,64.8,514.5
SHP_68043,195257.8,4853474.5
SHP_68044,170666.1,4339106.5
SHP_68045,77686.5,1905346.8
SHP_68046,77161.2,1891946.1
SHP_68048,177353.0,4412126.0
SHP_68050,102078.1,2477533.3
SHP_68053,92212.2,2189399.8
SHP_68055,101983.0,2477619.8
SHP_68057,19508.1,462855.3
SHP_68060,172460.0,4378207.0
SHP_68062,75549.9,1817110.5
SHP_68064,80807.1,1966822.3
SHP_68067,87110.7,2060647.9
SHP_68069,69970.7,1672033.5
SHP_68070,83549.1,1986415.1
SHP_68071,92436.0,2217564.3
SHP_68072,91384.1,2169711.0
SHP_68076,167546.5,4270888.0
SHP_68077,197357.4,4897967.5
SHP_68080,91430.7,2196804.0
SHP_68081,204324.8,5102045.0
SHP_68082,173370.9,4398669.5
SHP_68083,163574.0,4068693.0
SHP_68088,91810.0,2202635.0
SHP_68089,90515.8,2153873.3
SHP_68090,863.4,13484.4
SHP_68094,77856.3,1860708.5
SHP_68095,193560.8,4813864.0
SHP_68101,186019.2,4688369.5
SHP_68110,77770.1,1822772.1
SHP_68111,172751.5,4393148.5
SHP_68112,87144.3,2060282.1
SHP_68113,188419.5,4698740.0
SHP_68115,168524.4,4285750.0
SHP_68117,127525.7,3135209.5
SHP_68118,89349.8,2104610.5
SHP_68120,78102.8,1862004.6
SHP_68121,164106.1,4097328.0
SHP_68124,172978.6,4399849.5
SHP_68125,41250.7,973571.6
SHP_68128,88625.1,2170806.3
SHP_68130,65485.7,1561498.9
SHP_68134,167436.3,4268839.0
SHP_68137,168735.5,4297887.5
SHP_68141,81646.2,1981588.0
SHP_68142,168807.3,4289826.5
SHP_68145,182253.1,4548597.5
SHP_68146,134580.5,3313574.5
SHP_68148,2543.7,45369.9
SHP_68149,117476.2,2837807.5
SHP_68152,90916.8,2234383.5
SHP_68154,87276.1,2062157.6
SHP_68155,103903.3,2421252.0
SHP_68157,175238.3,4450556.5
SHP_68158,18160.9,403821.6
SHP_68160,99359.3,2393344.5
SHP_68165,149360.4,3808708.0
SHP_68167,194383.4,4832908.0
SHP_68168,90501.6,2116541.5
SHP_68176,87167.9,2069278.4
SHP_68177,97658.9,2303500.0
SHP_68178,195365.2,4857959.0
SHP_68180,163147.2,4058968.0
SHP_68183,66600.8,1557070.4
SHP_68186,92340.6,2218156.5
SHP_68187,171812.7,4370761.5
SHP_68189,87860.2,2070680.4
SHP_68191,195560.8,4870634.0
SHP_68193,172163.8,4375336.0
SHP_68194,194257.2,4924571.0
SHP_68195,2944.1,55402.8
SHP_68198,177190.8,4497453.5
SHP_68207,86704.4,2107340.8
SHP_68210,45348.6,1102088.4
SHP_68211,91719.5,2174941.3
SHP_68217,92169.8,2180533.3
SHP_68219,79749.0,1945408.1
SHP_68221,75713.7,1818021.6
SHP_68222,62825.3,1531176.8
SHP_68226,93571.6,2216523.5
SHP_68228,84973.6,2021887.3
SHP_68233,167380.9,4269839.0
SHP_68235,87848.8,2072516.0
SHP_68237,41196.6,971770.0
SHP_68240,56394.6,1385923.8
SHP_68241,1825.4,32692.2
SHP_68242,91828.4,2175840.8
SHP_68244,142625.0,3625655.5
SHP_68245,193303.4,4820903.0
SHP_68249,192615.2,4794209.0
SHP_68251,99359.3,2393344.5
SHP_68253,91752.5,2175192.0
SHP_68254,91930.8,2208945.8
SHP_68255,99742.2,2415866.0
SHP_68257,156446.4,3998090.0
SHP_68258,40169.5,945759.9
SHP_68262,173483.4,4409680.0
SHP_68263,168500.9,4284715.5
SHP_68264,195382.1,4874077.5
SHP_68267,67556.3,1633267.3
SHP_68268,192270.9,4782959.0
SHP_68270,193826.8,4821049.0
SHP_68273,96049.5,2249824.0
SHP_68279,92063.0,2180912.0
SHP_68282,76224.9,1825548.1
SHP_68289,69640.8,1688414.0
SHP_68291,86570.5,2054442.1
SHP_68292,88066.9,2072551.5
SHP_68295,64586.0,1573175.1
SHP_68296,86858.2,2057529.9
SHP_68297,174436.5,4432637.5
SHP_68299,163309.5,4064760.0
SHP_68303,127442.2,3142658.5
SHP_68304,87464.6,2074903.4
SHP_68306,81013.3,1923764.6
SHP_68307,133852.3,3290604.0
SHP_68311,90618.1,2153724.3
SHP_68315,75955.2,1815917.0
SHP_68318,91556.8,2172254.5
SHP_68319,87613.5,2077565.9
SHP_68321,148378.2,3781990.5
SHP_68327,73149.5,1766718.0
SHP_68329,173483.4,4409680.0
SHP_68332,90359.6,2126937.8
SHP_68336,89998.3,2119179.0
SHP_68346,148614.5,3790311.8
SHP_68347,90699.0,2180305.5
SHP_68349,23114.2,552892.8
SHP_68350,92412.0,2215828.8
SHP_68351,173163.8,4402602.0
SHP_68355,80473.5,1909402.5
SHP_68356,120641.0,2924179.0
SHP_68358,93074.5,2200377.3
SHP_68359,67582.0,1573198.0
SHP_68360,2259.2,42982.5
SHP_68361,62600.5,1465854.3
SHP_68368,18584.5,408916.3
SHP_68369,110177.4,2691348.8
SHP_68371,172266.7,4380594.5
SHP_68374,72074.9,1733740.9
SHP_68375,163460.2,4067234.5
SHP_68378,173307.8,4403265.5
SHP_68379,78530.9,1846842.8
SHP_68380,92042.6,2154119.5
SHP_68385,168976.5,4307509.0
SHP_68386,173335.3,4405406.0
SHP_68387,2543.7,45369.9
SHP_68388,209306.4,5267616.0
SHP_68391,95445.4,2260368.0
SHP_68393,117957.6,2830471.0
SHP_68394,87865.5,2077176.8
SHP_68397,88685.0,2152120.3
SHP_68401,79332.3,1866274.6
SHP_68404,86612.6,2052361.3
SHP_68409,87664.9,2070154.8
SHP_68412,84061.7,1989056.3
SHP_68416,85652.8,2033507.0
SHP_68419,212327.0,5324911.0
SHP_68421,95257.2,2244398.0
SHP_68427,53406.8,1268465.0
SHP_68428,102505.4,2389492.0
SHP_68429,81238.3,1929682.3
SHP_68430,211538.7,5321103.0
SHP_68431,142426.4,3624870.0
SHP_68434,83491.2,1980058.8
SHP_68436,81747.1,1943413.3
SHP_68437,186208.1,4647440.0
SHP_68446,82569.3,1956400.8
SHP_68449,142707.1,3626225.3
SHP_68450,99304.8,2319118.5
SHP_68454,195205.8,4850724.0
SHP_68456,55123.0,1303479.4
SHP_68457,53406.8,1268465.0
SHP_68462,88685.0,2152120.3
SHP_68464,174002.0,4423456.5
SHP_68467,87131.8,2059568.6
SHP_68468,173263.6,4402180.0
SHP_68469,209284.8,5262091.5
SHP_68470,167524.4,4270140.0
SHP_68472,173246.4,4397652.0
SHP_68473,173204.4,4401019.5
SHP_68476,172962.5,4399598.5
SHP_68477,76806.8,1826330.1
SHP_68478,164112.9,4098720.5
SHP_68482,177568.4,4436464.5
SHP_68487,173871.3,4418561.5
SHP_68488,197357.4,4897967.5
SHP_68489,42162.1,1036085.4
SHP_68491,86570.5,2054442.1
SHP_68493,110169.6,2692460.5
SHP_68496,65450.5,1561218.8
SHP_68497,212283.1,5315632.0
SHP_68498,197610.4,4901145.0
SHP_68500,90932.1,2162128.0
SHP_68501,87664.9,2070154.8
SHP_68511,87419.6,2064113.5
SHP_68512,94974.2,2244932.5
SHP_68513,194061.8,4825438.0
SHP_68516,40501.8,957360.7
SHP_68518,97207.5,2341803.0
SHP_68520,91444.0,2167953.8
SHP_68524,86020.3,2089559.8
SHP_68525,38923.2,950595.0
SHP_68530,171260.8,4357058.0
SHP_68533,23122.6,552947.3
SHP_68534,89511.5,2175120.0
SHP_68539,194507.7,4829928.0
SHP_68540,85006.6,2023396.0
SHP_68543,102138.2,2479354.8
SHP_68545,87510.8,2073489.5
SHP_68547,178266.3,4450991.0
SHP_68550,75678.5,1819757.5
SHP_68552,82921.7,1945558.4
SHP_68555,194384.8,4845698.0
SHP_68559,191688.9,4765850.0
SHP_68561,170413.6,4336483.5
SHP_68568,120998.1,3079142.3
SHP_68569,135977.7,3369447.8
SHP_68575,87511.9,2072632.4
SHP_68577,172332.8,4378777.0
SHP_68582,16259.8,382068.9
SHP_68584,188418.4,4700250.5
SHP_68585,91732.4,2176460.3
SHP_68586,87848.8,2072516.0
SHP_68587,150509.2,3833237.3
SHP_68588,85265.8,2026644.6
SHP_68589,97219.9,2347466.5
SHP_68593,87390.9,2064551.3
SHP_68598,84363.0,2010343.6
SHP_68603,78922.7,1927550.9
SHP_68604,88752.2,2094678.8
SHP_68605,2543.7,45369.9
SHP_68607,77331.8,1828251.4
SHP_68610,70827.0,1706951.0
SHP_68611,56535.2,1386083.3
SHP_68612,167808.0,4278053.5
SHP_68613,56238.0,1348214.0
SHP_68616,172528.3,4389065.5
SHP_68618,171955.1,4366135.0
SHP_68622,92951.0,2230044.8
SHP_68623,84581.4,2011573.0
SHP_68624,18348.5,438012.2
SHP_68625,86440.7,2053061.1
SHP_68630,88996.2,2163935.5
SHP_68632,149821.3,3813245.0
SHP_68633,93803.1,2179640.0
SHP_68634,1592.9,23646.3
SHP_68637,193962.3,4823309.0
SHP_68640,98007.2,2355864.3
SHP_68642,81502.0,1977156.5
SHP_68644,91719.5,2174941.3
SHP_68647,83577.0,1988152.5
SHP_68649,84921.1,2022085.5
SHP_68651,56398.3,1385960.4
SHP_68652,87743.2,2127488.3
SHP_68654,80256.9,1912248.0
SHP_68657,193874.5,4871251.5
SHP_68663,87051.7,2061272.5
SHP_68669,173494.5,4407303.5
SHP_68671,70856.4,1707005.9
SHP_68672,88487.9,2154792.3
SHP_68679,198055.0,4915600.0
SHP_68682,91088.7,2186005.3
SHP_68686,86824.9,2107298.0
SHP_68691,86448.0,2102631.8
SHP_68692,175397.3,4452783.5
SHP_68694,55592.3,1317528.8
SHP_68697,177568.4,4436464.5
SHP_68698,171984.0,4370959.5
SHP_68699,75659.5,1789570.0
SHP_68700,88097.9,2169635.5
SHP_68701,79539.8,1941902.6
SHP_68705,135977.7,3369447.8
SHP_68709,86821.9,2057249.5
SHP_68712,172737.3,4394355.0
SHP_68715,175238.3,4450556.5
SHP_68716,209122.2,5264171.0
SHP_68718,127525.7,3135209.5
SHP_68719,135977.7,3369447.8
SHP_68721,763.6,11584.6
SHP_68722,167864.8,4279334.0
SHP_68724,41196.6,971770.0
SHP_68726,174918.6,4440670.0
SHP_68727,194622.0,4836245.0
SHP_68731,66600.8,1557070.4
SHP_68732,174990.6,4429739.0
SHP_68733,173472.3,4406066.5
SHP_68737,91105.1,2196790.3
SHP_68739,99359.3,2393344.5
SHP_68741,101834.2,2472888.0
SHP_68744,65277.8,1549232.3
SHP_68747,92377.9,2185889.8
SHP_68748,56398.3,1385960.4
SHP_68751,87373.1,2065933.9
SHP_68752,173690.0,4415490.0
SHP_68753,39246.8,928655.6
SHP_68754,23075.3,550604.9
SHP_68755,86715.4,2055850.3
SHP_68757,77856.3,1860708.5
SHP_68760,135977.7,3369447.8
SHP_68761,88286.4,2083867.8
SHP_68764,78126.7,1862655.6
SHP_68768,186208.1,4647440.0
SHP_68770,84466.2,2028388.4
SHP_68772,173727.0,4414553.0
SHP_68773,81134.3,1931337.1
SHP_68775,173350.7,4401299.5
SHP_68777,87827.4,2078222.3
SHP_68781,173689.0,4416071.0
SHP_68783,173191.2,4401193.5
SHP_68784,169629.4,4317559.5
SHP_68788,103277.3,2413434.8
SHP_68790,91105.1,2196790.3
SHP_68791,87395.3,2074287.0
SHP_68792,74180.2,1776785.3
SHP_68795,57190.2,1403118.3
SHP_68800,101363.9,2463164.3
SHP_68801,204324.8,5102045.0
SHP_68804,101586.0,2466076.5
SHP_68812,91600.8,2255657.0
SHP_68813,81902.4,1964181.8
SHP_68815,173399.3,4408596.0
SHP_68817,208895.2,5260896.0
SHP_68821,110177.4,2691348.8
SHP_68822,160237.7,4092678.5
SHP_68825,56548.6,1388900.8
SHP_68826,850.7,13300.6
SHP_68827,196443.2,4892748.0
SHP_68828,193962.3,4823309.0
SHP_68830,173735.2,4402221.0
SHP_68831,166708.1,4250005.0
SHP_68834,127118.8,3137193.3
SHP_68837,87396.6,2074359.0
SHP_68839,77179.0,1847672.9
SHP_68842,133572.9,3271830.0
SHP_68843,6271.1,134705.4
SHP_68847,148696.0,3789227.0
SHP_68852,212676.3,5327736.5
SHP_68856,134725.6,3315278.5
SHP_68858,93612.1,2216903.0
SHP_68859,69970.7,1672033.5
SHP_68860,95756.5,2259945.3
SHP_68861,87013.8,2059099.3
SHP_68862,93728.5,2216817.5
SHP_68863,167284.8,4266330.0
SHP_68866,133960.9,3316628.5
SHP_68868,95343.3,2255918.3
SHP_68869,87051.7,2061272.5
SHP_68871,218954.4,5395635.5
SHP_68873,162847.3,4052841.0
SHP_68875,212327.0,5324911.0
SHP_68878,16570.4,385895.6
SHP_69061,92282.5,2187738.0
SHP_69102,134863.1,3334943.5
SHP_69222,173349.7,4398633.0
SHP_69243,39246.8,928655.6
SHP_69352,196600.3,4884563.0
SHP_69483,204324.8,5102045.0
SHP_69589,80084.5,1888160.5
SHP_69652,193874.5,4871251.5
SHP_69681,148063.1,3776836.5
SHP_69700,42162.1,1036085.4
SHP_69802,172540.0,4382333.0
SHP_69942,23122.6,552947.3
SHP_69944,44500.3,1089583.0
SHP_69946,86473.7,2099183.0
SHP_69948,193747.0,4818324.0
SHP_69950,134725.6,3315278.5
SHP_69951,82276.4,1952657.6
SHP_69952,42162.1,1036085.4
SHP_69954,91521.8,2169613.3
SHP_69955,56424.6,1385903.3
SHP_69957,195246.8,4862182.0
SHP_69958,69996.8,1697505.1
SHP_69959,89511.5,2175120.0
SHP_69961,173399.3,4408596.0
SHP_69962,67896.2,1632863.9
SHP_69964,195966.0,4872931.0
SHP_69966,103113.9,2402942.3
SHP_69968,69970.7,1672033.5
SHP_69970,84466.2,2028388.4
SHP_69972,52920.3,1284154.5
SHP_69974,142171.7,3621428.0
SHP_69976,170837.2,4345370.5
SHP_69977,86405.2,2051871.4
SHP_69979,77179.0,1847672.9
SHP_69980,74403.4,1796650.3
SHP_69981,61198.9,1474162.5
SHP_69982,69996.8,1697505.1
SHP_69984,171586.8,4362990.5
SHP_69986,85058.4,2014652.6
SHP_69988,91088.7,2186005.3
SHP_69992,57234.8,1402601.5
SHP_69994,77433.7,1850886.9
SHP_69995,117476.2,2837807.5
SHP_69997,121854.4,3096169.0
SHP_69999,92866.5,2221135.8
SHP_70001,173136.4,4396009.0
SHP_70002,88544.8,2149842.5
SHP_70003,91571.0,2158449.0
SHP_70005,172598.9,4389538.0
SHP_70007,80730.4,1965913.5
SHP_70009,86773.1,2058313.1
SHP_70010,91317.7,2168717.0
SHP_70012,167436.3,4268839.0
SHP_70014,80937.2,1968075.1
SHP_70016,177278.4,4497451.0
SHP_70017,193747.0,4818324.0
SHP_70019,81902.4,1964181.8
SHP_70020,94974.2,2244932.5
SHP_70021,99237.4,2398315.8
SHP_70023,171264.5,4342754.5
SHP_70024,92666.2,2235409.5
SHP_70025,42674.4,1031555.0
SHP_70027,86987.5,2058931.3
SHP_70028,78829.7,1855841.8
SHP_70030,87074.6,2059087.6
SHP_70031,41196.6,971770.0
SHP_70033,162983.2,4071929.5
SHP_70035,87684.5,2078164.1
SHP_70036,68705.7,1666645.1
SHP_70038,136835.7,3385916.0
SHP_70040,79252.9,1864135.5
SHP_70042,44096.0,1075920.4
SHP_70043,172808.1,4397528.0
SHP_70045,174750.0,4438428.5
SHP_70047,83549.1,1986415.1
SHP_70048,78070.5,1912222.5
SHP_70049,164076.9,4080643.8
SHP_70051,101437.3,2459843.3
SHP_70052,177284.1,4497850.0
SHP_70053,86785.5,2061830.3
SHP_70055,94271.1,2230195.0
SHP_70057,67408.3,1571160.8
SHP_70059,167592.0,4273510.0
SHP_70060,88387.4,2078108.1
SHP_70061,1860.4,31658.4
SHP_70062,91503.1,2201372.5
SHP_70063,91088.7,2186005.3
SHP_70065,701.5,9062.4
SHP_70066,149667.0,3816064.5
SHP_70068,118141.4,2851879.3
SHP_70070,91571.0,2158449.0
SHP_70072,91965.7,2210372.0
SHP_70074,69316.6,1682810.4
SHP_70075,77469.2,1840926.5
SHP_70077,170203.3,4331521.0
SHP_70079,87914.6,2079222.4
SHP_70080,78233.0,1904511.6
SHP_70082,80445.2,1913906.5
SHP_70083,87069.0,2059680.9
SHP_70085,92729.5,2192842.8
SHP_70087,91725.5,2175611.8
SHP_70088,863.4,13484.4
SHP_70090,171348.3,4357489.0
SHP_70092,88598.7,2171409.0
SHP_70094,173435.9,4406942.5
SHP_70096,214878.6,5328847.5
SHP_70098,163117.4,4059862.3
SHP_70100,92070.6,2179359.0
SHP_70102,92436.0,2217564.3
SHP_70103,97415.8,2293805.0
SHP_70104,133362.5,3304139.0
SHP_70106,87396.6,2074359.0
SHP_70108,148865.8,3794637.0
SHP_70110,87169.0,2059820.6
SHP_70111,194257.2,4924571.0
SHP_70113,177190.8,4497453.5
SHP_70115,150282.9,3820609.0
SHP_70116,174908.6,4440504.5
SHP_70118,197240.1,4911337.0
SHP_70119,54667.3,1288230.3
SHP_70120,77903.4,1899878.8
SHP_70122,90541.2,2153010.5
SHP_70123,52920.3,1284154.5
SHP_70125,82826.4,2006342.4
SHP_70127,101901.3,2409683.0
SHP_70129,213326.0,5345976.0
SHP_70131,174541.0,4434444.0
SHP_70132,90429.2,2225724.8
SHP_70133,102505.4,2389492.0
SHP_70135,87110.7,2060647.9
SHP_70136,96824.6,2268463.5
SHP_70138,87162.2,2069134.5
SHP_70139,171495.7,4367236.0
SHP_70141,79105.3,1932845.0
SHP_70142,213281.7,5344454.0
SHP_70144,172163.8,4375336.0
SHP_70146,170202.7,4335461.5
SHP_70148,197026.8,4896959.0
SHP_70150,81502.0,1977156.5
SHP_70152,172197.5,4373946.0
SHP_70154,175636.9,4460058.0
SHP_70155,92304.5,2194288.8
SHP_70157,65278.0,1562072.1
SHP_70160,97550.5,2346601.0
SHP_70161,91470.7,2243681.0
SHP_70163,167204.4,4263770.5
SHP_70164,191688.9,4765850.0
SHP_70166,173871.3,4418561.5
SHP_70167,171108.6,4352487.0
SHP_70169,163281.9,4063206.0
SHP_70170,103659.2,2423056.0
SHP_70172,65416.3,1560842.0
SHP_70173,64588.7,1545096.5
SHP_70174,79342.4,1892792.9
SHP_70176,103659.2,2423056.0
SHP_70178,174629.4,4436830.5
SHP_70180,167284.8,4266330.0
SHP_70181,193780.8,4820274.0
SHP_70183,102247.1,2483145.5
SHP_70184,172479.8,4378479.0
SHP_70186,87052.4,2111484.0
SHP_70188,42847.4,1032140.8
SHP_70190,169139.5,4310200.0
SHP_70192,120641.0,2924179.0
SHP_70193,75715.8,1807861.3
SHP_70194,79979.5,1899247.6
SHP_70196,59602.0,1451751.5
SHP_70197,172347.8,4376207.0
SHP_70199,79749.0,1945408.1
SHP_70200,196333.7,4877019.0
SHP_70201,84806.8,2020027.4
SHP_70203,173191.7,4398801.0
SHP_70204,194622.0,4836245.0
SHP_70205,67109.0,1565910.9
SHP_70207,194383.4,4832908.0
SHP_70208,91531.5,2203840.3
SHP_70210,90499.6,2153443.0
SHP_70211,87419.2,2071980.8
SHP_70212,164042.0,4077638.0
SHP_70214,173136.7,4397620.0
SHP_70215,72977.6,1763942.0
SHP_70216,133407.9,3267798.5
SHP_70219,167546.5,4270888.0
SHP_70221,77545.6,1833570.0
SHP_70223,79979.5,1899247.6
SHP_70225,82507.6,1999341.0
SHP_70226,102553.2,2506043.0
SHP_70228,84434.8,2007548.4
SHP_70230,195164.6,4857697.0
SHP_70231,168665.4,4296115.0
SHP_70235,103658.9,2422493.0
SHP_70237,65626.8,1593714.0
SHP_70240,193461.6,4824308.0
SHP_70242,169210.4,4307420.0
SHP_70244,196599.3,4891312.0
SHP_70246,69628.1,1691599.1
SHP_70248,87860.2,2070680.4
SHP_70249,172651.8,4382966.0
SHP_70251,1750.9,27104.0
SHP_70253,91940.2,2209010.3
SHP_70255,64599.2,1548719.8
SHP_70257,721.0,9204.1
SHP_70259,86858.2,2057529.9
SHP_70260,63231.4,1529032.8
SHP_70261,194223.0,4827710.0
SHP_70263,173116.2,4393509.5
SHP_70264,197060.7,4853814.0
SHP_70266,57282.3,1404087.5
SHP_70268,134725.6,3315278.5
SHP_70269,209335.5,5268576.5
SHP_70271,64621.2,1548845.5
SHP_70272,191241.1,4763401.0
SHP_70273,149667.0,3816064.5
SHP_70275,110177.4,2691348.8
SHP_70277,163460.2,4067234.5
SHP_70278,172020.8,4367875.0
SHP_70280,163306.6,4064513.8
SHP_70281,136620.1,3383269.0
SHP_70283,2944.1,55402.8
SHP_70284,99226.4,2414264.3
SHP_70285,86289.4,2097445.8
SHP_70286,163613.1,4088460.5
SHP_70290,87762.0,2078197.4
SHP_70291,91700.3,2174765.3
SHP_70293,172332.6,4376352.0
SHP_70296,90313.6,2148606.0
SHP_70297,177332.2,4497266.0
SHP_70298,173641.3,4402024.5
SHP_70299,43024.2,1053970.9
SHP_70301,120641.0,2924179.0
SHP_70302,87414.3,2067688.1
SHP_70303,163309.5,4064760.0
SHP_70305,173274.4,4399948.0
SHP_70307,149256.9,3787900.0
SHP_70309,173052.2,4396506.5
SHP_70310,101477.9,2466295.0
SHP_70311,69970.7,1672033.5
SHP_70313,80239.9,1909812.8
SHP_70317,75571.1,1819517.9
SHP_70319,88107.2,2139925.5
SHP_70321,149057.0,3783990.0
SHP_70323,177850.7,4439593.0
SHP_70326,86349.0,2051045.4
SHP_70328,167128.6,4261510.0
SHP_70329,66600.8,1557070.4
SHP_70330,77689.1,1858974.1
SHP_70332,45054.1,1099022.0
SHP_70333,117029.4,2829456.5
SHP_70334,2798.7,57113.3
SHP_70335,85457.0,2031283.8
SHP_70337,195033.8,4850309.0
SHP_70339,79080.2,1925531.8
SHP_70341,80256.9,1912248.0
SHP_70345,173435.9,4406942.5
SHP_70349,55123.0,1303479.4
SHP_70350,149360.4,3808708.0
SHP_70352,173483.4,4409680.0
SHP_70357,194544.4,4837200.0
SHP_70358,172528.3,4389065.5
SHP_70361,99304.8,2319118.5
SHP_70363,91660.1,2174851.5
SHP_70365,173252.4,4405728.0
SHP_70366,45397.0,1104077.1
SHP_70367,68316.5,1661728.3
SHP_70368,86785.5,2061830.3
SHP_70370,64661.9,1549968.0
SHP_70372,86826.9,2058821.4
SHP_70373,208546.8,5253826.0
SHP_70375,172519.1,4384323.5
SHP_70377,204324.8,5102045.0
SHP_70379,80272.9,1915237.6
SHP_70381,79749.0,1945408.1
SHP_70382,2436.2,46215.1
SHP_70384,92212.2,2189399.8
SHP_70388,172332.6,4376352.0
SHP_70389,74403.4,1796650.3
SHP_70391,86430.4,2053376.0
SHP_70392,88723.2,2095116.3
SHP_70394,103257.0,2504870.8
SHP_70396,174457.4,4434390.5
SHP_70398,89218.3,2105430.5
SHP_70401,73185.0,1765881.0
SHP_70402,167380.9,4269839.0
SHP_70405,89499.3,2114492.5
SHP_70406,174325.6,4424960.5
SHP_70410,195560.8,4870634.0
SHP_70411,193741.2,4918560.5
SHP_70417,172692.4,4386647.0
SHP_70419,172692.4,4386647.0
SHP_70420,3212.5,64917.1
SHP_70425,56535.2,1386083.3
SHP_70426,49028.3,1189000.0
SHP_70428,169783.3,4323807.5
SHP_70429,170209.1,4330604.0
SHP_70430,149360.4,3808708.0
SHP_70432,209036.3,5262367.0
SHP_70434,85851.5,2044507.3
SHP_70438,85652.8,2033507.0
SHP_70439,163302.8,4064653.0
SHP_70440,45308.6,1096841.0
SHP_70442,133997.1,3312204.0
SHP_70444,88107.2,2139925.5
SHP_70445,16259.8,382068.9
SHP_70448,195565.3,4863634.0
SHP_70450,167826.8,4279158.0
SHP_70452,167128.6,4261510.0
SHP_70453,173116.8,4401529.0
SHP_70455,156446.4,3998090.0
SHP_70456,149086.3,3802294.3
SHP_70457,856.5,12900.5
SHP_70459,167555.6,4272915.5
SHP_70461,2436.2,46215.1
SHP_70462,99807.6,2331086.3
SHP_70466,79695.7,1945916.8
SHP_70467,818.3,12108.9
SHP_70468,100411.0,2419425.8
SHP_70470,91150.2,2194661.5
SHP_70472,83584.8,1979107.8
SHP_70473,79811.4,1949166.8
SHP_70476,86018.3,2043690.6
SHP_70478,93245.4,2239423.5
SHP_70481,91498.5,2143195.3
SHP_70483,166467.3,4247641.5
SHP_70485,172453.7,4381539.0
SHP_70486,99742.2,2415866.0
SHP_70488,148243.2,3778249.0
SHP_70490,84921.1,2022085.5
SHP_70491,2543.7,45369.9
SHP_70493,171935.8,4375727.0
SHP_70494,177692.7,4435482.0
SHP_70497,167808.0,4278053.5
SHP_70499,92376.9,2165579.5
SHP_70501,80473.5,1909402.5
SHP_70505,172619.9,4387693.0
SHP_70508,91860.1,2178097.0
SHP_70511,150115.8,3821025.5
SHP_70515,197130.7,4891644.0
SHP_70517,82870.5,1963963.3
SHP_70519,70036.1,1698114.8
SHP_70523,173116.5,4400014.5
SHP_70526,85961.6,2036359.0
SHP_70528,86939.5,2059669.3
SHP_70529,1750.9,27104.0
SHP_70531,173377.4,4398717.0
SHP_70532,84356.6,2009980.8
SHP_70533,83577.0,1988152.5
SHP_70535,53835.0,1301178.8
SHP_70537,171935.8,4375727.0
SHP_70539,65278.0,1562072.1
SHP_70541,173991.6,4415232.0
SHP_70543,195507.7,4869839.5
SHP_70545,87464.6,2074903.4
SHP_70547,92661.9,2170086.8
SHP_70550,149360.4,3808708.0
SHP_70552,86939.5,2059669.3
SHP_70553,65349.7,1583555.1
SHP_70555,168815.1,4302639.5
SHP_70557,171081.9,4354467.0
SHP_70559,48812.6,1174470.5
SHP_70563,86357.7,2051206.0
SHP_70565,87543.7,2068057.0
SHP_70566,87615.4,2122925.8
SHP_70568,91692.9,2174706.5
SHP_70569,172807.4,4397011.0
SHP_70571,196685.3,4891982.0
SHP_70573,92304.5,2194288.8
SHP_70576,73149.5,1766718.0
SHP_70578,117029.4,2829456.5
SHP_70583,173727.0,4414553.0
SHP_70585,88610.2,2173547.5
SHP_70586,52531.4,1212172.1
SHP_70588,16208.5,379319.8
SHP_70591,87882.9,2137175.8
SHP_70592,91576.9,2199942.5
SHP_70595,82144.3,1949250.6
SHP_70596,69970.7,1672033.5
SHP_70599,78922.7,1927550.9
SHP_70600,181231.2,4519624.5
SHP_70601,94567.2,2232467.0
SHP_70602,193123.4,4816885.0
SHP_70604,177316.1,4500009.5
SHP_70606,168735.5,4297887.5
SHP_70610,88066.9,2072551.5
SHP_70611,166685.2,4253028.5
SHP_70613,172154.8,4375910.0
SHP_70616,101586.0,2466076.5
SHP_70618,78126.7,1862655.6
SHP_70619,148378.2,3781990.5
SHP_70621,92088.6,2211702.5
SHP_70624,172183.5,4375343.0
SHP_70628,171586.8,4362990.5
SHP_70630,117747.1,2827632.5
SHP_70632,74512.5,1794377.6
SHP_70633,166824.6,4256392.0
SHP_70636,88904.5,2141009.5
SHP_70641,87620.6,2077662.1
SHP_70642,87713.6,2071479.0
SHP_70646,82921.7,1945558.4
SHP_70648,86440.7,2053061.1
SHP_70649,134735.3,3330798.3
SHP_70651,163292.7,4063328.0
SHP_70653,80538.6,1909604.8
SHP_70654,80272.9,1915237.6
SHP_70656,91395.7,2200398.0
SHP_70658,64599.2,1548719.8
SHP_70659,149777.7,3812607.3
SHP_70660,76625.2,1876725.8
SHP_70662,87865.5,2077176.8
SHP_70664,198323.7,4926129.0
SHP_70665,89236.1,2165258.0
SHP_70667,70465.8,1703089.9
SHP_70671,2543.7,45369.9
SHP_70673,88723.2,2095116.3
SHP_70675,86123.5,2048434.8
SHP_70676,92487.4,2192302.8
SHP_70680,66600.8,1557070.4
SHP_70682,79133.7,1855082.0
SHP_70683,89197.3,2105349.3
SHP_70684,134717.4,3329708.8
SHP_70686,92563.9,2174903.3
SHP_70687,92666.2,2235409.5
SHP_70689,120998.1,3079142.3
SHP_70691,162304.2,4024013.5
SHP_70693,195026.2,4847341.0
SHP_70694,92436.0,2217564.3
SHP_70695,94232.1,2223476.5
SHP_70696,79811.4,1949166.8
SHP_70697,77689.1,1858974.1
SHP_70699,1495.4,19088.7
SHP_70700,81646.2,1981588.0
SHP_70702,127706.8,3153351.0
SHP_70704,79332.3,1866274.6
SHP_70706,23075.3,550604.9
SHP_70710,94567.2,2232467.0
SHP_70711,117940.9,2849643.5
SHP_70714,73116.8,1757434.8
SHP_70716,65278.0,1562072.1
SHP_70718,94567.2,2232467.0
SHP_70719,86473.7,2099183.0
SHP_70721,170289.3,4337121.5
SHP_70722,71199.4,1723389.5
SHP_70724,84071.5,1990579.6
SHP_70726,99477.7,2423219.0
SHP_70728,77364.9,1849717.8
SHP_70729,98855.2,2325344.0
SHP_70731,86777.6,2109936.5
SHP_70732,192072.0,4765440.0
SHP_70733,92377.3,2216660.0
SHP_70735,99304.8,2319118.5
SHP_70737,197357.4,4897967.5
SHP_70738,194507.7,4829928.0
SHP_70742,98074.7,2315647.8
SHP_70743,185250.4,4624340.5
SHP_70745,172808.1,4397528.0
SHP_70747,91201.6,2166223.8
SHP_70748,92436.0,2217564.3
SHP_70749,94567.2,2232467.0
SHP_70751,88387.4,2078108.1
SHP_70752,39246.8,928655.6
SHP_70753,110177.4,2691348.8
SHP_70755,163094.1,4060238.5
SHP_70757,172751.5,4393148.5
SHP_70759,108363.6,2634033.3
SHP_70761,167808.0,4278053.5
SHP_70763,1495.4,19088.7
SHP_70764,149057.0,3783990.0
SHP_70765,87763.4,2077294.1
SHP_70767,171163.3,4288561.0
SHP_70768,42674.4,1031555.0
SHP_70770,93107.2,2204778.8
SHP_70771,90627.1,2183058.8
SHP_70772,44542.2,1086642.5
SHP_70774,85225.3,2024002.5
SHP_70776,170529.1,4340769.0
SHP_70777,172598.9,4389538.0
SHP_70779,91471.8,2170882.3
SHP_70781,65119.6,1554186.0
SHP_70782,65184.1,1552303.9
SHP_70784,91902.4,2177570.3
SHP_70785,83549.1,1986415.1
SHP_70786,60982.0,1444603.0
SHP_70788,91415.2,2169622.0
SHP_70789,19498.4,463420.7
SHP_70792,173611.9,4407207.0
SHP_70794,49028.3,1189000.0
SHP_70796,197062.8,4903091.5
SHP_70797,95209.9,2300222.3
SHP_70798,1684.8,24216.8
SHP_70800,168932.1,4300549.0
SHP_70801,166708.1,4250005.0
SHP_70802,89236.1,2165258.0
SHP_70804,135977.7,3369447.8
SHP_70805,72162.3,1714437.3
SHP_70807,142788.7,3631729.5
SHP_70808,168932.1,4300549.0
SHP_70809,173381.0,4408221.5
SHP_70810,173740.0,4412645.5
SHP_70812,90978.9,2241819.5
SHP_70813,117476.2,2837807.5
SHP_70815,87828.9,2129325.0
SHP_70816,80104.4,1888309.9
SHP_70818,45069.4,1096665.0
SHP_70820,121895.2,3099665.0
SHP_70822,192371.8,4796295.0
SHP_70823,127118.8,3137193.3
SHP_70826,73171.1,1754823.4
SHP_70827,95273.2,2243992.8
SHP_70828,87664.9,2070154.8
SHP_70830,77331.8,1828251.4
SHP_70832,70134.4,1699484.0
SHP_70833,102560.3,2390187.5
SHP_70835,71199.4,1723389.5
SHP_70836,70505.1,1706982.1
SHP_70838,212225.7,5331509.5
SHP_70840,89583.2,2127317.0
SHP_70841,78943.8,1882426.6
SHP_70843,77179.0,1847672.9
SHP_70844,83817.0,1988140.6
SHP_70846,173494.5,4407303.5
SHP_70847,177850.7,4439593.0
SHP_70848,92042.0,2185977.0
SHP_70851,173611.9,4407207.0
SHP_70852,109748.2,2641785.0
SHP_70854,212327.0,5324911.0
SHP_70856,212283.1,5315632.0
SHP_70857,95962.3,2267270.0
SHP_70858,41812.4,991304.9
SHP_70860,172999.2,4400358.0
SHP_70861,172737.3,4394355.0
SHP_70863,163264.3,4078517.0
SHP_70865,78009.2,1852802.0
SHP_70868,91600.8,2255657.0
SHP_70869,150115.8,3821025.5
SHP_70871,15587.6,372493.1
SHP_70873,148696.0,3789227.0
SHP_70875,65057.2,1552896.3
SHP_70877,83610.6,1980664.4
SHP_70879,86430.4,2053376.0
SHP_70880,182731.6,4563338.0
SHP_70881,136835.7,3385916.0
SHP_70882,83550.6,1988066.1
SHP_70884,102676.6,2491363.8
SHP_70886,79009.7,1880362.5
SHP_70889,91503.1,2201372.5
SHP_70890,92950.7,2230600.0
SHP_70892,1868.2,30477.0
SHP_70893,91470.7,2243681.0
SHP_70895,101901.3,2409683.0
SHP_70896,117957.6,2830471.0
SHP_70898,90916.8,2234383.5
SHP_70900,84806.8,2020027.4
SHP_70902,87390.9,2064551.3
SHP_70904,163853.8,4091384.5
SHP_70906,87152.6,2065288.3
SHP_70907,171761.9,4365616.5
SHP_70909,133407.9,3267798.5
SHP_70910,172432.8,4379968.5
SHP_70912,167436.3,4268839.0
SHP_70914,173210.2,4402371.5
SHP_70916,86479.5,2054301.5
SHP_70917,2436.2,46215.1
SHP_70918,95756.5,2259945.3
SHP_70920,196783.3,4884733.0
SHP_70922,94984.1,2239560.3
SHP_70924,117957.6,2830471.0
SHP_70926,81989.7,1955928.3
SHP_70928,103659.2,2423056.0
SHP_70930,192417.8,4797819.5
SHP_70931,53640.1,1281710.5
SHP_70933,82705.5,1958151.8
SHP_70934,80239.9,1909812.8
SHP_70935,75770.9,1818789.3
SHP_70937,195033.8,4850309.0
SHP_70939,89719.2,2128097.5
SHP_70940,163613.1,4088460.5
SHP_70942,75571.1,1819517.9
SHP_70944,67408.3,1571160.8
SHP_70947,86704.4,2107340.8
SHP_70949,86821.9,2057249.5
SHP_70950,89373.5,2157278.5
SHP_70951,43637.8,1065627.0
SHP_70953,109748.2,2641785.0
SHP_70954,173326.0,4403960.5
SHP_70956,200351.6,4964060.0
SHP_70958,82022.9,1948763.3
SHP_70959,76806.8,1826330.1
SHP_70962,204324.8,5102045.0
SHP_70964,128777.3,3165820.0
SHP_70965,44335.4,1083420.0
SHP_70967,173155.1,4397312.0
SHP_70968,172737.3,4394355.0
SHP_70970,100588.7,2444662.5
SHP_70972,44193.9,1077001.4
SHP_70974,100783.6,2351770.5
SHP_70976,167294.8,4267258.0
SHP_70977,209122.2,5264171.0
SHP_70979,87709.3,2076782.3
SHP_70980,44179.2,1076833.6
SHP_70981,53088.4,1288280.9
SHP_70983,88487.9,2154792.3
SHP_70985,172066.7,4371408.5
SHP_70987,78336.8,1839919.8
SHP_70989,133729.2,3312231.0
SHP_70991,94235.2,2238397.0
SHP_70993,172163.8,4375336.0
SHP_70995,65450.5,1561218.8
SHP_70996,97206.7,2332682.3
SHP_70997,174044.9,4418694.0
SHP_70999,84356.6,2009980.8
SHP_71001,84581.4,2011573.0
SHP_71003,87276.1,2062157.6
SHP_71004,65071.9,1555960.5
SHP_71005,170916.2,4283878.0
SHP_71007,84754.0,1999330.8
SHP_71008,204324.8,5102045.0
SHP_71013,88576.0,2172818.8
SHP_71014,69140.4,1680690.0
SHP_71016,87079.5,2059857.1
SHP_71018,160237.7,4092678.5
SHP_71020,168728.0,4296739.0
SHP_71022,173740.0,4412645.5
SHP_71025,94981.6,2286405.3
SHP_71027,57516.5,1406530.3
SHP_71028,148696.0,3789227.0
SHP_71030,108938.9,2651715.8
SHP_71032,142162.2,3615541.5
SHP_71034,43659.7,1069165.9
SHP_71036,177834.5,4439926.0
SHP_71037,99704.0,2415080.5
SHP_71039,193080.5,4794258.0
SHP_71040,172030.1,4371287.0
SHP_71041,170239.6,4334889.0
SHP_71042,88685.0,2152120.3
SHP_71044,172926.1,4392015.5
SHP_71045,43436.6,1065542.4
SHP_71046,87743.2,2127488.3
SHP_71048,70723.1,1687977.3
SHP_71050,173326.0,4403960.5
SHP_71052,168835.9,4291650.0
SHP_71053,93089.5,2236122.8
SHP_71055,92563.9,2174903.3
SHP_71057,86562.8,2054667.5
SHP_71058,88789.6,2175470.0
SHP_71060,173207.3,4400222.5
SHP_71061,78596.3,1845196.4
SHP_71063,42162.1,1036085.4
SHP_71065,195382.1,4874077.5
SHP_71067,190755.9,4755937.0
SHP_71069,173191.7,4398801.0
SHP_71070,172829.6,4388549.0
SHP_71071,181841.2,4541050.5
SHP_71072,85138.3,2050275.5
SHP_71074,195118.2,4801697.5
SHP_71076,95209.9,2300222.3
SHP_71078,86374.9,2097640.3
SHP_71079,2944.1,55402.8
SHP_71081,2259.2,42982.5
SHP_71083,89511.5,2175120.0
SHP_71085,86020.3,2089559.8
SHP_71087,92005.0,2209536.0
SHP_71089,177353.0,4412126.0
SHP_71091,128321.5,3163633.5
SHP_71093,81894.1,1989229.8
SHP_71095,92935.8,2198156.3
SHP_71096,54388.3,1279911.0
SHP_71098,194812.1,4851714.0
SHP_71099,194644.4,4840329.0
SHP_71101,168652.3,4286894.0
SHP_71104,134717.4,3329708.8
SHP_71106,65119.6,1554186.0
SHP_71108,167204.4,4263770.5
SHP_71109,149798.0,3814636.5
SHP_71111,133421.7,3305351.8
SHP_71113,169303.9,4313920.0
SHP_71114,81308.2,1974240.4
SHP_71115,71106.5,1694314.3
SHP_71117,91889.1,2177153.0
SHP_71118,127706.8,3153351.0
SHP_71120,86665.1,2058746.3
SHP_71122,70783.3,1705205.1
SHP_71124,92304.5,2194288.8
SHP_71126,212101.1,5312962.5
SHP_71128,163366.5,4066964.8
SHP_71129,185995.1,4689864.0
SHP_71130,99615.3,2413838.5
SHP_71132,172999.2,4400358.0
SHP_71133,87167.9,2069278.4
SHP_71135,87517.0,2073776.8
SHP_71136,67685.5,1576297.6
SHP_71138,81008.9,1926911.8
SHP_71139,193826.8,4821049.0
SHP_71140,107920.1,2541746.0
SHP_71142,87763.4,2077294.1
SHP_71146,74339.4,1778100.0
SHP_71147,171943.5,4365970.0
SHP_71149,170529.1,4340769.0
SHP_71150,150509.2,3833237.3
SHP_71151,44563.2,1087079.3
SHP_71152,169749.3,4315168.5
SHP_71154,91710.3,2174871.5
SHP_71155,39951.8,939579.7
SHP_71157,172054.5,4376785.5
SHP_71159,64346.1,1546803.8
SHP_71161,78336.8,1839919.8
SHP_71163,208666.1,5257821.5
SHP_71165,171483.3,4367100.0
SHP_71167,81013.3,1923764.6
SHP_71169,73529.7,1760416.8
SHP_71171,186019.2,4688369.5
SHP_71172,79252.9,1864135.5
SHP_71173,92376.9,2165579.5
SHP_71175,100588.7,2444662.5
SHP_71177,167915.4,4282205.0
SHP_71178,63662.4,1543365.4
SHP_71179,149798.0,3814636.5
SHP_71180,173342.7,4399126.0
SHP_71184,166871.9,4257046.0
SHP_71185,177692.7,4435482.0
SHP_71186,90712.9,2154108.3
SHP_71188,170445.6,4331925.0
SHP_71190,43637.8,1065627.0
SHP_71191,88487.9,2154792.3
SHP_71194,172347.8,4376207.0
SHP_71196,149380.2,3802055.3
SHP_71198,101477.9,2466295.0
SHP_71199,86349.0,2051045.4
SHP_71200,194665.1,4831894.0
SHP_71202,93143.3,2247304.8
SHP_71204,76755.0,1882879.8
SHP_71205,171448.9,4358688.5
SHP_71206,87467.5,2074070.8
SHP_71208,195026.2,4847341.0
SHP_71209,91161.7,2163680.5
SHP_71210,79794.6,1895190.3
SHP_71212,18336.3,406290.6
SHP_71213,170209.1,4330604.0
SHP_71216,102866.2,2398041.5
SHP_71218,169497.7,4311918.5
SHP_71220,122546.3,3113873.5
SHP_71221,89654.0,2114296.0
SHP_71223,136835.7,3385916.0
SHP_71225,69996.8,1697505.1
SHP_71226,99477.7,2423219.0
SHP_71228,87347.8,2063855.0
SHP_71229,86074.3,2092030.6
SHP_71231,121212.8,3082781.3
SHP_71233,92563.9,2174903.3
SHP_71234,79003.6,1927697.3
SHP_71236,87094.7,2117296.8
SHP_71238,79811.4,1949166.8
SHP_71239,78992.0,1873243.1
SHP_71241,128777.3,3165820.0
SHP_71242,80906.8,1921214.3
SHP_71243,90285.8,2224226.3
SHP_71245,171847.5,4367986.0
SHP_71247,79811.4,1949166.8
SHP_71249,84065.3,1991864.0
SHP_71250,78482.7,1844593.3
SHP_71252,84995.3,2044301.0
SHP_71253,167419.8,4264143.0
SHP_71254,76625.2,1876725.8
SHP_71256,39993.9,939872.3
SHP_71258,87709.3,2076782.3
SHP_71259,91997.0,2162333.8
SHP_71260,78181.0,1869336.0
SHP_71261,78992.0,1873243.1
SHP_71263,87904.1,2022149.5
SHP_71265,87511.9,2072632.4
SHP_71266,79353.5,1868830.0
SHP_71268,172687.9,4383395.5
SHP_71269,168654.0,4300125.0
SHP_71270,171901.7,4370768.0
SHP_71272,67710.0,1575436.3
SHP_71274,91576.9,2199942.5
SHP_71276,171613.0,4366414.5
SHP_71277,87664.9,2070154.8
SHP_71279,149360.4,3808708.0
SHP_71281,103113.9,2402942.3
SHP_71282,70856.4,1707005.9
SHP_71284,195365.2,4857959.0
SHP_71286,81080.4,1930738.5
SHP_71288,133502.1,3306715.5
SHP_71290,172184.3,4375481.5
SHP_71292,90712.9,2154108.3
SHP_71294,67458.0,1624607.3
SHP_71296,65485.7,1561498.9
SHP_71297,149057.0,3783990.0
SHP_71299,78029.6,1907795.0
SHP_71301,96824.6,2268463.5
SHP_71303,101363.9,2463164.3
SHP_71305,192119.7,4781054.0
SHP_71307,23075.3,550604.9
SHP_71308,173501.5,4408681.5
SHP_71310,87390.9,2064551.3
SHP_71311,196939.3,4893510.0
SHP_71312,90771.7,2150526.0
SHP_71313,87473.0,2126157.5
SHP_71315,127706.8,3153351.0
SHP_71317,49028.3,1189000.0
SHP_71319,127706.8,3153351.0
SHP_71321,87390.8,2067306.0
SHP_71323,198165.9,4917248.5
SHP_71324,55592.3,1317528.8
SHP_71326,44096.0,1075920.4
SHP_71327,95209.9,2300222.3
SHP_71329,2944.1,55402.8
SHP_71331,87848.8,2072516.0
SHP_71332,94232.1,2223476.5
SHP_71333,77689.1,1858974.1
SHP_71335,127382.0,3132704.5
SHP_71337,194628.2,4834661.0
SHP_71338,93083.8,2201877.3
SHP_71339,77191.6,1847792.8
SHP_71343,196676.1,4899223.0
SHP_71345,173565.0,4405845.5
SHP_71346,101339.3,2394117.8
SHP_71348,171401.8,4357609.0
SHP_71350,78055.5,1911990.5
SHP_71351,96824.6,2268463.5
SHP_71353,173252.4,4405728.0
SHP_71354,91905.7,2208355.5
SHP_71356,93831.9,2220471.0
SHP_71358,92340.6,2218156.5
SHP_71359,56535.2,1386083.3
SHP_71361,163649.5,4069183.5
SHP_71363,97939.9,2312808.8
SHP_71365,169498.0,4311923.0
SHP_71366,86771.0,2057062.5
SHP_71367,53406.8,1268465.0
SHP_71369,80256.9,1912248.0
SHP_71370,125065.1,3176216.5
SHP_71372,91470.7,2243681.0
SHP_71374,172598.9,4389538.0
SHP_71375,81064.3,1926838.1
SHP_71377,78336.8,1839919.8
SHP_71378,90696.6,2138345.3
SHP_71380,86074.3,2092030.6
SHP_71381,211065.1,5311625.5
SHP_71383,90627.1,2183058.8
SHP_71385,173641.3,4402024.5
SHP_71386,166971.3,4227484.0
SHP_71387,79794.6,1895190.3
SHP_71389,173409.8,4403738.5
SHP_71391,90878.6,2190665.3
SHP_71392,19508.1,462855.3
SHP_71394,53357.1,1267846.9
SHP_71396,81168.5,1925082.3
SHP_71398,16612.6,386713.4
SHP_71400,77401.4,1816048.0
SHP_71402,92107.6,2210788.3
SHP_71403,100783.6,2351770.5
SHP_71405,77431.4,1850508.1
SHP_71406,94567.2,2232467.0
SHP_71408,91734.6,2175074.3
SHP_71409,212533.1,5327774.0
SHP_71411,99359.3,2393344.5
SHP_71413,103903.3,2421252.0
SHP_71415,87605.6,2124796.8
SHP_71417,82870.5,1963963.3
SHP_71419,173399.3,4408596.0
SHP_71420,149798.0,3814636.5
SHP_71422,86440.7,2053061.1
SHP_71423,77856.3,1860708.5
SHP_71425,67408.3,1571160.8
SHP_71426,148696.0,3789227.0
SHP_71427,75777.3,1804264.1
SHP_71428,87189.4,2117791.5
SHP_71430,88771.3,2153184.0
SHP_71431,75853.0,1821178.1
SHP_71433,94232.1,2223476.5
SHP_71435,93107.2,2204778.8
SHP_71436,170289.3,4337121.5
SHP_71438,172651.8,4382966.0
SHP_71440,91810.0,2202635.0
SHP_71441,191688.9,4765850.0
SHP_71442,16208.5,379319.8
SHP_71444,86353.4,2052444.9
SHP_71445,53406.8,1268465.0
SHP_71447,110177.4,2691348.8
SHP_71449,188419.5,4698740.0
SHP_71451,67428.0,1570137.3
SHP_71453,87318.0,2071927.5
SHP_71454,99359.3,2393344.5
SHP_71456,16570.4,385895.6
SHP_71458,170793.9,4348994.5
SHP_71460,79811.4,1949166.8
SHP_71462,197130.7,4891644.0
SHP_71464,90771.7,2150526.0
SHP_71466,95638.9,2257267.3
SHP_71468,87026.4,2060128.8
SHP_71470,81843.4,1944389.3
SHP_71472,87530.8,2072707.8
SHP_71474,86824.9,2107298.0
SHP_71475,88557.8,2171559.3
SHP_71476,84921.1,2022085.5
SHP_71479,156446.4,3998090.0
SHP_71480,171448.9,4358688.5
SHP_71482,193614.0,4827935.0
SHP_71483,195164.6,4857697.0
SHP_71484,181231.2,4519624.5
SHP_71485,173516.1,4405345.5
SHP_71486,172651.8,4382966.0
SHP_71488,193558.2,4826939.0
SHP_71489,91490.7,2171091.8
SHP_71491,80906.8,1921214.3
SHP_71493,197224.9,4914708.0
SHP_71494,87913.3,2077666.8
SHP_71496,93638.1,2215225.3
SHP_71497,45054.1,1099022.0
SHP_71498,172478.7,4382278.5
SHP_71500,172453.7,4381539.0
SHP_71501,194383.4,4832908.0
SHP_71502,92950.7,2230600.0
SHP_71504,80371.0,1908570.3
SHP_71505,49028.3,1189000.0
SHP_71507,91760.6,2177773.0
SHP_71509,169585.7,4307103.0
SHP_71511,196652.4,4883519.0
SHP_71513,91902.4,2177570.3
SHP_71514,93803.1,2179640.0
SHP_71516,163346.9,4063960.0
SHP_71518,76550.3,1879539.8
SHP_71520,64963.8,1549998.3
SHP_71522,173204.4,4401019.5
SHP_71524,87605.6,2124796.8
SHP_71525,89677.6,2114827.5
SHP_71527,86715.4,2055850.3
SHP_71529,166356.7,4245465.0
SHP_71530,175006.8,4429453.0
SHP_71532,83833.6,1964883.6
SHP_71534,211093.2,5312102.5
SHP_71536,43637.8,1065627.0
SHP_71538,177353.0,4412126.0
SHP_71540,83984.6,1988526.5
SHP_71541,101477.9,2466295.0
SHP_71542,72522.7,1747928.3
SHP_71544,99477.7,2423219.0
SHP_71546,167826.8,4279158.0
SHP_71549,172737.3,4394355.0
SHP_71550,173803.7,4419081.0
SHP_71552,172687.9,4383395.5
SHP_71554,209122.2,5264171.0
SHP_71556,80618.8,1959726.6
SHP_71558,172521.1,4381632.0
SHP_71559,81763.7,1943551.0
SHP_71561,175238.3,4450556.5
SHP_71562,101962.9,2478602.3
SHP_71564,44968.4,1098476.0
SHP_71565,218954.4,5395635.5
SHP_71567,2436.2,46215.1
SHP_71568,109748.2,2641785.0
SHP_71570,86858.2,2057529.9
SHP_71571,87793.9,2133625.0
SHP_71573,81013.3,1923764.6
SHP_71574,109748.2,2641785.0
SHP_71575,101586.0,2466076.5
SHP_71577,81168.5,1925082.3
SHP_71579,67572.5,1572158.3
SHP_71581,177587.3,4504096.5
SHP_71582,75955.2,1815917.0
SHP_71584,83549.1,1986415.1
SHP_71587,169722.0,4323658.0
SHP_71588,76061.7,1808201.6
SHP_71590,91320.9,2167633.0
SHP_71592,87529.1,2066038.9
SHP_71593,127442.2,3142658.5
SHP_71594,87607.5,2077512.8
SHP_71595,195135.1,4855540.0
SHP_71597,192397.6,4784992.0
SHP_71599,194492.4,4835437.0
SHP_71600,96611.1,2263436.3
SHP_71602,173953.0,4408741.5
SHP_71603,90627.1,2183058.8
SHP_71605,77689.1,1858974.1
SHP_71607,173134.3,4402739.5
SHP_71608,44096.0,1075920.4
SHP_71609,72059.0,1742323.8
SHP_71611,1750.9,27104.0
SHP_71613,87050.0,2060118.8
SHP_71615,91898.9,2179220.0
SHP_71616,91828.4,2175840.8
SHP_71617,18584.5,408916.3
SHP_71619,99237.4,2398315.8
SHP_71621,148936.7,3795404.8
SHP_71622,95327.1,2244763.8
SHP_71624,173246.4,4397652.0
SHP_71625,162362.3,4041347.8
SHP_71627,95132.9,2254359.5
SHP_71629,91430.7,2196804.0
SHP_71631,63833.3,1543604.8
SHP_71633,65899.4,1581248.8
SHP_71635,149733.7,3814382.0
SHP_71637,197758.6,4924174.0
SHP_71638,135977.7,3369447.8
SHP_71639,177568.4,4436464.5
SHP_71641,150845.2,3843032.3
SHP_71643,172504.6,4381818.0
SHP_71644,90987.7,2185855.0
SHP_71645,83425.9,1978743.0
SHP_71646,149097.9,3800820.8
SHP_71648,64645.0,1545684.0
SHP_71650,98638.9,2306310.3
SHP_71653,194644.4,4840329.0
SHP_71655,169330.0,4312990.5
SHP_71657,91708.8,2179308.5
SHP_71659,163649.5,4069183.5
SHP_71661,91463.9,2170427.0
SHP_71662,85120.5,2019493.3
SHP_71663,31454.0,769440.4
SHP_71665,173134.3,4402739.5
SHP_71666,76303.0,1832089.5
SHP_71667,177568.4,4436464.5
SHP_71669,91790.6,2177446.8
SHP_71670,91698.7,2176696.0
SHP_71671,163386.4,4064886.0
SHP_71673,173279.1,4404924.5
SHP_71675,103433.0,2400438.5
SHP_71677,195257.8,4853474.5
SHP_71678,192072.0,4765440.0
SHP_71680,134735.3,3330798.3
SHP_71681,150115.8,3821025.5
SHP_71683,92206.9,2213339.8
SHP_71685,83545.1,1981291.8
SHP_71686,209284.8,5262091.5
SHP_71688,78106.2,1911858.5
SHP_71690,87009.9,2059579.9
SHP_71691,67001.4,1563828.0
SHP_71692,77689.1,1858974.1
SHP_71694,90942.6,2162185.3
SHP_71695,52877.2,1283755.3
SHP_71697,91588.3,2172811.3
SHP_71698,84581.4,2011573.0
SHP_71700,83021.0,1970465.6
SHP_71701,90027.8,2145906.3
SHP_71703,90144.1,2146178.5
SHP_71704,172332.6,4376352.0
SHP_71706,92169.8,2180533.3
SHP_71708,92249.5,2210390.0
SHP_71709,194384.8,4845698.0
SHP_71711,172692.4,4386647.0
SHP_71712,172651.8,4382966.0
SHP_71714,172751.5,4393148.5
SHP_71717,44990.6,1098603.4
SHP_71719,54388.3,1279911.0
SHP_71720,45348.6,1102088.4
SHP_71722,42162.1,1036085.4
SHP_71723,102169.1,2387835.5
SHP_71725,171109.5,4349867.0
SHP_71726,79356.4,1940187.8
SHP_71727,56238.0,1348214.0
SHP_71728,133960.9,3316628.5
SHP_71730,95184.9,2244034.8
SHP_71732,79641.6,1943870.5
SHP_71733,87529.1,2066038.9
SHP_71735,53634.6,1276957.3
SHP_71736,172163.8,4375336.0
SHP_71740,82507.6,1999341.0
SHP_71742,87605.6,2124796.8
SHP_71746,87786.3,2097026.4
SHP_71748,103257.0,2504870.8
SHP_71750,174293.8,4426932.5
SHP_71751,43637.8,1065627.0
SHP_71753,122748.1,3117632.5
SHP_71754,45397.0,1104077.1
SHP_71755,87763.4,2077294.1
SHP_71757,173252.4,4405728.0
SHP_71758,91571.0,2158449.0
SHP_71760,84754.0,1999330.8
SHP_71761,85911.5,2040973.0
SHP_71763,90632.4,2228257.0
SHP_71765,110177.4,2691348.8
SHP_71766,101339.3,2394117.8
SHP_71768,86773.1,2058313.1
SHP_71769,156446.4,3998090.0
SHP_71770,186208.1,4647440.0
SHP_71772,1011.5,14813.2
SHP_71774,196339.7,4877095.0
SHP_71775,90916.8,2234383.5
SHP_71776,173414.5,4405841.5
SHP_71778,78106.2,1911858.5
SHP_71780,94271.1,2230195.0
SHP_71781,170916.2,4283878.0
SHP_71784,95184.9,2244034.8
SHP_71785,75571.1,1819517.9
SHP_71787,149089.6,3784544.0
SHP_71789,169639.8,4312275.0
SHP_71791,97305.5,2342405.0
SHP_71793,93074.5,2200377.3
SHP_71795,175238.3,4450556.5
SHP_71796,125260.5,3178675.0
SHP_71798,172183.5,4375343.0
SHP_71802,53309.4,1289621.6
SHP_71804,91434.8,2170945.3
SHP_71806,95636.2,2257348.8
SHP_71808,79539.8,1941902.6
SHP_71809,89349.8,2104610.5
SHP_71811,117957.6,2830471.0
SHP_71813,84806.8,2020027.4
SHP_71814,89360.3,2191560.0
SHP_71818,57112.2,1363462.1
SHP_71819,182622.1,4553748.0
SHP_71821,195026.2,4847341.0
SHP_71822,82619.1,1961231.9
SHP_71824,87713.1,2076714.8
SHP_71826,164106.1,4097328.0
SHP_71827,192228.0,4782271.0
SHP_71828,142625.0,3625655.5
SHP_71830,195164.6,4857697.0
SHP_71831,174809.6,4441331.5
SHP_71832,80468.3,1913374.9
SHP_71834,171935.8,4375727.0
SHP_71836,213553.3,5363742.0
SHP_71837,74254.6,1753085.4
SHP_71839,86663.0,2057755.0
SHP_71840,212909.4,5337524.0
SHP_71842,91308.7,2167691.0
SHP_71843,96049.5,2249824.0
SHP_71845,91930.3,2167545.5
SHP_71846,173162.8,4396578.5
SHP_71847,117957.6,2830471.0
SHP_71849,88107.2,2139925.5
SHP_71850,1832.8,30080.7
SHP_71852,91732.4,2176460.3
SHP_71853,101996.2,2477948.0
SHP_71855,67736.2,1574746.8
SHP_71857,92929.4,2227348.3
SHP_71858,148696.0,3789227.0
SHP_71860,73529.7,1760416.8
SHP_71861,177568.4,4436464.5
SHP_71863,45397.0,1104077.1
SHP_71864,168735.5,4297887.5
SHP_71866,75659.5,1789570.0
SHP_71868,65076.2,1551248.5
SHP_71869,90515.8,2153873.3
SHP_71871,197357.4,4897967.5
SHP_71873,173275.5,4405889.0
SHP_71875,78860.8,1849589.9
SHP_71876,42951.9,1051128.6
SHP_71878,117029.4,2829456.5
SHP_71880,86665.1,2058746.3
SHP_71882,150158.7,3817379.3
SHP_71884,173274.4,4399948.0
SHP_71885,87664.9,2070154.8
SHP_71886,100943.9,2387774.8
SHP_71888,167546.5,4270888.0
SHP_71890,90960.0,2159799.8
SHP_71891,108363.6,2634033.3
SHP_71892,95257.2,2244398.0
SHP_71894,103257.0,2504870.8
SHP_71896,91374.0,2199992.3
SHP_71898,195052.3,4847733.0
SHP_71899,134072.4,3315659.0
SHP_71900,84363.0,2010343.6
SHP_71902,86785.5,2061830.3
SHP_71904,88050.2,2076538.5
SHP_71905,86704.4,2107340.8
SHP_71906,173236.7,4398054.0
SHP_71908,102079.4,2477516.5
SHP_71909,41196.6,971770.0
SHP_71911,163460.2,4067234.5
SHP_71912,167350.1,4267530.0
SHP_71914,87013.8,2059099.3
SHP_71915,55592.3,1317528.8
SHP_71917,150288.4,3830779.5
SHP_71918,92692.1,2194291.0
SHP_71920,79254.3,1936385.4
SHP_71922,200351.6,4964060.0
SHP_71924,92377.9,2185890.3
SHP_71925,23114.2,552892.8
SHP_71927,133852.3,3290604.0
SHP_71929,70856.4,1707005.9
SHP_71931,167811.2,4276968.5
SHP_71932,177568.4,4436464.5
SHP_71934,79356.4,1940187.8
SHP_71936,212283.1,5315632.0
SHP_71937,173336.7,4402072.0
SHP_71939,80457.3,1913968.6
SHP_71940,90515.8,2153873.3
SHP_71943,177234.3,4496592.5
SHP_71944,173264.9,4405272.5
SHP_71945,79195.1,1854888.0
SHP_71947,171957.4,4370954.0
SHP_71949,73085.3,1755859.6
SHP_71951,82022.9,1948763.3
SHP_71952,195536.7,4862808.0
SHP_71954,194061.8,4825438.0
SHP_71955,64963.8,1549998.3
SHP_71957,172657.0,4386016.0
SHP_71958,95074.4,2253513.0
SHP_71960,172416.4,4380671.0
SHP_71961,163461.3,4064707.0
SHP_71963,76487.6,1803193.3
SHP_71964,78829.7,1855841.8
SHP_71965,81894.1,1989229.8
SHP_71967,90499.6,2153443.0
SHP_71968,83586.4,1980465.3
SHP_71969,19508.1,462855.3
SHP_71971,98201.4,2316231.8
SHP_71973,94723.0,2219034.3
SHP_71975,127118.8,3137193.3
SHP_71977,194061.8,4825438.0
SHP_71979,103601.1,2414016.8
SHP_71981,90771.7,2150526.0
SHP_71983,173307.8,4403265.5
SHP_71984,172432.8,4379968.5
SHP_71986,89642.3,2115460.0
SHP_71989,125210.2,3177198.5
SHP_71991,78079.4,1911483.3
SHP_71992,88996.2,2163935.5
SHP_71993,87628.2,2083800.1
SHP_71995,98201.4,2316231.8
SHP_71997,161638.1,4013840.8
SHP_71999,78956.6,1894687.8
SHP_72000,171586.8,4362990.5
SHP_72001,55592.3,1317528.8
SHP_72003,134735.3,3330798.3
SHP_72004,173163.8,4402602.0
SHP_72005,36521.3,869559.9
SHP_72007,88723.2,2095116.3
SHP_72009,172692.4,4386647.0
SHP_72011,84586.1,2012991.8
SHP_72013,56424.6,1385903.3
SHP_72014,169110.8,4304160.0
SHP_72016,88723.2,2095116.3
SHP_72018,78030.0,1911573.5
SHP_72020,177402.6,4497889.5
SHP_72021,78922.7,1927550.9
SHP_72022,87110.7,2060647.9
SHP_72024,89197.3,2105349.3
SHP_72026,89998.3,2119179.0
SHP_72027,1684.8,24216.8
SHP_72029,1868.2,30477.0
SHP_72031,193510.9,4806965.0
SHP_72032,86915.3,2109606.5
SHP_72034,133502.1,3306715.5
SHP_72036,87717.2,2130353.8
SHP_72037,93060.7,2228260.3
SHP_72039,65450.5,1561218.8
SHP_72040,163853.8,4091384.5
SHP_72042,84071.5,1990579.6
SHP_72044,148614.5,3790311.8
SHP_72046,80987.5,1969087.3
SHP_72047,100783.6,2351770.5
SHP_72049,2436.2,46215.1
SHP_72051,91520.9,2171888.0
SHP_72053,62825.3,1531176.8
SHP_72055,133852.3,3290604.0
SHP_72056,197023.6,4892883.5
SHP_72058,141692.0,3613018.8
SHP_72060,85974.2,2043703.0
SHP_72061,76390.4,1833908.4
SHP_72063,169190.5,4308427.0
SHP_72064,101078.9,2461513.0
SHP_72066,94567.2,2232467.0
SHP_72067,91503.1,2201372.5
SHP_72068,52531.4,1212172.1
SHP_72070,86123.5,2048434.8
SHP_72072,44179.2,1076833.6
SHP_72073,85920.1,2032943.5
SHP_72075,174312.9,4427407.0
SHP_72076,91693.8,2201157.8
SHP_72078,191432.0,4769115.0
SHP_72080,173727.0,4414553.0
SHP_72082,87341.8,2071180.6
SHP_72084,91835.7,2151743.0
SHP_72086,87664.9,2070154.8
SHP_72088,89236.1,2165258.0
SHP_72089,95257.2,2244398.0
SHP_72091,1727.0,31561.0
SHP_72093,168524.4,4285750.0
SHP_72095,70203.5,1700286.4
SHP_72096,89036.9,2143331.0
SHP_72098,121399.8,3087854.5
SHP_72099,85851.5,2044507.3
SHP_72101,85961.6,2036359.0
SHP_72103,195870.7,4870670.5
SHP_72105,84581.4,2011573.0
SHP_72107,163306.6,4064513.8
SHP_72108,90646.3,2185567.8
SHP_72109,66600.8,1557070.4
SHP_72111,87848.8,2072516.0
SHP_72112,195938.5,4869927.0
SHP_72114,77914.2,1863958.4
SHP_72115,170509.0,4340987.5
SHP_72117,121678.4,3091783.5
SHP_72119,191672.0,4773357.0
SHP_72121,86858.2,2057529.9
SHP_72122,98782.0,2383364.3
SHP_72123,163825.5,4092804.0
SHP_72125,166356.7,4245465.0
SHP_72126,76109.6,1827627.8
SHP_72128,192132.8,4761586.0
SHP_72129,193747.0,4818324.0
SHP_72131,84363.0,2010343.6
SHP_72133,173116.5,4400014.5
SHP_72134,172737.3,4394355.0
SHP_72136,171936.5,4365378.5
SHP_72137,193113.4,4818169.0
SHP_72139,77179.0,1847672.9
SHP_72140,42674.4,1031555.0
SHP_72142,87373.1,2065933.9
SHP_72144,197758.6,4924174.0
SHP_72145,93478.5,2213355.3
SHP_72147,86819.0,2058796.5
SHP_72149,90331.8,2149335.0
SHP_72150,63833.3,1543604.8
SHP_72151,74181.6,1771069.4
SHP_72153,167524.4,4270140.0
SHP_72154,173740.0,4412645.5
SHP_72156,194836.4,4841846.0
SHP_72157,92862.1,2195611.0
SHP_72158,194644.4,4840329.0
SHP_72159,79335.5,1886956.6
SHP_72161,87079.5,2059857.1
SHP_72162,87478.3,2073011.6
SHP_72163,100527.2,2350292.5
SHP_72165,86289.4,2097445.8
SHP_72166,74250.3,1753187.5
SHP_72168,87453.4,2075206.6
SHP_72172,169457.4,4315731.0
SHP_72173,193747.0,4818324.0
SHP_72175,87882.9,2137175.8
SHP_72176,193902.1,4822433.0
SHP_72178,174044.9,4418694.0
SHP_72180,168727.3,4296874.0
SHP_72182,87466.3,2074869.6
SHP_72183,61705.4,1491485.0
SHP_72185,211612.2,5321361.0
SHP_72187,92377.9,2185889.8
SHP_72189,87235.0,2062587.0
SHP_72191,69251.5,1683221.6
SHP_72193,92480.9,2192203.8
SHP_72195,91835.7,2151743.0
SHP_72196,81902.4,1964181.8
SHP_72198,62993.5,1530574.5
SHP_72200,172785.5,4395726.5
SHP_72202,87110.7,2060647.9
SHP_72203,2944.1,55402.8
SHP_72205,102002.5,2502043.0
SHP_72207,133167.5,3301541.0
SHP_72209,92212.2,2189399.8
SHP_72211,91444.0,2167953.8
SHP_72213,74322.1,1797787.6
SHP_72214,172692.4,4386647.0
SHP_72215,193465.1,4824378.0
SHP_72216,95238.8,2289572.0
SHP_72217,99359.3,2393344.5
SHP_72219,86282.3,2050475.4
SHP_72220,73529.7,1760416.8
SHP_72221,101805.5,2369641.5
SHP_72223,54942.2,1295506.0
SHP_72227,65278.0,1562072.1
SHP_72230,122908.7,3119603.8
SHP_72232,167808.0,4278053.5
SHP_72233,75742.1,1818454.1
SHP_72235,91459.2,2170686.8
SHP_72236,103601.1,2414016.8
SHP_72238,56486.4,1386377.1
SHP_72240,19498.4,463420.7
SHP_72242,173501.5,4408681.5
SHP_72244,167284.8,4266330.0
SHP_72245,134826.8,3334359.5
SHP_72247,195872.2,4878562.0
SHP_72248,46899.9,1121550.1
SHP_72250,141923.9,3616538.5
SHP_72251,163146.9,4060654.8
SHP_72252,99304.8,2319118.5
SHP_72253,1684.8,24216.8
SHP_72255,83577.0,1988152.5
SHP_72257,91305.2,2167657.0
SHP_72259,95184.9,2244034.8
SHP_72260,42880.3,1032644.8
SHP_72262,86479.5,2054301.5
SHP_72263,92532.9,2220075.3
SHP_72264,208315.9,5250027.5
SHP_72266,86430.4,2053376.0
SHP_72267,73174.2,1753683.1
SHP_72268,168357.8,4289108.5
SHP_72269,99711.3,2413895.3
SHP_72271,40501.8,957360.7
SHP_72272,98855.2,2325344.0
SHP_72274,172930.4,4389064.0
SHP_72275,172738.5,4391909.0
SHP_72277,91693.5,2174712.5
SHP_72279,169330.0,4312990.5
SHP_72281,87722.7,2130385.5
SHP_72283,168735.5,4297887.5
SHP_72285,168932.1,4300549.0
SHP_72286,80728.8,1922264.3
SHP_72287,83096.4,2031381.0
SHP_72289,120998.1,3079142.3
SHP_72290,185425.4,4618855.0
SHP_72292,80256.9,1912248.0
SHP_72294,108363.6,2634033.3
SHP_72296,186208.1,4647440.0
SHP_72298,197062.8,4903091.5
SHP_72299,77896.9,1899767.6
SHP_72300,89590.1,2136940.3
SHP_72302,88050.2,2076538.5
SHP_72303,73149.5,1766718.0
SHP_72305,44179.2,1076833.6
SHP_72307,81064.3,1926838.1
SHP_72309,2259.2,42982.5
SHP_72311,91419.0,2169759.3
SHP_72313,77161.2,1891946.1
SHP_72315,87664.9,2070154.8
SHP_72317,53082.1,1273046.4
SHP_72319,93612.1,2216903.0
SHP_72323,192072.0,4765440.0
SHP_72324,95756.5,2259945.3
SHP_72326,83981.0,1995442.4
SHP_72327,173947.2,4423961.0
SHP_72329,170666.1,4339106.5
SHP_72331,91384.0,2169710.8
SHP_72332,194497.5,4836513.0
SHP_72333,171442.8,4361197.0
SHP_72335,1684.8,24216.8
SHP_72337,87079.5,2059857.1
SHP_72338,142832.8,3633008.0
SHP_72340,170837.2,4345370.5
SHP_72342,90932.1,2162128.0
SHP_72344,1750.9,27104.0
SHP_72346,53640.1,1281710.5
SHP_72348,194622.0,4836245.0
SHP_72350,171163.3,4288561.0
SHP_72351,196650.7,4892347.0
SHP_72353,95074.4,2253513.0
SHP_72354,102505.4,2389492.0
SHP_72356,1006.9,14785.2
SHP_72358,41196.6,971770.0
SHP_72360,77941.4,1848892.1
SHP_72362,86822.8,2058632.3
SHP_72364,96274.7,2278461.8
SHP_72365,63205.0,1527393.4
SHP_72367,90102.8,2123995.0
SHP_72368,169330.0,4312990.5
SHP_72370,84997.2,2044331.0
SHP_72372,88789.6,2175470.0
SHP_72374,167623.5,4271424.0
SHP_72375,198373.2,4930958.0
SHP_72377,172536.6,4384707.5
SHP_72378,16570.4,385895.6
SHP_72380,87110.7,2060647.9
SHP_72383,168652.3,4286894.0
SHP_72385,185526.1,4629557.0
SHP_72386,80256.9,1912248.0
SHP_72388,91490.4,2171545.8
SHP_72389,149667.0,3816064.5
SHP_72391,168652.3,4286894.0
SHP_72393,193747.0,4818324.0
SHP_72395,185347.9,4619757.5
SHP_72397,91571.0,2158449.0
SHP_72398,2543.7,45369.9
SHP_72400,84921.1,2022085.5
SHP_72401,185425.4,4618855.0
SHP_72402,91470.7,2243681.0
SHP_72404,96948.7,2292251.0
SHP_72406,2496.9,47454.9
SHP_72407,45412.8,1107617.9
SHP_72408,83425.9,1978743.0
SHP_72410,171529.5,4364872.5
SHP_72411,174809.6,4441331.5
SHP_72412,92376.9,2165579.5
SHP_72414,133682.7,3310257.3
SHP_72416,89677.6,2114827.5
SHP_72418,168665.4,4296115.0
SHP_72420,166824.6,4256392.0
SHP_72422,70534.9,1702080.8
SHP_72424,44179.2,1076833.6
SHP_72426,174915.4,4436894.0
SHP_72427,144084.5,3529373.5
SHP_72428,98360.6,2300644.5
SHP_72430,196624.9,4885531.0
SHP_72433,80256.9,1912248.0
SHP_72435,166824.6,4256392.0
SHP_72437,173535.8,4411756.5
SHP_72438,87414.3,2067688.1
SHP_72440,163649.5,4069183.5
SHP_72442,163808.8,4073060.3
SHP_72443,85830.1,2030533.4
SHP_72445,69316.6,1682810.4
SHP_72447,163387.6,4067072.0
SHP_72449,91889.1,2177153.0
SHP_72452,163853.8,4091384.5
SHP_72454,100358.8,2437151.0
SHP_72455,109463.6,2639067.3
SHP_72457,163371.9,4084275.0
SHP_72458,2422.2,45632.9
SHP_72460,90331.8,2149335.0
SHP_72461,2543.7,45369.9
SHP_72463,93571.6,2216523.5
SHP_72465,87510.8,2073489.5
SHP_72466,180436.8,4569876.5
SHP_72468,91889.1,2177153.0
SHP_72469,86123.5,2048434.8
SHP_72471,166824.6,4256392.0
SHP_72473,133407.9,3267798.5
SHP_72475,67128.2,1619066.5
SHP_72477,170837.2,4345370.5
SHP_72478,73149.5,1766718.0
SHP_72480,1571.7,23542.7
SHP_72481,142426.4,3624870.0
SHP_72483,168735.5,4297887.5
SHP_72485,89623.2,2115960.3
SHP_72486,135977.7,3369447.8
SHP_72487,172163.8,4375336.0
SHP_72489,87090.0,2068227.5
SHP_72491,87177.4,2061284.1
SHP_72492,2151.1,35148.1
SHP_72493,67152.8,1635645.5
SHP_72495,126155.1,3093933.5
SHP_72496,86824.4,2060104.0
SHP_72498,87373.1,2065933.9
SHP_72499,91376.0,2168722.8
SHP_72500,92800.9,2231153.5
SHP_72502,92563.9,2174903.3
SHP_72503,133682.7,3310257.3
SHP_72505,86562.8,2054667.5
SHP_72506,86023.2,2043619.4
SHP_72507,19498.4,463420.7
SHP_72509,169527.4,4314905.5
SHP_72511,94171.3,2223053.8
SHP_72512,95257.2,2244398.0
SHP_72514,99665.1,2472511.0
SHP_72516,122546.3,3113873.5
SHP_72518,193962.3,4823309.0
SHP_72520,87464.6,2074903.4
SHP_72522,148696.0,3789227.0
SHP_72524,1592.9,23646.3
SHP_72526,172738.5,4391909.0
SHP_72528,195118.2,4801697.5
SHP_72529,87235.0,2062587.0
SHP_72530,77401.4,1816048.0
SHP_72532,195365.2,4857959.0
SHP_72533,2944.1,55402.8
SHP_72534,90285.8,2224226.3
SHP_72536,83162.1,1982379.1
SHP_72538,93225.6,2206749.0
SHP_72539,80473.5,1909402.5
SHP_72541,173067.3,4390322.0
SHP_72542,80468.3,1913374.9
SHP_72543,101499.9,2500471.0
SHP_72545,96948.7,2292251.0
SHP_72547,65278.0,1562072.1
SHP_72549,83857.8,1992760.0
SHP_72551,212238.9,5330210.5
SHP_72552,169741.5,4320882.5
SHP_72554,84434.8,2007548.4
SHP_72556,173116.5,4400014.5
SHP_72557,166467.3,4247641.5
SHP_72559,133074.1,3221484.0
SHP_72561,86858.2,2057529.9
SHP_72562,87510.8,2073489.5
SHP_72563,93478.5,2213355.3
SHP_72565,80906.8,1921214.3
SHP_72567,87615.4,2122925.8
SHP_72568,53413.5,1267495.3
SHP_72570,80239.9,1909812.8
SHP_72572,150438.1,3572757.5
SHP_72573,65278.0,1562072.1
SHP_72575,173589.6,4411153.0
SHP_72576,173344.5,4402946.0
SHP_72577,91430.7,2196804.0
SHP_72578,209122.2,5264171.0
SHP_72580,90627.1,2183058.8
SHP_72582,172176.2,4373438.5
SHP_72583,163075.6,4057545.0
SHP_72584,1727.0,31561.0
SHP_72586,171839.6,4371806.5
SHP_72587,148291.0,3772630.5
SHP_72589,78829.7,1855841.8
SHP_72591,79353.5,1868830.0
SHP_72593,88250.9,2026733.8
SHP_72594,89511.5,2175120.0
SHP_72596,91660.2,2174119.3
SHP_72597,173991.6,4415232.0
SHP_72599,193529.1,4811730.0
SHP_72600,86280.6,2026302.1
SHP_72601,163649.5,4069183.5
SHP_72603,173163.8,4402602.0
SHP_72604,99359.3,2393344.5
SHP_72607,45449.7,1098911.8
SHP_72609,175395.0,4454977.5
SHP_72611,75571.1,1819517.9
SHP_72613,65184.1,1552303.9
SHP_72615,44335.4,1083420.0
SHP_72617,191444.0,4768251.0
SHP_72618,160237.7,4092678.5
SHP_72620,54388.3,1279911.0
SHP_72622,70590.5,1712778.0
SHP_72624,83549.1,1986415.1
SHP_72625,194497.5,4836513.0
SHP_72627,170413.6,4336483.5
SHP_72629,212283.1,5315632.0
SHP_72631,172154.8,4375910.0
SHP_72632,169564.6,4317219.0
SHP_72634,86123.5,2048434.8
SHP_72636,185258.1,4625183.0
SHP_72637,41749.8,982624.7
SHP_72638,173279.4,4405916.0
SHP_72640,172138.0,4382120.5
SHP_72641,163520.0,4085933.0
SHP_72643,172516.0,4386734.5
SHP_72644,194949.1,4855036.5
SHP_72645,86665.1,2058746.3
SHP_72646,92950.7,2230600.0
SHP_72647,173116.8,4401529.0
SHP_72649,172326.4,4378835.5
SHP_72651,773.0,10877.0
SHP_72655,87185.3,2060523.8
SHP_72656,148378.2,3781990.5
SHP_72658,84434.8,2007548.4
SHP_72660,174044.9,4418694.0
SHP_72662,186208.1,4647440.0
SHP_72664,92107.6,2210788.3
SHP_72666,120998.1,3079142.3
SHP_72668,163306.6,4064513.8
SHP_72669,87909.4,2132194.3
SHP_72670,88896.6,2145732.8
SHP_72671,67572.5,1572158.3
SHP_72673,45174.0,1097778.1
SHP_72674,89349.8,2104610.5
SHP_72675,172275.6,4378177.0
SHP_72677,96049.5,2249824.0
SHP_72679,2944.1,55402.8
SHP_72681,84754.0,1999330.8
SHP_72683,71439.1,1729771.0
SHP_72685,2039.4,32855.0
SHP_72686,196590.3,4891064.0
SHP_72687,74403.4,1796650.3
SHP_72688,103101.3,2410915.0
SHP_72689,170354.4,4340277.0
SHP_72690,18348.5,438012.2
SHP_72692,84581.4,2011573.0
SHP_72694,175137.5,4431721.5
SHP_72695,61569.1,1490556.1
SHP_72696,87032.8,2059724.8
SHP_72698,86405.2,2051871.4
SHP_72701,148378.2,3781990.5
SHP_72703,209335.5,5268576.5
SHP_72705,163729.6,4091481.3
SHP_72707,163969.3,4096438.5
SHP_72708,71173.3,1720081.3
SHP_72709,63205.0,1527393.4
SHP_72711,121956.8,3097089.0
SHP_72712,122555.9,3111162.0
SHP_72714,177834.5,4439926.0
SHP_72715,133502.1,3306715.5
SHP_72716,136969.7,3385226.8
SHP_72718,195115.5,4854981.0
SHP_72719,64588.7,1545096.5
SHP_72720,133630.9,3309231.0
SHP_72722,77914.2,1863958.4
SHP_72723,192183.4,4768151.0
SHP_72725,93571.6,2216523.5
SHP_72727,64963.8,1549998.3
SHP_72729,170289.3,4337121.5
SHP_72730,90203.2,2171283.5
SHP_72731,89229.9,2189894.8
SHP_72733,120998.1,3079142.3
SHP_72735,16113.9,378027.2
SHP_72736,87913.3,2077666.8
SHP_72738,87235.0,2062587.0
SHP_72739,99665.1,2472511.0
SHP_72741,78860.8,1849589.9
SHP_72743,91600.8,2255657.0
SHP_72745,195118.2,4801697.5
SHP_72746,59633.8,1451971.9
SHP_72747,99665.1,2472511.0
SHP_72749,23122.6,552947.3
SHP_72751,148256.6,3771807.8
SHP_72752,172978.6,4399849.5
SHP_72754,91479.5,2174586.3
SHP_72756,87511.9,2072632.4
SHP_72757,168735.5,4297887.5
SHP_72759,87861.9,2104506.0
SHP_72761,16113.9,378027.2
SHP_72763,177914.7,4441874.0
SHP_72765,78811.3,1868435.6
SHP_72767,86727.4,2059633.0
SHP_72768,195033.8,4850309.0
SHP_72770,86974.8,2109096.0
SHP_72771,1592.9,23646.3
SHP_72773,133960.9,3316628.5
SHP_72775,94271.1,2230195.0
SHP_72776,172919.2,4398998.0
SHP_72778,87489.4,2065877.5
SHP_72779,16208.5,379319.8
SHP_72781,75933.5,1778988.8
SHP_72783,95096.0,2295771.3
SHP_72785,170769.3,4344248.0
SHP_72786,84071.5,1990579.6
SHP_72788,196815.7,4888356.0
SHP_72789,142654.0,3629128.3
SHP_72791,84581.4,2011573.0
SHP_72792,93107.2,2204778.8
SHP_72794,122172.7,3106187.3
SHP_72795,87865.5,2077176.8
SHP_72797,96049.5,2249824.0
SHP_72799,64588.7,1545096.5
SHP_72800,215154.6,5329868.0
SHP_72802,170239.6,4334889.0
SHP_72804,94969.0,2294305.8
SHP_72806,127442.2,3142658.5
SHP_72808,86570.5,2054442.1
SHP_72809,172163.8,4375336.0
SHP_72811,87110.7,2060647.9
SHP_72812,103659.2,2423056.0
SHP_72814,90512.2,2153502.0
SHP_72815,51358.1,1231952.9
SHP_72817,95208.2,2255594.3
SHP_72818,173824.0,4414595.0
SHP_72820,172307.5,4378695.0
SHP_72821,127809.8,3152424.5
SHP_72822,163820.0,4073270.5
SHP_72824,148614.5,3790311.8
SHP_72825,173381.0,4408221.5
SHP_72826,103658.9,2422493.0
SHP_72828,209122.2,5264171.0
SHP_72830,103411.2,2509169.5
SHP_72832,80371.0,1908570.3
SHP_72833,77279.4,1849980.9
SHP_72835,141468.0,3605951.3
SHP_72837,167553.8,4271975.0
SHP_72838,87909.5,2080129.9
SHP_72839,42528.2,1038810.8
SHP_72840,77770.1,1822772.1
SHP_72842,2746.7,49360.3
SHP_72844,148243.2,3778249.0
SHP_72847,87069.0,2059680.9
SHP_72849,87174.7,2059860.6
SHP_72850,117476.2,2837807.5
SHP_72853,69802.7,1693326.4
SHP_72854,72012.2,1683790.8
SHP_72856,172604.6,4390796.0
SHP_72857,212327.0,5324911.0
SHP_72860,92340.6,2218156.5
SHP_72861,171448.9,4358688.5
SHP_72863,174750.0,4438428.5
SHP_72865,87473.0,2126157.5
SHP_72867,212283.1,5315632.0
SHP_72868,75217.3,1778408.4
SHP_72871,81902.4,1964181.8
SHP_72874,86785.5,2061830.3
SHP_72876,17982.9,401355.7
SHP_72878,163460.2,4067234.5
SHP_72880,86715.4,2055850.3
SHP_72882,87917.7,2079243.8
SHP_72883,67408.3,1571160.8
SHP_72885,41339.1,974062.2
SHP_72887,171163.3,4288561.0
SHP_72888,103101.3,2410915.0
SHP_72889,81064.3,1926838.1
SHP_72890,58440.5,1414431.8
SHP_72892,94038.2,2218668.5
SHP_72895,45348.6,1102088.4
SHP_72897,86289.4,2097445.8
SHP_72898,170486.4,4340423.5
SHP_72900,81646.2,1981588.0
SHP_72901,144212.5,3532201.8
SHP_72903,87332.3,2064598.5
SHP_72904,79603.4,1886747.5
SHP_72905,86997.1,2109822.5
SHP_72906,89045.1,2167150.8
SHP_72908,170769.3,4344248.0
SHP_72910,197026.8,4896959.0
SHP_72912,65578.7,1588698.3
SHP_72913,133682.7,3310257.3
SHP_72915,87253.9,2061245.4
SHP_72917,170239.6,4334889.0
SHP_72918,87094.7,2117296.8
SHP_72919,80618.8,1959726.6
SHP_72921,94271.1,2230195.0
SHP_72923,93050.6,2231724.3
SHP_72924,100847.7,2425252.5
SHP_72927,87679.4,2129949.5
SHP_72929,91088.7,2186005.3
SHP_72931,91708.8,2179308.5
SHP_72933,87414.3,2067688.1
SHP_72935,41339.1,974062.2
SHP_72937,88487.9,2154792.3
SHP_72938,89349.8,2104610.5
SHP_72940,133362.5,3304139.0
SHP_72941,193902.1,4822433.0
SHP_72943,56206.2,1353848.0
SHP_72945,169584.0,4307031.0
SHP_72947,100564.1,2349125.8
SHP_72949,87585.0,2075817.0
SHP_72950,79330.0,1892615.3
SHP_72952,90564.5,2154303.8
SHP_72953,80272.9,1915237.6
SHP_72955,215101.6,5331622.0
SHP_72957,79979.5,1899247.6
SHP_72960,173350.7,4401299.5
SHP_72962,95184.9,2244034.8
SHP_72964,86374.9,2097640.3
SHP_72966,91088.7,2186005.3
SHP_72970,173280.2,4405826.0
SHP_72971,163473.8,4087180.0
SHP_72973,87026.4,2060128.8
SHP_72974,87110.7,2060647.9
SHP_72976,103016.9,2398663.8
SHP_72977,81064.3,1926838.1
SHP_72979,87253.9,2061245.4
SHP_72980,133997.1,3312204.0
SHP_72982,88050.2,2076538.5
SHP_72984,87904.7,2081680.8
SHP_72985,57159.2,1402423.5
SHP_72986,103126.4,2406769.5
SHP_72987,88904.5,2141009.5
SHP_72989,174457.4,4434390.5
SHP_72990,162983.2,4071929.5
SHP_72992,73962.5,1764703.9
SHP_72993,71010.9,1709281.5
SHP_72995,84132.4,2001065.9
SHP_72996,53533.0,1296744.0
SHP_72998,91719.5,2174941.3
SHP_72999,94232.1,2223476.5
SHP_73000,52801.6,1281086.3
SHP_73002,172453.7,4381539.0
SHP_73003,67517.7,1564380.8
SHP_73005,91674.5,2174508.8
SHP_73006,83550.6,1988066.1
SHP_73008,180921.0,4578455.0
SHP_73010,148840.1,3793957.3
SHP_73012,86282.3,2050475.4
SHP_73013,85985.8,2013776.0
SHP_73016,173483.4,4409680.0
SHP_73018,41196.6,971770.0
SHP_73020,141468.0,3605951.3
SHP_73022,195026.2,4847341.0
SHP_73023,76291.8,1820828.6
SHP_73025,93050.2,2200235.8
SHP_73026,190653.5,4696030.0
SHP_73028,86612.6,2052361.3
SHP_73030,82569.3,1956400.8
SHP_73032,93803.1,2179640.0
SHP_73033,186208.1,4647440.0
SHP_73035,87097.3,2060779.3
SHP_73036,79356.4,1940187.8
SHP_73038,172882.1,4388519.0
SHP_73039,197240.1,4911337.0
SHP_73040,172629.0,4386290.0
SHP_73042,99665.1,2472511.0
SHP_73044,90144.1,2146178.5
SHP_73045,87414.3,2067688.1
SHP_73047,177591.4,4431879.5
SHP_73048,141954.0,3612206.0
SHP_73050,102866.2,2398041.5
SHP_73051,101477.9,2466295.0
SHP_73052,94038.2,2218668.5
SHP_73053,110248.8,2694137.3
SHP_73055,133682.7,3310257.3
SHP_73057,196650.7,4892347.0
SHP_73058,91576.9,2199942.5
SHP_73060,64588.7,1545096.5
SHP_73061,829.0,12040.9
SHP_73063,86430.4,2053376.0
SHP_73064,177190.8,4497453.5
SHP_73066,90960.0,2159799.8
SHP_73067,77331.8,1828251.4
SHP_73068,117940.9,2849643.5
SHP_73070,41196.6,971770.0
SHP_73072,173399.3,4408596.0
SHP_73073,100810.8,2357501.0
SHP_73075,86523.4,2053822.9
SHP_73076,51724.2,1225380.8
SHP_73078,86777.6,2109936.5
SHP_73079,212909.4,5337524.0
SHP_73081,173191.7,4398801.0
SHP_73082,194812.1,4851714.0
SHP_73083,215154.6,5329868.0
SHP_73085,73149.5,1766718.0
SHP_73086,209284.8,5262091.5
SHP_73088,86715.4,2055850.3
SHP_73089,83312.4,1991370.0
SHP_73091,43390.0,1060007.8
SHP_73093,149667.0,3816064.5
SHP_73095,184888.8,4616622.0
SHP_73096,166892.7,4256029.0
SHP_73098,1750.9,27104.0
SHP_73099,87473.0,2126157.5
SHP_73100,56006.3,1354385.4
SHP_73102,76291.8,1820828.6
SHP_73104,173483.4,4409680.0
SHP_73105,96947.0,2338752.0
SHP_73107,87390.9,2064551.3
SHP_73108,172703.4,4389080.5
SHP_73109,1079.1,15777.1
SHP_73111,92532.9,2220075.3
SHP_73112,95756.5,2259945.3
SHP_73114,117025.5,2829658.5
SHP_73116,74339.4,1778100.0
SHP_73117,44652.2,1091999.4
SHP_73118,45174.0,1097778.1
SHP_73120,83312.4,1991370.0
SHP_73122,79539.8,1941902.6
SHP_73124,197062.8,4903091.5
SHP_73125,86349.0,2051045.4
SHP_73127,150132.8,3817010.8
SHP_73128,61198.9,1474162.5
SHP_73130,170915.5,4347770.5
SHP_73131,214878.6,5328847.5
SHP_73133,87094.7,2117296.8
SHP_73135,76278.6,1831821.8
SHP_73137,87913.3,2077666.8
SHP_73139,87864.7,2078411.5
SHP_73141,167864.8,4279334.0
SHP_73143,66823.4,1629334.1
SHP_73144,91579.2,2200682.5
SHP_73145,91965.7,2210372.0
SHP_73147,91645.1,2172881.0
SHP_73148,171972.1,4369907.5
SHP_73149,1495.4,19088.7
SHP_73150,75571.1,1819517.9
SHP_73152,171875.5,4368538.5
SHP_73154,196991.3,4894309.0
SHP_73155,173350.7,4401299.5
SHP_73156,141692.0,3613018.8
SHP_73159,165107.6,4214483.0
SHP_73161,64768.2,1577468.5
SHP_73164,86907.3,2108474.0
SHP_73165,79405.3,1890717.3
SHP_73167,175667.9,4461666.5
SHP_73168,173495.5,4409127.0
SHP_73170,177834.5,4439926.0
SHP_73171,88135.0,2141595.8
SHP_73172,87167.9,2069278.4
SHP_73174,87848.8,2072516.0
SHP_73175,91215.9,2193933.3
SHP_73177,101983.8,2476653.0
SHP_73178,87632.7,2068359.5
SHP_73179,91215.5,2158301.0
SHP_73181,170289.3,4337121.5
SHP_73183,91835.7,2151743.0
SHP_73184,77179.0,1847672.9
SHP_73188,173540.5,4407187.0
SHP_73189,65239.6,1553236.5
SHP_73191,85974.2,2043703.0
SHP_73193,191241.1,4763401.0
SHP_73195,173740.0,4412645.5
SHP_73197,96824.6,2268463.5
SHP_73199,78842.7,1882099.4
SHP_73201,100588.7,2444662.5
SHP_73202,20157.2,473578.3
SHP_73206,149256.9,3787900.0
SHP_73207,173569.9,4407361.0
SHP_73209,169749.3,4315168.5
SHP_73211,83771.0,1992986.6
SHP_73212,89677.6,2114827.5
SHP_73215,213386.5,5360722.5
SHP_73216,80431.4,1918091.5
SHP_73217,55123.0,1303479.4
SHP_73219,171812.7,4370761.5
SHP_73221,191964.1,4777458.5
SHP_73222,87713.6,2071479.0
SHP_73224,88715.2,2093779.8
SHP_73226,31454.0,769440.4
SHP_73228,170681.6,4346589.0
SHP_73230,177568.4,4436464.5
SHP_73232,164106.1,4097328.0
SHP_73234,59540.2,1450323.6
SHP_73235,68061.5,1586563.8
SHP_73236,81064.3,1926838.1
SHP_73238,172326.4,4378835.5
SHP_73240,150354.6,3831387.3
SHP_73242,86715.4,2055850.3
SHP_73243,90627.1,2183058.8
SHP_73245,45348.6,1102088.4
SHP_73247,173162.8,4396578.5
SHP_73248,172432.8,4379968.5
SHP_73250,87904.1,2022149.5
SHP_73252,194472.1,4834689.5
SHP_73253,173573.4,4408762.5
SHP_73254,81894.1,1989229.8
SHP_73256,95756.5,2259945.3
SHP_73258,83846.4,1988136.6
SHP_73260,59437.0,1436488.1
SHP_73262,92532.9,2220075.3
SHP_73264,90499.6,2153443.0
SHP_73266,95447.1,2240486.0
SHP_73267,134735.3,3330798.3
SHP_73269,87177.4,2061284.1
SHP_73270,91073.1,2189091.0
SHP_73271,94974.2,2244932.5
SHP_73273,45488.4,1103337.9
SHP_73276,61858.8,1500040.4
SHP_73277,163899.8,4091302.5
SHP_73279,87611.6,2077548.9
SHP_73280,173641.3,4402024.5
SHP_73281,171808.4,4371074.0
SHP_73282,65278.0,1562072.1
SHP_73284,44652.2,1091999.4
SHP_73286,144212.5,3532201.8
SHP_73288,71143.2,1723629.8
SHP_73290,144212.5,3532201.8
SHP_73292,172466.6,4380811.5
SHP_73294,102169.1,2387835.5
SHP_73296,79467.9,1942297.1
SHP_73297,194678.0,4838234.0
SHP_73299,87240.0,2116422.0
SHP_73300,98360.6,2300644.5
SHP_73302,194644.4,4840329.0
SHP_73304,44179.2,1076833.6
SHP_73306,173136.7,4397620.0
SHP_73307,77689.1,1858974.1
SHP_73309,86374.9,2097640.3
SHP_73310,78138.7,1863219.5
SHP_73312,87615.4,2122925.8
SHP_73313,91965.7,2210372.0
SHP_73315,93040.4,2200174.8
SHP_73317,172826.4,4395997.0
SHP_73318,91018.5,2127008.0
SHP_73320,85960.7,2042263.9
SHP_73322,161252.1,4003040.0
SHP_73324,196783.3,4884733.0
SHP_73326,173641.3,4402024.5
SHP_73327,93188.3,2206076.5
SHP_73329,173136.4,4396009.0
SHP_73332,104011.6,2423308.3
SHP_73334,192067.6,4766448.0
SHP_73335,88723.2,2095116.3
SHP_73337,194384.8,4845698.0
SHP_73339,1592.9,23646.3
SHP_73341,95184.9,2244034.8
SHP_73343,173958.8,4408568.5
SHP_73344,193780.8,4820274.0
SHP_73346,197240.1,4911337.0
SHP_73347,110177.4,2691348.8
SHP_73351,93083.8,2201877.3
SHP_73353,86570.5,2054442.1
SHP_73354,195966.0,4872931.0
SHP_73356,79979.5,1899247.6
SHP_73358,149982.6,3815138.5
SHP_73359,87126.6,2060921.3
SHP_73360,44896.3,1097381.8
SHP_73361,163853.8,4091384.5
SHP_73364,82705.5,1958151.8
SHP_73366,73950.0,1772901.8
SHP_73367,45174.0,1097778.1
SHP_73369,174178.4,4419982.0
SHP_73370,171401.8,4357609.0
SHP_73372,103113.9,2402942.3
SHP_73374,87751.7,2070180.5
SHP_73375,103658.9,2422493.0
SHP_73377,23114.2,552892.8
SHP_73379,86177.7,2046732.6
SHP_73383,101234.8,2456585.3
SHP_73384,195118.2,4801697.5
SHP_73386,117029.4,2829456.5
SHP_73388,167284.8,4266330.0
SHP_73389,64599.2,1548719.8
SHP_73390,93803.1,2179640.0
SHP_73391,88653.5,2174084.8
SHP_73393,83312.4,1991370.0
SHP_73395,167128.6,4261510.0
SHP_73397,171532.8,4367818.0
SHP_73399,87013.8,2059099.3
SHP_73401,171972.1,4369907.5
SHP_73403,90515.8,2153873.3
SHP_73405,91765.2,2201584.5
SHP_73407,70590.5,1712778.0
SHP_73409,171935.8,4375727.0
SHP_73410,84730.2,2041788.4
SHP_73412,87709.3,2076782.3
SHP_73413,1252.3,19122.0
SHP_73414,99742.2,2415866.0
SHP_73416,169431.3,4313406.0
SHP_73418,173991.6,4415232.0
SHP_73420,2746.7,49360.3
SHP_73421,77306.5,1846222.9
SHP_73422,79539.8,1941902.6
SHP_73423,103257.0,2504870.8
SHP_73425,85974.2,2043703.0
SHP_73426,44157.4,1078666.9
SHP_73428,162847.3,4052841.0
SHP_73429,169629.4,4317559.5
SHP_73430,174318.1,4427466.0
SHP_73431,1684.8,24216.8
SHP_73433,99304.8,2319118.5
SHP_73435,23075.3,550604.9
SHP_73437,96288.2,2327691.5
SHP_73439,92412.0,2215828.8
SHP_73441,177850.7,4439593.0
SHP_73442,92042.0,2185977.0
SHP_73445,173611.9,4407207.0
SHP_73446,109748.2,2641785.0
SHP_73448,212327.0,5324911.0
SHP_73450,212283.1,5315632.0
SHP_73451,95962.3,2267270.0
SHP_73452,41812.4,991304.9
SHP_73454,172999.2,4400358.0
SHP_73455,172737.3,4394355.0
SHP_73457,163264.3,4078517.0
SHP_73459,78009.2,1852802.0
SHP_73462,91600.8,2255657.0
SHP_73463,150115.8,3821025.5
SHP_73465,15587.6,372493.1
SHP_73467,148696.0,3789227.0
SHP_73469,65057.2,1552896.3
SHP_73471,83610.6,1980664.4
SHP_73473,86430.4,2053376.0
SHP_73474,182731.6,4563338.0
SHP_73475,136835.7,3385916.0
SHP_73476,83550.6,1988066.1
SHP_73478,102676.6,2491363.8
SHP_73480,79009.7,1880362.5
SHP_73483,91503.1,2201372.5
SHP_73484,92950.7,2230600.0
SHP_73486,1868.2,30477.0
SHP_73487,91470.7,2243681.0
SHP_73489,101901.3,2409683.0
SHP_73490,117957.6,2830471.0
SHP_73492,90916.8,2234383.5
SHP_73494,84806.8,2020027.4
SHP_73496,87390.9,2064551.3
SHP_73498,163853.8,4091384.5
SHP_73500,87152.6,2065288.3
SHP_73501,171761.9,4365616.5
SHP_73503,133407.9,3267798.5
SHP_73504,172432.8,4379968.5
SHP_73506,167436.3,4268839.0
SHP_73508,173210.2,4402371.5
SHP_73510,86479.5,2054301.5
SHP_73511,2436.2,46215.1
SHP_73512,95756.5,2259945.3
SHP_73514,196783.3,4884733.0
SHP_73516,94984.1,2239560.3
SHP_73518,117957.6,2830471.0
SHP_73520,81989.7,1955928.3
SHP_73522,103659.2,2423056.0
SHP_73524,192417.8,4797819.5
SHP_73525,53640.1,1281710.5
SHP_73527,82705.5,1958151.8
SHP_73528,80239.9,1909812.8
SHP_73529,75770.9,1818789.3
SHP_73531,195033.8,4850309.0
SHP_73533,89719.2,2128097.5
SHP_73534,163613.1,4088460.5
SHP_73536,75571.1,1819517.9
SHP_73538,67408.3,1571160.8
SHP_73541,86704.4,2107340.8
SHP_73543,86821.9,2057249.5
SHP_73544,89373.5,2157278.5
SHP_73545,43637.8,1065627.0
SHP_73547,109748.2,2641785.0
SHP_73548,173326.0,4403960.5
SHP_73550,200351.6,4964060.0
SHP_73552,82022.9,1948763.3
SHP_73553,76806.8,1826330.1
SHP_73556,204324.8,5102045.0
SHP_73558,128777.3,3165820.0
SHP_73559,44335.4,1083420.0
SHP_73561,173155.1,4397312.0
SHP_73562,172737.3,4394355.0
SHP_73564,100588.7,2444662.5
SHP_73566,44193.9,1077001.4
SHP_73568,100783.6,2351770.5
SHP_73570,167294.8,4267258.0
SHP_73571,209122.2,5264171.0
SHP_73573,87709.3,2076782.3
SHP_73574,44179.2,1076833.6
SHP_73575,53088.4,1288280.9
SHP_73577,88487.9,2154792.3
SHP_73579,172066.7,4371408.5
SHP_73581,78336.8,1839919.8
SHP_73583,133729.2,3312231.0
SHP_73585,94235.2,2238397.0
SHP_73587,172163.8,4375336.0
SHP_73589,65450.5,1561218.8
SHP_73590,97206.7,2332682.3
SHP_73591,174044.9,4418694.0
SHP_73593,84356.6,2009980.8
SHP_73595,84581.4,2011573.0
SHP_73597,87276.1,2062157.6
SHP_73598,65071.9,1555960.5
SHP_73599,170916.2,4283878.0
SHP_73601,84754.0,1999330.8
SHP_73602,204324.8,5102045.0
SHP_73607,88576.0,2172818.8
SHP_73608,69140.4,1680690.0
SHP_73610,87079.5,2059857.1
SHP_73612,160237.7,4092678.5
SHP_73614,168728.0,4296739.0
SHP_73616,173740.0,4412645.5
SHP_73619,94981.6,2286405.3
SHP_73621,57516.5,1406530.3
SHP_73622,148696.0,3789227.0
SHP_73624,108938.9,2651715.8
SHP_73626,142162.2,3615541.5
SHP_73628,43659.7,1069165.9
SHP_73630,177834.5,4439926.0
SHP_73631,99704.0,2415080.5
SHP_73633,193080.5,4794258.0
SHP_73634,172030.1,4371287.0
SHP_73635,170239.6,4334889.0
SHP_73636,88685.0,2152120.3
SHP_73638,172926.1,4392015.5
SHP_73639,43436.6,1065542.4
SHP_73640,87743.2,2127488.3
SHP_73642,70723.1,1687977.3
SHP_73644,173326.0,4403960.5
SHP_73646,168835.9,4291650.0
SHP_73647,93089.5,2236122.8
SHP_73649,92563.9,2174903.3
SHP_73651,86562.8,2054667.5
SHP_73652,88789.6,2175470.0
SHP_73654,173207.3,4400222.5
SHP_73655,78596.3,1845196.4
SHP_73657,42162.1,1036085.4
SHP_73659,195382.1,4874077.5
SHP_73661,190755.9,4755937.0
SHP_73663,173191.7,4398801.0
SHP_73664,172829.6,4388549.0
SHP_73665,181841.2,4541050.5
SHP_73666,85138.3,2050275.5
SHP_73668,195118.2,4801697.5
SHP_73670,95209.9,2300222.3
SHP_73672,86374.9,2097640.3
SHP_73673,2944.1,55402.8
SHP_73675,2259.2,42982.5
SHP_73677,89511.5,2175120.0
SHP_73679,86020.3,2089559.8
SHP_73681,92005.0,2209536.0
SHP_73683,177353.0,4412126.0
SHP_73685,128321.5,3163633.5
SHP_73687,81894.1,1989229.8
SHP_73689,92935.8,2198156.3
SHP_73690,54388.3,1279911.0
SHP_73692,194812.1,4851714.0
SHP_73693,194644.4,4840329.0
SHP_73695,168652.3,4286894.0
SHP_73698,134717.4,3329708.8
SHP_73700,65119.6,1554186.0
SHP_73702,167204.4,4263770.5
SHP_73703,149798.0,3814636.5
SHP_73705,133421.7,3305351.8
SHP_73707,169303.9,4313920.0
SHP_73708,81308.2,1974240.4
SHP_73709,71106.5,1694314.3
SHP_73711,91889.1,2177153.0
SHP_73712,127706.8,3153351.0
SHP_73714,86665.1,2058746.3
SHP_73716,70783.3,1705205.1
SHP_73718,92304.5,2194288.8
SHP_73720,212101.1,5312962.5
SHP_73722,163366.5,4066964.8
SHP_73723,185995.1,4689864.0
SHP_73724,99615.3,2413838.5
SHP_73726,172999.2,4400358.0
SHP_73727,87167.9,2069278.4
SHP_73729,87517.0,2073776.8
SHP_73730,67685.5,1576297.6
SHP_73732,81008.9,1926911.8
SHP_73733,193826.8,4821049.0
SHP_73734,107920.1,2541746.0
SHP_73736,87763.4,2077294.1
SHP_73740,74339.4,1778100.0
SHP_73741,171943.5,4365970.0
SHP_73743,170529.1,4340769.0
SHP_73744,150509.2,3833237.3
SHP_73745,44563.2,1087079.3
SHP_73746,169749.3,4315168.5
SHP_73748,91710.3,2174871.5
SHP_73749,39951.8,939579.7
SHP_73751,172054.5,4376785.5
SHP_73753,64346.1,1546803.8
SHP_73755,78336.8,1839919.8
SHP_73757,208666.1,5257821.5
SHP_73759,171483.3,4367100.0
SHP_73761,81013.3,1923764.6
SHP_73763,73529.7,1760416.8
SHP_73765,186019.2,4688369.5
SHP_73766,79252.9,1864135.5
SHP_73767,92376.9,2165579.5
SHP_73769,100588.7,2444662.5
SHP_73771,167915.4,4282205.0
SHP_73772,63662.4,1543365.4
SHP_73773,149798.0,3814636.5
SHP_73774,173342.7,4399126.0
SHP_73778,166871.9,4257046.0
SHP_73779,177692.7,4435482.0
SHP_73780,90712.9,2154108.3
SHP_73782,170445.6,4331925.0
SHP_73784,43637.8,1065627.0
SHP_73785,88487.9,2154792.3
SHP_73788,172347.8,4376207.0
SHP_73790,149380.2,3802055.3
SHP_73792,101477.9,2466295.0
SHP_73793,86349.0,2051045.4
SHP_73794,194665.1,4831894.0
SHP_73796,93143.3,2247304.8
SHP_73798,76755.0,1882879.8
SHP_73799,171448.9,4358688.5
SHP_73800,87467.5,2074070.8
SHP_73802,195026.2,4847341.0
SHP_73803,91161.7,2163680.5
SHP_73804,79794.6,1895190.3
SHP_73806,18336.3,406290.6
SHP_73807,170209.1,4330604.0
SHP_73810,102866.2,2398041.5
SHP_73812,169497.7,4311918.5
SHP_73814,122546.3,3113873.5
SHP_73815,89654.0,2114296.0
SHP_73817,136835.7,3385916.0
SHP_73819,69996.8,1697505.1
SHP_73820,99477.7,2423219.0
SHP_73822,87347.8,2063855.0
SHP_73823,86074.3,2092030.6
SHP_73825,121212.8,3082781.3
SHP_73827,92563.9,2174903.3
SHP_73828,79003.6,1927697.3
SHP_73830,87094.7,2117296.8
SHP_73832,79811.4,1949166.8
SHP_73833,78992.0,1873243.1
SHP_73835,128777.3,3165820.0
SHP_73836,80906.8,1921214.3
SHP_73837,90285.8,2224226.3
SHP_73839,171847.5,4367986.0
SHP_73841,79811.4,1949166.8
SHP_73843,84065.3,1991864.0
SHP_73844,78482.7,1844593.3
SHP_73846,84995.3,2044301.0
SHP_73847,167419.8,4264143.0
SHP_73848,76625.2,1876725.8
SHP_73850,39993.9,939872.3
SHP_73852,87709.3,2076782.3
SHP_73853,91997.0,2162333.8
SHP_73854,78181.0,1869336.0
SHP_73855,78992.0,1873243.1
SHP_73857,87904.1,2022149.5
SHP_73859,87511.9,2072632.4
SHP_73860,79353.5,1868830.0
SHP_73862,172687.9,4383395.5
SHP_73863,168654.0,4300125.0
SHP_73864,171901.7,4370768.0
SHP_73866,67710.0,1575436.3
SHP_73868,91576.9,2199942.5
SHP_73870,171613.0,4366414.5
SHP_73871,87664.9,2070154.8
SHP_73873,149360.4,3808708.0
SHP_73875,103113.9,2402942.3
SHP_73876,70856.4,1707005.9
SHP_73878,195365.2,4857959.0
SHP_73880,81080.4,1930738.5
SHP_73882,133502.1,3306715.5
SHP_73884,172184.3,4375481.5
SHP_73886,90712.9,2154108.3
SHP_73888,67458.0,1624607.3
SHP_73890,65485.7,1561498.9
SHP_73891,149057.0,3783990.0
SHP_73893,78029.6,1907795.0
SHP_73895,96824.6,2268463.5
SHP_73897,101363.9,2463164.3
SHP_73899,192119.7,4781054.0
SHP_73901,23075.3,550604.9
SHP_73902,173501.5,4408681.5
SHP_73904,87390.9,2064551.3
SHP_73905,196939.3,4893510.0
SHP_73906,90771.7,2150526.0
SHP_73907,87473.0,2126157.5
SHP_73909,127706.8,3153351.0
SHP_73911,49028.3,1189000.0
SHP_73913,127706.8,3153351.0
SHP_73915,87390.8,2067306.0
SHP_73917,198165.9,4917248.5
SHP_73918,55592.3,1317528.8
SHP_73920,44096.0,1075920.4
SHP_73921,95209.9,2300222.3
SHP_73923,2944.1,55402.8
SHP_73925,87848.8,2072516.0
SHP_73926,94232.1,2223476.5
SHP_73927,77689.1,1858974.1
SHP_73929,127382.0,3132704.5
SHP_73931,194628.2,4834661.0
SHP_73932,93083.8,2201877.3
SHP_73933,77191.6,1847792.8
SHP_73937,196676.1,4899223.0
SHP_73939,173565.0,4405845.5
SHP_73940,101339.3,2394117.8
SHP_73942,171401.8,4357609.0
SHP_73944,78055.5,1911990.5
SHP_73945,96824.6,2268463.5
SHP_73947,173252.4,4405728.0
SHP_73948,91905.7,2208355.5
SHP_73950,93831.9,2220471.0
SHP_73952,92340.6,2218156.5
SHP_73953,56535.2,1386083.3
SHP_73955,163649.5,4069183.5
SHP_73957,97939.9,2312808.8
SHP_73959,169498.0,4311923.0
SHP_73960,86771.0,2057062.5
SHP_73961,53406.8,1268465.0
SHP_73963,80256.9,1912248.0
SHP_73964,125065.1,3176216.5
SHP_73966,91470.7,2243681.0
SHP_73968,172598.9,4389538.0
SHP_73969,81064.3,1926838.1
SHP_73971,78336.8,1839919.8
SHP_73972,90696.6,2138345.3
SHP_73974,86074.3,2092030.6
SHP_73975,211065.1,5311625.5
SHP_73977,90627.1,2183058.8
SHP_73979,173641.3,4402024.5
SHP_73980,166971.3,4227484.0
SHP_73981,79794.6,1895190.3
SHP_73983,173409.8,4403738.5
SHP_73985,90878.6,2190665.3
SHP_73986,19508.1,462855.3
SHP_73988,53357.1,1267846.9
SHP_73990,81168.5,1925082.3
SHP_73992,16612.6,386713.4
SHP_73994,77401.4,1816048.0
SHP_73996,92107.6,2210788.3
SHP_73997,100783.6,2351770.5
SHP_73999,77431.4,1850508.1
SHP_74000,94567.2,2232467.0
SHP_74002,91734.6,2175074.3
SHP_74003,212533.1,5327774.0
SHP_74005,99359.3,2393344.5
SHP_74007,103903.3,2421252.0
SHP_74009,87605.6,2124796.8
SHP_74011,82870.5,1963963.3
SHP_74013,173399.3,4408596.0
SHP_74014,149798.0,3814636.5
SHP_74016,86440.7,2053061.1
SHP_74017,77856.3,1860708.5
SHP_74019,67408.3,1571160.8
SHP_74020,148696.0,3789227.0
SHP_74021,75777.3,1804264.1
SHP_74022,87189.4,2117791.5
SHP_74024,88771.3,2153184.0
SHP_74025,75853.0,1821178.1
SHP_74027,94232.1,2223476.5
SHP_74029,93107.2,2204778.8
SHP_74030,170289.3,4337121.5
SHP_74032,172651.8,4382966.0
SHP_74034,91810.0,2202635.0
SHP_74035,191688.9,4765850.0
SHP_74036,16208.5,379319.8
SHP_74038,86353.4,2052444.9
SHP_74039,53406.8,1268465.0
SHP_74041,110177.4,2691348.8
SHP_74043,188419.5,4698740.0
SHP_74045,67428.0,1570137.3
SHP_74047,87318.0,2071927.5
SHP_74048,99359.3,2393344.5
SHP_74050,16570.4,385895.6
SHP_74052,170793.9,4348994.5
SHP_74054,79811.4,1949166.8
SHP_74056,197130.7,4891644.0
SHP_74058,90771.7,2150526.0
SHP_74060,95638.9,2257267.3
SHP_74062,87026.4,2060128.8
SHP_74064,81843.4,1944389.3
SHP_74066,87530.8,2072707.8
SHP_74068,86824.9,2107298.0
SHP_74069,88557.8,2171559.3
SHP_74070,84921.1,2022085.5
SHP_74073,156446.4,3998090.0
SHP_74074,171448.9,4358688.5
SHP_74076,193614.0,4827935.0
SHP_74077,195164.6,4857697.0
SHP_74078,181231.2,4519624.5
SHP_74079,173516.1,4405345.5
SHP_74080,172651.8,4382966.0
SHP_74082,193558.2,4826939.0
SHP_74083,91490.7,2171091.8
SHP_74085,80906.8,1921214.3
SHP_74087,197224.9,4914708.0
SHP_74088,87913.3,2077666.8
SHP_74090,93638.1,2215225.3
SHP_74091,45054.1,1099022.0
SHP_74092,172478.7,4382278.5
SHP_74094,172453.7,4381539.0
SHP_74095,194383.4,4832908.0
SHP_74096,92950.7,2230600.0
SHP_74098,80371.0,1908570.3
SHP_74099,49028.3,1189000.0
SHP_74101,91760.6,2177773.0
SHP_74103,169585.7,4307103.0
SHP_74105,196652.4,4883519.0
SHP_74107,91902.4,2177570.3
SHP_74108,93803.1,2179640.0
SHP_74110,163346.9,4063960.0
SHP_74112,76550.3,1879539.8
SHP_74114,64963.8,1549998.3
SHP_74116,173204.4,4401019.5
SHP_74118,87605.6,2124796.8
SHP_74119,89677.6,2114827.5
SHP_74121,86715.4,2055850.3
SHP_74123,166356.7,4245465.0
SHP_74124,175006.8,4429453.0
SHP_74126,83833.6,1964883.6
SHP_74128,211093.2,5312102.5
SHP_74130,43637.8,1065627.0
SHP_74132,177353.0,4412126.0
SHP_74134,83984.6,1988526.5
SHP_74135,101477.9,2466295.0
SHP_74136,72522.7,1747928.3
SHP_74138,99477.7,2423219.0
SHP_74140,167826.8,4279158.0
SHP_74143,172737.3,4394355.0
SHP_74144,173803.7,4419081.0
SHP_74146,172687.9,4383395.5
SHP_74148,209122.2,5264171.0
SHP_74150,80618.8,1959726.6
SHP_74152,172521.1,4381632.0
SHP_74153,81763.7,1943551.0
SHP_74155,175238.3,4450556.5
SHP_74156,101962.9,2478602.3
SHP_74158,44968.4,1098476.0
SHP_74159,218954.4,5395635.5
SHP_74161,2436.2,46215.1
SHP_74162,109748.2,2641785.0
SHP_74164,86858.2,2057529.9
SHP_74165,87793.9,2133625.0
SHP_74167,81013.3,1923764.6
SHP_74168,109748.2,2641785.0
SHP_74169,101586.0,2466076.5
SHP_74171,81168.5,1925082.3
SHP_74173,67572.5,1572158.3
SHP_74175,177587.3,4504096.5
SHP_74176,75955.2,1815917.0
SHP_74178,83549.1,1986415.1
SHP_74181,169722.0,4323658.0
SHP_74182,76061.7,1808201.6
SHP_74184,91320.9,2167633.0
SHP_74186,87529.1,2066038.9
SHP_74187,127442.2,3142658.5
SHP_74188,87607.5,2077512.8
SHP_74189,195135.1,4855540.0
SHP_74191,192397.6,4784992.0
SHP_74193,194492.4,4835437.0
SHP_74194,96611.1,2263436.3
SHP_74196,173953.0,4408741.5
SHP_74197,90627.1,2183058.8
SHP_74199,77689.1,1858974.1
SHP_74201,173134.3,4402739.5
SHP_74202,44096.0,1075920.4
SHP_74203,72059.0,1742323.8
SHP_74205,1750.9,27104.0
SHP_74207,87050.0,2060118.8
SHP_74209,91898.9,2179220.0
SHP_74210,91828.4,2175840.8
SHP_74211,18584.5,408916.3
SHP_74213,99237.4,2398315.8
SHP_74215,148936.7,3795404.8
SHP_74216,95327.1,2244763.8
SHP_74218,173246.4,4397652.0
SHP_74219,162362.3,4041347.8
SHP_74221,95132.9,2254359.5
SHP_74223,91430.7,2196804.0
SHP_74225,63833.3,1543604.8
SHP_74227,65899.4,1581248.8
SHP_74229,149733.7,3814382.0
SHP_74231,197758.6,4924174.0
SHP_74232,135977.7,3369447.8
SHP_74233,177568.4,4436464.5
SHP_74235,150845.2,3843032.3
SHP_74237,172504.6,4381818.0
SHP_74238,90987.7,2185855.0
SHP_74239,83425.9,1978743.0
SHP_74240,149097.9,3800820.8
SHP_74242,64645.0,1545684.0
SHP_74244,98638.9,2306310.3
SHP_74247,194644.4,4840329.0
SHP_74249,169330.0,4312990.5
SHP_74251,91708.8,2179308.5
SHP_74253,163649.5,4069183.5
SHP_74255,91463.9,2170427.0
SHP_74256,85120.5,2019493.3
SHP_74257,31454.0,769440.4
SHP_74259,173134.3,4402739.5
SHP_74260,76303.0,1832089.5
SHP_74261,177568.4,4436464.5
SHP_74263,91790.6,2177446.8
SHP_74264,91698.7,2176696.0
SHP_74265,163386.4,4064886.0
SHP_74267,173279.1,4404924.5
SHP_74269,103433.0,2400438.5
SHP_74271,195257.8,4853474.5
SHP_74272,192072.0,4765440.0
SHP_74274,134735.3,3330798.3
SHP_74275,150115.8,3821025.5
SHP_74277,92206.9,2213339.8
SHP_74279,83545.1,1981291.8
SHP_74280,209284.8,5262091.5
SHP_74282,78106.2,1911858.5
SHP_74284,87009.9,2059579.9
SHP_74285,67001.4,1563828.0
SHP_74286,77689.1,1858974.1
SHP_74288,90942.6,2162185.3
SHP_74289,52877.2,1283755.3
SHP_74291,91588.3,2172811.3
SHP_74292,84581.4,2011573.0
SHP_74294,83021.0,1970465.6
SHP_74295,90027.8,2145906.3
SHP_74297,90144.1,2146178.5
SHP_74298,172332.6,4376352.0
SHP_74300,92169.8,2180533.3
SHP_74302,92249.5,2210390.0
SHP_74303,194384.8,4845698.0
SHP_74305,172692.4,4386647.0
SHP_74306,172651.8,4382966.0
SHP_74308,172751.5,4393148.5
SHP_74311,44990.6,1098603.4
SHP_74313,54388.3,1279911.0
SHP_74314,45348.6,1102088.4
SHP_74316,42162.1,1036085.4
SHP_74317,102169.1,2387835.5
SHP_74319,171109.5,4349867.0
SHP_74320,79356.4,1940187.8
SHP_74321,56238.0,1348214.0
SHP_74322,133960.9,3316628.5
SHP_74324,95184.9,2244034.8
SHP_74326,79641.6,1943870.5
SHP_74327,87529.1,2066038.9
SHP_74329,53634.6,1276957.3
SHP_74330,172163.8,4375336.0
SHP_74334,82507.6,1999341.0
SHP_74336,87605.6,2124796.8
SHP_74340,87786.3,2097026.4
SHP_74342,103257.0,2504870.8
SHP_74344,174293.8,4426932.5
SHP_74345,43637.8,1065627.0
SHP_74347,122748.1,3117632.5
SHP_74348,45397.0,1104077.1
SHP_74349,87763.4,2077294.1
SHP_74351,173252.4,4405728.0
SHP_74352,91571.0,2158449.0
SHP_74354,84754.0,1999330.8
SHP_74355,85911.5,2040973.0
SHP_74357,90632.4,2228257.0
SHP_74359,110177.4,2691348.8
SHP_74360,101339.3,2394117.8
SHP_74362,86773.1,2058313.1
SHP_74363,156446.4,3998090.0
SHP_74364,186208.1,4647440.0
SHP_74366,1011.5,14813.2
SHP_74368,196339.7,4877095.0
SHP_74369,90916.8,2234383.5
SHP_74370,173414.5,4405841.5
SHP_74372,78106.2,1911858.5
SHP_74374,94271.1,2230195.0
SHP_74375,170916.2,4283878.0
SHP_74378,95184.9,2244034.8
SHP_74379,75571.1,1819517.9
SHP_74381,149089.6,3784544.0
SHP_74383,169639.8,4312275.0
SHP_74385,97305.5,2342405.0
SHP_74387,93074.5,2200377.3
SHP_74389,175238.3,4450556.5
SHP_74390,125260.5,3178675.0
SHP_74392,172183.5,4375343.0
SHP_74396,53309.4,1289621.6
SHP_74398,91434.8,2170945.3
SHP_74400,95636.2,2257348.8
SHP_74402,79539.8,1941902.6
SHP_74403,89349.8,2104610.5
SHP_74405,117957.6,2830471.0
SHP_74407,84806.8,2020027.4
SHP_74408,89360.3,2191560.0
SHP_74412,57112.2,1363462.1
SHP_74413,182622.1,4553748.0
SHP_74415,195026.2,4847341.0
SHP_74416,82619.1,1961231.9
SHP_74418,87713.1,2076714.8
SHP_74420,164106.1,4097328.0
SHP_74421,192228.0,4782271.0
SHP_74422,142625.0,3625655.5
SHP_74424,195164.6,4857697.0
SHP_74425,174809.6,4441331.5
SHP_74426,80468.3,1913374.9
SHP_74428,171935.8,4375727.0
SHP_74430,213553.3,5363742.0
SHP_74431,74254.6,1753085.4
SHP_74433,86663.0,2057755.0
SHP_74434,212909.4,5337524.0
SHP_74436,91308.7,2167691.0
SHP_74437,96049.5,2249824.0
SHP_74439,91930.3,2167545.5
SHP_74440,173162.8,4396578.5
SHP_74441,117957.6,2830471.0
SHP_74443,88107.2,2139925.5
SHP_74444,1832.8,30080.7
SHP_74446,91732.4,2176460.3
SHP_74447,101996.2,2477948.0
SHP_74449,67736.2,1574746.8
SHP_74451,92929.4,2227348.3
SHP_74452,148696.0,3789227.0
SHP_74454,73529.7,1760416.8
SHP_74455,177568.4,4436464.5
SHP_74457,45397.0,1104077.1
SHP_74458,168735.5,4297887.5
SHP_74460,75659.5,1789570.0
SHP_74462,65076.2,1551248.5
SHP_74463,90515.8,2153873.3
SHP_74465,197357.4,4897967.5
SHP_74467,173275.5,4405889.0
SHP_74469,78860.8,1849589.9
SHP_74470,42951.9,1051128.6
SHP_74472,117029.4,2829456.5
SHP_74474,86665.1,2058746.3
SHP_74476,150158.7,3817379.3
SHP_74478,173274.4,4399948.0
SHP_74479,87664.9,2070154.8
SHP_74480,100943.9,2387774.8
SHP_74482,167546.5,4270888.0
SHP_74484,90960.0,2159799.8
SHP_74485,108363.6,2634033.3
SHP_74486,95257.2,2244398.0
SHP_74488,103257.0,2504870.8
SHP_74490,91374.0,2199992.3
SHP_74492,195052.3,4847733.0
SHP_74493,134072.4,3315659.0
SHP_74494,84363.0,2010343.6
SHP_74496,86785.5,2061830.3
SHP_74498,88050.2,2076538.5
SHP_74499,86704.4,2107340.8
SHP_74500,173236.7,4398054.0
SHP_74502,102079.4,2477516.5
SHP_74503,41196.6,971770.0
SHP_74505,163460.2,4067234.5
SHP_74506,167350.1,4267530.0
SHP_74508,87013.8,2059099.3
SHP_74509,55592.3,1317528.8
SHP_74511,150288.4,3830779.5
SHP_74512,92692.1,2194291.0
SHP_74514,79254.3,1936385.4
SHP_74516,200351.6,4964060.0
SHP_74518,92377.9,2185890.3
SHP_74519,23114.2,552892.8
SHP_74521,133852.3,3290604.0
SHP_74523,70856.4,1707005.9
SHP_74525,167811.2,4276968.5
SHP_74526,177568.4,4436464.5
SHP_74528,79356.4,1940187.8
SHP_74530,212283.1,5315632.0
SHP_74531,173336.7,4402072.0
SHP_74533,80457.3,1913968.6
SHP_74534,90515.8,2153873.3
SHP_74537,177234.3,4496592.5
SHP_74538,173264.9,4405272.5
SHP_74539,79195.1,1854888.0
SHP_74541,171957.4,4370954.0
SHP_74543,73085.3,1755859.6
SHP_74545,82022.9,1948763.3
SHP_74546,195536.7,4862808.0
SHP_74548,194061.8,4825438.0
SHP_74549,64963.8,1549998.3
SHP_74551,172657.0,4386016.0
SHP_74552,95074.4,2253513.0
SHP_74554,172416.4,4380671.0
SHP_74555,163461.3,4064707.0
SHP_74557,76487.6,1803193.3
SHP_74558,78829.7,1855841.8
SHP_74559,81894.1,1989229.8
SHP_74561,90499.6,2153443.0
SHP_74562,83586.4,1980465.3
SHP_74563,19508.1,462855.3
SHP_74565,98201.4,2316231.8
SHP_74567,94723.0,2219034.3
SHP_74569,127118.8,3137193.3
SHP_74571,194061.8,4825438.0
SHP_74573,103601.1,2414016.8
SHP_74575,90771.7,2150526.0
SHP_74577,173307.8,4403265.5
SHP_74578,172432.8,4379968.5
SHP_74580,89642.3,2115460.0
SHP_74583,125210.2,3177198.5
SHP_74585,78079.4,1911483.3
SHP_74586,88996.2,2163935.5
SHP_74587,87628.2,2083800.1
SHP_74589,98201.4,2316231.8
SHP_74591,161638.1,4013840.8
SHP_74593,78956.6,1894687.8
SHP_74594,171586.8,4362990.5
SHP_74595,55592.3,1317528.8
SHP_74597,134735.3,3330798.3
SHP_74598,173163.8,4402602.0
SHP_74599,36521.3,869559.9
SHP_74601,88723.2,2095116.3
SHP_74603,172692.4,4386647.0
SHP_74605,84586.1,2012991.8
SHP_74607,56424.6,1385903.3
SHP_74608,169110.8,4304160.0
SHP_74610,88723.2,2095116.3
SHP_74612,78030.0,1911573.5
SHP_74614,177402.6,4497889.5
SHP_74615,78922.7,1927550.9
SHP_74616,87110.7,2060647.9
SHP_74618,89197.3,2105349.3
SHP_74620,89998.3,2119179.0
SHP_74621,1684.8,24216.8
SHP_74623,1868.2,30477.0
SHP_74625,193510.9,4806965.0
SHP_74626,86915.3,2109606.5
SHP_74628,133502.1,3306715.5
SHP_74630,87717.2,2130353.8
SHP_74631,93060.7,2228260.3
SHP_74633,65450.5,1561218.8
SHP_74634,163853.8,4091384.5
SHP_74636,84071.5,1990579.6
SHP_74638,148614.5,3790311.8
SHP_74640,80987.5,1969087.3
SHP_74641,100783.6,2351770.5
SHP_74643,2436.2,46215.1
SHP_74645,91520.9,2171888.0
SHP_74647,62825.3,1531176.8
SHP_74649,133852.3,3290604.0
SHP_74650,197023.6,4892883.5
SHP_74652,141692.0,3613018.8
SHP_74654,85974.2,2043703.0
SHP_74655,76390.4,1833908.4
SHP_74657,169190.5,4308427.0
SHP_74658,101078.9,2461513.0
SHP_74660,94567.2,2232467.0
SHP_74661,91503.1,2201372.5
SHP_74662,52531.4,1212172.1
SHP_74664,86123.5,2048434.8
SHP_74666,44179.2,1076833.6
SHP_74667,85920.1,2032943.5
SHP_74669,174312.9,4427407.0
SHP_74670,91693.8,2201157.8
SHP_74672,191432.0,4769115.0
SHP_74674,173727.0,4414553.0
SHP_74676,87341.8,2071180.6
SHP_74678,91835.7,2151743.0
SHP_74680,87664.9,2070154.8
SHP_74682,89236.1,2165258.0
SHP_74683,95257.2,2244398.0
SHP_74685,1727.0,31561.0
SHP_74687,168524.4,4285750.0
SHP_74689,70203.5,1700286.4
SHP_74690,89036.9,2143331.0
SHP_74692,121399.8,3087854.5
SHP_74693,85851.5,2044507.3
SHP_74695,85961.6,2036359.0
SHP_74697,195870.7,4870670.5
SHP_74699,84581.4,2011573.0
SHP_74701,163306.6,4064513.8
SHP_74702,90646.3,2185567.8
SHP_74703,66600.8,1557070.4
SHP_74705,87848.8,2072516.0
SHP_74706,195938.5,4869927.0
SHP_74708,77914.2,1863958.4
SHP_74709,170509.0,4340987.5
SHP_74711,121678.4,3091783.5
SHP_74713,191672.0,4773357.0
SHP_74715,86858.2,2057529.9
SHP_74716,98782.0,2383364.3
SHP_74717,163825.5,4092804.0
SHP_74719,166356.7,4245465.0
SHP_74720,76109.6,1827627.8
SHP_74722,192132.8,4761586.0
SHP_74723,193747.0,4818324.0
SHP_74725,84363.0,2010343.6
SHP_74727,173116.5,4400014.5
SHP_74728,172737.3,4394355.0
SHP_74730,171936.5,4365378.5
SHP_74731,193113.4,4818169.0
SHP_74733,77179.0,1847672.9
SHP_74734,42674.4,1031555.0
SHP_74736,87373.1,2065933.9
SHP_74738,197758.6,4924174.0
SHP_74739,93478.5,2213355.3
SHP_74741,86819.0,2058796.5
SHP_74743,90331.8,2149335.0
SHP_74744,63833.3,1543604.8
SHP_74745,74181.6,1771069.4
SHP_74747,167524.4,4270140.0
SHP_74748,173740.0,4412645.5
SHP_74750,194836.4,4841846.0
SHP_74751,92862.1,2195611.0
SHP_74752,194644.4,4840329.0
SHP_74753,79335.5,1886956.6
SHP_74755,87079.5,2059857.1
SHP_74756,87478.3,2073011.6
SHP_74757,100527.2,2350292.5
SHP_74759,86289.4,2097445.8
SHP_74760,74250.3,1753187.5
SHP_74762,87453.4,2075206.6
SHP_74766,169457.4,4315731.0
SHP_74767,193747.0,4818324.0
SHP_74769,87882.9,2137175.8
SHP_74770,193902.1,4822433.0
SHP_74772,174044.9,4418694.0
SHP_74774,168727.3,4296874.0
SHP_74776,87466.3,2074869.6
SHP_74777,61705.4,1491485.0
SHP_74779,211612.2,5321361.0
SHP_74781,92377.9,2185889.8
SHP_74783,87235.0,2062587.0
SHP_74785,69251.5,1683221.6
SHP_74787,92480.9,2192203.8
SHP_74789,91835.7,2151743.0
SHP_74790,81902.4,1964181.8
SHP_74792,62993.5,1530574.5
SHP_74794,172785.5,4395726.5
SHP_74796,87110.7,2060647.9
SHP_74797,2944.1,55402.8
SHP_74799,102002.5,2502043.0
SHP_74801,133167.5,3301541.0
SHP_74803,92212.2,2189399.8
SHP_74805,91444.0,2167953.8
SHP_74807,74322.1,1797787.6
SHP_74808,172692.4,4386647.0
SHP_74809,193465.1,4824378.0
SHP_74810,95238.8,2289572.0
SHP_74811,99359.3,2393344.5
SHP_74813,86282.3,2050475.4
SHP_74814,73529.7,1760416.8
SHP_74815,101805.5,2369641.5
SHP_74817,54942.2,1295506.0
SHP_74821,65278.0,1562072.1
SHP_74824,122908.7,3119603.8
SHP_74826,167808.0,4278053.5
SHP_74827,75742.1,1818454.1
SHP_74829,91459.2,2170686.8
SHP_74830,103601.1,2414016.8
SHP_74832,56486.4,1386377.1
SHP_74834,19498.4,463420.7
SHP_74836,173501.5,4408681.5
SHP_74838,167284.8,4266330.0
SHP_74839,134826.8,3334359.5
SHP_74841,195872.2,4878562.0
SHP_74842,46899.9,1121550.1
SHP_74844,141923.9,3616538.5
SHP_74845,163146.9,4060654.8
SHP_74846,99304.8,2319118.5
SHP_74847,1684.8,24216.8
SHP_74849,83577.0,1988152.5
SHP_74851,91305.2,2167657.0
SHP_74853,95184.9,2244034.8
SHP_74854,42880.3,1032644.8
SHP_74856,86479.5,2054301.5
SHP_74857,92532.9,2220075.3
SHP_74858,208315.9,5250027.5
SHP_74860,86430.4,2053376.0
SHP_74861,73174.2,1753683.1
SHP_74862,168357.8,4289108.5
SHP_74863,99711.3,2413895.3
SHP_74865,40501.8,957360.7
SHP_74866,98855.2,2325344.0
SHP_74868,172930.4,4389064.0
SHP_74869,172738.5,4391909.0
SHP_74871,91693.5,2174712.5
SHP_74873,169330.0,4312990.5
SHP_74875,87722.7,2130385.5
SHP_74877,168735.5,4297887.5
SHP_74879,168932.1,4300549.0
SHP_74880,80728.8,1922264.3
SHP_74881,83096.4,2031381.0
SHP_74883,120998.1,3079142.3
SHP_74884,185425.4,4618855.0
SHP_74886,80256.9,1912248.0
SHP_74888,108363.6,2634033.3
SHP_74890,186208.1,4647440.0
SHP_74892,197062.8,4903091.5
SHP_74893,77896.9,1899767.6
SHP_74894,89590.1,2136940.3
SHP_74896,88050.2,2076538.5
SHP_74897,73149.5,1766718.0
SHP_74899,44179.2,1076833.6
SHP_74901,81064.3,1926838.1
SHP_74903,2259.2,42982.5
SHP_74905,91419.0,2169759.3
SHP_74907,77161.2,1891946.1
SHP_74909,87664.9,2070154.8
SHP_74911,53082.1,1273046.4
SHP_74913,93612.1,2216903.0
SHP_74917,192072.0,4765440.0
SHP_74918,95756.5,2259945.3
SHP_74920,83981.0,1995442.4
SHP_74921,173947.2,4423961.0
SHP_74923,170666.1,4339106.5
SHP_74925,91384.0,2169710.8
SHP_74926,194497.5,4836513.0
SHP_74927,171442.8,4361197.0
SHP_74929,1684.8,24216.8
SHP_74931,87079.5,2059857.1
SHP_74932,142832.8,3633008.0
SHP_74934,170837.2,4345370.5
SHP_74936,90932.1,2162128.0
SHP_74938,1750.9,27104.0
SHP_74940,53640.1,1281710.5
SHP_74942,194622.0,4836245.0
SHP_74944,171163.3,4288561.0
SHP_74945,196650.7,4892347.0
SHP_74947,95074.4,2253513.0
SHP_74948,102505.4,2389492.0
SHP_74950,1006.9,14785.2
SHP_74952,41196.6,971770.0
SHP_74954,77941.4,1848892.1
SHP_74956,86822.8,2058632.3
SHP_74958,96274.7,2278461.8
SHP_74959,63205.0,1527393.4
SHP_74961,90102.8,2123995.0
SHP_74962,169330.0,4312990.5
SHP_74964,84997.2,2044331.0
SHP_74966,88789.6,2175470.0
SHP_74968,167623.5,4271424.0
SHP_74969,198373.2,4930958.0
SHP_74971,172536.6,4384707.5
SHP_74972,16570.4,385895.6
SHP_74974,87110.7,2060647.9
SHP_74977,168652.3,4286894.0
SHP_74979,185526.1,4629557.0
SHP_74980,80256.9,1912248.0
SHP_74982,91490.4,2171545.8
SHP_74983,149667.0,3816064.5
SHP_74985,168652.3,4286894.0
SHP_74987,193747.0,4818324.0
SHP_74989,185347.9,4619757.5
SHP_74991,91571.0,2158449.0
SHP_74992,2543.7,45369.9
SHP_74994,84921.1,2022085.5
SHP_74995,185425.4,4618855.0
SHP_74996,91470.7,2243681.0
SHP_74998,96948.7,2292251.0
SHP_75000,2496.9,47454.9
SHP_75001,45412.8,1107617.9
SHP_75002,83425.9,1978743.0
SHP_75004,171529.5,4364872.5
SHP_75005,174809.6,4441331.5
SHP_75006,92376.9,2165579.5
SHP_75008,133682.7,3310257.3
SHP_75010,89677.6,2114827.5
SHP_75012,168665.4,4296115.0
SHP_75014,166824.6,4256392.0
SHP_75016,70534.9,1702080.8
SHP_75018,44179.2,1076833.6
SHP_75020,174915.4,4436894.0
SHP_75021,144084.5,3529373.5
SHP_75022,98360.6,2300644.5
SHP_75024,196624.9,4885531.0
SHP_75027,80256.9,1912248.0
SHP_75029,166824.6,4256392.0
SHP_75031,173535.8,4411756.5
SHP_75032,87414.3,2067688.1
SHP_75034,163649.5,4069183.5
SHP_75036,163808.8,4073060.3
SHP_75037,85830.1,2030533.4
SHP_75039,69316.6,1682810.4
SHP_75041,163387.6,4067072.0
SHP_75043,91889.1,2177153.0
SHP_75046,163853.8,4091384.5
SHP_75048,100358.8,2437151.0
SHP_75049,109463.6,2639067.3
SHP_75051,163371.9,4084275.0
SHP_75052,2422.2,45632.9
SHP_75054,90331.8,2149335.0
SHP_75055,2543.7,45369.9
SHP_75057,93571.6,2216523.5
SHP_75059,87510.8,2073489.5
SHP_75060,180436.8,4569876.5
SHP_75062,91889.1,2177153.0
SHP_75063,86123.5,2048434.8
SHP_75065,166824.6,4256392.0
SHP_75067,133407.9,3267798.5
SHP_75069,67128.2,1619066.5
SHP_75071,170837.2,4345370.5
SHP_75072,73149.5,1766718.0
SHP_75074,1571.7,23542.7
SHP_75075,142426.4,3624870.0
SHP_75077,168735.5,4297887.5
SHP_75079,89623.2,2115960.3
SHP_75080,135977.7,3369447.8
SHP_75081,172163.8,4375336.0
SHP_75083,87090.0,2068227.5
SHP_75085,87177.4,2061284.1
SHP_75086,2151.1,35148.1
SHP_75087,67152.8,1635645.5
SHP_75089,126155.1,3093933.5
SHP_75090,86824.4,2060104.0
SHP_75092,87373.1,2065933.9
SHP_75093,91376.0,2168722.8
SHP_75094,92800.9,2231153.5
SHP_75096,92563.9,2174903.3
SHP_75097,133682.7,3310257.3
SHP_75099,86562.8,2054667.5
SHP_75100,86023.2,2043619.4
SHP_75101,19498.4,463420.7
SHP_75103,169527.4,4314905.5
SHP_75105,94171.3,2223053.8
SHP_75106,95257.2,2244398.0
SHP_75108,99665.1,2472511.0
SHP_75110,122546.3,3113873.5
SHP_75112,193962.3,4823309.0
SHP_75114,87464.6,2074903.4
SHP_75116,148696.0,3789227.0
SHP_75118,1592.9,23646.3
SHP_75120,172738.5,4391909.0
SHP_75122,195118.2,4801697.5
SHP_75123,87235.0,2062587.0
SHP_75124,77401.4,1816048.0
SHP_75126,195365.2,4857959.0
SHP_75127,2944.1,55402.8
SHP_75128,90285.8,2224226.3
SHP_75130,83162.1,1982379.1
SHP_75132,93225.6,2206749.0
SHP_75133,80473.5,1909402.5
SHP_75135,173067.3,4390322.0
SHP_75136,80468.3,1913374.9
SHP_75137,101499.9,2500471.0
SHP_75139,96948.7,2292251.0
SHP_75141,65278.0,1562072.1
SHP_75143,83857.8,1992760.0
SHP_75145,212238.9,5330210.5
SHP_75146,169741.5,4320882.5
SHP_75148,84434.8,2007548.4
SHP_75150,173116.5,4400014.5
SHP_75151,166467.3,4247641.5
SHP_75153,133074.1,3221484.0
SHP_75155,86858.2,2057529.9
SHP_75156,87510.8,2073489.5
SHP_75157,93478.5,2213355.3
SHP_75159,80906.8,1921214.3
SHP_75161,87615.4,2122925.8
SHP_75162,53413.5,1267495.3
SHP_75164,80239.9,1909812.8
SHP_75166,150438.1,3572757.5
SHP_75167,65278.0,1562072.1
SHP_75169,173589.6,4411153.0
SHP_75170,173344.5,4402946.0
SHP_75171,91430.7,2196804.0
SHP_75172,209122.2,5264171.0
SHP_75174,90627.1,2183058.8
SHP_75176,172176.2,4373438.5
SHP_75177,163075.6,4057545.0
SHP_75178,1727.0,31561.0
SHP_75180,171839.6,4371806.5
SHP_75181,148291.0,3772630.5
SHP_75183,78829.7,1855841.8
SHP_75185,79353.5,1868830.0
SHP_75187,88250.9,2026733.8
SHP_75188,89511.5,2175120.0
SHP_75190,91660.2,2174119.3
SHP_75191,173991.6,4415232.0
SHP_75193,193529.1,4811730.0
SHP_75194,86280.6,2026302.1
SHP_75195,163649.5,4069183.5
SHP_75197,173163.8,4402602.0
SHP_75198,99359.3,2393344.5
SHP_75201,45449.7,1098911.8
SHP_75203,175395.0,4454977.5
SHP_75205,75571.1,1819517.9
SHP_75207,65184.1,1552303.9
SHP_75209,44335.4,1083420.0
SHP_75211,191444.0,4768251.0
SHP_75212,160237.7,4092678.5
SHP_75214,54388.3,1279911.0
SHP_75216,70590.5,1712778.0
SHP_75218,83549.1,1986415.1
SHP_75219,194497.5,4836513.0
SHP_75221,170413.6,4336483.5
SHP_75223,212283.1,5315632.0
SHP_75225,172154.8,4375910.0
SHP_75226,169564.6,4317219.0
SHP_75228,86123.5,2048434.8
SHP_75230,185258.1,4625183.0
SHP_75231,41749.8,982624.7
SHP_75232,173279.4,4405916.0
SHP_75234,172138.0,4382120.5
SHP_75235,163520.0,4085933.0
SHP_75237,172516.0,4386734.5
SHP_75238,194949.1,4855036.5
SHP_75239,86665.1,2058746.3
SHP_75240,92950.7,2230600.0
SHP_75241,173116.8,4401529.0
SHP_75243,172326.4,4378835.5
SHP_75245,773.0,10877.0
SHP_75249,87185.3,2060523.8
SHP_75250,148378.2,3781990.5
SHP_75252,84434.8,2007548.4
SHP_75254,174044.9,4418694.0
SHP_75256,186208.1,4647440.0
SHP_75258,92107.6,2210788.3
SHP_75260,120998.1,3079142.3
SHP_75262,163306.6,4064513.8
SHP_75263,87909.4,2132194.3
SHP_75264,88896.6,2145732.8
SHP_75265,67572.5,1572158.3
SHP_75267,45174.0,1097778.1
SHP_75268,89349.8,2104610.5
SHP_75269,172275.6,4378177.0
SHP_75271,96049.5,2249824.0
SHP_75273,2944.1,55402.8
SHP_75275,84754.0,1999330.8
SHP_75277,71439.1,1729771.0
SHP_75279,2039.4,32855.0
SHP_75280,196590.3,4891064.0
SHP_75281,74403.4,1796650.3
SHP_75282,103101.3,2410915.0
SHP_75283,170354.4,4340277.0
SHP_75284,18348.5,438012.2
SHP_75286,84581.4,2011573.0
SHP_75288,175137.5,4431721.5
SHP_75289,61569.1,1490556.1
SHP_75290,87032.8,2059724.8
SHP_75292,86405.2,2051871.4
SHP_75295,148378.2,3781990.5
SHP_75297,209335.5,5268576.5
SHP_75299,163729.6,4091481.3
SHP_75301,163969.3,4096438.5
SHP_75302,71173.3,1720081.3
SHP_75303,63205.0,1527393.4
SHP_75305,121956.8,3097089.0
SHP_75306,122555.9,3111162.0
SHP_75308,177834.5,4439926.0
SHP_75309,133502.1,3306715.5
SHP_75310,136969.7,3385226.8
SHP_75312,195115.5,4854981.0
SHP_75313,64588.7,1545096.5
SHP_75314,133630.9,3309231.0
SHP_75316,77914.2,1863958.4
SHP_75317,192183.4,4768151.0
SHP_75319,93571.6,2216523.5
SHP_75321,64963.8,1549998.3
SHP_75323,170289.3,4337121.5
SHP_75324,90203.2,2171283.5
SHP_75325,89229.9,2189894.8
SHP_75327,120998.1,3079142.3
SHP_75329,16113.9,378027.2
SHP_75330,87913.3,2077666.8
SHP_75332,87235.0,2062587.0
SHP_75333,99665.1,2472511.0
SHP_75335,78860.8,1849589.9
SHP_75337,91600.8,2255657.0
SHP_75339,195118.2,4801697.5
SHP_75340,59633.8,1451971.9
SHP_75341,99665.1,2472511.0
SHP_75343,23122.6,552947.3
SHP_75345,148256.6,3771807.8
SHP_75346,172978.6,4399849.5
SHP_75348,91479.5,2174586.3
SHP_75350,87511.9,2072632.4
SHP_75351,168735.5,4297887.5
SHP_75353,87861.9,2104506.0
SHP_75355,16113.9,378027.2
SHP_75357,177914.7,4441874.0
SHP_75359,78811.3,1868435.6
SHP_75361,86727.4,2059633.0
SHP_75362,195033.8,4850309.0
SHP_75364,86974.8,2109096.0
SHP_75365,1592.9,23646.3
SHP_75367,133960.9,3316628.5
SHP_75369,94271.1,2230195.0
SHP_75370,172919.2,4398998.0
SHP_75372,87489.4,2065877.5
SHP_75373,16208.5,379319.8
SHP_75375,75933.5,1778988.8
SHP_75377,95096.0,2295771.3
SHP_75379,170769.3,4344248.0
SHP_75380,84071.5,1990579.6
SHP_75382,196815.7,4888356.0
SHP_75383,142654.0,3629128.3
SHP_75385,84581.4,2011573.0
SHP_75386,93107.2,2204778.8
SHP_75388,122172.7,3106187.3
SHP_75389,87865.5,2077176.8
SHP_75391,96049.5,2249824.0
SHP_75393,64588.7,1545096.5
SHP_75394,215154.6,5329868.0
SHP_75396,170239.6,4334889.0
SHP_75398,94969.0,2294305.8
SHP_75400,127442.2,3142658.5
SHP_75402,86570.5,2054442.1
SHP_75403,172163.8,4375336.0
SHP_75405,87110.7,2060647.9
SHP_75406,103659.2,2423056.0
SHP_75408,90512.2,2153502.0
SHP_75409,51358.1,1231952.9
SHP_75411,95208.2,2255594.3
SHP_75412,173824.0,4414595.0
SHP_75414,172307.5,4378695.0
SHP_75415,127809.8,3152424.5
SHP_75416,163820.0,4073270.5
SHP_75418,148614.5,3790311.8
SHP_75419,173381.0,4408221.5
SHP_75420,103658.9,2422493.0
SHP_75422,209122.2,5264171.0
SHP_75424,103411.2,2509169.5
SHP_75426,80371.0,1908570.3
SHP_75427,77279.4,1849980.9
SHP_75429,141468.0,3605951.3
SHP_75431,167553.8,4271975.0
SHP_75432,87909.5,2080129.9
SHP_75433,42528.2,1038810.8
SHP_75434,77770.1,1822772.1
SHP_75436,2746.7,49360.3
SHP_75438,148243.2,3778249.0
SHP_75441,87069.0,2059680.9
SHP_75443,87174.7,2059860.6
SHP_75444,117476.2,2837807.5
SHP_75447,69802.7,1693326.4
SHP_75448,72012.2,1683790.8
SHP_75450,172604.6,4390796.0
SHP_75451,212327.0,5324911.0
SHP_75454,92340.6,2218156.5
SHP_75455,171448.9,4358688.5
SHP_75457,174750.0,4438428.5
SHP_75459,87473.0,2126157.5
SHP_75461,212283.1,5315632.0
SHP_75462,75217.3,1778408.4
SHP_75465,81902.4,1964181.8
SHP_75468,86785.5,2061830.3
SHP_75470,17982.9,401355.7
SHP_75472,163460.2,4067234.5
SHP_75474,86715.4,2055850.3
SHP_75476,87917.7,2079243.8
SHP_75477,67408.3,1571160.8
SHP_75479,41339.1,974062.2
SHP_75481,171163.3,4288561.0
SHP_75482,103101.3,2410915.0
SHP_75483,81064.3,1926838.1
SHP_75484,58440.5,1414431.8
SHP_75486,94038.2,2218668.5
SHP_75489,45348.6,1102088.4
SHP_75491,86289.4,2097445.8
SHP_75492,170486.4,4340423.5
SHP_75494,81646.2,1981588.0
SHP_75495,144212.5,3532201.8
SHP_75497,87332.3,2064598.5
SHP_75498,79603.4,1886747.5
SHP_75499,86997.1,2109822.5
SHP_75500,89045.1,2167150.8
SHP_75502,170769.3,4344248.0
SHP_75504,197026.8,4896959.0
SHP_75506,65578.7,1588698.3
SHP_75507,133682.7,3310257.3
SHP_75509,87253.9,2061245.4
SHP_75511,170239.6,4334889.0
SHP_75512,87094.7,2117296.8
SHP_75513,80618.8,1959726.6
SHP_75515,94271.1,2230195.0
SHP_75517,93050.6,2231724.3
SHP_75518,100847.7,2425252.5
SHP_75521,87679.4,2129949.5
SHP_75523,91088.7,2186005.3
SHP_75525,91708.8,2179308.5
SHP_75527,87414.3,2067688.1
SHP_75529,41339.1,974062.2
SHP_75531,88487.9,2154792.3
SHP_75532,89349.8,2104610.5
SHP_75534,133362.5,3304139.0
SHP_75535,193902.1,4822433.0
SHP_75537,56206.2,1353848.0
SHP_75539,169584.0,4307031.0
SHP_75541,100564.1,2349125.8
SHP_75543,87585.0,2075817.0
SHP_75544,79330.0,1892615.3
SHP_75546,90564.5,2154303.8
SHP_75547,80272.9,1915237.6
SHP_75549,215101.6,5331622.0
SHP_75551,79979.5,1899247.6
SHP_75554,173350.7,4401299.5
SHP_75556,95184.9,2244034.8
SHP_75558,86374.9,2097640.3
SHP_75560,91088.7,2186005.3
SHP_75564,173280.2,4405826.0
SHP_75565,163473.8,4087180.0
SHP_75567,87026.4,2060128.8
SHP_75568,87110.7,2060647.9
SHP_75570,103016.9,2398663.8
SHP_75571,81064.3,1926838.1
SHP_75573,87253.9,2061245.4
SHP_75574,133997.1,3312204.0
SHP_75576,88050.2,2076538.5
SHP_75578,87904.7,2081680.8
SHP_75579,57159.2,1402423.5
SHP_75580,103126.4,2406769.5
SHP_75581,88904.5,2141009.5
SHP_75583,174457.4,4434390.5
SHP_75584,162983.2,4071929.5
SHP_75586,73962.5,1764703.9
SHP_75587,71010.9,1709281.5
SHP_75589,84132.4,2001065.9
SHP_75590,53533.0,1296744.0
SHP_75592,91719.5,2174941.3
SHP_75593,94232.1,2223476.5
SHP_75594,52801.6,1281086.3
SHP_75596,172453.7,4381539.0
SHP_75597,67517.7,1564380.8
SHP_75599,91674.5,2174508.8
SHP_75600,83550.6,1988066.1
SHP_75602,180921.0,4578455.0
SHP_75604,148840.1,3793957.3
SHP_75606,86282.3,2050475.4
SHP_75607,85985.8,2013776.0
SHP_75610,173483.4,4409680.0
SHP_75612,41196.6,971770.0
SHP_75614,141468.0,3605951.3
SHP_75616,195026.2,4847341.0
SHP_75617,76291.8,1820828.6
SHP_75619,93050.2,2200235.8
SHP_75620,190653.5,4696030.0
SHP_75622,86612.6,2052361.3
SHP_75624,82569.3,1956400.8
SHP_75626,93803.1,2179640.0
SHP_75627,186208.1,4647440.0
SHP_75629,87097.3,2060779.3
SHP_75630,79356.4,1940187.8
SHP_75632,172882.1,4388519.0
SHP_75633,197240.1,4911337.0
SHP_75634,172629.0,4386290.0
SHP_75636,99665.1,2472511.0
SHP_75638,90144.1,2146178.5
SHP_75639,87414.3,2067688.1
SHP_75641,177591.4,4431879.5
SHP_75642,141954.0,3612206.0
SHP_75644,102866.2,2398041.5
SHP_75645,101477.9,2466295.0
SHP_75646,94038.2,2218668.5
SHP_75647,110248.8,2694137.3
SHP_75649,133682.7,3310257.3
SHP_75651,196650.7,4892347.0
SHP_75652,91576.9,2199942.5
SHP_75654,64588.7,1545096.5
SHP_75655,829.0,12040.9
SHP_75657,86430.4,2053376.0
SHP_75658,177190.8,4497453.5
SHP_75660,90960.0,2159799.8
SHP_75661,77331.8,1828251.4
SHP_75662,117940.9,2849643.5
SHP_75664,41196.6,971770.0
SHP_75666,173399.3,4408596.0
SHP_75667,100810.8,2357501.0
SHP_75669,86523.4,2053822.9
SHP_75670,51724.2,1225380.8
SHP_75672,86777.6,2109936.5
SHP_75673,212909.4,5337524.0
SHP_75675,173191.7,4398801.0
SHP_75676,194812.1,4851714.0
SHP_75677,215154.6,5329868.0
SHP_75679,73149.5,1766718.0
SHP_75680,209284.8,5262091.5
SHP_75682,86715.4,2055850.3
SHP_75683,83312.4,1991370.0
SHP_75685,43390.0,1060007.8
SHP_75687,149667.0,3816064.5
SHP_75689,184888.8,4616622.0
SHP_75690,166892.7,4256029.0
SHP_75692,1750.9,27104.0
SHP_75693,87473.0,2126157.5
SHP_75694,56006.3,1354385.4
SHP_75696,76291.8,1820828.6
SHP_75698,173483.4,4409680.0
SHP_75699,96947.0,2338752.0
SHP_75701,87390.9,2064551.3
SHP_75702,172703.4,4389080.5
SHP_75703,1079.1,15777.1
SHP_75705,92532.9,2220075.3
SHP_75706,95756.5,2259945.3
SHP_75708,117025.5,2829658.5
SHP_75710,74339.4,1778100.0
SHP_75711,44652.2,1091999.4
SHP_75712,45174.0,1097778.1
SHP_75714,83312.4,1991370.0
SHP_75716,79539.8,1941902.6
SHP_75718,197062.8,4903091.5
SHP_75719,86349.0,2051045.4
SHP_75721,150132.8,3817010.8
SHP_75722,61198.9,1474162.5
SHP_75724,170915.5,4347770.5
SHP_75725,214878.6,5328847.5
SHP_75727,87094.7,2117296.8
SHP_75729,76278.6,1831821.8
SHP_75731,87913.3,2077666.8
SHP_75733,87864.7,2078411.5
SHP_75735,167864.8,4279334.0
SHP_75737,66823.4,1629334.1
SHP_75738,91579.2,2200682.5
SHP_75739,91965.7,2210372.0
SHP_75741,91645.1,2172881.0
SHP_75742,171972.1,4369907.5
SHP_75743,1495.4,19088.7
SHP_75744,75571.1,1819517.9
SHP_75746,171875.5,4368538.5
SHP_75748,196991.3,4894309.0
SHP_75749,173350.7,4401299.5
SHP_75750,141692.0,3613018.8
SHP_75753,165107.6,4214483.0
SHP_75755,64768.2,1577468.5
SHP_75758,86907.3,2108474.0
SHP_75759,79405.3,1890717.3
SHP_75761,175667.9,4461666.5
SHP_75762,173495.5,4409127.0
SHP_75764,177834.5,4439926.0
SHP_75765,88135.0,2141595.8
SHP_75766,87167.9,2069278.4
SHP_75768,87848.8,2072516.0
SHP_75769,91215.9,2193933.3
SHP_75771,101983.8,2476653.0
SHP_75772,87632.7,2068359.5
SHP_75773,91215.5,2158301.0
SHP_75775,170289.3,4337121.5
SHP_75777,91835.7,2151743.0
SHP_75778,77179.0,1847672.9
SHP_75782,173540.5,4407187.0
SHP_75783,65239.6,1553236.5
SHP_75785,85974.2,2043703.0
SHP_75787,191241.1,4763401.0
SHP_75789,173740.0,4412645.5
SHP_75791,96824.6,2268463.5
SHP_75793,78842.7,1882099.4
SHP_75795,100588.7,2444662.5
SHP_75796,20157.2,473578.3
SHP_75800,149256.9,3787900.0
SHP_75801,173569.9,4407361.0
SHP_75803,169749.3,4315168.5
SHP_75805,83771.0,1992986.6
SHP_75806,89677.6,2114827.5
SHP_75809,213386.5,5360722.5
SHP_75810,80431.4,1918091.5
SHP_75811,55123.0,1303479.4
SHP_75813,171812.7,4370761.5
SHP_75815,191964.1,4777458.5
SHP_75816,87713.6,2071479.0
SHP_75818,88715.2,2093779.8
SHP_75820,31454.0,769440.4
SHP_75822,170681.6,4346589.0
SHP_75824,177568.4,4436464.5
SHP_75826,164106.1,4097328.0
SHP_75828,59540.2,1450323.6
SHP_75829,68061.5,1586563.8
SHP_75830,81064.3,1926838.1
SHP_75832,172326.4,4378835.5
SHP_75834,150354.6,3831387.3
SHP_75836,86715.4,2055850.3
SHP_75837,90627.1,2183058.8
SHP_75839,45348.6,1102088.4
SHP_75841,173162.8,4396578.5
SHP_75842,172432.8,4379968.5
SHP_75844,87904.1,2022149.5
SHP_75846,194472.1,4834689.5
SHP_75847,173573.4,4408762.5
SHP_75848,81894.1,1989229.8
SHP_75850,95756.5,2259945.3
SHP_75852,83846.4,1988136.6
SHP_75854,59437.0,1436488.1
SHP_75856,92532.9,2220075.3
SHP_75858,90499.6,2153443.0
SHP_75860,95447.1,2240486.0
SHP_75861,134735.3,3330798.3
SHP_75863,87177.4,2061284.1
SHP_75864,91073.1,2189091.0
SHP_75865,94974.2,2244932.5
SHP_75867,45488.4,1103337.9
SHP_75870,61858.8,1500040.4
SHP_75871,163899.8,4091302.5
SHP_75873,87611.6,2077548.9
SHP_75874,173641.3,4402024.5
SHP_75875,171808.4,4371074.0
SHP_75876,65278.0,1562072.1
SHP_75878,44652.2,1091999.4
SHP_75880,144212.5,3532201.8
SHP_75882,71143.2,1723629.8
SHP_75884,144212.5,3532201.8
SHP_75886,172466.6,4380811.5
SHP_75888,102169.1,2387835.5
SHP_75890,79467.9,1942297.1
SHP_75891,194678.0,4838234.0
SHP_75893,87240.0,2116422.0
SHP_75894,98360.6,2300644.5
SHP_75896,194644.4,4840329.0
SHP_75898,44179.2,1076833.6
SHP_75900,173136.7,4397620.0
SHP_75901,77689.1,1858974.1
SHP_75903,86374.9,2097640.3
SHP_75904,78138.7,1863219.5
SHP_75906,87615.4,2122925.8
SHP_75907,91965.7,2210372.0
SHP_75909,93040.4,2200174.8
SHP_75911,172826.4,4395997.0
SHP_75912,91018.5,2127008.0
SHP_75914,85960.7,2042263.9
SHP_75916,161252.1,4003040.0
SHP_75918,196783.3,4884733.0
SHP_75920,173641.3,4402024.5
SHP_75921,93188.3,2206076.5
SHP_75923,173136.4,4396009.0
SHP_75926,104011.6,2423308.3
SHP_75928,192067.6,4766448.0
SHP_75929,88723.2,2095116.3
SHP_75931,194384.8,4845698.0
SHP_75933,1592.9,23646.3
SHP_75935,95184.9,2244034.8
SHP_75937,173958.8,4408568.5
SHP_75938,193780.8,4820274.0
SHP_75940,197240.1,4911337.0
SHP_75941,110177.4,2691348.8
SHP_75945,93083.8,2201877.3
SHP_75947,86570.5,2054442.1
SHP_75948,195966.0,4872931.0
SHP_75950,79979.5,1899247.6
SHP_75952,149982.6,3815138.5
SHP_75953,87126.6,2060921.3
SHP_75954,44896.3,1097381.8
SHP_75955,163853.8,4091384.5
SHP_75958,82705.5,1958151.8
SHP_75960,73950.0,1772901.8
SHP_75961,45174.0,1097778.1
SHP_75963,174178.4,4419982.0
SHP_75964,171401.8,4357609.0
SHP_75966,103113.9,2402942.3
SHP_75968,87751.7,2070180.5
SHP_75969,103658.9,2422493.0
SHP_75971,23114.2,552892.8
SHP_75973,86177.7,2046732.6
SHP_75977,101234.8,2456585.3
SHP_75978,195118.2,4801697.5
SHP_75980,117029.4,2829456.5
SHP_75982,167284.8,4266330.0
SHP_75983,64599.2,1548719.8
SHP_75984,93803.1,2179640.0
SHP_75985,88653.5,2174084.8
SHP_75987,83312.4,1991370.0
SHP_75989,167128.6,4261510.0
SHP_75991,171532.8,4367818.0
SHP_75993,87013.8,2059099.3
SHP_75995,171972.1,4369907.5
SHP_75997,90515.8,2153873.3
SHP_75999,91765.2,2201584.5
SHP_76177,92282.5,2187738.0
SHP_76218,134863.1,3334943.5
SHP_76338,173349.7,4398633.0
SHP_76359,39246.8,928655.6
SHP_76468,196600.3,4884563.0
SHP_76599,204324.8,5102045.0
SHP_76705,80084.5,1888160.5
SHP_76768,193874.5,4871251.5
SHP_76797,148063.1,3776836.5
SHP_76816,42162.1,1036085.4
SHP_76918,172540.0,4382333.0
SHP_77058,23122.6,552947.3
SHP_77060,44500.3,1089583.0
SHP_77062,86473.7,2099183.0
SHP_77064,193747.0,4818324.0
SHP_77066,134725.6,3315278.5
SHP_77067,82276.4,1952657.6
SHP_77068,42162.1,1036085.4
SHP_77070,91521.8,2169613.3
SHP_77071,56424.6,1385903.3
SHP_77073,195246.8,4862182.0
SHP_77074,69996.8,1697505.1
SHP_77075,89511.5,2175120.0
SHP_77077,173399.3,4408596.0
SHP_77078,67896.2,1632863.9
SHP_77080,195966.0,4872931.0
SHP_77082,103113.9,2402942.3
SHP_77084,69970.7,1672033.5
SHP_77086,84466.2,2028388.4
SHP_77088,52920.3,1284154.5
SHP_77090,142171.7,3621428.0
SHP_77092,170837.2,4345370.5
SHP_77093,86405.2,2051871.4
SHP_77095,77179.0,1847672.9
SHP_77096,74403.4,1796650.3
SHP_77097,61198.9,1474162.5
SHP_77098,69996.8,1697505.1
SHP_77100,171586.8,4362990.5
SHP_77102,85058.4,2014652.6
SHP_77104,91088.7,2186005.3
SHP_77108,57234.8,1402601.5
SHP_77110,77433.7,1850886.9
SHP_77111,117476.2,2837807.5
SHP_77113,121854.4,3096169.0
SHP_77115,92866.5,2221135.8
SHP_77117,173136.4,4396009.0
SHP_77118,88544.8,2149842.5
SHP_77119,91571.0,2158449.0
SHP_77121,172598.9,4389538.0
SHP_77123,80730.4,1965913.5
SHP_77125,86773.1,2058313.1
SHP_77126,91317.7,2168717.0
SHP_77128,167436.3,4268839.0
SHP_77130,80937.2,1968075.1
SHP_77132,177278.4,4497451.0
SHP_77133,193747.0,4818324.0
SHP_77135,81902.4,1964181.8
SHP_77136,94974.2,2244932.5
SHP_77137,99237.4,2398315.8
SHP_77139,171264.5,4342754.5
SHP_77140,92666.2,2235409.5
SHP_77141,42674.4,1031555.0
SHP_77143,86987.5,2058931.3
SHP_77144,78829.7,1855841.8
SHP_77146,87074.6,2059087.6
SHP_77147,41196.6,971770.0
SHP_77149,162983.2,4071929.5
SHP_77151,87684.5,2078164.1
SHP_77152,68705.7,1666645.1
SHP_77154,136835.7,3385916.0
SHP_77156,79252.9,1864135.5
SHP_77158,44096.0,1075920.4
SHP_77159,172808.1,4397528.0
SHP_77161,174750.0,4438428.5
SHP_77163,83549.1,1986415.1
SHP_77164,78070.5,1912222.5
SHP_77165,164076.9,4080643.8
SHP_77167,101437.3,2459843.3
SHP_77168,177284.1,4497850.0
SHP_77169,86785.5,2061830.3
SHP_77171,94271.1,2230195.0
SHP_77173,67408.3,1571160.8
SHP_77175,167592.0,4273510.0
SHP_77176,88387.4,2078108.1
SHP_77177,1860.4,31658.4
SHP_77178,91503.1,2201372.5
SHP_77179,91088.7,2186005.3
SHP_77181,701.5,9062.4
SHP_77182,149667.0,3816064.5
SHP_77184,118141.4,2851879.3
SHP_77186,91571.0,2158449.0
SHP_77188,91965.7,2210372.0
SHP_77190,69316.6,1682810.4
SHP_77191,77469.2,1840926.5
SHP_77193,170203.3,4331521.0
SHP_77195,87914.6,2079222.4
SHP_77196,78233.0,1904511.6
SHP_77198,80445.2,1913906.5
SHP_77199,87069.0,2059680.9
SHP_77201,92729.5,2192842.8
SHP_77203,91725.5,2175611.8
SHP_77204,863.4,13484.4
SHP_173,134470.0,3328352.0
SHP_177,69674.6,1690553.5
SHP_178,79749.0,1945408.1
SHP_179,86821.9,2057249.5
SHP_180,216056.4,5365152.0
SHP_182,81006.5,1968425.5
SHP_185,103708.9,2408143.0
SHP_188,1011.5,14813.2
SHP_190,86594.3,2031951.1
SHP_192,195966.0,4872931.0
SHP_193,89218.3,2105430.5
SHP_194,94232.1,2223476.5
SHP_196,64645.0,1545684.0
SHP_197,163899.8,4091302.5
SHP_198,197240.1,4911337.0
SHP_204,148614.5,3790311.8
SHP_205,88996.2,2163935.5
SHP_207,82590.1,1956519.8
SHP_212,85920.1,2032943.5
SHP_213,193941.3,4823044.0
SHP_214,86570.5,2054442.1
SHP_215,88713.6,2093924.5
SHP_216,183359.0,4575407.0
SHP_220,57282.3,1404087.5
SHP_221,63662.4,1543365.4
SHP_225,98638.9,2306310.3
SHP_226,149798.0,3814636.5
SHP_227,90282.1,2178777.3
SHP_230,1517.9,21515.9
SHP_235,173495.5,4409127.0
SHP_248,193802.9,4821730.0
SHP_249,87530.8,2072707.8
SHP_252,172999.2,4400358.0
SHP_256,194812.1,4851714.0
SHP_257,194836.4,4841846.0
SHP_259,87079.5,2059857.1
SHP_260,148378.2,3781990.5
SHP_262,79386.0,1938550.8
SHP_263,83142.4,1967422.0
SHP_266,127118.8,3137193.3
SHP_274,46899.9,1121550.1
SHP_275,102252.3,2483861.0
SHP_277,44335.4,1083420.0
SHP_288,195560.8,4870634.0
SHP_292,81837.7,1944309.9
SHP_295,121895.2,3099665.0
SHP_302,90331.8,2149335.0
SHP_303,87543.7,2068057.0
SHP_304,39246.8,928655.6
SHP_312,172598.9,4389538.0
SHP_314,88556.7,2170902.5
SHP_315,83846.4,1988136.6
SHP_318,87590.1,2068359.8
SHP_320,168704.5,4288663.0
SHP_321,79405.3,1890717.3
SHP_330,173307.8,4403265.5
SHP_333,173326.0,4403960.5
SHP_335,53510.9,1270429.8
SHP_336,42674.4,1031555.0
SHP_337,167915.4,4282205.0
SHP_339,208791.5,5260537.0
SHP_342,177628.8,4439086.0
SHP_343,136835.7,3385916.0
SHP_345,2543.7,45369.9
SHP_348,2798.7,57113.3
SHP_350,173740.0,4412645.5
SHP_352,172999.2,4400358.0
SHP_353,91889.1,2177153.0
SHP_2524,103257.0,2504870.8
SHP_2526,71620.1,1676277.5
SHP_2528,167204.4,4263770.5
SHP_2529,167325.3,4267762.0
SHP_2530,163385.9,4064302.5
SHP_2532,83549.1,1986415.1
SHP_2533,150288.4,3830779.5
SHP_2534,173540.5,4407187.0
SHP_2535,88487.9,2154792.3
SHP_2540,181068.5,4581322.5
SHP_2541,99665.1,2472511.0
SHP_2542,214878.6,5328847.5
SHP_2544,127809.8,3152424.5
SHP_2545,78992.0,1873243.1
SHP_2548,58111.8,1418468.9
SHP_2550,122925.7,3121835.8
SHP_2552,142171.7,3621428.0
SHP_2556,195616.6,4877608.0
SHP_2557,100847.7,2425252.5
SHP_2559,85974.2,2043703.0
SHP_2562,172999.2,4400358.0
SHP_2563,88771.3,2153184.0
SHP_2564,77791.5,1836784.8
SHP_2565,169724.2,4323786.5
SHP_2566,16101.4,368251.5
SHP_2570,89677.6,2114827.5
SHP_2574,23075.3,550604.9
SHP_2576,69996.8,1697505.1
SHP_2577,65278.0,1562072.1
SHP_2578,169930.8,4325934.5
SHP_2579,90927.6,2160136.5
SHP_2582,91317.7,2168717.0
SHP_2585,102560.3,2390187.5
SHP_2587,172347.8,4376207.0
SHP_2588,76390.4,1833908.4
SHP_2591,78181.0,1869336.0
SHP_2595,76806.8,1826330.1
SHP_2596,135977.7,3369447.8
SHP_2598,87390.9,2064551.3
SHP_2599,71022.3,1716222.0
SHP_2600,46260.6,1111911.0
SHP_2601,101070.5,2452747.0
SHP_2602,169190.5,4308427.0
SHP_2607,117940.9,2849643.5
SHP_2610,194644.4,4840329.0
SHP_2614,91490.4,2171545.8
SHP_2617,88610.2,2173547.5
SHP_2618,209504.2,5270222.5
SHP_2625,168652.3,4286894.0
SHP_2627,128777.3,3165820.0
SHP_2628,117940.9,2849643.5
SHP_2631,92666.2,2235409.5
SHP_2632,168500.9,4284715.5
SHP_2636,91697.6,2175182.3
SHP_2637,87152.3,2060399.0
SHP_2639,91692.9,2174706.5
SHP_2641,162055.7,4020219.3
SHP_2644,91528.6,2172999.3
SHP_2645,99665.1,2472511.0
SHP_2647,16612.6,386713.4
SHP_2648,86020.3,2089559.8
SHP_2649,141468.0,3605951.3
SHP_2650,84581.4,2011573.0
SHP_2652,74261.5,1750434.1
SHP_2654,121399.8,3087854.5
SHP_2656,16150.9,371510.9
SHP_2657,1868.2,30477.0
SHP_2658,169388.3,4303738.0
SHP_2659,85457.0,2031283.8
SHP_2660,91889.1,2177153.0
SHP_2662,1750.9,27104.0
SHP_2665,166566.8,4249869.5
SHP_2667,87848.8,2072516.0
SHP_2669,163281.9,4063206.0
SHP_2671,171812.7,4370761.5
SHP_2672,80468.3,1913374.9
SHP_2673,97415.8,2293805.0
SHP_2680,1958.6,28092.8
SHP_2682,218954.4,5395635.5
SHP_3187,87313.2,2071368.5
SHP_3188,172347.8,4376207.0
SHP_3191,99742.2,2415866.0
SHP_3192,87337.4,2145853.0
SHP_3193,185156.5,4616782.0
SHP_3194,93989.6,2245551.5
SHP_3195,101983.0,2477619.8
SHP_3196,134735.3,3330798.3
SHP_3197,53533.0,1296744.0
SHP_3199,196815.7,4888356.0
SHP_3200,101954.1,2477901.5
SHP_3202,149653.9,3812662.8
SHP_3203,194507.7,4829928.0
SHP_3207,99304.8,2319118.5
SHP_3210,171950.0,4369617.0
SHP_3215,194205.3,4873408.5
SHP_3217,183359.0,4575407.0
SHP_3220,87026.4,2060128.8
SHP_3221,102078.6,2477537.0
SHP_3224,87762.0,2077355.0
SHP_3225,77130.8,1843820.8
SHP_3226,87128.9,2059317.1
SHP_3227,85960.7,2042263.9
SHP_3231,44439.3,1085172.9
SHP_3233,127706.8,3153351.0
SHP_3235,109748.2,2641785.0
SHP_3236,172644.3,4385713.0
SHP_3238,163574.0,4068693.0
SHP_3239,188418.4,4700250.5
SHP_3240,86663.0,2057755.0
SHP_3241,100358.8,2437151.0
SHP_3242,78922.7,1927550.9
SHP_3245,79749.0,1945408.1
SHP_3251,96073.1,2254668.0
SHP_3252,92169.8,2180533.3
SHP_3254,89373.5,2157278.5
SHP_3256,92186.2,2183297.5
SHP_3257,81013.3,1923764.6
SHP_3259,172184.3,4375481.5
SHP_3263,99237.4,2398315.8
SHP_3267,172163.8,4375336.0
SHP_3270,53413.5,1267495.3
SHP_3272,16013.7,377174.0
SHP_3275,192332.6,4788876.0
SHP_3278,86777.6,2109936.5
SHP_3280,79330.0,1892615.3
SHP_3282,87917.7,2079243.8
SHP_3287,148864.2,3794606.5
SHP_3288,80473.5,1909402.5
SHP_3289,173483.4,4409680.0
SHP_3292,169110.8,4304160.0
SHP_3294,97029.5,2297215.3
SHP_3298,87811.7,2131681.5
SHP_3305,172416.4,4380671.0
SHP_3308,75571.1,1819517.9
SHP_3311,87326.3,2063441.9
SHP_3313,79743.4,1895613.0
SHP_3314,215154.6,5329868.0
SHP_3322,133682.7,3310257.3
SHP_3325,80256.9,1912248.0
SHP_3326,194061.8,4825438.0
SHP_3327,93294.6,2234983.0
SHP_3329,172432.8,4379968.5
SHP_3330,133682.7,3310257.3
SHP_3335,172193.3,4373384.0
SHP_3336,171495.7,4367236.0
SHP_3337,167078.7,4261610.0
SHP_3339,90515.8,2153873.3
SHP_3340,133682.7,3310257.3
SHP_3342,163649.5,4069183.5
SHP_3347,101118.4,2390527.5
SHP_3348,88050.2,2076538.5
SHP_3349,93341.6,2191753.0
SHP_3350,169303.9,4313920.0
SHP_3351,163175.5,4059392.5
SHP_3352,150845.2,3843032.3
SHP_3354,87341.8,2071180.6
SHP_3357,204324.8,5102045.0
SHP_3359,88715.2,2093779.8
SHP_3363,103708.9,2408143.0
SHP_11566,88826.8,2140140.8
SHP_11568,175320.7,4450920.0
SHP_11569,83833.6,1964883.6
SHP_11574,63833.3,1543604.8
SHP_11578,86777.6,2109936.5
SHP_11579,170721.2,4347031.5
SHP_11580,133074.1,3221484.0
SHP_11582,162983.2,4071929.5
SHP_11587,83531.7,1980426.8
SHP_11588,196333.7,4877019.0
SHP_11591,91840.7,2178134.8
SHP_11595,127706.8,3153351.0
SHP_11596,87510.8,2073489.5
SHP_11597,177358.1,4430625.0
SHP_11600,3060.1,57481.6
SHP_11602,166892.7,4256029.0
SHP_11604,73592.6,1765928.3
SHP_11605,45054.1,1099022.0
SHP_11606,81927.7,1955180.0
SHP_11607,85269.5,2027750.4
SHP_11609,82737.6,2006483.8
SHP_11612,148761.3,3789963.8
SHP_11618,172829.6,4388549.0
SHP_11620,194622.0,4836245.0
SHP_11623,80807.1,1966822.3
SHP_11629,81462.8,1934267.5
SHP_11630,117957.6,2830471.0
SHP_11631,87390.9,2064551.3
SHP_11632,173416.9,4403954.0
SHP_11633,198373.2,4930958.0
SHP_11636,19305.6,459967.9
SHP_11645,86826.9,2058821.4
SHP_11650,73116.8,1757434.8
SHP_11652,45069.4,1096665.0
SHP_11654,90461.4,2116244.5
SHP_11656,87781.1,2077862.5
SHP_11658,92862.1,2195611.0
SHP_11660,73171.1,1754823.4
SHP_11663,83549.1,1986415.1
SHP_11665,69996.8,1697505.1
SHP_11666,166892.7,4256029.0
SHP_11668,96824.6,2268463.5
SHP_11669,94567.2,2232467.0
SHP_11670,86177.7,2046732.6
SHP_11672,31454.0,769440.4
SHP_11673,91660.2,2174119.3
SHP_11674,182959.0,4628030.0
SHP_11678,195382.1,4874077.5
SHP_11679,172347.8,4376207.0
SHP_11683,166892.7,4256029.0
SHP_11686,171658.5,4371498.0
SHP_11691,87079.5,2059857.1
SHP_11696,92727.7,2194722.3
SHP_11700,173772.5,4417168.5
SHP_11702,71022.3,1716222.0
SHP_11703,170837.2,4345370.5
SHP_11704,79900.8,1901138.0
SHP_11705,86773.1,2058313.1
SHP_11706,2259.2,42982.5
SHP_11708,171569.6,4368520.5
SHP_11710,172347.8,4376207.0
SHP_11712,163104.5,4058752.8
SHP_11716,46111.7,1125228.4
SHP_11724,39246.8,928655.6
SHP_11725,136960.5,3385167.3
SHP_11727,173217.8,4307792.5
SHP_11729,92666.2,2235409.5
SHP_11730,73421.8,1772109.3
SHP_11735,77791.5,1836784.8
SHP_11736,62484.6,1515588.6
SHP_11740,172183.5,4375343.0
SHP_13262,53509.4,1270407.3
SHP_13264,174044.9,4418694.0
SHP_13266,163170.4,4061587.0
SHP_13268,92666.2,2235409.5
SHP_13271,98360.6,2300644.5
SHP_13272,16113.9,378027.2
SHP_13273,88557.8,2171559.3
SHP_13276,190755.9,4755937.0
SHP_13279,102560.3,2390187.5
SHP_13281,91413.3,2200634.8
SHP_13284,168835.9,4291650.0
SHP_13286,86974.8,2109096.0
SHP_13288,148614.5,3790311.8
SHP_13290,169284.8,4311103.5
SHP_13292,177568.4,4436464.5
SHP_13293,84754.0,1999330.8
SHP_13295,76750.4,1840229.3
SHP_13296,101477.9,2466295.0
SHP_13297,91430.7,2196804.0
SHP_13298,72074.9,1733740.9
SHP_13302,148761.3,3789963.8
SHP_13304,87717.2,2130353.8
SHP_13306,172129.3,4375230.0
SHP_13311,92225.8,2181558.0
SHP_13313,87905.2,2072260.6
SHP_13315,16259.8,382068.9
SHP_13319,192652.5,4801754.0
SHP_13320,78126.7,1862655.6
SHP_13324,80468.3,1913374.9
SHP_13325,173210.2,4402371.5
SHP_13327,43024.2,1053970.9
SHP_13328,92340.6,2218156.5
SHP_13330,93564.3,2210420.3
SHP_13331,162983.2,4071929.5
SHP_13333,70164.8,1697741.0
SHP_13336,171773.2,4365665.0
SHP_13340,91018.5,2127008.0
SHP_13341,122546.3,3113873.5
SHP_13344,65278.0,1562072.1
SHP_13345,86665.1,2058746.3
SHP_13346,133403.3,3270040.0
SHP_13347,196939.3,4893510.0
SHP_13351,2436.2,46215.1
SHP_13352,88066.9,2072551.5
SHP_13353,171586.8,4362990.5
SHP_13355,168976.5,4307509.0
SHP_13356,79335.5,1886956.6
SHP_13358,149256.9,3787900.0
SHP_13359,91320.9,2167633.0
SHP_13360,90144.1,2146178.5
SHP_13363,168835.9,4291650.0
SHP_13366,186208.1,4647440.0
SHP_13367,69970.7,1672033.5
SHP_13370,90642.6,2228088.0
SHP_13376,209335.5,5268576.5
SHP_13377,65119.6,1554186.0
SHP_13378,174918.6,4440670.0
SHP_13380,86289.4,2097445.8
SHP_13382,208802.1,5252780.5
SHP_13384,91930.8,2208945.8
SHP_13385,83978.7,1989657.8
SHP_13386,163461.3,4064707.0
SHP_13387,86430.4,2053376.0
SHP_13388,86715.4,2055850.3
SHP_13390,174324.3,4431773.5
SHP_13393,3212.5,64917.1
SHP_13394,78070.5,1912222.5
SHP_13396,57112.2,1363462.1
SHP_13398,87751.7,2070180.5
SHP_13401,54942.2,1295506.0
SHP_13408,90642.6,2228088.0
SHP_14248,172499.8,4382507.0
SHP_14249,48690.4,1168090.6
SHP_14251,195966.0,4872931.0
SHP_14252,91725.5,2175611.8
SHP_14255,163649.5,4069183.5
SHP_14258,84581.4,2011573.0
SHP_14259,171401.8,4357609.0
SHP_14260,78992.0,1873243.1
SHP_14261,86858.2,2057529.9
SHP_14264,167578.1,4273137.5
SHP_14265,120641.0,2924179.0
SHP_14268,96049.5,2249824.0
SHP_14269,77864.5,1863585.4
SHP_14270,91889.1,2177153.0
SHP_14272,67710.0,1575436.3
SHP_14275,86777.6,2109936.5
SHP_14277,167284.8,4266330.0
SHP_14278,87341.8,2071180.6
SHP_14279,73421.8,1772109.3
SHP_14283,169510.8,4313663.0
SHP_14285,91810.4,2177658.3
SHP_14288,56127.2,1379303.8
SHP_14289,92376.9,2165579.5
SHP_14293,87013.8,2059099.3
SHP_14294,19508.1,462855.3
SHP_14299,39246.8,928655.6
SHP_14300,1495.4,19088.7
SHP_14302,134861.7,3331597.3
SHP_14303,87909.4,2132194.3
SHP_14306,83550.6,1988066.1
SHP_14308,284.6,2904.4
SHP_14310,91503.1,2201372.5
SHP_14311,91618.0,2172888.8
SHP_14316,93839.0,2224789.0
SHP_14317,90352.6,2151780.0
SHP_14318,87664.9,2070154.8
SHP_14320,84434.8,2007548.4
SHP_14321,87390.8,2067306.0
SHP_14323,89511.5,2175120.0
SHP_14327,2496.9,47454.9
SHP_14329,86282.3,2050475.4
SHP_14331,209335.5,5268576.5
SHP_14333,73149.5,1766718.0
SHP_14334,45174.0,1097778.1
SHP_14335,133682.7,3310257.3
SHP_14336,81480.6,1932136.3
SHP_14338,90359.6,2126937.8
SHP_14340,102169.1,2387835.5
SHP_14341,56424.6,1385903.3
SHP_14344,90541.2,2153010.5
SHP_14348,168976.5,4307509.0
SHP_14349,86289.4,2097445.8
SHP_14350,169511.0,4314872.5
SHP_14352,86715.4,2055850.3
SHP_14356,75853.0,1821178.1
SHP_14358,170573.0,4337416.0
SHP_14360,104011.6,2423308.3
SHP_14361,49028.3,1189000.0
SHP_14363,174802.8,4424763.5
SHP_14364,78138.7,1863219.5
SHP_14366,163170.6,4061651.0
SHP_14367,91660.1,2174851.5
SHP_14368,192072.0,4765440.0
SHP_14373,81646.2,1981588.0
SHP_14378,193747.0,4818324.0
SHP_14382,70134.4,1699484.0
SHP_14384,173573.4,4408762.5
SHP_14387,99304.8,2319118.5
SHP_14399,170769.3,4344248.0
SHP_14406,174331.2,4425062.0
SHP_14407,195033.8,4850309.0
SHP_14409,78218.3,1869910.8
SHP_14410,177834.5,4439926.0
SHP_14411,67572.5,1572158.3
SHP_14412,195026.2,4847341.0
SHP_14417,1592.9,23646.3
